ci_high,ci_low,identity_count,mean,method,metric,n_id,n_obs,region,variant
21.47053823652251,14.81315189153061,20,17.607490552009203,adaptive,masked_psnr,8,1,background,full_target_density2
21.021424534268764,20.024167073581204,20,20.518402103162657,adaptive,masked_psnr,8,1,eyes,full_target_density2
16.502075810627005,15.092793862663129,20,15.795553989846496,adaptive,masked_psnr,8,1,flame_supported,full_target_density2
8.235011008254569,6.395912749142934,20,7.311879496527133,adaptive,masked_psnr,8,1,flame_unsupported,full_target_density2
12.18909168056964,10.437804764764193,20,11.292315386296957,adaptive,masked_psnr,8,1,foreground,full_target_density2
12.990798167113297,11.769171939543293,20,12.35572404843398,adaptive,masked_psnr,8,1,full_frame,full_target_density2
14.655422779719517,12.914531237585699,20,13.77840286123384,adaptive,masked_psnr,8,1,head_foreground,full_target_density2
17.189817668064524,15.82791992186118,20,16.48246641643964,adaptive,masked_psnr,8,1,head_supported,full_target_density2
8.268757708876803,6.339223559356846,20,7.305649189955195,adaptive,masked_psnr,8,1,head_unsupported,full_target_density2
20.901228025731125,19.096120182755914,20,19.90628481230764,adaptive,masked_psnr,8,1,oral,full_target_density2
9.117115435528483,7.2681115576745485,20,8.18725162091737,adaptive,masked_psnr,8,1,torso_outside_head_roi,full_target_density2
21.519246359629136,14.90122985750425,20,17.765752600785145,adaptive,masked_psnr,8,4,background,full_target_density2
20.79873661040588,19.882714750810102,20,20.33021257073121,adaptive,masked_psnr,8,4,eyes,full_target_density2
17.10970877047844,15.757593103782158,20,16.43739012273894,adaptive,masked_psnr,8,4,flame_supported,full_target_density2
8.725808697164615,6.651507255980264,20,7.667786709067549,adaptive,masked_psnr,8,4,flame_unsupported,full_target_density2
12.614374605342434,10.781162560604212,20,11.671989595511693,adaptive,masked_psnr,8,4,foreground,full_target_density2
13.375152124591184,11.991980078463351,20,12.647601838201824,adaptive,masked_psnr,8,4,full_frame,full_target_density2
14.853676717654638,13.132134889180954,20,13.981589359304982,adaptive,masked_psnr,8,4,head_foreground,full_target_density2
17.737518924135372,16.4167416150504,20,17.07702846546696,adaptive,masked_psnr,8,4,head_supported,full_target_density2
8.144225813338576,6.172562086576467,20,7.150075650669069,adaptive,masked_psnr,8,4,head_unsupported,full_target_density2
21.08234608855531,19.026218428808154,20,19.90030714823477,adaptive,masked_psnr,8,4,oral,full_target_density2
9.754388074145368,7.813409776311882,20,8.763270922093222,adaptive,masked_psnr,8,4,torso_outside_head_roi,full_target_density2
20.94732671042304,14.950175269959043,20,17.591852616712664,adaptive,masked_psnr,8,8,background,full_target_density2
20.641255835346648,19.711247843015755,20,20.17249673872653,adaptive,masked_psnr,8,8,eyes,full_target_density2
17.18698904609709,15.84169795281768,20,16.499760634880616,adaptive,masked_psnr,8,8,flame_supported,full_target_density2
8.878136588553383,6.695661885493814,20,7.764413674070598,adaptive,masked_psnr,8,8,flame_unsupported,full_target_density2
12.697501735664313,10.799776304866706,20,11.713339430028835,adaptive,masked_psnr,8,8,foreground,full_target_density2
13.454761562785329,11.972960515957698,20,12.682115767633261,adaptive,masked_psnr,8,8,full_frame,full_target_density2
14.97700888998034,13.179376452600277,20,14.057830296960706,adaptive,masked_psnr,8,8,head_foreground,full_target_density2
17.8481542372026,16.53675643626172,20,17.164237708072896,adaptive,masked_psnr,8,8,head_supported,full_target_density2
8.183342832112249,6.161923363224862,20,7.157444278637515,adaptive,masked_psnr,8,8,head_unsupported,full_target_density2
20.06137038111187,18.96272918972869,20,19.494601885228217,adaptive,masked_psnr,8,8,oral,full_target_density2
9.909545413802729,7.896731411049182,20,8.89208050993851,adaptive,masked_psnr,8,8,torso_outside_head_roi,full_target_density2
20.119852999306104,16.132529637903914,20,17.98504886694137,hard,masked_psnr,8,1,background,full_target_density2
21.127467219568803,19.95524577091784,20,20.545709215532682,hard,masked_psnr,8,1,eyes,full_target_density2
17.96650990201146,17.33774911482742,20,17.64939435493672,hard,masked_psnr,8,1,flame_supported,full_target_density2
5.7098936568153595,3.4668435068949885,20,4.505626785796218,hard,masked_psnr,8,1,flame_unsupported,full_target_density2
10.493202381053788,8.363900623758404,20,9.372474900040997,hard,masked_psnr,8,1,foreground,full_target_density2
12.197884293544687,10.384465144459128,20,11.248738230850037,hard,masked_psnr,8,1,full_frame,full_target_density2
14.885927708025452,12.891090497252556,20,13.879789063971273,hard,masked_psnr,8,1,head_foreground,full_target_density2
18.972581884497295,18.28833873264562,20,18.623839916361376,hard,masked_psnr,8,1,head_supported,full_target_density2
6.927010240477063,4.961548242528517,20,5.917312205361567,hard,masked_psnr,8,1,head_unsupported,full_target_density2
21.131361113568378,19.630741477525817,20,20.27244385733261,hard,masked_psnr,8,1,oral,full_target_density2
6.532768650869642,4.19470671721474,20,5.279323935784984,hard,masked_psnr,8,1,torso_outside_head_roi,full_target_density2
20.11736120234906,16.09861136674931,20,17.952111635997746,hard,masked_psnr,8,4,background,full_target_density2
21.07513222328164,20.034059244846436,20,20.547990861467696,hard,masked_psnr,8,4,eyes,full_target_density2
18.54967411296716,17.797675971815064,20,18.184073090139343,hard,masked_psnr,8,4,flame_supported,full_target_density2
5.728527182034175,3.463211456244937,20,4.5115691239470435,hard,masked_psnr,8,4,flame_unsupported,full_target_density2
10.588660921056295,8.43988843204725,20,9.457136213282991,hard,masked_psnr,8,4,foreground,full_target_density2
12.2697789316341,10.40384957458549,20,11.299722297445292,hard,masked_psnr,8,4,full_frame,full_target_density2
15.086384368843055,13.061725079302523,20,14.063059879799345,hard,masked_psnr,8,4,head_foreground,full_target_density2
19.712684225247013,18.87783452948853,20,19.294920621428464,hard,masked_psnr,8,4,head_supported,full_target_density2
6.916997556284784,4.910099639723292,20,5.8868941430056,hard,masked_psnr,8,4,head_unsupported,full_target_density2
21.43202041460457,19.59849011122409,20,20.36592635706968,hard,masked_psnr,8,4,oral,full_target_density2
6.610421632189196,4.220247176900277,20,5.330284527020308,hard,masked_psnr,8,4,torso_outside_head_roi,full_target_density2
19.893014483774905,16.12242694286061,20,17.90575754152072,hard,masked_psnr,8,8,background,full_target_density2
20.875919355138333,19.8190177505292,20,20.334979682530694,hard,masked_psnr,8,8,eyes,full_target_density2
18.71993212011273,17.902485692411233,20,18.30940083468611,hard,masked_psnr,8,8,flame_supported,full_target_density2
5.702691484033618,3.4783722661325633,20,4.522892124017681,hard,masked_psnr,8,8,flame_unsupported,full_target_density2
10.585246705475113,8.382540825304979,20,9.421119627465753,hard,masked_psnr,8,8,foreground,full_target_density2
12.32241275911609,10.36993313637497,20,11.302912839120868,hard,masked_psnr,8,8,full_frame,full_target_density2
15.178971444356373,13.121821430829606,20,14.136393276770846,hard,masked_psnr,8,8,head_foreground,full_target_density2
19.887712871216777,19.033172741469574,20,19.458256353420627,hard,masked_psnr,8,8,head_supported,full_target_density2
6.925359297340798,4.971251015716309,20,5.906728716788862,hard,masked_psnr,8,8,head_unsupported,full_target_density2
20.436682202671975,19.514820570383577,20,19.950041264992443,hard,masked_psnr,8,8,oral,full_target_density2
6.6401475110039625,4.225580416687112,20,5.3615413513382135,hard,masked_psnr,8,8,torso_outside_head_roi,full_target_density2
21.40728938225083,14.930097160752764,20,17.67647605341105,released,masked_psnr,8,1,background,full_target_density2
20.91503787148666,19.64525581628666,20,20.296224319186496,released,masked_psnr,8,1,eyes,full_target_density2
16.656948579639458,15.086619724262475,20,15.85353536905665,released,masked_psnr,8,1,flame_supported,full_target_density2
8.391540554597144,6.178340459445803,20,7.288024451361645,released,masked_psnr,8,1,flame_unsupported,full_target_density2
12.364232371135834,10.241561182173879,20,11.278044130896173,released,masked_psnr,8,1,foreground,full_target_density2
13.136581957824843,11.711142478972356,20,12.38302944289618,released,masked_psnr,8,1,full_frame,full_target_density2
14.474382050398303,12.601712274203138,20,13.535749309037874,released,masked_psnr,8,1,head_foreground,full_target_density2
17.179932457709274,15.734326784028482,20,16.434431697931217,released,masked_psnr,8,1,head_supported,full_target_density2
7.9020527178815065,5.879475717104877,20,6.853159979018426,released,masked_psnr,8,1,head_unsupported,full_target_density2
20.922340259215595,19.2038390715651,20,19.97157057396276,released,masked_psnr,8,1,oral,full_target_density2
9.469488320664876,7.092392519408712,20,8.258559469159172,released,masked_psnr,8,1,torso_outside_head_roi,full_target_density2
21.7263979826338,15.043771469041078,20,17.878529386815146,released,masked_psnr,8,4,background,full_target_density2
20.68170676192342,19.454785639951197,20,20.079675730681938,released,masked_psnr,8,4,eyes,full_target_density2
17.050650022912425,15.735804910251105,20,16.383566264901766,released,masked_psnr,8,4,flame_supported,full_target_density2
8.578683787315232,6.380525788440052,20,7.480740444499284,released,masked_psnr,8,4,flame_unsupported,full_target_density2
12.510248190709408,10.64246783342666,20,11.542782254834384,released,masked_psnr,8,4,foreground,full_target_density2
13.272078112199447,11.907791768511409,20,12.576026424891847,released,masked_psnr,8,4,full_frame,full_target_density2
14.731809612755608,12.866130757174853,20,13.79410004563152,released,masked_psnr,8,4,head_foreground,full_target_density2
17.6813810161316,16.302337249833105,20,16.98699108547132,released,masked_psnr,8,4,head_supported,full_target_density2
7.808831090862882,5.809080792601303,20,6.798968768463547,released,masked_psnr,8,4,head_unsupported,full_target_density2
21.16855154779593,19.143795256072284,20,20.005342826007613,released,masked_psnr,8,4,oral,full_target_density2
9.58287694351916,7.535545088832591,20,8.551332467259833,released,masked_psnr,8,4,torso_outside_head_roi,full_target_density2
21.14043432844101,14.984290337262236,20,17.743378453866615,released,masked_psnr,8,8,background,full_target_density2
20.577069266219414,19.441533113907475,20,20.032046408006572,released,masked_psnr,8,8,eyes,full_target_density2
17.374324182702903,15.940311930691314,20,16.630699716279228,released,masked_psnr,8,8,flame_supported,full_target_density2
8.862059008390442,6.557690842417105,20,7.706746911876259,released,masked_psnr,8,8,flame_unsupported,full_target_density2
12.749523375608199,10.778045750630234,20,11.730655682192356,released,masked_psnr,8,8,foreground,full_target_density2
13.524055557360656,11.990815757462517,20,12.745374660292368,released,masked_psnr,8,8,full_frame,full_target_density2
14.943610170878578,13.01535360623706,20,13.960479569386298,released,masked_psnr,8,8,head_foreground,full_target_density2
17.926981102390613,16.498737376071865,20,17.188156453138895,released,masked_psnr,8,8,head_supported,full_target_density2
7.892810463748415,5.891650590536736,20,6.894132647883015,released,masked_psnr,8,8,head_unsupported,full_target_density2
20.209913507258523,19.141467526564192,20,19.671113249280797,released,masked_psnr,8,8,oral,full_target_density2
10.023128060425691,7.7681915588286055,20,8.890188412115597,released,masked_psnr,8,8,torso_outside_head_roi,full_target_density2
19.584572627101064,14.90137889233547,20,16.87471463018729,adaptive,masked_psnr,384,1,background,full_target_density2
21.5004179501861,20.528833931680193,20,21.006180162860538,adaptive,masked_psnr,384,1,eyes,full_target_density2
18.582899762896254,17.454953816687237,20,18.03204293268614,adaptive,masked_psnr,384,1,flame_supported,full_target_density2
11.999196681826588,10.095611938226714,20,11.05461807055681,adaptive,masked_psnr,384,1,flame_unsupported,full_target_density2
15.206909246792407,13.818410857204748,20,14.518797069145075,adaptive,masked_psnr,384,1,foreground,full_target_density2
15.332516182986552,14.147930396365469,20,14.752474201297852,adaptive,masked_psnr,384,1,full_frame,full_target_density2
16.681453878564973,15.419302445370377,20,16.1013621375458,adaptive,masked_psnr,384,1,head_foreground,full_target_density2
18.901539119153416,17.824776214245237,20,18.368855706940817,adaptive,masked_psnr,384,1,head_supported,full_target_density2
11.00247471631832,9.241552803874525,20,10.112009407227012,adaptive,masked_psnr,384,1,head_unsupported,full_target_density2
21.034768778724914,19.4750950061289,20,20.172317176421952,adaptive,masked_psnr,384,1,oral,full_target_density2
13.640496750853229,11.660237707277307,20,12.647283079255306,adaptive,masked_psnr,384,1,torso_outside_head_roi,full_target_density2
18.871284961594963,14.424997828580302,20,16.34359226677116,adaptive,masked_psnr,384,4,background,full_target_density2
21.22790856014354,20.285605947604765,20,20.74979953102578,adaptive,masked_psnr,384,4,eyes,full_target_density2
19.279545075540046,18.052643863915872,20,18.68029056886308,adaptive,masked_psnr,384,4,flame_supported,full_target_density2
12.030756005349236,10.317394713400315,20,11.18452939214345,adaptive,masked_psnr,384,4,flame_unsupported,full_target_density2
15.489236611410089,14.13727365452027,20,14.821515511271608,adaptive,masked_psnr,384,4,foreground,full_target_density2
15.385439549267188,14.151054734283727,20,14.77476442101414,adaptive,masked_psnr,384,4,full_frame,full_target_density2
17.109256243503523,15.976827937920907,20,16.58043035358774,adaptive,masked_psnr,384,4,head_foreground,full_target_density2
19.59725976520319,18.441538998669298,20,19.031313022794272,adaptive,masked_psnr,384,4,head_supported,full_target_density2
11.193483099897437,9.47541924386815,20,10.344818947273726,adaptive,masked_psnr,384,4,head_unsupported,full_target_density2
21.35805986706052,19.58929232588698,20,20.349445532685756,adaptive,masked_psnr,384,4,oral,full_target_density2
13.707258403364516,11.769581249068644,20,12.735195195564044,adaptive,masked_psnr,384,4,torso_outside_head_roi,full_target_density2
18.395465519550157,14.314772224120185,20,16.11491825054912,adaptive,masked_psnr,384,8,background,full_target_density2
21.1580222714993,20.10845332872207,20,20.646051125026222,adaptive,masked_psnr,384,8,eyes,full_target_density2
19.28424461375303,18.046607003976707,20,18.681301303323607,adaptive,masked_psnr,384,8,flame_supported,full_target_density2
12.176166118123655,10.47699367698356,20,11.338558363160836,adaptive,masked_psnr,384,8,flame_unsupported,full_target_density2
15.584988974163844,14.190321475862323,20,14.895220481559296,adaptive,masked_psnr,384,8,foreground,full_target_density2
15.45165098506025,14.121233852961218,20,14.794075647424062,adaptive,masked_psnr,384,8,full_frame,full_target_density2
17.120227786283657,16.048694448219017,20,16.615459107374647,adaptive,masked_psnr,384,8,head_foreground,full_target_density2
19.615317480096074,18.45477408689089,20,19.03830501758251,adaptive,masked_psnr,384,8,head_supported,full_target_density2
11.15497821095092,9.574189940293893,20,10.378958152135123,adaptive,masked_psnr,384,8,head_unsupported,full_target_density2
20.318884894367272,19.358163999543006,20,19.83717306540367,adaptive,masked_psnr,384,8,oral,full_target_density2
13.880164058128447,11.885820679566967,20,12.884963923326293,adaptive,masked_psnr,384,8,torso_outside_head_roi,full_target_density2
19.957454546767714,16.415513782468835,20,18.110721648448312,hard,masked_psnr,384,1,background,full_target_density2
21.39871232777164,20.29317824277402,20,20.8389848981652,hard,masked_psnr,384,1,eyes,full_target_density2
18.30118962554957,17.457723417609007,20,17.875551494979298,hard,masked_psnr,384,1,flame_supported,full_target_density2
5.662145387600723,3.473760207951679,20,4.503789673532239,hard,masked_psnr,384,1,flame_unsupported,full_target_density2
10.608747366941005,8.425896338230025,20,9.43533668544627,hard,masked_psnr,384,1,foreground,full_target_density2
12.402529793487808,10.422681446413145,20,11.372111001435744,hard,masked_psnr,384,1,full_frame,full_target_density2
15.000773723292607,12.932646306072522,20,13.979644450414066,hard,masked_psnr,384,1,head_foreground,full_target_density2
19.17296740961674,18.34787125115698,20,18.761394978261944,hard,masked_psnr,384,1,head_supported,full_target_density2
6.931041995442747,5.01822441625349,20,5.944631780346682,hard,masked_psnr,384,1,head_unsupported,full_target_density2
21.39631574632586,19.83412235574381,20,20.51146956089608,hard,masked_psnr,384,1,oral,full_target_density2
6.710002787192994,4.230958724223477,20,5.360336394239565,hard,masked_psnr,384,1,torso_outside_head_roi,full_target_density2
19.9718630687887,16.303653779973523,20,18.05079544149611,hard,masked_psnr,384,4,background,full_target_density2
21.25526796124196,20.177425616053384,20,20.69320359443082,hard,masked_psnr,384,4,eyes,full_target_density2
19.046099283785715,18.128851966010735,20,18.581546992403283,hard,masked_psnr,384,4,flame_supported,full_target_density2
5.666237515823482,3.4806754754804485,20,4.51269160829222,hard,masked_psnr,384,4,flame_unsupported,full_target_density2
10.6650562523494,8.513746690202966,20,9.539389594486853,hard,masked_psnr,384,4,foreground,full_target_density2
12.455667375435631,10.482382059204518,20,11.428195722793294,hard,masked_psnr,384,4,full_frame,full_target_density2
15.269498793876949,13.167995755780522,20,14.224978210104533,hard,masked_psnr,384,4,head_foreground,full_target_density2
20.15050250920677,19.203015838854906,20,19.661475825801734,hard,masked_psnr,384,4,head_supported,full_target_density2
6.924607686246992,4.963765141425659,20,5.928979835818977,hard,masked_psnr,384,4,head_unsupported,full_target_density2
21.781312582817968,20.082482000097063,20,20.803531184662287,hard,masked_psnr,384,4,oral,full_target_density2
6.763618905756632,4.265868700080783,20,5.416604822087875,hard,masked_psnr,384,4,torso_outside_head_roi,full_target_density2
19.65970309493074,16.240347082849866,20,17.878544166317546,hard,masked_psnr,384,8,background,full_target_density2
21.038758388644776,19.96352756622628,20,20.484556006528017,hard,masked_psnr,384,8,eyes,full_target_density2
19.116008818003316,18.142555905710907,20,18.624690442296945,hard,masked_psnr,384,8,flame_supported,full_target_density2
5.681282506975654,3.4871772288599243,20,4.522514342135453,hard,masked_psnr,384,8,flame_unsupported,full_target_density2
10.676170926265113,8.422280390713254,20,9.484281180201885,hard,masked_psnr,384,8,foreground,full_target_density2
12.459387384584561,10.433337965905071,20,11.400408691825785,hard,masked_psnr,384,8,full_frame,full_target_density2
15.314465642316096,13.222789594378634,20,14.257842961411148,hard,masked_psnr,384,8,head_foreground,full_target_density2
20.230536355264046,19.24718292154801,20,19.72486500799326,hard,masked_psnr,384,8,head_supported,full_target_density2
6.908915267028476,5.011465041648388,20,5.9269656679459555,hard,masked_psnr,384,8,head_unsupported,full_target_density2
20.83290738894168,19.97432402592998,20,20.36826459682556,hard,masked_psnr,384,8,oral,full_target_density2
6.78644189532542,4.2700253550795795,20,5.43479382486301,hard,masked_psnr,384,8,torso_outside_head_roi,full_target_density2
18.61314365014056,15.063188708618432,20,16.74665324128204,released,masked_psnr,384,1,background,full_target_density2
21.117945267766224,20.126989183568345,20,20.616755151104236,released,masked_psnr,384,1,eyes,full_target_density2
18.521250648676308,17.42165123947452,20,17.977743713448078,released,masked_psnr,384,1,flame_supported,full_target_density2
11.892556568266444,10.018841846244817,20,10.960874420264494,released,masked_psnr,384,1,flame_unsupported,full_target_density2
15.154840862572225,13.72432150621783,20,14.43144921263566,released,masked_psnr,384,1,foreground,full_target_density2
15.424330073296868,14.134756520585972,20,14.781904364627739,released,masked_psnr,384,1,full_frame,full_target_density2
16.79927213122441,15.624413476285472,20,16.22893390957482,released,masked_psnr,384,1,head_foreground,full_target_density2
18.886783160441112,17.792459456962597,20,18.323991926970912,released,masked_psnr,384,1,head_supported,full_target_density2
11.175761046676035,9.701427426640233,20,10.431176859658084,released,masked_psnr,384,1,head_unsupported,full_target_density2
21.14685499599786,19.54230031204959,20,20.27990028801071,released,masked_psnr,384,1,oral,full_target_density2
13.345672158987409,11.23232314149456,20,12.260063869586727,released,masked_psnr,384,1,torso_outside_head_roi,full_target_density2
18.29074410821726,14.5676587572992,20,16.220919621277947,released,masked_psnr,384,4,background,full_target_density2
20.963476099167497,20.060620537928287,20,20.507612892845373,released,masked_psnr,384,4,eyes,full_target_density2
19.353960261909023,18.229257059670637,20,18.799776366273363,released,masked_psnr,384,4,flame_supported,full_target_density2
12.062979607383426,10.408814204490946,20,11.230239336332414,released,masked_psnr,384,4,flame_unsupported,full_target_density2
15.536234330009721,14.193064386727613,20,14.883560114907747,released,masked_psnr,384,4,foreground,full_target_density2
15.514550731350845,14.22773736938551,20,14.86705890973705,released,masked_psnr,384,4,full_frame,full_target_density2
17.358814447944074,16.307379403628566,20,16.856018515531566,released,masked_psnr,384,4,head_foreground,full_target_density2
19.72617029839358,18.6324162819853,20,19.178755160032164,released,masked_psnr,384,4,head_supported,full_target_density2
11.363555024199814,10.065041852850115,20,10.721532738429033,released,masked_psnr,384,4,head_unsupported,full_target_density2
21.45084889880383,19.594971848826958,20,20.373143393735667,released,masked_psnr,384,4,oral,full_target_density2
13.45391686985161,11.625709902016743,20,12.534663774259451,released,masked_psnr,384,4,torso_outside_head_roi,full_target_density2
17.359035072959585,14.107327001967882,20,15.597154989083103,released,masked_psnr,384,8,background,full_target_density2
20.854385353646162,19.970346281772176,20,20.409967498592096,released,masked_psnr,384,8,eyes,full_target_density2
19.385734422855737,18.172584194763783,20,18.797290900652207,released,masked_psnr,384,8,flame_supported,full_target_density2
12.224443208270547,10.626336932504545,20,11.42360856899978,released,masked_psnr,384,8,flame_unsupported,full_target_density2
15.677934879559686,14.279784548055753,20,14.984255910438131,released,masked_psnr,384,8,foreground,full_target_density2
15.433384711466019,14.068905471341179,20,14.74959202655064,released,masked_psnr,384,8,full_frame,full_target_density2
17.365943074892343,16.384257512769345,20,16.89155031457111,released,masked_psnr,384,8,head_foreground,full_target_density2
19.767632324952707,18.637993122375683,20,19.189472390155817,released,masked_psnr,384,8,head_supported,full_target_density2
11.43163776764533,10.202888091755186,20,10.802743406845565,released,masked_psnr,384,8,head_unsupported,full_target_density2
20.447406746730397,19.406697898004513,20,19.900911810489625,released,masked_psnr,384,8,oral,full_target_density2
13.719600215945675,11.791218205618756,20,12.723263115464105,released,masked_psnr,384,8,torso_outside_head_roi,full_target_density2
24.129310277481537,17.190494188289616,20,20.129307969344794,adaptive,masked_psnr,8,1,background,head_target_density1
21.70990331262393,20.680080154017173,20,21.199877170792398,adaptive,masked_psnr,8,1,eyes,head_target_density1
16.232740082219202,14.96614073048851,20,15.588643734244092,adaptive,masked_psnr,8,1,flame_supported,head_target_density1
5.924702683178587,3.668202205025833,20,4.722972220378789,adaptive,masked_psnr,8,1,flame_unsupported,head_target_density1
10.476484367004412,8.279643167535609,20,9.301088597454754,adaptive,masked_psnr,8,1,foreground,head_target_density1
12.182594983747594,10.378508927457426,20,11.259624376799763,adaptive,masked_psnr,8,1,full_frame,head_target_density1
15.065825454128301,12.912375678032786,20,13.971225132667541,adaptive,masked_psnr,8,1,head_foreground,head_target_density1
18.26025013256108,16.952614005789147,20,17.608414329516982,adaptive,masked_psnr,8,1,head_supported,head_target_density1
7.5743327761355905,5.419070435858543,20,6.469787682661699,adaptive,masked_psnr,8,1,head_unsupported,head_target_density1
21.201022184656797,19.70630972198095,20,20.35231829847487,adaptive,masked_psnr,8,1,oral,head_target_density1
6.478854024904344,4.016257054308916,20,5.149758302079418,adaptive,masked_psnr,8,1,torso_outside_head_roi,head_target_density1
24.572189026536908,17.42202282821875,20,20.564410963677695,adaptive,masked_psnr,8,4,background,head_target_density1
21.491416573793593,20.47748339798426,20,20.974869998529677,adaptive,masked_psnr,8,4,eyes,head_target_density1
16.475027709531535,15.132725077224961,20,15.802100790333782,adaptive,masked_psnr,8,4,flame_supported,head_target_density1
6.025697161799266,3.6954682216751116,20,4.78529076348793,adaptive,masked_psnr,8,4,flame_unsupported,head_target_density1
10.605757985496233,8.36385477546168,20,9.405136021837754,adaptive,masked_psnr,8,4,foreground,head_target_density1
12.271150926333664,10.423785590972658,20,11.305071738643075,adaptive,masked_psnr,8,4,full_frame,head_target_density1
15.386896380471283,13.137029516298735,20,14.27047713880629,adaptive,masked_psnr,8,4,head_foreground,head_target_density1
18.709993182533832,17.323890589009434,20,18.009664403583802,adaptive,masked_psnr,8,4,head_supported,head_target_density1
7.846392007224751,5.557638545451026,20,6.704497222595559,adaptive,masked_psnr,8,4,head_unsupported,head_target_density1
21.511197365800005,19.618570527336615,20,20.398804828829213,adaptive,masked_psnr,8,4,oral,head_target_density1
6.506805545159933,4.0200518226705775,20,5.159585998786386,adaptive,masked_psnr,8,4,torso_outside_head_roi,head_target_density1
24.19621473430708,17.374374303450153,20,20.423531833873746,adaptive,masked_psnr,8,8,background,head_target_density1
21.346591348856524,20.391222544933555,20,20.86470294473176,adaptive,masked_psnr,8,8,eyes,head_target_density1
16.53281264986575,15.187819260201522,20,15.858666754689157,adaptive,masked_psnr,8,8,flame_supported,head_target_density1
6.061798967516979,3.6855450953274027,20,4.785222008246502,adaptive,masked_psnr,8,8,flame_unsupported,head_target_density1
10.580546848890688,8.296212626479369,20,9.357964343520731,adaptive,masked_psnr,8,8,foreground,head_target_density1
12.318284371739592,10.366129531068673,20,11.29287252161594,adaptive,masked_psnr,8,8,full_frame,head_target_density1
15.497116917766242,13.195789243874772,20,14.34461799570361,adaptive,masked_psnr,8,8,head_foreground,head_target_density1
18.904656321117933,17.43496068981504,20,18.176858876911957,adaptive,masked_psnr,8,8,head_supported,head_target_density1
7.8248996023802295,5.588992773738521,20,6.694420494762308,adaptive,masked_psnr,8,8,head_unsupported,head_target_density1
20.581762425438466,19.73270979655373,20,20.13410076602551,adaptive,masked_psnr,8,8,oral,head_target_density1
6.474240333232705,4.035794816176267,20,5.175332583947514,adaptive,masked_psnr,8,8,torso_outside_head_roi,head_target_density1
20.51555482966454,16.6787955851632,20,18.47715842985772,hard,masked_psnr,8,1,background,head_target_density1
21.16555400295701,20.097153569133933,20,20.622033348769726,hard,masked_psnr,8,1,eyes,head_target_density1
17.194192839647616,16.195942856210255,20,16.703300335205917,hard,masked_psnr,8,1,flame_supported,head_target_density1
5.574415571615268,3.3794512325927992,20,4.393491729911455,hard,masked_psnr,8,1,flame_unsupported,head_target_density1
10.303596194335704,8.176647622616658,20,9.176314808984753,hard,masked_psnr,8,1,foreground,head_target_density1
12.124980365290755,10.25982983588128,20,11.162048740947732,hard,masked_psnr,8,1,full_frame,head_target_density1
14.553885118957925,12.542265216186001,20,13.552816110295291,hard,masked_psnr,8,1,head_foreground,head_target_density1
18.587987556188967,17.720751479743374,20,18.15895747134568,hard,masked_psnr,8,1,head_supported,head_target_density1
6.67643195900449,4.691285041680447,20,5.6486796207118966,hard,masked_psnr,8,1,head_unsupported,head_target_density1
21.166440469133423,19.567491715022932,20,20.275716452727483,hard,masked_psnr,8,1,oral,head_target_density1
6.426887574195925,4.064824595799333,20,5.158142824889576,hard,masked_psnr,8,1,torso_outside_head_roi,head_target_density1
20.403850253893694,16.566697998178366,20,18.347839925327516,hard,masked_psnr,8,4,background,head_target_density1
21.04672197564117,20.05847352208887,20,20.529583770520425,hard,masked_psnr,8,4,eyes,head_target_density1
17.6066975804505,16.635338997425087,20,17.13146751786454,hard,masked_psnr,8,4,flame_supported,head_target_density1
5.592816292460289,3.374855534329842,20,4.406219463690048,hard,masked_psnr,8,4,flame_unsupported,head_target_density1
10.348133366072899,8.265533838691479,20,9.251414829109319,hard,masked_psnr,8,4,foreground,head_target_density1
12.143563963666137,10.304211719996061,20,11.187414736971494,hard,masked_psnr,8,4,full_frame,head_target_density1
14.788453378128702,12.73163029206206,20,13.753780935199648,hard,masked_psnr,8,4,head_foreground,head_target_density1
19.25628241837999,18.40175458443242,20,18.83191683795564,hard,masked_psnr,8,4,head_supported,head_target_density1
6.662061151278644,4.686089635862632,20,5.644504425828229,hard,masked_psnr,8,4,head_unsupported,head_target_density1
21.495065240904086,19.673524014921266,20,20.43998370350105,hard,masked_psnr,8,4,oral,head_target_density1
6.424725927084889,4.069406146689172,20,5.167891067113699,hard,masked_psnr,8,4,torso_outside_head_roi,head_target_density1
20.12979820799048,16.518120995354778,20,18.242532557651085,hard,masked_psnr,8,8,background,head_target_density1
20.8432426707997,19.8324809092373,20,20.317702686210986,hard,masked_psnr,8,8,eyes,head_target_density1
17.756936133102712,16.732783547414652,20,17.259483366248805,hard,masked_psnr,8,8,flame_supported,head_target_density1
5.598523980474793,3.390100468717877,20,4.421792111366725,hard,masked_psnr,8,8,flame_unsupported,head_target_density1
10.35659571390056,8.197699259330458,20,9.22627290874355,hard,masked_psnr,8,8,foreground,head_target_density1
12.200458772776507,10.255023093697078,20,11.189871480033478,hard,masked_psnr,8,8,full_frame,head_target_density1
14.876722806638837,12.832887150556624,20,13.843603956199427,hard,masked_psnr,8,8,head_foreground,head_target_density1
19.461602532432806,18.573285812768464,20,19.012551155114284,hard,masked_psnr,8,8,head_supported,head_target_density1
6.7068096943787,4.702770739017751,20,5.683073518157542,hard,masked_psnr,8,8,head_unsupported,head_target_density1
20.570267026952376,19.623359846765698,20,20.070130195268963,hard,masked_psnr,8,8,oral,head_target_density1
6.487558960247488,4.093547134692359,20,5.207485248110016,hard,masked_psnr,8,8,torso_outside_head_roi,head_target_density1
23.67379630061539,17.213519512227275,20,19.90446706587811,released,masked_psnr,8,1,background,head_target_density1
21.724316386072868,20.6352185512913,20,21.20382173355396,released,masked_psnr,8,1,eyes,head_target_density1
16.37821645068231,15.162789333628714,20,15.760369934199696,released,masked_psnr,8,1,flame_supported,head_target_density1
5.990334845303806,3.74530206093864,20,4.801090223168594,released,masked_psnr,8,1,flame_unsupported,head_target_density1
10.567258855279437,8.360761419040955,20,9.38916546976222,released,masked_psnr,8,1,foreground,head_target_density1
12.28396074699774,10.477737656482736,20,11.350505089875657,released,masked_psnr,8,1,full_frame,head_target_density1
15.019018198248082,12.979684428350566,20,13.983162744402502,released,masked_psnr,8,1,head_foreground,head_target_density1
18.092520651117106,16.9329068002717,20,17.511405529664376,released,masked_psnr,8,1,head_supported,head_target_density1
7.647026315604549,5.567632285105719,20,6.580035466978922,released,masked_psnr,8,1,head_unsupported,head_target_density1
21.513160026750167,19.720582082508017,20,20.486769364841084,released,masked_psnr,8,1,oral,head_target_density1
6.659238213952101,4.134085127865232,20,5.263644153834042,released,masked_psnr,8,1,torso_outside_head_roi,head_target_density1
24.045735178447043,17.316745234062143,20,20.28925599419939,released,masked_psnr,8,4,background,head_target_density1
21.68833106955301,20.717963938787673,20,21.215271322864595,released,masked_psnr,8,4,eyes,head_target_density1
16.681786235490733,15.417407911921014,20,16.055778131875403,released,masked_psnr,8,4,flame_supported,head_target_density1
6.153705568632347,3.764999628280248,20,4.879990534504488,released,masked_psnr,8,4,flame_unsupported,head_target_density1
10.720206752362483,8.443863778135443,20,9.517950091979841,released,masked_psnr,8,4,foreground,head_target_density1
12.383229715731167,10.492458223399623,20,11.413007882463319,released,masked_psnr,8,4,full_frame,head_target_density1
15.454255843195734,13.19963845211207,20,14.3216205020156,released,masked_psnr,8,4,head_foreground,head_target_density1
18.606234782474974,17.368082574318606,20,17.978148540342964,released,masked_psnr,8,4,head_supported,head_target_density1
8.074436138023298,5.6992928958135725,20,6.855526513794016,released,masked_psnr,8,4,head_unsupported,head_target_density1
21.58173126586561,19.577667694686422,20,20.419001710378332,released,masked_psnr,8,4,oral,head_target_density1
6.643535398316503,4.138821126597093,20,5.297286816850695,released,masked_psnr,8,4,torso_outside_head_roi,head_target_density1
23.57604101144017,17.276768712727254,20,20.139794981892557,released,masked_psnr,8,8,background,head_target_density1
21.594006051561074,20.65949121236553,20,21.138492025678122,released,masked_psnr,8,8,eyes,head_target_density1
16.80649733508794,15.48050896167897,20,16.13363005674361,released,masked_psnr,8,8,flame_supported,head_target_density1
6.112557253897087,3.7833552971824433,20,4.879150424538272,released,masked_psnr,8,8,flame_unsupported,head_target_density1
10.715875259678999,8.398997382405788,20,9.473187912399037,released,masked_psnr,8,8,foreground,head_target_density1
12.409926896447459,10.474804413743291,20,11.40502881465618,released,masked_psnr,8,8,full_frame,head_target_density1
15.505951610175545,13.319011928563926,20,14.401326505842457,released,masked_psnr,8,8,head_foreground,head_target_density1
18.80398725983538,17.486711676985195,20,18.137700627905662,released,masked_psnr,8,8,head_supported,head_target_density1
8.00929640385882,5.718559276252238,20,6.870785709795257,released,masked_psnr,8,8,head_unsupported,head_target_density1
20.588016807263987,19.60639019479971,20,20.061912689796436,released,masked_psnr,8,8,oral,head_target_density1
6.658164139459453,4.138386019138106,20,5.310657123019845,released,masked_psnr,8,8,torso_outside_head_roi,head_target_density1
20.265525105147102,16.31411059529686,20,18.13688509615192,adaptive,masked_psnr,384,1,background,head_target_density1
21.742855861526785,20.760261203729524,20,21.246738162517993,adaptive,masked_psnr,384,1,eyes,head_target_density1
16.274237430250107,14.778111203411692,20,15.518038014313527,adaptive,masked_psnr,384,1,flame_supported,head_target_density1
6.583033352295346,4.3818029665530345,20,5.421827745709811,adaptive,masked_psnr,384,1,flame_unsupported,head_target_density1
10.980791071112728,8.81051177748565,20,9.843279077265116,adaptive,masked_psnr,384,1,foreground,head_target_density1
12.715982222472189,10.739908205346932,20,11.693109484568367,adaptive,masked_psnr,384,1,full_frame,head_target_density1
17.04050233168857,16.05298197950245,20,16.552938530377382,adaptive,masked_psnr,384,1,head_foreground,head_target_density1
19.29313417465158,18.387502454261853,20,18.832400530791965,adaptive,masked_psnr,384,1,head_supported,head_target_density1
10.810680375976663,9.358609492189682,20,10.087500704085167,adaptive,masked_psnr,384,1,head_unsupported,head_target_density1
21.290893568626814,19.805155508757597,20,20.449093374063704,adaptive,masked_psnr,384,1,oral,head_target_density1
6.417988666547563,3.9360373038522543,20,5.113269814721475,adaptive,masked_psnr,384,1,torso_outside_head_roi,head_target_density1
19.739323297538405,16.095052784380435,20,17.792849234272058,adaptive,masked_psnr,384,4,background,head_target_density1
21.78750390544005,20.87911035771688,20,21.329652243889285,adaptive,masked_psnr,384,4,eyes,head_target_density1
16.477253511507254,14.92275399769346,20,15.682254281660942,adaptive,masked_psnr,384,4,flame_supported,head_target_density1
6.558397560150737,4.291232847276004,20,5.361813367297399,adaptive,masked_psnr,384,4,flame_unsupported,head_target_density1
11.020574157415153,8.822173829355524,20,9.853574449608708,adaptive,masked_psnr,384,4,foreground,head_target_density1
12.666037948552061,10.693626897352287,20,11.660660803212556,adaptive,masked_psnr,384,4,full_frame,head_target_density1
17.209326430922363,16.071221687052635,20,16.64940836355949,adaptive,masked_psnr,384,4,head_foreground,head_target_density1
19.80680481833392,18.929012822848115,20,19.354437446299556,adaptive,masked_psnr,384,4,head_supported,head_target_density1
10.506829297124517,8.901957665111926,20,9.731722656808202,adaptive,masked_psnr,384,4,head_unsupported,head_target_density1
21.572880910095844,19.964884158280544,20,20.649252859111055,adaptive,masked_psnr,384,4,oral,head_target_density1
6.45466817863544,3.9237647412790877,20,5.075177864598367,adaptive,masked_psnr,384,4,torso_outside_head_roi,head_target_density1
19.23266434452975,15.919113625401009,20,17.44781161876714,adaptive,masked_psnr,384,8,background,head_target_density1
21.600121731883238,20.71409356682092,20,21.156523134230106,adaptive,masked_psnr,384,8,eyes,head_target_density1
16.440400118152077,14.807237628431448,20,15.615418556609708,adaptive,masked_psnr,384,8,flame_supported,head_target_density1
6.496974359893275,4.270571934218442,20,5.32107056987917,adaptive,masked_psnr,384,8,flame_unsupported,head_target_density1
10.946998281869309,8.7245521023279,20,9.75935318088195,adaptive,masked_psnr,384,8,foreground,head_target_density1
12.610037239433822,10.586634222152698,20,11.570704155232653,adaptive,masked_psnr,384,8,full_frame,head_target_density1
17.171107970524904,16.101825077715567,20,16.63522616299671,adaptive,masked_psnr,384,8,head_foreground,head_target_density1
19.859128959293006,18.96376794985347,20,19.39940182397676,adaptive,masked_psnr,384,8,head_supported,head_target_density1
10.320150126396104,8.901296601040334,20,9.622847549756596,adaptive,masked_psnr,384,8,head_unsupported,head_target_density1
20.783770049667233,19.9086155572642,20,20.32887487878964,adaptive,masked_psnr,384,8,oral,head_target_density1
6.419919365166138,3.890596359247274,20,5.066915909887206,adaptive,masked_psnr,384,8,torso_outside_head_roi,head_target_density1
20.328243131131273,16.64681084039462,20,18.369036427843223,hard,masked_psnr,384,1,background,head_target_density1
21.378966745291713,20.24564950793234,20,20.7952271759362,hard,masked_psnr,384,1,eyes,head_target_density1
17.5135488386424,16.523216456255444,20,17.01961777468473,hard,masked_psnr,384,1,flame_supported,head_target_density1
5.5754625714389,3.413440021827248,20,4.422944975169871,hard,masked_psnr,384,1,flame_unsupported,head_target_density1
10.381310933505583,8.26236528981451,20,9.26436146137084,hard,masked_psnr,384,1,foreground,head_target_density1
12.237035578892826,10.314469833046726,20,11.24458801037151,hard,masked_psnr,384,1,full_frame,head_target_density1
14.771855107116318,12.687853306012101,20,13.71852543395909,hard,masked_psnr,384,1,head_foreground,head_target_density1
18.89011237027313,18.03494115472787,20,18.457974432050584,hard,masked_psnr,384,1,head_supported,head_target_density1
6.745111225249506,4.784160604475582,20,5.720917924680208,hard,masked_psnr,384,1,head_unsupported,head_target_density1
21.368626761155245,19.82552334440694,20,20.49751141720623,hard,masked_psnr,384,1,oral,head_target_density1
6.52099897651843,4.122786357229048,20,5.210465862793691,hard,masked_psnr,384,1,torso_outside_head_roi,head_target_density1
20.33244308557157,16.674064314232925,20,18.414030266041376,hard,masked_psnr,384,4,background,head_target_density1
21.200676135048415,20.139344767944024,20,20.653754414959742,hard,masked_psnr,384,4,eyes,head_target_density1
18.039699956457895,16.996276949890717,20,17.519921531162346,hard,masked_psnr,384,4,flame_supported,head_target_density1
5.569410044086472,3.3961140380031294,20,4.424778982090188,hard,masked_psnr,384,4,flame_unsupported,head_target_density1
10.503939690418596,8.323897260324001,20,9.35030412833551,hard,masked_psnr,384,4,foreground,head_target_density1
12.337531620109475,10.367280976558265,20,11.312684639263065,hard,masked_psnr,384,4,full_frame,head_target_density1
14.989761905107885,12.86114416681334,20,13.90856012793905,hard,masked_psnr,384,4,head_foreground,head_target_density1
19.641230734176936,18.69106261155967,20,19.163885167412154,hard,masked_psnr,384,4,head_supported,head_target_density1
6.72296841236923,4.725486226619901,20,5.684424340620688,hard,masked_psnr,384,4,head_unsupported,head_target_density1
21.6762430960477,19.883868934032154,20,20.652846733807113,hard,masked_psnr,384,4,oral,head_target_density1
6.582195130017512,4.114366620178093,20,5.27127767740482,hard,masked_psnr,384,4,torso_outside_head_roi,head_target_density1
20.02227932457982,16.59938406135531,20,18.233760353624188,hard,masked_psnr,384,8,background,head_target_density1
20.981016187079298,19.91240708528562,20,20.443571643199512,hard,masked_psnr,384,8,eyes,head_target_density1
18.111683525316245,17.029655096725183,20,17.571780170225015,hard,masked_psnr,384,8,flame_supported,head_target_density1
5.629271448557514,3.405507190504111,20,4.4388095418370295,hard,masked_psnr,384,8,flame_unsupported,head_target_density1
10.453082914949402,8.243002731842527,20,9.303387486390056,hard,masked_psnr,384,8,foreground,head_target_density1
12.373520026493852,10.303330545749168,20,11.292264601695361,hard,masked_psnr,384,8,full_frame,head_target_density1
15.022105508807394,12.894996894690417,20,13.962968888196423,hard,masked_psnr,384,8,head_foreground,head_target_density1
19.750268124992175,18.787513549553502,20,19.257345062021486,hard,masked_psnr,384,8,head_supported,head_target_density1
6.738277698166088,4.755436486571269,20,5.715766728107935,hard,masked_psnr,384,8,head_unsupported,head_target_density1
20.765177468627154,19.78953303139427,20,20.243999359209987,hard,masked_psnr,384,8,oral,head_target_density1
6.632575452215227,4.12276328334531,20,5.295862713223276,hard,masked_psnr,384,8,torso_outside_head_roi,head_target_density1
20.86877973126082,16.756676177905018,20,18.651348910845336,released,masked_psnr,384,1,background,head_target_density1
22.24421486266563,20.994060040269066,20,21.626256669255746,released,masked_psnr,384,1,eyes,head_target_density1
16.52147422209569,15.03545071851729,20,15.781476170581229,released,masked_psnr,384,1,flame_supported,head_target_density1
6.602956101407342,4.440083305425116,20,5.459775990265279,released,masked_psnr,384,1,flame_unsupported,head_target_density1
11.051054692556088,8.91156937123427,20,9.920025019109545,released,masked_psnr,384,1,foreground,head_target_density1
12.857043604184968,10.854057847474573,20,11.848601822861315,released,masked_psnr,384,1,full_frame,head_target_density1
17.350758068034796,16.389032365903706,20,16.867904323546362,released,masked_psnr,384,1,head_foreground,head_target_density1
19.5159276188367,18.562358201697112,20,19.0284087566484,released,masked_psnr,384,1,head_supported,head_target_density1
11.306122660536323,9.977200933459205,20,10.622809620284443,released,masked_psnr,384,1,head_unsupported,head_target_density1
21.47604185013228,19.976736078339744,20,20.65405997028265,released,masked_psnr,384,1,oral,head_target_density1
6.514533773462725,3.969893651146937,20,5.144027179166262,released,masked_psnr,384,1,torso_outside_head_roi,head_target_density1
20.939314996875876,17.13054251095104,20,18.797880404888154,released,masked_psnr,384,4,background,head_target_density1
22.197682430267616,21.05517968740209,20,21.630158962223,released,masked_psnr,384,4,eyes,head_target_density1
16.73997389717716,15.141917719714174,20,15.952351753417938,released,masked_psnr,384,4,flame_supported,head_target_density1
6.62879419912792,4.378720435507888,20,5.434666399548548,released,masked_psnr,384,4,flame_unsupported,head_target_density1
11.118227053472186,8.901596595403896,20,9.950416789777687,released,masked_psnr,384,4,foreground,head_target_density1
12.932255463670481,10.905329607938278,20,11.877046796461064,released,masked_psnr,384,4,full_frame,head_target_density1
17.802392129613402,16.663731463764282,20,17.24516242928195,released,masked_psnr,384,4,head_foreground,head_target_density1
20.22224090131542,19.25194233385683,20,19.737528769104465,released,masked_psnr,384,4,head_supported,head_target_density1
11.32446333802969,9.85083549662234,20,10.602403781114246,released,masked_psnr,384,4,head_unsupported,head_target_density1
21.7372750671711,20.024152942663097,20,20.774975109800415,released,masked_psnr,384,4,oral,head_target_density1
6.415911320893456,3.898800081962744,20,5.077253718733622,released,masked_psnr,384,4,torso_outside_head_roi,head_target_density1
20.084307168340526,16.710006164283488,20,18.216552417765733,released,masked_psnr,384,8,background,head_target_density1
21.921271931681964,20.862022339885126,20,21.392756138802365,released,masked_psnr,384,8,eyes,head_target_density1
16.744395960697286,15.10082657326079,20,15.942622346103743,released,masked_psnr,384,8,flame_supported,head_target_density1
6.589374588728471,4.385965604852659,20,5.402619968066828,released,masked_psnr,384,8,flame_unsupported,head_target_density1
11.04898965183579,8.832524073429996,20,9.872183002757742,released,masked_psnr,384,8,foreground,head_target_density1
12.850658827138748,10.782226974261631,20,11.78294300879575,released,masked_psnr,384,8,full_frame,head_target_density1
17.786856022678826,16.785114252312027,20,17.29266399427511,released,masked_psnr,384,8,head_foreground,head_target_density1
20.316768469535948,19.361630115488,20,19.82701672391253,released,masked_psnr,384,8,head_supported,head_target_density1
11.23996521972338,9.91527328819724,20,10.570028183393807,released,masked_psnr,384,8,head_unsupported,head_target_density1
20.942342799354936,19.811166738673492,20,20.36032182539214,released,masked_psnr,384,8,oral,head_target_density1
6.461049661844605,3.9362786608676945,20,5.095416787092544,released,masked_psnr,384,8,torso_outside_head_roi,head_target_density1
21.567206607726497,14.628865589555092,20,17.497462097583053,adaptive,masked_psnr,8,1,background,primary_full_target_density1
21.130112881692764,19.62190273114558,20,20.45059754480642,adaptive,masked_psnr,8,1,eyes,primary_full_target_density1
15.916373718923893,14.464854682992183,20,15.204222449292326,adaptive,masked_psnr,8,1,flame_supported,primary_full_target_density1
8.230204772402105,6.455802760290094,20,7.335619262302197,adaptive,masked_psnr,8,1,flame_unsupported,primary_full_target_density1
12.015698936529953,10.291090451264703,20,11.13813535367063,adaptive,masked_psnr,8,1,foreground,primary_full_target_density1
12.828223372770237,11.638944365442434,20,12.219426972440614,adaptive,masked_psnr,8,1,full_frame,primary_full_target_density1
14.452082373868858,12.786979566216818,20,13.61738951706449,adaptive,masked_psnr,8,1,head_foreground,primary_full_target_density1
16.811779936707296,15.226632448409921,20,16.018953260074433,adaptive,masked_psnr,8,1,head_supported,primary_full_target_density1
8.697105719176944,6.62174464667141,20,7.613430833114487,adaptive,masked_psnr,8,1,head_unsupported,primary_full_target_density1
20.455930278660347,18.588799626060386,20,19.452909054442333,adaptive,masked_psnr,8,1,oral,primary_full_target_density1
8.923361501828687,7.185061323639039,20,8.046526711828431,adaptive,masked_psnr,8,1,torso_outside_head_roi,primary_full_target_density1
21.64576082883983,14.783435274481095,20,17.680611458848634,adaptive,masked_psnr,8,4,background,primary_full_target_density1
20.738177523639486,19.39208663507193,20,20.090146631984297,adaptive,masked_psnr,8,4,eyes,primary_full_target_density1
16.316919770428274,14.889968296288146,20,15.615789758127814,adaptive,masked_psnr,8,4,flame_supported,primary_full_target_density1
8.34666243876809,6.503498143758401,20,7.407191962767901,adaptive,masked_psnr,8,4,flame_unsupported,primary_full_target_density1
12.149498712602307,10.51988060223986,20,11.306910712458974,adaptive,masked_psnr,8,4,foreground,primary_full_target_density1
12.96188739040303,11.763188888990133,20,12.346613903010725,adaptive,masked_psnr,8,4,full_frame,primary_full_target_density1
14.434118596208949,12.833713130679785,20,13.632534910057302,adaptive,masked_psnr,8,4,head_foreground,primary_full_target_density1
17.13683315135504,15.609274386610469,20,16.387642796243533,adaptive,masked_psnr,8,4,head_supported,primary_full_target_density1
8.312105895074623,6.263009410266241,20,7.230997725413974,adaptive,masked_psnr,8,4,head_unsupported,primary_full_target_density1
20.586498284131945,18.543333336843485,20,19.423477055594507,adaptive,masked_psnr,8,4,oral,primary_full_target_density1
9.166965258771576,7.390488881453707,20,8.280380309698938,adaptive,masked_psnr,8,4,torso_outside_head_roi,primary_full_target_density1
20.975461978830936,14.87664357263877,20,17.590720910295826,adaptive,masked_psnr,8,8,background,primary_full_target_density1
20.615323195370646,19.26998972626176,20,19.964610315098838,adaptive,masked_psnr,8,8,eyes,primary_full_target_density1
16.261109443190463,14.919278063858384,20,15.593113422055882,adaptive,masked_psnr,8,8,flame_supported,primary_full_target_density1
8.402038791210881,6.477913510129953,20,7.435704008449891,adaptive,masked_psnr,8,8,flame_unsupported,primary_full_target_density1
12.142282189265796,10.461100840710728,20,11.270648017259713,adaptive,masked_psnr,8,8,foreground,primary_full_target_density1
13.029150895344399,11.74793934429059,20,12.362875257839173,adaptive,masked_psnr,8,8,full_frame,primary_full_target_density1
14.452882741446004,12.82831144509133,20,13.644382376408382,adaptive,masked_psnr,8,8,head_foreground,primary_full_target_density1
17.11287316050059,15.675782373591447,20,16.40509064449693,adaptive,masked_psnr,8,8,head_supported,primary_full_target_density1
8.24285732249691,6.2107372550913515,20,7.208255843031461,adaptive,masked_psnr,8,8,head_unsupported,primary_full_target_density1
19.740625399242717,18.54162068367114,20,19.131000666153202,adaptive,masked_psnr,8,8,oral,primary_full_target_density1
9.197342705787738,7.406168754543545,20,8.322350317608521,adaptive,masked_psnr,8,8,torso_outside_head_roi,primary_full_target_density1
20.632883627769747,16.638778270203193,20,18.473891431295122,hard,masked_psnr,8,1,background,primary_full_target_density1
21.07870104560588,19.990454556786844,20,20.523824862319305,hard,masked_psnr,8,1,eyes,primary_full_target_density1
17.37771462319465,16.512133971653775,20,16.945980319846633,hard,masked_psnr,8,1,flame_supported,primary_full_target_density1
5.5769118301712775,3.3706178015186907,20,4.414549420794462,hard,masked_psnr,8,1,flame_unsupported,primary_full_target_density1
10.334115750621663,8.235836891833054,20,9.227435718876254,hard,masked_psnr,8,1,foreground,primary_full_target_density1
12.184205654089972,10.31535345108227,20,11.209317547749432,hard,masked_psnr,8,1,full_frame,primary_full_target_density1
14.56027792375435,12.580783835219504,20,13.563895225279206,hard,masked_psnr,8,1,head_foreground,primary_full_target_density1
18.570319785134917,17.80920193719626,20,18.183418123091876,hard,masked_psnr,8,1,head_supported,primary_full_target_density1
6.740723421591513,4.706556564308707,20,5.682162233224718,hard,masked_psnr,8,1,head_unsupported,primary_full_target_density1
21.18103757241468,19.541554541260854,20,20.263056601438667,hard,masked_psnr,8,1,oral,primary_full_target_density1
6.513124554275896,4.11078012124022,20,5.224159151791164,hard,masked_psnr,8,1,torso_outside_head_roi,primary_full_target_density1
20.501984296344144,16.524420010611003,20,18.391946066830762,hard,masked_psnr,8,4,background,primary_full_target_density1
20.942143652715238,19.94768051721398,20,20.426794835850963,hard,masked_psnr,8,4,eyes,primary_full_target_density1
17.845984583167738,16.93092909451136,20,17.397876712372245,hard,masked_psnr,8,4,flame_supported,primary_full_target_density1
5.596030177952873,3.4187972737278813,20,4.42432887494322,hard,masked_psnr,8,4,flame_unsupported,primary_full_target_density1
10.43815145847781,8.305224781917488,20,9.307488228302407,hard,masked_psnr,8,4,foreground,primary_full_target_density1
12.22324848667007,10.333400193077905,20,11.244857657878395,hard,masked_psnr,8,4,full_frame,primary_full_target_density1
14.798119934069078,12.737446153427461,20,13.762673268841866,hard,masked_psnr,8,4,head_foreground,primary_full_target_density1
19.245535099254642,18.413686531277122,20,18.835740081885575,hard,masked_psnr,8,4,head_supported,primary_full_target_density1
6.68317694458863,4.683568468575673,20,5.655086243452113,hard,masked_psnr,8,4,head_unsupported,primary_full_target_density1
21.502637009553226,19.631341786134264,20,20.422871489768117,hard,masked_psnr,8,4,oral,primary_full_target_density1
6.548771567448294,4.137016007781594,20,5.257085883382799,hard,masked_psnr,8,4,torso_outside_head_roi,primary_full_target_density1
20.219512920365148,16.558273912915208,20,18.278903505464825,hard,masked_psnr,8,8,background,primary_full_target_density1
20.73090112236155,19.69648753650048,20,20.205472546662683,hard,masked_psnr,8,8,eyes,primary_full_target_density1
18.024443792155157,17.07887174318184,20,17.55322106543229,hard,masked_psnr,8,8,flame_supported,primary_full_target_density1
5.595863612586901,3.403231096596059,20,4.440906727154957,hard,masked_psnr,8,8,flame_unsupported,primary_full_target_density1
10.419399724595277,8.219093894501077,20,9.282131700950686,hard,masked_psnr,8,8,foreground,primary_full_target_density1
12.290175848506138,10.312629443547122,20,11.25063628175227,hard,masked_psnr,8,8,full_frame,primary_full_target_density1
14.925536071595953,12.827992621992184,20,13.861456505740748,hard,masked_psnr,8,8,head_foreground,primary_full_target_density1
19.472722620610238,18.60959497198235,20,19.040788239218603,hard,masked_psnr,8,8,head_supported,primary_full_target_density1
6.722572392277243,4.705161682350964,20,5.700078380515755,hard,masked_psnr,8,8,head_unsupported,primary_full_target_density1
20.59293622761851,19.595979907657085,20,20.058126799836558,hard,masked_psnr,8,8,oral,primary_full_target_density1
6.599023714996019,4.159912840933625,20,5.295347317670114,hard,masked_psnr,8,8,torso_outside_head_roi,primary_full_target_density1
21.769288925960854,14.920732433778394,20,17.7660942603611,released,masked_psnr,8,1,background,primary_full_target_density1
20.822236404350367,19.273531202888485,20,20.075752617724348,released,masked_psnr,8,1,eyes,primary_full_target_density1
16.073658037173796,14.637661816247693,20,15.365705962207993,released,masked_psnr,8,1,flame_supported,primary_full_target_density1
8.099572397348833,6.07487940524678,20,7.0654800880082105,released,masked_psnr,8,1,flame_unsupported,primary_full_target_density1
11.9012550400328,10.047574238689275,20,10.95633768618386,released,masked_psnr,8,1,foreground,primary_full_target_density1
12.798293188940152,11.519005517910957,20,12.13947996601507,released,masked_psnr,8,1,full_frame,primary_full_target_density1
14.302018486608725,12.611287330127826,20,13.46573026955843,released,masked_psnr,8,1,head_foreground,primary_full_target_density1
16.77768159977378,15.389934019236193,20,16.07536729600312,released,masked_psnr,8,1,head_supported,primary_full_target_density1
8.206074804344045,6.295003369449651,20,7.223920685795756,released,masked_psnr,8,1,head_unsupported,primary_full_target_density1
20.85771698503231,18.96360536609012,20,19.80899671891293,released,masked_psnr,8,1,oral,primary_full_target_density1
8.849563823785562,6.80618100746589,20,7.8128914236578595,released,masked_psnr,8,1,torso_outside_head_roi,primary_full_target_density1
21.943795669439005,14.99087998001558,20,17.986196272387694,released,masked_psnr,8,4,background,primary_full_target_density1
20.603341559656865,19.052779720867342,20,19.84567475770314,released,masked_psnr,8,4,eyes,primary_full_target_density1
16.38922157968571,15.09565676356034,20,15.746000565627531,released,masked_psnr,8,4,flame_supported,primary_full_target_density1
8.293159655308985,6.317341333924305,20,7.276756386375079,released,masked_psnr,8,4,flame_unsupported,primary_full_target_density1
12.114734226476791,10.384483657782017,20,11.228847969973627,released,masked_psnr,8,4,foreground,primary_full_target_density1
12.9774118129213,11.694761295299616,20,12.33017837320477,released,masked_psnr,8,4,full_frame,primary_full_target_density1
14.529255931817042,12.800087009177618,20,13.667907091402114,released,masked_psnr,8,4,head_foreground,primary_full_target_density1
17.144259364342766,15.74541314073206,20,16.463704097831226,released,masked_psnr,8,4,head_supported,primary_full_target_density1
8.123190518373534,6.2162499261453,20,7.165334594769367,released,masked_psnr,8,4,head_unsupported,primary_full_target_density1
20.926082075144738,18.77878549924637,20,19.715609904474974,released,masked_psnr,8,4,oral,primary_full_target_density1
9.049790728415081,7.256976272886343,20,8.149704050140029,released,masked_psnr,8,4,torso_outside_head_roi,primary_full_target_density1
21.461140380607844,15.064283905410429,20,17.90281546417369,released,masked_psnr,8,8,background,primary_full_target_density1
20.463804892147362,19.12210042633585,20,19.803170061729098,released,masked_psnr,8,8,eyes,primary_full_target_density1
16.546216253756832,15.20904774428207,20,15.866847375766133,released,masked_psnr,8,8,flame_supported,primary_full_target_density1
8.451162968623295,6.38879779537595,20,7.399986975208337,released,masked_psnr,8,8,flame_unsupported,primary_full_target_density1
12.221403564937331,10.436547333649168,20,11.306866133495856,released,masked_psnr,8,8,foreground,primary_full_target_density1
13.150776766786537,11.736421492300574,20,12.422569392558282,released,masked_psnr,8,8,full_frame,primary_full_target_density1
14.614356196394699,12.868471436462743,20,13.738373522846809,released,masked_psnr,8,8,head_foreground,primary_full_target_density1
17.20944635090406,15.858359717449135,20,16.54488556448865,released,masked_psnr,8,8,head_supported,primary_full_target_density1
8.165540753107967,6.202034111377213,20,7.188142384822022,released,masked_psnr,8,8,head_unsupported,primary_full_target_density1
20.02483498919273,18.891126842253577,20,19.446284783194805,released,masked_psnr,8,8,oral,primary_full_target_density1
9.338506342719525,7.404954831143955,20,8.367710809971072,released,masked_psnr,8,8,torso_outside_head_roi,primary_full_target_density1
18.217443299567154,13.474038743001284,20,15.497899832598387,adaptive,masked_psnr,32,1,background,primary_full_target_density1
21.217929743252927,20.282985997954263,20,20.74466206291065,adaptive,masked_psnr,32,1,eyes,primary_full_target_density1
17.114173998876755,15.97292843285056,20,16.537156039850025,adaptive,masked_psnr,32,1,flame_supported,primary_full_target_density1
10.809053656176665,9.390160376170126,20,10.116819745743292,adaptive,masked_psnr,32,1,flame_unsupported,primary_full_target_density1
14.053551018474403,12.856177382077657,20,13.45055172528699,adaptive,masked_psnr,32,1,foreground,primary_full_target_density1
14.146349863536727,12.944399285294514,20,13.539828582570044,adaptive,masked_psnr,32,1,full_frame,primary_full_target_density1
15.820692051054502,14.766440539870285,20,15.28710251706381,adaptive,masked_psnr,32,1,head_foreground,primary_full_target_density1
17.56597979991717,16.371948518299604,20,16.962613031177828,adaptive,masked_psnr,32,1,head_supported,primary_full_target_density1
10.988438006947018,9.138733330476848,20,10.080316264507438,adaptive,masked_psnr,32,1,head_unsupported,primary_full_target_density1
20.51288281011108,18.706259700849298,20,19.52685113827974,adaptive,masked_psnr,32,1,oral,primary_full_target_density1
11.927672597434093,10.38962038583933,20,11.179709869403512,adaptive,masked_psnr,32,1,torso_outside_head_roi,primary_full_target_density1
18.530835806376,13.600131309223276,20,15.683180250364813,adaptive,masked_psnr,32,4,background,primary_full_target_density1
21.135950572545283,20.127778844080883,20,20.60957719306646,adaptive,masked_psnr,32,4,eyes,primary_full_target_density1
17.554394079884524,16.39644641614992,20,16.98592696690107,adaptive,masked_psnr,32,4,flame_supported,primary_full_target_density1
10.875367005328874,9.317929354631685,20,10.129026489592693,adaptive,masked_psnr,32,4,flame_unsupported,primary_full_target_density1
14.19722138493781,12.977110223811168,20,13.595010640640874,adaptive,masked_psnr,32,4,foreground,primary_full_target_density1
14.36107313842098,13.060723056236986,20,13.712039340654915,adaptive,masked_psnr,32,4,full_frame,primary_full_target_density1
16.001612301170017,14.940078875500125,20,15.4751576486641,adaptive,masked_psnr,32,4,head_foreground,primary_full_target_density1
17.988780332037315,16.828919762233408,20,17.404949683017506,adaptive,masked_psnr,32,4,head_supported,primary_full_target_density1
10.8184393958822,8.924244751278616,20,9.896644944412348,adaptive,masked_psnr,32,4,head_unsupported,primary_full_target_density1
20.742311998678385,18.655988748838006,20,19.573643831612006,adaptive,masked_psnr,32,4,oral,primary_full_target_density1
12.084298762505618,10.49652822083851,20,11.314494128867157,adaptive,masked_psnr,32,4,torso_outside_head_roi,primary_full_target_density1
18.7171670142504,13.587558077304633,20,15.740837377595636,adaptive,masked_psnr,32,8,background,primary_full_target_density1
21.041981660969043,19.990939193132796,20,20.501934882449397,adaptive,masked_psnr,32,8,eyes,primary_full_target_density1
17.655036870790273,16.513844629152086,20,17.09063435557307,adaptive,masked_psnr,32,8,flame_supported,primary_full_target_density1
10.949644142956455,9.495286809354106,20,10.24131057346636,adaptive,masked_psnr,32,8,flame_unsupported,primary_full_target_density1
14.271398604633054,13.067477405101613,20,13.69166510110243,adaptive,masked_psnr,32,8,foreground,primary_full_target_density1
14.459154548366554,13.077831935035485,20,13.78329005181493,adaptive,masked_psnr,32,8,full_frame,primary_full_target_density1
16.05618784152852,15.109673728847334,20,15.57765532400452,adaptive,masked_psnr,32,8,head_foreground,primary_full_target_density1
18.06411713999994,16.931045210776528,20,17.516514043451583,adaptive,masked_psnr,32,8,head_supported,primary_full_target_density1
10.762150002606298,9.07609780217668,20,9.922277581421383,adaptive,masked_psnr,32,8,head_unsupported,primary_full_target_density1
19.79425973604241,18.577801039006143,20,19.169078459315937,adaptive,masked_psnr,32,8,oral,primary_full_target_density1
12.227104822215548,10.566796856964382,20,11.410744253893872,adaptive,masked_psnr,32,8,torso_outside_head_roi,primary_full_target_density1
20.24392594867818,16.597658530155904,20,18.282135913196484,hard,masked_psnr,32,1,background,primary_full_target_density1
21.303228541579504,20.314318278981467,20,20.812241936246746,hard,masked_psnr,32,1,eyes,primary_full_target_density1
17.50313343092219,16.54222314649221,20,17.021866792119773,hard,masked_psnr,32,1,flame_supported,primary_full_target_density1
5.5782848886042435,3.413789598800988,20,4.429261712840869,hard,masked_psnr,32,1,flame_unsupported,primary_full_target_density1
10.433354222094135,8.27357661281439,20,9.271821541004892,hard,masked_psnr,32,1,foreground,primary_full_target_density1
12.308531984001068,10.32072685470318,20,11.26150500437303,hard,masked_psnr,32,1,full_frame,primary_full_target_density1
14.655376434390483,12.633174359783977,20,13.61432249075143,hard,masked_psnr,32,1,head_foreground,primary_full_target_density1
18.623846656365536,17.800208609852884,20,18.207694938851496,hard,masked_psnr,32,1,head_supported,primary_full_target_density1
6.74632286136844,4.744058022579739,20,5.71879890486219,hard,masked_psnr,32,1,head_unsupported,primary_full_target_density1
21.2029175433135,19.53526794333122,20,20.275888387323427,hard,masked_psnr,32,1,oral,primary_full_target_density1
6.575279623002025,4.142597233077059,20,5.273850132832693,hard,masked_psnr,32,1,torso_outside_head_roi,primary_full_target_density1
20.208524432634714,16.508326613068636,20,18.25406739889238,hard,masked_psnr,32,4,background,primary_full_target_density1
21.23599901962456,20.27607958019924,20,20.74874759202612,hard,masked_psnr,32,4,eyes,primary_full_target_density1
18.068033138940052,17.070976200643056,20,17.577121724927746,hard,masked_psnr,32,4,flame_supported,primary_full_target_density1
5.645992909556651,3.3963985981099287,20,4.4367293220103265,hard,masked_psnr,32,4,flame_unsupported,primary_full_target_density1
10.496018743238999,8.336870158867937,20,9.362281108407965,hard,masked_psnr,32,4,foreground,primary_full_target_density1
12.32534685051009,10.376267190781018,20,11.303978513563196,hard,masked_psnr,32,4,full_frame,primary_full_target_density1
14.9285892406536,12.807479781200632,20,13.851217858443686,hard,masked_psnr,32,4,head_foreground,primary_full_target_density1
19.456517309962518,18.52528420482885,20,18.991884468896956,hard,masked_psnr,32,4,head_supported,primary_full_target_density1
6.725443758992357,4.721233112976351,20,5.689997865475005,hard,masked_psnr,32,4,head_unsupported,primary_full_target_density1
21.650944697897803,19.797526101977517,20,20.593036717270383,hard,masked_psnr,32,4,oral,primary_full_target_density1
6.638204047845418,4.19570893369041,20,5.306387619359595,hard,masked_psnr,32,4,torso_outside_head_roi,primary_full_target_density1
19.913714402483286,16.451565073244577,20,18.100183531470474,hard,masked_psnr,32,8,background,primary_full_target_density1
21.028268932407958,20.03780491352517,20,20.522647085187963,hard,masked_psnr,32,8,eyes,primary_full_target_density1
18.203009422226707,17.14984641232418,20,17.676336823480792,hard,masked_psnr,32,8,flame_supported,primary_full_target_density1
5.628695208770677,3.429156495988132,20,4.450362898635625,hard,masked_psnr,32,8,flame_unsupported,primary_full_target_density1
10.505393514021115,8.28438231978953,20,9.320927039384134,hard,masked_psnr,32,8,foreground,primary_full_target_density1
12.344884961119286,10.317884278493892,20,11.291109939468193,hard,masked_psnr,32,8,full_frame,primary_full_target_density1
14.967035535762314,12.893339880505707,20,13.919064835780835,hard,masked_psnr,32,8,head_foreground,primary_full_target_density1
19.606470048731616,18.658826130995784,20,19.13052431133682,hard,masked_psnr,32,8,head_supported,primary_full_target_density1
6.734985411716274,4.769781929128853,20,5.722663199281697,hard,masked_psnr,32,8,head_unsupported,primary_full_target_density1
20.725710308303967,19.725934038140377,20,20.19234692154669,hard,masked_psnr,32,8,oral,primary_full_target_density1
6.697026230886581,4.192277093173684,20,5.333687788312811,hard,masked_psnr,32,8,torso_outside_head_roi,primary_full_target_density1
18.649195560991075,13.649370678466731,20,15.749701362601243,released,masked_psnr,32,1,background,primary_full_target_density1
20.907683995010334,19.695218808986066,20,20.2979649876513,released,masked_psnr,32,1,eyes,primary_full_target_density1
17.140789352596414,15.956406421812813,20,16.557041924023544,released,masked_psnr,32,1,flame_supported,primary_full_target_density1
10.803971344546765,9.512004875052963,20,10.17923755072022,released,masked_psnr,32,1,flame_unsupported,primary_full_target_density1
14.103013600928564,12.889343031677807,20,13.506678000878495,released,masked_psnr,32,1,foreground,primary_full_target_density1
14.28418812918012,12.983577632751274,20,13.627147041991128,released,masked_psnr,32,1,full_frame,primary_full_target_density1
15.814473791135141,14.831831777271002,20,15.318081758889814,released,masked_psnr,32,1,head_foreground,primary_full_target_density1
17.554931386759833,16.40181121382972,20,16.97408754895761,released,masked_psnr,32,1,head_supported,primary_full_target_density1
11.052761240637004,9.25854442841496,20,10.133485610125327,released,masked_psnr,32,1,head_unsupported,primary_full_target_density1
20.995376250123556,19.153356162777925,20,19.95620498970757,released,masked_psnr,32,1,oral,primary_full_target_density1
11.890513347954416,10.433202781669076,20,11.196516355518243,released,masked_psnr,32,1,torso_outside_head_roi,primary_full_target_density1
19.17975230781058,13.708674793129399,20,15.976938590517658,released,masked_psnr,32,4,background,primary_full_target_density1
20.778894758227747,19.580874663396177,20,20.18717507090239,released,masked_psnr,32,4,eyes,primary_full_target_density1
17.612520847183898,16.47165454263709,20,17.047188985712324,released,masked_psnr,32,4,flame_supported,primary_full_target_density1
10.949099617880803,9.569266928867373,20,10.283254460026617,released,masked_psnr,32,4,flame_unsupported,primary_full_target_density1
14.298501336830103,13.09974835459509,20,13.722400880930644,released,masked_psnr,32,4,foreground,primary_full_target_density1
14.446748337147595,13.124342223365108,20,13.796131969334729,released,masked_psnr,32,4,full_frame,primary_full_target_density1
16.14228979740765,15.136690820447031,20,15.635993528915927,released,masked_psnr,32,4,head_foreground,primary_full_target_density1
17.978418474070416,16.889860030963465,20,17.433051355020876,released,masked_psnr,32,4,head_supported,primary_full_target_density1
11.03040601473596,9.329893378769489,20,10.161696912618044,released,masked_psnr,32,4,head_unsupported,primary_full_target_density1
21.10723398094291,19.008221970456205,20,19.918616666157526,released,masked_psnr,32,4,oral,primary_full_target_density1
11.986152929914981,10.55921844851593,20,11.296752103879907,released,masked_psnr,32,4,torso_outside_head_roi,primary_full_target_density1
18.888523251146776,13.669316587073649,20,15.855870758621483,released,masked_psnr,32,8,background,primary_full_target_density1
20.700683075313233,19.515998788274228,20,20.126678674686197,released,masked_psnr,32,8,eyes,primary_full_target_density1
17.688872000582027,16.503471802404963,20,17.102935902555995,released,masked_psnr,32,8,flame_supported,primary_full_target_density1
11.003759725819798,9.652626464295764,20,10.334226101293021,released,masked_psnr,32,8,flame_unsupported,primary_full_target_density1
14.369042389690357,13.133691054756865,20,13.76544711701564,released,masked_psnr,32,8,foreground,primary_full_target_density1
14.538803360066234,13.117223197471828,20,13.838227029895766,released,masked_psnr,32,8,full_frame,primary_full_target_density1
16.173976602093717,15.174196229614719,20,15.676037020352439,released,masked_psnr,32,8,head_foreground,primary_full_target_density1
18.05967089885996,16.973697043739755,20,17.52015866790847,released,masked_psnr,32,8,head_supported,primary_full_target_density1
10.927357743551251,9.20324574015633,20,10.07198911785244,released,masked_psnr,32,8,head_unsupported,primary_full_target_density1
20.107879324490895,19.015066575299027,20,19.546705888512946,released,masked_psnr,32,8,oral,primary_full_target_density1
12.096764024389454,10.602182992841191,20,11.364616027684374,released,masked_psnr,32,8,torso_outside_head_roi,primary_full_target_density1
18.34659045867192,14.68498729573138,20,16.360686268751042,adaptive,masked_psnr,128,1,background,primary_full_target_density1
21.277218407980026,20.34717897941921,20,20.80977344978007,adaptive,masked_psnr,128,1,eyes,primary_full_target_density1
17.88868325385513,16.839146947253123,20,17.361071700292513,adaptive,masked_psnr,128,1,flame_supported,primary_full_target_density1
11.217583405004559,9.32464267048704,20,10.290697227196517,adaptive,masked_psnr,128,1,flame_unsupported,primary_full_target_density1
14.516510635875854,13.029235757976823,20,13.779832580248613,adaptive,masked_psnr,128,1,foreground,primary_full_target_density1
14.79894760186275,13.607580546110327,20,14.209716811137213,adaptive,masked_psnr,128,1,full_frame,primary_full_target_density1
16.2256152325271,15.063475815546376,20,15.662373059724477,adaptive,masked_psnr,128,1,head_foreground,primary_full_target_density1
18.26842435645537,17.120317818272888,20,17.699976701926495,adaptive,masked_psnr,128,1,head_supported,primary_full_target_density1
10.892550969680157,9.175930100782642,20,10.040935386406511,adaptive,masked_psnr,128,1,head_unsupported,primary_full_target_density1
20.682351933426474,18.91428779893423,20,19.726042139386756,adaptive,masked_psnr,128,1,oral,primary_full_target_density1
12.57986495578234,10.497101092146092,20,11.540382089539358,adaptive,masked_psnr,128,1,torso_outside_head_roi,primary_full_target_density1
18.21206278897335,14.214236381085739,20,15.973453230259489,adaptive,masked_psnr,128,4,background,primary_full_target_density1
21.10458079945706,20.18756627074898,20,20.632047551169133,adaptive,masked_psnr,128,4,eyes,primary_full_target_density1
18.184812359792787,17.174003704006783,20,17.6934424516331,adaptive,masked_psnr,128,4,flame_supported,primary_full_target_density1
11.187127553912378,9.273761979750374,20,10.249046679254503,adaptive,masked_psnr,128,4,flame_unsupported,primary_full_target_density1
14.581724976584512,13.06622477823755,20,13.850450429359688,adaptive,masked_psnr,128,4,foreground,primary_full_target_density1
14.694244851234437,13.46513960319268,20,14.071265323346537,adaptive,masked_psnr,128,4,full_frame,primary_full_target_density1
16.43435167466856,15.29078776960914,20,15.873037102320449,adaptive,masked_psnr,128,4,head_foreground,primary_full_target_density1
18.56322543230006,17.498155994983215,20,18.04026642688441,adaptive,masked_psnr,128,4,head_supported,primary_full_target_density1
10.888649285235864,9.279897740967797,20,10.066838492797265,adaptive,masked_psnr,128,4,head_unsupported,primary_full_target_density1
20.893602192330285,18.892121661805053,20,19.76251441778549,adaptive,masked_psnr,128,4,oral,primary_full_target_density1
12.528942194128408,10.325367058156191,20,11.45926916036808,adaptive,masked_psnr,128,4,torso_outside_head_roi,primary_full_target_density1
18.447223191345987,14.114146023074605,20,15.98648081689927,adaptive,masked_psnr,128,8,background,primary_full_target_density1
21.05238294314873,20.0934641569767,20,20.571685008390723,adaptive,masked_psnr,128,8,eyes,primary_full_target_density1
18.234369631035555,17.153875104508202,20,17.712758727390927,adaptive,masked_psnr,128,8,flame_supported,primary_full_target_density1
11.415557366400176,9.615291064177143,20,10.499923546133349,adaptive,masked_psnr,128,8,flame_unsupported,primary_full_target_density1
14.75156446319456,13.276061752926834,20,14.002556244148934,adaptive,masked_psnr,128,8,foreground,primary_full_target_density1
14.77640698410376,13.540967982139266,20,14.151823253593438,adaptive,masked_psnr,128,8,full_frame,primary_full_target_density1
16.498976481396166,15.448462168332128,20,15.976886552610097,adaptive,masked_psnr,128,8,head_foreground,primary_full_target_density1
18.59159867646598,17.511494173369467,20,18.060186404947387,adaptive,masked_psnr,128,8,head_supported,primary_full_target_density1
11.010444395376469,9.492291321352806,20,10.237869402648668,adaptive,masked_psnr,128,8,head_unsupported,primary_full_target_density1
19.93562388652799,18.830343949936818,20,19.37826754244741,adaptive,masked_psnr,128,8,oral,primary_full_target_density1
12.739942527581725,10.632334541465113,20,11.694027092243493,adaptive,masked_psnr,128,8,torso_outside_head_roi,primary_full_target_density1
20.51393354310988,16.8044587510384,20,18.522479750710286,hard,masked_psnr,128,1,background,primary_full_target_density1
21.346267289692694,20.224457234663518,20,20.783438749265123,hard,masked_psnr,128,1,eyes,primary_full_target_density1
17.71085029039367,16.666411051482946,20,17.185999807893154,hard,masked_psnr,128,1,flame_supported,primary_full_target_density1
5.573450942669019,3.405184949834781,20,4.421712289283457,hard,masked_psnr,128,1,flame_unsupported,primary_full_target_density1
10.455584807390059,8.288705122735069,20,9.29960653131325,hard,masked_psnr,128,1,foreground,primary_full_target_density1
12.407128590489748,10.358979771868707,20,11.330595543070674,hard,masked_psnr,128,1,full_frame,primary_full_target_density1
14.73572468777534,12.650020503024336,20,13.673000835072475,hard,masked_psnr,128,1,head_foreground,primary_full_target_density1
18.79313556602544,17.936219876957846,20,18.35687570695658,hard,masked_psnr,128,1,head_supported,primary_full_target_density1
6.739591375425877,4.735673925887502,20,5.709292553701353,hard,masked_psnr,128,1,head_unsupported,primary_full_target_density1
21.221989226580973,19.53659245249291,20,20.27706111190917,hard,masked_psnr,128,1,oral,primary_full_target_density1
6.680551045602026,4.156008040495443,20,5.3188025636039615,hard,masked_psnr,128,1,torso_outside_head_roi,primary_full_target_density1
20.31422661275179,16.60304616915124,20,18.376896807386494,hard,masked_psnr,128,4,background,primary_full_target_density1
21.127345920328253,20.107519750801302,20,20.609920416613566,hard,masked_psnr,128,4,eyes,primary_full_target_density1
18.21551583496138,17.129965260219286,20,17.68583175034549,hard,masked_psnr,128,4,flame_supported,primary_full_target_density1
5.5755461207803805,3.424556938325111,20,4.435389683389432,hard,masked_psnr,128,4,flame_unsupported,primary_full_target_density1
10.530137735163567,8.333003142603603,20,9.386793962302825,hard,masked_psnr,128,4,foreground,primary_full_target_density1
12.41325473374089,10.365306548998497,20,11.35567077427741,hard,masked_psnr,128,4,full_frame,primary_full_target_density1
14.971030091949068,12.844383685359556,20,13.886547885695597,hard,masked_psnr,128,4,head_foreground,primary_full_target_density1
19.549379925928697,18.614909002052524,20,19.08003112766898,hard,masked_psnr,128,4,head_supported,primary_full_target_density1
6.720060613577742,4.736023541503706,20,5.6919911564727546,hard,masked_psnr,128,4,head_unsupported,primary_full_target_density1
21.648427136131975,19.84912582704778,20,20.607309301935754,hard,masked_psnr,128,4,oral,primary_full_target_density1
6.713256489647489,4.1648076427929945,20,5.346442560211399,hard,masked_psnr,128,4,torso_outside_head_roi,primary_full_target_density1
19.998890886640517,16.609454195373537,20,18.214920710627048,hard,masked_psnr,128,8,background,primary_full_target_density1
20.941702598128604,19.898356636574523,20,20.399835815491677,hard,masked_psnr,128,8,eyes,primary_full_target_density1
18.28190758698165,17.185548200886384,20,17.743015663407995,hard,masked_psnr,128,8,flame_supported,primary_full_target_density1
5.60270034096889,3.4283148803318086,20,4.449045535094632,hard,masked_psnr,128,8,flame_unsupported,primary_full_target_density1
10.527557421621951,8.308075757824545,20,9.33668322794106,hard,masked_psnr,128,8,foreground,primary_full_target_density1
12.460826112286073,10.341942540081217,20,11.335797416143176,hard,masked_psnr,128,8,full_frame,primary_full_target_density1
15.00405250471444,12.897165067813237,20,13.939754001375245,hard,masked_psnr,128,8,head_foreground,primary_full_target_density1
19.653430115524216,18.70041487552466,20,19.16924859574853,hard,masked_psnr,128,8,head_supported,primary_full_target_density1
6.753712692279574,4.763106484965139,20,5.722369751632284,hard,masked_psnr,128,8,head_unsupported,primary_full_target_density1
20.69719741927565,19.75948494266735,20,20.191289995196335,hard,masked_psnr,128,8,oral,primary_full_target_density1
6.744794955859462,4.176359868670169,20,5.364388355607457,hard,masked_psnr,128,8,torso_outside_head_roi,primary_full_target_density1
18.776971631246283,14.874643229354932,20,16.721678578418434,released,masked_psnr,128,1,background,primary_full_target_density1
21.243718852271197,20.15508591928093,20,20.6881701589148,released,masked_psnr,128,1,eyes,primary_full_target_density1
17.855879465402644,16.72336397476411,20,17.299413423246552,released,masked_psnr,128,1,flame_supported,primary_full_target_density1
11.629984631940253,9.779237506943959,20,10.731909047899924,released,masked_psnr,128,1,flame_unsupported,primary_full_target_density1
14.746201119583425,13.382944912889412,20,14.078541584674207,released,masked_psnr,128,1,foreground,primary_full_target_density1
15.088799456043713,13.807461986112983,20,14.463257256811588,released,masked_psnr,128,1,full_frame,primary_full_target_density1
16.388272896042178,15.187499233504745,20,15.810707254155844,released,masked_psnr,128,1,head_foreground,primary_full_target_density1
18.24285567814336,17.04796569892415,20,17.65868132549499,released,masked_psnr,128,1,head_supported,primary_full_target_density1
11.245814102166698,9.595370633638822,20,10.430882349340383,released,masked_psnr,128,1,head_unsupported,primary_full_target_density1
21.03676991491006,19.28248816884357,20,20.083719068909538,released,masked_psnr,128,1,oral,primary_full_target_density1
12.88063446250462,11.007354750077603,20,11.958489530090148,released,masked_psnr,128,1,torso_outside_head_roi,primary_full_target_density1
18.929192971262967,14.316004288823807,20,16.34448849079663,released,masked_psnr,128,4,background,primary_full_target_density1
21.220826792530154,20.118742572479167,20,20.653274982016036,released,masked_psnr,128,4,eyes,primary_full_target_density1
18.252854974215627,17.213531908944447,20,17.737045863660097,released,masked_psnr,128,4,flame_supported,primary_full_target_density1
11.593684979719793,9.840565999213478,20,10.731089715317124,released,masked_psnr,128,4,flame_unsupported,primary_full_target_density1
14.911730921243091,13.519173745787862,20,14.234017151989727,released,masked_psnr,128,4,foreground,primary_full_target_density1
15.028298552174899,13.712415057335225,20,14.371252316637495,released,masked_psnr,128,4,full_frame,primary_full_target_density1
16.6643872253228,15.450532618059452,20,16.075160215631737,released,masked_psnr,128,4,head_foreground,primary_full_target_density1
18.58178848598472,17.5579049412044,20,18.068320859260453,released,masked_psnr,128,4,head_supported,primary_full_target_density1
11.218518123129414,9.591346300600046,20,10.423220743174276,released,masked_psnr,128,4,head_unsupported,primary_full_target_density1
21.35680343587084,19.33644281270913,20,20.188015699499473,released,masked_psnr,128,4,oral,primary_full_target_density1
12.870710495762626,11.076766428282417,20,11.98187222615705,released,masked_psnr,128,4,torso_outside_head_roi,primary_full_target_density1
18.559278293683892,14.109095211471438,20,16.08374733648811,released,masked_psnr,128,8,background,primary_full_target_density1
21.112163867529897,20.061297101007508,20,20.56828382742669,released,masked_psnr,128,8,eyes,primary_full_target_density1
18.331817582756265,17.230976381609512,20,17.786232316834944,released,masked_psnr,128,8,flame_supported,primary_full_target_density1
11.742606719203325,10.062365961892732,20,10.90458407374425,released,masked_psnr,128,8,flame_unsupported,primary_full_target_density1
15.037064769933309,13.640380503247638,20,14.336593092081241,released,masked_psnr,128,8,foreground,primary_full_target_density1
15.103499850023663,13.69464081457776,20,14.38875873232873,released,masked_psnr,128,8,full_frame,primary_full_target_density1
16.73526949555388,15.582919592264117,20,16.171664988657582,released,masked_psnr,128,8,head_foreground,primary_full_target_density1
18.67553994854107,17.616746673328265,20,18.13312667739904,released,masked_psnr,128,8,head_supported,primary_full_target_density1
11.310452875812977,9.839814835054256,20,10.576119196201159,released,masked_psnr,128,8,head_unsupported,primary_full_target_density1
20.33426128341357,19.24815081526579,20,19.776418898009506,released,masked_psnr,128,8,oral,primary_full_target_density1
13.066559660311706,11.180596263018867,20,12.122715090915019,released,masked_psnr,128,8,torso_outside_head_roi,primary_full_target_density1
19.39957112771876,14.521362612803847,20,16.55290355051205,adaptive,masked_psnr,384,1,background,primary_full_target_density1
21.587258878320775,20.548236102908923,20,21.05852624034299,adaptive,masked_psnr,384,1,eyes,primary_full_target_density1
17.891505402522064,16.776506488892856,20,17.342307770285554,adaptive,masked_psnr,384,1,flame_supported,primary_full_target_density1
11.499922643681213,9.78672693836261,20,10.65409319692608,adaptive,masked_psnr,384,1,flame_unsupported,primary_full_target_density1
14.673377023295366,13.389126243583101,20,14.030444099701432,adaptive,masked_psnr,384,1,foreground,primary_full_target_density1
14.8519823352272,13.751546377068923,20,14.307213325864728,adaptive,masked_psnr,384,1,full_frame,primary_full_target_density1
16.21318007580163,15.120329279137941,20,15.683563191482387,adaptive,masked_psnr,384,1,head_foreground,primary_full_target_density1
18.28821931752645,17.110316555190344,20,17.697632137817543,adaptive,masked_psnr,384,1,head_supported,primary_full_target_density1
10.971307867236018,9.193955183440924,20,10.0651213290377,adaptive,masked_psnr,384,1,head_unsupported,primary_full_target_density1
20.81470397128471,18.91159418379189,20,19.757893610671594,adaptive,masked_psnr,384,1,oral,primary_full_target_density1
12.970282779325428,11.154091181584938,20,12.048898299603556,adaptive,masked_psnr,384,1,torso_outside_head_roi,primary_full_target_density1
18.950186476794535,14.284997373630302,20,16.287206325111853,adaptive,masked_psnr,384,4,background,primary_full_target_density1
21.246593288273665,20.20708301941565,20,20.711915062825284,adaptive,masked_psnr,384,4,eyes,primary_full_target_density1
18.144942956650148,17.087305991345705,20,17.630039071807587,adaptive,masked_psnr,384,4,flame_supported,primary_full_target_density1
11.380947572565947,9.761178549576092,20,10.590996001756547,adaptive,masked_psnr,384,4,flame_unsupported,primary_full_target_density1
14.724547020366273,13.478111725205657,20,14.095004304907736,adaptive,masked_psnr,384,4,foreground,primary_full_target_density1
14.836774310737082,13.719591422536343,20,14.275419236903847,adaptive,masked_psnr,384,4,full_frame,primary_full_target_density1
16.40051737687985,15.364255967376385,20,15.887079721389643,adaptive,masked_psnr,384,4,head_foreground,primary_full_target_density1
18.528618000538884,17.40594890300203,20,17.977033796915514,adaptive,masked_psnr,384,4,head_supported,primary_full_target_density1
10.998440454442845,9.313847655144514,20,10.14307361594639,adaptive,masked_psnr,384,4,head_unsupported,primary_full_target_density1
21.03833896804107,18.99368363683512,20,19.87508747527766,adaptive,masked_psnr,384,4,oral,primary_full_target_density1
12.80580789913033,11.086254753448396,20,11.938437999628226,adaptive,masked_psnr,384,4,torso_outside_head_roi,primary_full_target_density1
18.599073757150858,14.26242819771986,20,16.14798413547376,adaptive,masked_psnr,384,8,background,primary_full_target_density1
21.229974545749037,20.148222384637954,20,20.66590488269234,adaptive,masked_psnr,384,8,eyes,primary_full_target_density1
18.19724511627167,17.06832550327089,20,17.647605595536636,adaptive,masked_psnr,384,8,flame_supported,primary_full_target_density1
11.516199289574072,9.909365613194964,20,10.711689579725597,adaptive,masked_psnr,384,8,flame_unsupported,primary_full_target_density1
14.805654651442826,13.493582642886018,20,14.153629093022829,adaptive,masked_psnr,384,8,foreground,primary_full_target_density1
14.914614402315497,13.723441775648093,20,14.31269237740268,adaptive,masked_psnr,384,8,full_frame,primary_full_target_density1
16.42884017216314,15.41006785681019,20,15.928131834395378,adaptive,masked_psnr,384,8,head_foreground,primary_full_target_density1
18.578285401714695,17.42569483308138,20,18.01641224631597,adaptive,masked_psnr,384,8,head_supported,primary_full_target_density1
11.045922177566569,9.393251546434076,20,10.197482258900866,adaptive,masked_psnr,384,8,head_unsupported,primary_full_target_density1
20.032054561078937,18.8883459599942,20,19.473577791697288,adaptive,masked_psnr,384,8,oral,primary_full_target_density1
12.988490199331236,11.123738277957425,20,12.03178047193545,adaptive,masked_psnr,384,8,torso_outside_head_roi,primary_full_target_density1
20.50043189896463,16.834145289520468,20,18.553273310940828,hard,masked_psnr,384,1,background,primary_full_target_density1
21.439776952796656,20.274274942313085,20,20.840155710086133,hard,masked_psnr,384,1,eyes,primary_full_target_density1
17.761971775941443,16.724334567234862,20,17.23950542765072,hard,masked_psnr,384,1,flame_supported,primary_full_target_density1
5.587960288166113,3.4050193520874483,20,4.421174116409096,hard,masked_psnr,384,1,flame_unsupported,primary_full_target_density1
10.460998407136017,8.281914173135497,20,9.305845699952686,hard,masked_psnr,384,1,foreground,primary_full_target_density1
12.361141346448175,10.351939677006412,20,11.32862603054469,hard,masked_psnr,384,1,full_frame,primary_full_target_density1
14.758009629629344,12.675773433862851,20,13.695259711736085,hard,masked_psnr,384,1,head_foreground,primary_full_target_density1
18.851734856417703,17.986745773481772,20,18.415354095837017,hard,masked_psnr,384,1,head_supported,primary_full_target_density1
6.7520699233301595,4.759933410759243,20,5.708036806989982,hard,masked_psnr,384,1,head_unsupported,primary_full_target_density1
21.26946140015326,19.642329443229723,20,20.385829591823775,hard,masked_psnr,384,1,oral,primary_full_target_density1
6.6566673652644015,4.1418524886942345,20,5.308512365631071,hard,masked_psnr,384,1,torso_outside_head_roi,primary_full_target_density1
20.416333389988242,16.73701425779979,20,18.459135103658525,hard,masked_psnr,384,4,background,primary_full_target_density1
21.195846540660014,20.100559533705958,20,20.6300415627882,hard,masked_psnr,384,4,eyes,primary_full_target_density1
18.283567817402755,17.196217267141837,20,17.75382236742202,hard,masked_psnr,384,4,flame_supported,primary_full_target_density1
5.5660393230573515,3.4178444804245594,20,4.432679209043625,hard,masked_psnr,384,4,flame_unsupported,primary_full_target_density1
10.56590193645353,8.360453991740886,20,9.39317456232033,hard,masked_psnr,384,4,foreground,primary_full_target_density1
12.418583865482882,10.41312195937779,20,11.365228853482144,hard,masked_psnr,384,4,full_frame,primary_full_target_density1
14.975591112067107,12.889387855581965,20,13.913502936770907,hard,masked_psnr,384,4,head_foreground,primary_full_target_density1
19.63821512254264,18.692127227189754,20,19.16778855677485,hard,masked_psnr,384,4,head_supported,primary_full_target_density1
6.713805541381352,4.726997838193354,20,5.688044277278252,hard,masked_psnr,384,4,head_unsupported,primary_full_target_density1
21.681573745522346,19.899644026420056,20,20.664679807049186,hard,masked_psnr,384,4,oral,primary_full_target_density1
6.7014209466916705,4.155190106970747,20,5.34712770238286,hard,masked_psnr,384,4,torso_outside_head_roi,primary_full_target_density1
20.066410921557416,16.608512985746923,20,18.269278835473482,hard,masked_psnr,384,8,background,primary_full_target_density1
21.030076783871937,19.896040152680754,20,20.4300935832135,hard,masked_psnr,384,8,eyes,primary_full_target_density1
18.368998088340025,17.268181855178277,20,17.807095915446713,hard,masked_psnr,384,8,flame_supported,primary_full_target_density1
5.63821514766926,3.4235139204857146,20,4.446993755010999,hard,masked_psnr,384,8,flame_unsupported,primary_full_target_density1
10.511654101057571,8.29356741722258,20,9.342911108415937,hard,masked_psnr,384,8,foreground,primary_full_target_density1
12.433714222176384,10.347922060748308,20,11.341553438140945,hard,masked_psnr,384,8,full_frame,primary_full_target_density1
15.035362904695518,12.915905362284349,20,13.965998841764044,hard,masked_psnr,384,8,head_foreground,primary_full_target_density1
19.74708803433268,18.77762112408795,20,19.25627025365506,hard,masked_psnr,384,8,head_supported,primary_full_target_density1
6.733574934790304,4.779336584790624,20,5.722240894394516,hard,masked_psnr,384,8,head_unsupported,primary_full_target_density1
20.78885688967882,19.829906446240635,20,20.272965865985604,hard,masked_psnr,384,8,oral,primary_full_target_density1
6.742780895390056,4.1495605613321604,20,5.365363625369277,hard,masked_psnr,384,8,torso_outside_head_roi,primary_full_target_density1
17.99757591848279,14.979742700107481,20,16.436598882779627,released,masked_psnr,384,1,background,primary_full_target_density1
21.194954290052568,20.287630511925762,20,20.722721789490482,released,masked_psnr,384,1,eyes,primary_full_target_density1
18.010810159559433,16.96419613916806,20,17.48329301495029,released,masked_psnr,384,1,flame_supported,primary_full_target_density1
12.182915744872592,10.350361031292698,20,11.274059717635403,released,masked_psnr,384,1,flame_unsupported,primary_full_target_density1
15.145181290240142,13.776149665887054,20,14.4681305514106,released,masked_psnr,384,1,foreground,primary_full_target_density1
15.341857137676236,14.17208002017624,20,14.761672138165915,released,masked_psnr,384,1,full_frame,primary_full_target_density1
16.55573250810872,15.455109061676705,20,16.010323233165234,released,masked_psnr,384,1,head_foreground,primary_full_target_density1
18.35299656488929,17.26779009469374,20,17.806782431705805,released,masked_psnr,384,1,head_supported,primary_full_target_density1
11.478538889610032,9.928588003602389,20,10.676458119418335,released,masked_psnr,384,1,head_unsupported,primary_full_target_density1
20.81618489610329,19.104218823344553,20,19.899074346381067,released,masked_psnr,384,1,oral,primary_full_target_density1
13.621031123186054,11.569180797426363,20,12.593828805802993,released,masked_psnr,384,1,torso_outside_head_roi,primary_full_target_density1
17.606864106213393,14.646717270417987,20,16.021335596477343,released,masked_psnr,384,4,background,primary_full_target_density1
21.11301935998902,20.125192451714902,20,20.586084808158272,released,masked_psnr,384,4,eyes,primary_full_target_density1
18.439064994883196,17.376463193834372,20,17.926364299703113,released,masked_psnr,384,4,flame_supported,primary_full_target_density1
12.022925498176685,10.389649417483659,20,11.214763744348295,released,masked_psnr,384,4,flame_unsupported,primary_full_target_density1
15.243848994595053,13.989445359344954,20,14.605450692595573,released,masked_psnr,384,4,foreground,primary_full_target_density1
15.29746154977642,14.168256039349885,20,14.73409856049704,released,masked_psnr,384,4,full_frame,primary_full_target_density1
16.883599329675388,15.85221782540117,20,16.372722118414774,released,masked_psnr,384,4,head_foreground,primary_full_target_density1
18.807742839874397,17.73576231276511,20,18.273095641880325,released,masked_psnr,384,4,head_supported,primary_full_target_density1
11.526313585077679,10.094772014348493,20,10.807825885306054,released,masked_psnr,384,4,head_unsupported,primary_full_target_density1
21.099401884737134,19.149031566130155,20,20.01440598846963,released,masked_psnr,384,4,oral,primary_full_target_density1
13.345746233654017,11.531410346657928,20,12.439847710739306,released,masked_psnr,384,4,torso_outside_head_roi,primary_full_target_density1
17.274821231829055,14.36756930467721,20,15.711528476015635,released,masked_psnr,384,8,background,primary_full_target_density1
20.926626844344387,19.97512700808598,20,20.42632506863325,released,masked_psnr,384,8,eyes,primary_full_target_density1
18.444833427582264,17.345180508323665,20,17.917295950015394,released,masked_psnr,384,8,flame_supported,primary_full_target_density1
12.201467370327064,10.598482316019451,20,11.388023560088344,released,masked_psnr,384,8,flame_unsupported,primary_full_target_density1
15.31527704529766,14.04697299677489,20,14.681743051020556,released,masked_psnr,384,8,foreground,primary_full_target_density1
15.29192683274495,14.07471167565599,20,14.685278456408767,released,masked_psnr,384,8,full_frame,primary_full_target_density1
16.884776617075374,15.889896879542817,20,16.391289914009075,released,masked_psnr,384,8,head_foreground,primary_full_target_density1
18.800545575836676,17.72640355315679,20,18.273242251871842,released,masked_psnr,384,8,head_supported,primary_full_target_density1
11.612291621879697,10.240345480531667,20,10.902991693953377,released,masked_psnr,384,8,head_unsupported,primary_full_target_density1
20.162399035029825,19.025649132169455,20,19.576848484321278,released,masked_psnr,384,8,oral,primary_full_target_density1
13.560141558349025,11.617916663534556,20,12.582025460456705,released,masked_psnr,384,8,torso_outside_head_roi,primary_full_target_density1
0.07598572278339294,0.04143111736064702,20,0.057942028679785394,adaptive,masked_mae,8,1,background,full_target_density2
0.08067388561173017,0.07136953090247472,20,0.07597171858937826,adaptive,masked_mae,8,1,eyes,full_target_density2
0.11661534137118919,0.09999648691498808,20,0.10813608603934424,adaptive,masked_mae,8,1,flame_supported,full_target_density2
0.40600711214311425,0.3256915278297255,20,0.3656694778608373,adaptive,masked_mae,8,1,flame_unsupported,full_target_density2
0.203654545703524,0.16712746662945535,20,0.18529058447552577,adaptive,masked_mae,8,1,foreground,full_target_density2
0.13950689878470626,0.11717848804864016,20,0.12833659214546844,adaptive,masked_mae,8,1,full_frame,full_target_density2
0.14247306120428818,0.11901473975035005,20,0.1308514199413188,adaptive,masked_mae,8,1,head_foreground,full_target_density2
0.10614109087229744,0.0917136832596623,20,0.09886937142584264,adaptive,masked_mae,8,1,head_supported,full_target_density2
0.4239584953076035,0.331562260590699,20,0.3766572003516761,adaptive,masked_mae,8,1,head_unsupported,full_target_density2
0.08508728096188697,0.07491626349627047,20,0.07990921935295384,adaptive,masked_mae,8,1,oral,full_target_density2
0.3636935018112902,0.28548101641028234,20,0.3236317552264282,adaptive,masked_mae,8,1,torso_outside_head_roi,full_target_density2
0.07826979199112968,0.03991442689330957,20,0.058707718702502444,adaptive,masked_mae,8,4,background,full_target_density2
0.08254802665054788,0.07408291607977875,20,0.07824137559197368,adaptive,masked_mae,8,4,eyes,full_target_density2
0.10542761161210658,0.08978549577573294,20,0.0972286379045069,adaptive,masked_mae,8,4,flame_supported,full_target_density2
0.3838436925327238,0.3051193132588221,20,0.3445683864518169,adaptive,masked_mae,8,4,flame_unsupported,full_target_density2
0.1878291688642456,0.1548787839294693,20,0.17122283331239516,adaptive,masked_mae,8,4,foreground,full_target_density2
0.13269535622047218,0.11004809406574874,20,0.12143196817709831,adaptive,masked_mae,8,4,full_frame,full_target_density2
0.1325258749109873,0.11159299936607601,20,0.12205305316821266,adaptive,masked_mae,8,4,head_foreground,full_target_density2
0.09572777220797689,0.08269962863424206,20,0.08905240776221668,adaptive,masked_mae,8,4,head_supported,full_target_density2
0.4330830047132843,0.33183146285919457,20,0.3797122422977131,adaptive,masked_mae,8,4,head_unsupported,full_target_density2
0.08513586933958298,0.07536492622665189,20,0.08023003679945946,adaptive,masked_mae,8,4,oral,full_target_density2
0.32745906760349264,0.26397313367281433,20,0.29497279311306146,adaptive,masked_mae,8,4,torso_outside_head_roi,full_target_density2
0.07789566533359939,0.04076971635394709,20,0.05834855983913325,adaptive,masked_mae,8,8,background,full_target_density2
0.08404336174709659,0.0747102814407181,20,0.07931644596540499,adaptive,masked_mae,8,8,eyes,full_target_density2
0.10370405762620309,0.08848238024843909,20,0.09592956783581033,adaptive,masked_mae,8,8,flame_supported,full_target_density2
0.37842053577284257,0.30007678007234695,20,0.3395612307974783,adaptive,masked_mae,8,8,flame_unsupported,full_target_density2
0.18768384686831033,0.15298281867416583,20,0.17028032755816966,adaptive,masked_mae,8,8,foreground,full_target_density2
0.13192354935975303,0.10829847786935722,20,0.120298529428149,adaptive,masked_mae,8,8,full_frame,full_target_density2
0.13047487971290223,0.10942525663167176,20,0.11993053552310444,adaptive,masked_mae,8,8,head_foreground,full_target_density2
0.09389942608248478,0.08124453046681415,20,0.08740914897882182,adaptive,masked_mae,8,8,head_supported,full_target_density2
0.42847128101297405,0.3257489301261214,20,0.37568851923610697,adaptive,masked_mae,8,8,head_unsupported,full_target_density2
0.08515959655289829,0.07528940662342423,20,0.08013721646381332,adaptive,masked_mae,8,8,oral,full_target_density2
0.32453537454491427,0.2573087156029491,20,0.2898233743739381,adaptive,masked_mae,8,8,torso_outside_head_roi,full_target_density2
0.05439832997769924,0.03376872194547345,20,0.04402670467241844,hard,masked_mae,8,1,background,full_target_density2
0.0817670853696111,0.07043773548043156,20,0.07590655747754016,hard,masked_mae,8,1,eyes,full_target_density2
0.08898853708363726,0.08313904375633367,20,0.0860709495608315,hard,masked_mae,8,1,flame_supported,full_target_density2
0.6464056661917881,0.51203452683409,20,0.5811748598378808,hard,masked_mae,8,1,flame_unsupported,full_target_density2
0.25869896996977104,0.20711375095071008,20,0.23337051373775752,hard,masked_mae,8,1,foreground,full_target_density2
0.1655459493150314,0.13099887707930538,20,0.1483295257860448,hard,masked_mae,8,1,full_frame,full_target_density2
0.13546693681866298,0.10960175143726707,20,0.1222793209499476,hard,masked_mae,8,1,head_foreground,full_target_density2
0.0815361250923137,0.07533856347694506,20,0.07843741496862604,hard,masked_mae,8,1,head_supported,full_target_density2
0.514972147893076,0.4033621841882865,20,0.45941867791156576,hard,masked_mae,8,1,head_unsupported,full_target_density2
0.07920433019021934,0.07232503919471976,20,0.07586322026112025,hard,masked_mae,8,1,oral,full_target_density2
0.556938702767926,0.44311821903305354,20,0.5026143614208689,hard,masked_mae,8,1,torso_outside_head_roi,full_target_density2
0.0558700119306681,0.03438420760489758,20,0.04472690762035891,hard,masked_mae,8,4,background,full_target_density2
0.08043476231580218,0.0709043990564758,20,0.07562850317938472,hard,masked_mae,8,4,eyes,full_target_density2
0.08126511042336873,0.07462595714092073,20,0.07794386087119946,hard,masked_mae,8,4,flame_supported,full_target_density2
0.6458670614579405,0.5102435510754779,20,0.5809714375278878,hard,masked_mae,8,4,flame_unsupported,full_target_density2
0.25152608037897767,0.20146240004247695,20,0.2268715969698924,hard,masked_mae,8,4,foreground,full_target_density2
0.16348232777075988,0.128768279764141,20,0.14612934390703838,hard,masked_mae,8,4,full_frame,full_target_density2
0.1278500993975391,0.10263573739692931,20,0.11477965665781686,hard,masked_mae,8,4,head_foreground,full_target_density2
0.07298711236009923,0.06677644423690773,20,0.06980160415347267,hard,masked_mae,8,4,head_supported,full_target_density2
0.5176954469126752,0.4067619354112184,20,0.4609599114755419,hard,masked_mae,8,4,head_unsupported,full_target_density2
0.07878024912132287,0.0714559536067564,20,0.0752210311610628,hard,masked_mae,8,4,oral,full_target_density2
0.5536710971967814,0.44058863794545733,20,0.49901149662595506,hard,masked_mae,8,4,torso_outside_head_roi,full_target_density2
0.054861331222230116,0.033265292553316166,20,0.04383850459598338,hard,masked_mae,8,8,background,full_target_density2
0.0824963093855901,0.07270810483895229,20,0.07756055144400067,hard,masked_mae,8,8,eyes,full_target_density2
0.07961119121993585,0.07260999137586324,20,0.07612620296072173,hard,masked_mae,8,8,flame_supported,full_target_density2
0.6473063916289912,0.5100495751362784,20,0.5806179681582653,hard,masked_mae,8,8,flame_unsupported,full_target_density2
0.2535703645006991,0.2018399087260792,20,0.22797402528379265,hard,masked_mae,8,8,foreground,full_target_density2
0.16344187281197972,0.12758636217419203,20,0.14546113039163971,hard,masked_mae,8,8,full_frame,full_target_density2
0.12485793292094746,0.10032483437747435,20,0.11240281408281465,hard,masked_mae,8,8,head_foreground,full_target_density2
0.0710172310404825,0.06476235793919509,20,0.06784698147267285,hard,masked_mae,8,8,head_supported,full_target_density2
0.5124248180073332,0.40308566384985306,20,0.4573230034111049,hard,masked_mae,8,8,head_unsupported,full_target_density2
0.07899204168624949,0.07182586834683453,20,0.07541364318280933,hard,masked_mae,8,8,oral,full_target_density2
0.5526069400170114,0.4375733059325472,20,0.4979067479465029,hard,masked_mae,8,8,torso_outside_head_roi,full_target_density2
0.07227610315303121,0.04099423383849777,20,0.05601032293421898,released,masked_mae,8,1,background,full_target_density2
0.08449066881795807,0.07148388408603686,20,0.07762801615246065,released,masked_mae,8,1,eyes,full_target_density2
0.11633272978877156,0.09888067969090665,20,0.10743944851833098,released,masked_mae,8,1,flame_supported,full_target_density2
0.42602877452210625,0.3249153333068406,20,0.37528275892048424,released,masked_mae,8,1,flame_unsupported,full_target_density2
0.20726293833538595,0.16625445568244895,20,0.18706061525307358,released,masked_mae,8,1,foreground,full_target_density2
0.1399397132756433,0.11629002046275445,20,0.1282508643244596,released,masked_mae,8,1,full_frame,full_target_density2
0.14679455804820266,0.1207729621301428,20,0.13376766080059083,released,masked_mae,8,1,head_foreground,full_target_density2
0.10601251365100488,0.09191283033182263,20,0.0990328439937073,released,masked_mae,8,1,head_supported,full_target_density2
0.4506428537188711,0.34928024947610076,20,0.4002539682889667,released,masked_mae,8,1,head_unsupported,full_target_density2
0.08410497041340323,0.07472080803506612,20,0.07935755345965702,released,masked_mae,8,1,oral,full_target_density2
0.3776555623525521,0.2831005278667688,20,0.3282301507943106,released,masked_mae,8,1,torso_outside_head_roi,full_target_density2
0.07739877493062695,0.03963960174960557,20,0.05741720079341152,released,masked_mae,8,4,background,full_target_density2
0.08629559063691675,0.07375088610755895,20,0.07995331645024989,released,masked_mae,8,4,eyes,full_target_density2
0.10439347935851957,0.08986503560835706,20,0.09703669555400365,released,masked_mae,8,4,flame_supported,full_target_density2
0.40301752247722655,0.3124470598945835,20,0.3582357714280004,released,masked_mae,8,4,flame_unsupported,full_target_density2
0.1906952770273151,0.15658624534403381,20,0.17360756918282982,released,masked_mae,8,4,foreground,full_target_density2
0.1339464376950286,0.1108413476096697,20,0.12214428155765936,released,masked_mae,8,4,full_frame,full_target_density2
0.1356211381195449,0.11206626317965636,20,0.12390211732450065,released,masked_mae,8,4,head_foreground,full_target_density2
0.09557253259908556,0.08271863501379911,20,0.08902918360782158,released,masked_mae,8,4,head_supported,full_target_density2
0.4520307881637799,0.3484962825989027,20,0.3993431478956295,released,masked_mae,8,4,head_unsupported,full_target_density2
0.08422441018838643,0.0747073378349371,20,0.07946961338368694,released,masked_mae,8,4,oral,full_target_density2
0.34400459040917813,0.27087042419309953,20,0.30634522095844474,released,masked_mae,8,4,torso_outside_head_roi,full_target_density2
0.07588037757385069,0.03951926795568368,20,0.05652524291760672,released,masked_mae,8,8,background,full_target_density2
0.08622722072303489,0.07431573197925104,20,0.08016817517263894,released,masked_mae,8,8,eyes,full_target_density2
0.10130288288633457,0.08701168339377864,20,0.09410517196589208,released,masked_mae,8,8,flame_supported,full_target_density2
0.391449324899968,0.3007385496969232,20,0.34656033688842613,released,masked_mae,8,8,flame_unsupported,full_target_density2
0.1874826462222641,0.1520671028770424,20,0.1696975027067328,released,masked_mae,8,8,foreground,full_target_density2
0.13142971977548512,0.10725326957339676,20,0.11905325576340482,released,masked_mae,8,8,full_frame,full_target_density2
0.13262018117717544,0.10885755683753848,20,0.12064281984986198,released,masked_mae,8,8,head_foreground,full_target_density2
0.09296635276101053,0.08025613799756653,20,0.08653103147936489,released,masked_mae,8,8,head_supported,full_target_density2
0.4443923746192066,0.3393538954657528,20,0.3907589739449068,released,masked_mae,8,8,head_unsupported,full_target_density2
0.08362875519680558,0.0742267100778391,20,0.07885050490005838,released,masked_mae,8,8,oral,full_target_density2
0.3315414620640944,0.2567444871933496,20,0.29358564680376414,released,masked_mae,8,8,torso_outside_head_roi,full_target_density2
0.07241186041880077,0.04408048572651764,20,0.05745381999038668,adaptive,masked_mae,384,1,background,full_target_density2
0.07572122816868843,0.0673360990158798,20,0.0713918430006881,adaptive,masked_mae,384,1,eyes,full_target_density2
0.09097901177244404,0.08071734231030833,20,0.08572696465153015,adaptive,masked_mae,384,1,flame_supported,full_target_density2
0.24722981331843738,0.19079643658047377,20,0.2181503612453622,adaptive,masked_mae,384,1,flame_unsupported,full_target_density2
0.13340481523628905,0.11424192202096424,20,0.12387413474383402,adaptive,masked_mae,384,1,foreground,full_target_density2
0.10177200838665425,0.0858709641322386,20,0.09356659548021154,adaptive,masked_mae,384,1,full_frame,full_target_density2
0.10753677454304007,0.09360816815351723,20,0.10025552452211428,adaptive,masked_mae,384,1,head_foreground,full_target_density2
0.08589749230242698,0.07682609938360192,20,0.08136543760753515,adaptive,masked_mae,384,1,head_supported,full_target_density2
0.28979025871948216,0.2281497325071164,20,0.2577343287970758,adaptive,masked_mae,384,1,head_unsupported,full_target_density2
0.08147785321883647,0.07284549402200723,20,0.07708625224299157,adaptive,masked_mae,384,1,oral,full_target_density2
0.20454538571438385,0.1581966449883937,20,0.18097242714000555,adaptive,masked_mae,384,1,torso_outside_head_roi,full_target_density2
0.07398128774282034,0.04716629183023012,20,0.06056445337131666,adaptive,masked_mae,384,4,background,full_target_density2
0.07799337441613223,0.06907964459133806,20,0.07353341186259722,adaptive,masked_mae,384,4,eyes,full_target_density2
0.08251073892221279,0.07212388364148378,20,0.0770877196072038,adaptive,masked_mae,384,4,flame_supported,full_target_density2
0.23102025641134474,0.18571604678865716,20,0.20794731205896128,adaptive,masked_mae,384,4,flame_unsupported,full_target_density2
0.1237280061954073,0.10686002681363804,20,0.1151982731082181,adaptive,masked_mae,384,4,foreground,full_target_density2
0.09818129766592198,0.08318732039713882,20,0.09067191717491115,adaptive,masked_mae,384,4,full_frame,full_target_density2
0.0963976002580056,0.08536316039871655,20,0.09055223847664669,adaptive,masked_mae,384,4,head_foreground,full_target_density2
0.07700507694661451,0.06838445205542064,20,0.07268775784933224,adaptive,masked_mae,384,4,head_supported,full_target_density2
0.27326381386840365,0.21396698100527187,20,0.24233255093110553,adaptive,masked_mae,384,4,head_unsupported,full_target_density2
0.08035831579782556,0.07193667464443815,20,0.07605396404142142,adaptive,masked_mae,384,4,oral,full_target_density2
0.1947046449742422,0.1559230859047528,20,0.1754509209738646,adaptive,masked_mae,384,4,torso_outside_head_roi,full_target_density2
0.07532971739669048,0.04677738888137597,20,0.060979995333910034,adaptive,masked_mae,384,8,background,full_target_density2
0.07933513094744407,0.0693042447371554,20,0.07427374083313003,adaptive,masked_mae,384,8,eyes,full_target_density2
0.08267283784252157,0.0717204616746842,20,0.07680524315822113,adaptive,masked_mae,384,8,flame_supported,full_target_density2
0.22282668754109877,0.18067687792169476,20,0.20158239113927193,adaptive,masked_mae,384,8,flame_unsupported,full_target_density2
0.12270761290462198,0.10537031654690625,20,0.1138314918850611,adaptive,masked_mae,384,8,foreground,full_target_density2
0.09814031584567322,0.0819665527980221,20,0.08984838046380797,adaptive,masked_mae,384,8,full_frame,full_target_density2
0.09527037678852034,0.08434846523090621,20,0.089601657227224,adaptive,masked_mae,384,8,head_foreground,full_target_density2
0.07666263254627974,0.06788265520390646,20,0.07222040624773736,adaptive,masked_mae,384,8,head_supported,full_target_density2
0.26565852029223935,0.21275185943411876,20,0.2381473310842131,adaptive,masked_mae,384,8,head_unsupported,full_target_density2
0.08149830861142575,0.0725737496448153,20,0.07684349175693492,adaptive,masked_mae,384,8,oral,full_target_density2
0.1904282497583851,0.15090172748744035,20,0.17035561194312474,adaptive,masked_mae,384,8,torso_outside_head_roi,full_target_density2
0.05230006646197559,0.032547702345489954,20,0.042359354897501325,hard,masked_mae,384,1,background,full_target_density2
0.07765029527958868,0.06796395974335931,20,0.07278635496405705,hard,masked_mae,384,1,eyes,full_target_density2
0.08664674174183472,0.07927153260681165,20,0.08295770821010302,hard,masked_mae,384,1,flame_supported,full_target_density2
0.6455919644063176,0.5129141739943763,20,0.5805886980177474,hard,masked_mae,384,1,flame_unsupported,full_target_density2
0.25697421367579865,0.20482107874228447,20,0.23089387197350505,hard,masked_mae,384,1,foreground,full_target_density2
0.16453056224905394,0.12868406052906795,20,0.1462235781107458,hard,masked_mae,384,1,full_frame,full_target_density2
0.13363158375169992,0.10707170063194117,20,0.12013163574907752,hard,masked_mae,384,1,head_foreground,full_target_density2
0.0801637180953654,0.07300829771676212,20,0.07651256987852473,hard,masked_mae,384,1,head_supported,full_target_density2
0.5098033736867523,0.40302106701146556,20,0.45607176529236193,hard,masked_mae,384,1,head_unsupported,full_target_density2
0.07660734048253469,0.06989216925303528,20,0.0734638761254493,hard,masked_mae,384,1,oral,full_target_density2
0.5547177816359684,0.4389550216919223,20,0.4985125542318788,hard,masked_mae,384,1,torso_outside_head_roi,full_target_density2
0.05369044225931107,0.032922695016114556,20,0.043061260307675764,hard,masked_mae,384,4,background,full_target_density2
0.07884244211912801,0.06929735218789658,20,0.07407370219591328,hard,masked_mae,384,4,eyes,full_target_density2
0.07704158761463281,0.0695212600527897,20,0.07325353429852219,hard,masked_mae,384,4,flame_supported,full_target_density2
0.6433368485928053,0.5120284980836853,20,0.579715837832647,hard,masked_mae,384,4,flame_unsupported,full_target_density2
0.24812970459126288,0.19629745034096518,20,0.2229912096193522,hard,masked_mae,384,4,foreground,full_target_density2
0.16093465584204544,0.12634914810089368,20,0.14328172645840326,hard,masked_mae,384,4,full_frame,full_target_density2
0.12359193359114926,0.09828043627443066,20,0.11063550773939304,hard,masked_mae,384,4,head_foreground,full_target_density2
0.06933027747222617,0.06259012169140422,20,0.06590075696683895,hard,masked_mae,384,4,head_supported,full_target_density2
0.5092297902390207,0.40255391928775386,20,0.45576645083271855,hard,masked_mae,384,4,head_unsupported,full_target_density2
0.07483879328885858,0.06835801365995776,20,0.07167162865428937,hard,masked_mae,384,4,oral,full_target_density2
0.5493632089344241,0.43277753799960444,20,0.49504702378649956,hard,masked_mae,384,4,torso_outside_head_roi,full_target_density2
0.05371997602613308,0.032521077620619364,20,0.04291523206928692,hard,masked_mae,384,8,background,full_target_density2
0.0809785479625674,0.07118742116536127,20,0.07602122491392643,hard,masked_mae,384,8,eyes,full_target_density2
0.07626175741511228,0.06855561331016104,20,0.07246068050396545,hard,masked_mae,384,8,flame_supported,full_target_density2
0.6444741885494766,0.5109995262283338,20,0.5796370238647959,hard,masked_mae,384,8,flame_unsupported,full_target_density2
0.25031826491395265,0.19757895490112562,20,0.22493281419887312,hard,masked_mae,384,8,foreground,full_target_density2
0.16149325457787272,0.12548491815768967,20,0.14340376724068393,hard,masked_mae,384,8,full_frame,full_target_density2
0.1217903322649362,0.0972019962360482,20,0.10922761963203546,hard,masked_mae,384,8,head_foreground,full_target_density2
0.06813831739441073,0.061490858722388866,20,0.06491396311662548,hard,masked_mae,384,8,head_supported,full_target_density2
0.5072816686784564,0.400947075397735,20,0.45351897924648077,hard,masked_mae,384,8,head_unsupported,full_target_density2
0.07495898007627984,0.06870843139953288,20,0.07191377221396016,hard,masked_mae,384,8,oral,full_target_density2
0.5496595854506403,0.4337661555565131,20,0.49448044386928275,hard,masked_mae,384,8,torso_outside_head_roi,full_target_density2
0.07082153644753583,0.04171269933512633,20,0.05533782283813025,released,masked_mae,384,1,background,full_target_density2
0.07855689078345546,0.06947644351714828,20,0.07389442594493313,released,masked_mae,384,1,eyes,full_target_density2
0.09058519883297828,0.08031210896142106,20,0.08546264364404084,released,masked_mae,384,1,flame_supported,full_target_density2
0.24882628114388067,0.19349683279338512,20,0.2203956011726762,released,masked_mae,384,1,flame_unsupported,full_target_density2
0.1354758815582353,0.11514619322471863,20,0.12509672508466693,released,masked_mae,384,1,foreground,full_target_density2
0.10190531558417655,0.0855732690361241,20,0.09331081878141236,released,masked_mae,384,1,full_frame,full_target_density2
0.10574158130738208,0.09233805062602465,20,0.09884284878878859,released,masked_mae,384,1,head_foreground,full_target_density2
0.08581811567376782,0.07636121316271688,20,0.0811778692080678,released,masked_mae,384,1,head_supported,full_target_density2
0.26761606821859296,0.22127202958251943,20,0.24331879758565494,released,masked_mae,384,1,head_unsupported,full_target_density2
0.08162446040273875,0.071820351895627,20,0.07677014640669894,released,masked_mae,384,1,oral,full_target_density2
0.21430712340562696,0.16458084116180985,20,0.1892951578032962,released,masked_mae,384,1,torso_outside_head_roi,full_target_density2
0.07392800549900015,0.04611736824740579,20,0.05965184867882345,released,masked_mae,384,4,background,full_target_density2
0.0796751268841475,0.07071403971424554,20,0.07512014534867394,released,masked_mae,384,4,eyes,full_target_density2
0.08006566499639518,0.07066501753675168,20,0.07523364471483635,released,masked_mae,384,4,flame_supported,full_target_density2
0.22590138150593222,0.18568369915584443,20,0.2055920692756649,released,masked_mae,384,4,flame_unsupported,full_target_density2
0.12195891409169836,0.10598982932875665,20,0.11383587402167121,released,masked_mae,384,4,foreground,full_target_density2
0.09752625636270662,0.08202825686040004,20,0.08947759520799552,released,masked_mae,384,4,full_frame,full_target_density2
0.09220497113424778,0.08248938216498002,20,0.08721812859993523,released,masked_mae,384,4,head_foreground,full_target_density2
0.07490513922798893,0.06682067323117913,20,0.0708352504195439,released,masked_mae,384,4,head_supported,full_target_density2
0.24652934503454677,0.20471035967640508,20,0.22410828536057825,released,masked_mae,384,4,head_unsupported,full_target_density2
0.08092156652105247,0.0719076290995434,20,0.07636492030784262,released,masked_mae,384,4,oral,full_target_density2
0.19710839684723053,0.15968479189590418,20,0.1784793774705225,released,masked_mae,384,4,torso_outside_head_roi,full_target_density2
0.07820683396986891,0.04915442481349043,20,0.06325636170424251,released,masked_mae,384,8,background,full_target_density2
0.08044490118523451,0.07160364749724045,20,0.07595389698227988,released,masked_mae,384,8,eyes,full_target_density2
0.08034899314144495,0.07039221727133699,20,0.07516820630203344,released,masked_mae,384,8,flame_supported,full_target_density2
0.2161426998943359,0.17860684395201254,20,0.1974156567270835,released,masked_mae,384,8,flame_unsupported,full_target_density2
0.12084541420450723,0.10380627464264709,20,0.11216774324426027,released,masked_mae,384,8,foreground,full_target_density2
0.09864172565773624,0.0814211720729201,20,0.08988887076770072,released,masked_mae,384,8,full_frame,full_target_density2
0.09097565053950787,0.08148034959715658,20,0.08620594425318912,released,masked_mae,384,8,head_foreground,full_target_density2
0.07468031523110037,0.06636557030937658,20,0.07051578128848295,released,masked_mae,384,8,head_supported,full_target_density2
0.23663148682336085,0.20136280638186485,20,0.21835020587716247,released,masked_mae,384,8,head_unsupported,full_target_density2
0.08149212596445339,0.07216798444652747,20,0.07676490129584199,released,masked_mae,384,8,oral,full_target_density2
0.19048740303084344,0.1534402124498221,20,0.17211996531130772,released,masked_mae,384,8,torso_outside_head_roi,full_target_density2
0.045103469988697874,0.025970360077433932,20,0.03539876968556702,adaptive,masked_mae,8,1,background,head_target_density1
0.07330099807505591,0.06538652137108104,20,0.06932959905658528,adaptive,masked_mae,8,1,eyes,head_target_density1
0.10740407230087598,0.09464879522922232,20,0.10103304317272496,adaptive,masked_mae,8,1,flame_supported,head_target_density1
0.624453154396664,0.4944120878800987,20,0.5618372145843648,adaptive,masked_mae,8,1,flame_unsupported,head_target_density1
0.2635862925252417,0.2109327234171367,20,0.23802267881250616,adaptive,masked_mae,8,1,foreground,head_target_density1
0.16414887233321457,0.12950949618643928,20,0.14718469361120146,adaptive,masked_mae,8,1,full_frame,head_target_density1
0.13517354298002998,0.10730413037201933,20,0.12120154201576276,adaptive,masked_mae,8,1,head_foreground,head_target_density1
0.08853788496319769,0.0775019277150813,20,0.08288881089587094,adaptive,masked_mae,8,1,head_supported,head_target_density1
0.48198264629970766,0.36981387834087814,20,0.42578889842651535,adaptive,masked_mae,8,1,head_unsupported,head_target_density1
0.07869743187556008,0.07201298254174567,20,0.07544350082173601,adaptive,masked_mae,8,1,oral,head_target_density1
0.5823469031773707,0.4600984641907339,20,0.5243359183420008,adaptive,masked_mae,8,1,torso_outside_head_roi,head_target_density1
0.046379962852717255,0.024892495127058954,20,0.0354782419421261,adaptive,masked_mae,8,4,background,head_target_density1
0.07529538720503948,0.06675343835129922,20,0.07103810677257764,adaptive,masked_mae,8,4,eyes,head_target_density1
0.10198803231560136,0.08919858183314597,20,0.09562970950144607,adaptive,masked_mae,8,4,flame_supported,head_target_density1
0.6231785766125225,0.4900304625350779,20,0.5578388976967074,adaptive,masked_mae,8,4,flame_unsupported,head_target_density1
0.2580447532102027,0.2052520728304147,20,0.2323194961110706,adaptive,masked_mae,8,4,foreground,head_target_density1
0.16295801245038719,0.1279999859732318,20,0.1452745672920847,adaptive,masked_mae,8,4,full_frame,head_target_density1
0.1283110026220794,0.10053702705107083,20,0.11407136901572472,adaptive,masked_mae,8,4,head_foreground,head_target_density1
0.08185554450964447,0.07138762402414958,20,0.07646794805318022,adaptive,masked_mae,8,4,head_supported,head_target_density1
0.4731398666243001,0.35179894002753365,20,0.4122359309680862,adaptive,masked_mae,8,4,head_unsupported,head_target_density1
0.07912397530994338,0.07138802032060006,20,0.07545813385241704,adaptive,masked_mae,8,4,oral,head_target_density1
0.5793053169315661,0.45899513830407257,20,0.5225473101161702,adaptive,masked_mae,8,4,torso_outside_head_roi,head_target_density1
0.046046246876486174,0.024761514504904176,20,0.03497833842675562,adaptive,masked_mae,8,8,background,head_target_density1
0.07603839505522451,0.06784558365819314,20,0.07194303841671919,adaptive,masked_mae,8,8,eyes,head_target_density1
0.10113916419080667,0.08828986046268221,20,0.09461635842210385,adaptive,masked_mae,8,8,flame_supported,head_target_density1
0.6216419681978899,0.489131332696968,20,0.5579171824586522,adaptive,masked_mae,8,8,flame_unsupported,head_target_density1
0.2601056113782546,0.2065944842033654,20,0.23430767987708107,adaptive,masked_mae,8,8,foreground,head_target_density1
0.16286838139010887,0.12748820247115167,20,0.14511208942786266,adaptive,masked_mae,8,8,full_frame,head_target_density1
0.12622402295467716,0.09857952637142213,20,0.11232398962255122,adaptive,masked_mae,8,8,head_foreground,head_target_density1
0.08032995330248527,0.06974103948997919,20,0.0748346873608359,adaptive,masked_mae,8,8,head_supported,head_target_density1
0.4703586387553169,0.3511074096652899,20,0.41024731819981797,adaptive,masked_mae,8,8,head_unsupported,head_target_density1
0.07772287438736027,0.07051320223453701,20,0.07427691118604655,adaptive,masked_mae,8,8,oral,head_target_density1
0.5798814632631009,0.4585557411151111,20,0.5220791956330956,adaptive,masked_mae,8,8,torso_outside_head_roi,head_target_density1
0.05003940383488067,0.030778559588502497,20,0.0403151573524771,hard,masked_mae,8,1,background,head_target_density1
0.07943250449490806,0.0699693272268325,20,0.07469408741624546,hard,masked_mae,8,1,eyes,head_target_density1
0.10153582882504912,0.09112922929412194,20,0.09628814172036175,hard,masked_mae,8,1,flame_supported,head_target_density1
0.6564021588061775,0.5213473542948561,20,0.5921240710397359,hard,masked_mae,8,1,flame_unsupported,head_target_density1
0.2696763679352394,0.21658221692527785,20,0.24356053798042518,hard,masked_mae,8,1,foreground,head_target_density1
0.1706245481389512,0.13416621209352048,20,0.15227944163705023,hard,masked_mae,8,1,full_frame,head_target_density1
0.14382709217473796,0.11552199864180238,20,0.12943628346279978,hard,masked_mae,8,1,head_foreground,head_target_density1
0.08748395177665637,0.07895290864068939,20,0.083271416880462,hard,masked_mae,8,1,head_supported,head_target_density1
0.5391489683092701,0.427063444059426,20,0.48387230994067404,hard,masked_mae,8,1,head_unsupported,head_target_density1
0.07929322782135007,0.07182235463286507,20,0.0756622506868347,hard,masked_mae,8,1,oral,head_target_density1
0.5783714186798804,0.4576404767297035,20,0.5206340224516661,hard,masked_mae,8,1,torso_outside_head_roi,head_target_density1
0.051356924776582685,0.031575514420989666,20,0.04129657904032784,hard,masked_mae,8,4,background,head_target_density1
0.07970240264232759,0.07097236506712308,20,0.07543979997796305,hard,masked_mae,8,4,eyes,head_target_density1
0.09284678540812663,0.08348701384560099,20,0.08802049790622682,hard,masked_mae,8,4,flame_supported,head_target_density1
0.6568702886810524,0.5201755258097264,20,0.5912695621277382,hard,masked_mae,8,4,flame_unsupported,head_target_density1
0.262810071336595,0.2100861269298482,20,0.2367064254551649,hard,masked_mae,8,4,foreground,head_target_density1
0.16777199017853775,0.1323964023644821,20,0.15015045840659197,hard,masked_mae,8,4,full_frame,head_target_density1
0.13419529105218364,0.10818751572824982,20,0.12091538038542651,hard,masked_mae,8,4,head_foreground,head_target_density1
0.07727973599970199,0.07023703063955067,20,0.07373118874662489,hard,masked_mae,8,4,head_supported,head_target_density1
0.5419991877860224,0.4255998476912153,20,0.4833209882745618,hard,masked_mae,8,4,head_unsupported,head_target_density1
0.07817002881549731,0.0706553826842367,20,0.07459370527845197,hard,masked_mae,8,4,oral,head_target_density1
0.5760137170111836,0.4568526179372147,20,0.5188788648795695,hard,masked_mae,8,4,torso_outside_head_roi,head_target_density1
0.0511248913690054,0.031208859109443356,20,0.040865098341558076,hard,masked_mae,8,8,background,head_target_density1
0.08194050668259865,0.07293710428498201,20,0.07744646633005543,hard,masked_mae,8,8,eyes,head_target_density1
0.09079661591340407,0.08132899333194109,20,0.08602330766202612,hard,masked_mae,8,8,flame_supported,head_target_density1
0.6560555506668553,0.5202657976476406,20,0.5906118195139871,hard,masked_mae,8,8,flame_unsupported,head_target_density1
0.2635381147977214,0.210135388742956,20,0.23758329908009626,hard,masked_mae,8,8,foreground,head_target_density1
0.16775664117816205,0.13099612779431527,20,0.14948228133189212,hard,masked_mae,8,8,full_frame,head_target_density1
0.13156579195301052,0.10549595789497249,20,0.11828351682862019,hard,masked_mae,8,8,head_foreground,head_target_density1
0.07513328012055548,0.06807186813618417,20,0.07151708555089699,hard,masked_mae,8,8,head_supported,head_target_density1
0.5383523905344141,0.42259056389153904,20,0.47932110829253594,hard,masked_mae,8,8,head_unsupported,head_target_density1
0.07783135561893771,0.07083678448816011,20,0.07440737888983388,hard,masked_mae,8,8,oral,head_target_density1
0.5749695921864736,0.4541990645397505,20,0.5171874886097257,hard,masked_mae,8,8,torso_outside_head_roi,head_target_density1
0.044026187039769356,0.02581528405159256,20,0.0348933197539027,released,masked_mae,8,1,background,head_target_density1
0.07365092237636393,0.06516694555619947,20,0.06921589531609341,released,masked_mae,8,1,eyes,head_target_density1
0.10522831826170397,0.09410680577202322,20,0.09985821000922453,released,masked_mae,8,1,flame_supported,head_target_density1
0.616385197681746,0.4884890568281771,20,0.5544642743487251,released,masked_mae,8,1,flame_unsupported,head_target_density1
0.26038960734261657,0.2085738860856043,20,0.23535458120384883,released,masked_mae,8,1,foreground,head_target_density1
0.1625544655540203,0.12843953613078957,20,0.14554603390965454,released,masked_mae,8,1,full_frame,head_target_density1
0.13406938673245253,0.10822307203463125,20,0.12092183902953717,released,masked_mae,8,1,head_foreground,head_target_density1
0.08825974697803125,0.07862497185685119,20,0.0834016104463364,released,masked_mae,8,1,head_supported,head_target_density1
0.4734565162684388,0.36465818892465807,20,0.41846684930475064,released,masked_mae,8,1,head_unsupported,head_target_density1
0.07767648612382073,0.06978519341110478,20,0.0738832141424295,released,masked_mae,8,1,oral,head_target_density1
0.573047631490789,0.45118256401124734,20,0.5155348279446944,released,masked_mae,8,1,torso_outside_head_roi,head_target_density1
0.04530524565514017,0.025336331806360416,20,0.03510251578654826,released,masked_mae,8,4,background,head_target_density1
0.07274280890665981,0.06481743442107814,20,0.06866644311025863,released,masked_mae,8,4,eyes,head_target_density1
0.09910075279949285,0.0877142599342195,20,0.09344292139948804,released,masked_mae,8,4,flame_supported,head_target_density1
0.613508596724362,0.4822070473271858,20,0.5500300797619904,released,masked_mae,8,4,flame_unsupported,head_target_density1
0.2543878418121081,0.20180953150664582,20,0.2288707030690272,released,masked_mae,8,4,foreground,head_target_density1
0.1607250345159661,0.12636349957795515,20,0.14336182181719143,released,masked_mae,8,4,full_frame,head_target_density1
0.12643947528429164,0.100182057559949,20,0.1128808664729192,released,masked_mae,8,4,head_foreground,head_target_density1
0.08038717183707553,0.07161131757990655,20,0.07608989911090551,released,masked_mae,8,4,head_supported,head_target_density1
0.46376823515828175,0.343516150943468,20,0.40334226122700817,released,masked_mae,8,4,head_unsupported,head_target_density1
0.0788550377901746,0.07059135417001768,20,0.07483534188976239,released,masked_mae,8,4,oral,head_target_density1
0.5698541034581202,0.44940098426096015,20,0.5129435971012845,released,masked_mae,8,4,torso_outside_head_roi,head_target_density1
0.044218043789778165,0.024504454345287432,20,0.034423959325724465,released,masked_mae,8,8,background,head_target_density1
0.07340550606785727,0.06540640941790575,20,0.06920606545337923,released,masked_mae,8,8,eyes,head_target_density1
0.09818621747545674,0.08635409868699997,20,0.09228506236140524,released,masked_mae,8,8,flame_supported,head_target_density1
0.6141880618579922,0.4812024900925463,20,0.5494749760041251,released,masked_mae,8,8,flame_unsupported,head_target_density1
0.25656386861497443,0.20300062197644989,20,0.23055284160147335,released,masked_mae,8,8,foreground,head_target_density1
0.1608446916675499,0.12546697610276947,20,0.14295982802757107,released,masked_mae,8,8,full_frame,head_target_density1
0.12428858988391667,0.09818378606406475,20,0.11095250499589097,released,masked_mae,8,8,head_foreground,head_target_density1
0.07898517135934698,0.06994819570182559,20,0.07447928907449,released,masked_mae,8,8,head_supported,head_target_density1
0.45888959606902835,0.3410144829017563,20,0.39946383114594325,released,masked_mae,8,8,head_unsupported,head_target_density1
0.07841670648337243,0.07067509290586214,20,0.07460182100255786,released,masked_mae,8,8,oral,head_target_density1
0.5692535408770791,0.4502039366774502,20,0.5123433446151706,released,masked_mae,8,8,torso_outside_head_roi,head_target_density1
0.05131905029797954,0.031978665746705166,20,0.041631033678599313,adaptive,masked_mae,384,1,background,head_target_density1
0.0726307184520857,0.064549900183378,20,0.06853596467704684,adaptive,masked_mae,384,1,eyes,head_target_density1
0.10804522901041208,0.09382441863847443,20,0.10107399586648631,adaptive,masked_mae,384,1,flame_supported,head_target_density1
0.5572106594828147,0.4373485479536684,20,0.4967405715202755,adaptive,masked_mae,384,1,flame_unsupported,head_target_density1
0.24385876925616856,0.19343239849287502,20,0.21933876106339295,adaptive,masked_mae,384,1,foreground,head_target_density1
0.15845497202284067,0.12194865593942038,20,0.13999490467844936,adaptive,masked_mae,384,1,full_frame,head_target_density1
0.09608251189561849,0.08642151918916721,20,0.09130002268802015,adaptive,masked_mae,384,1,head_foreground,head_target_density1
0.0785744339318391,0.07121400583616026,20,0.07492166765166511,adaptive,masked_mae,384,1,head_supported,head_target_density1
0.26801947541129356,0.22267442949022306,20,0.2448307264107234,adaptive,masked_mae,384,1,head_unsupported,head_target_density1
0.07822453528790237,0.07139210163203784,20,0.07495295314479777,adaptive,masked_mae,384,1,oral,head_target_density1
0.5965249890692212,0.46407087543873216,20,0.5332866440182552,adaptive,masked_mae,384,1,torso_outside_head_roi,head_target_density1
0.05173956093690958,0.032621188051554804,20,0.0421686867523611,adaptive,masked_mae,384,4,background,head_target_density1
0.07127766296635238,0.06433746052118271,20,0.06784166754483359,adaptive,masked_mae,384,4,eyes,head_target_density1
0.10252293548102125,0.08887279646143834,20,0.09564120557022275,adaptive,masked_mae,384,4,flame_supported,head_target_density1
0.5629817392070434,0.4410061275977708,20,0.5022865067399146,adaptive,masked_mae,384,4,flame_unsupported,head_target_density1
0.24139505928076802,0.19157231145389952,20,0.21658362948727747,adaptive,masked_mae,384,4,foreground,head_target_density1
0.15803371308605751,0.12159647009958904,20,0.13968874095118952,adaptive,masked_mae,384,4,full_frame,head_target_density1
0.09113233017847308,0.0813942867685522,20,0.08635318239507248,adaptive,masked_mae,384,4,head_foreground,head_target_density1
0.07120339270621182,0.0645871157352691,20,0.06783363134711139,adaptive,masked_mae,384,4,head_supported,head_target_density1
0.28573255619488047,0.2302245471252348,20,0.2563443197488698,adaptive,masked_mae,384,4,head_unsupported,head_target_density1
0.0773850367349072,0.07001738328662718,20,0.0738081700888041,adaptive,masked_mae,384,4,oral,head_target_density1
0.6001482276489303,0.4686130416479901,20,0.5366441704031795,adaptive,masked_mae,384,4,torso_outside_head_roi,head_target_density1
0.05294607488664455,0.03381450869229446,20,0.0432311662041026,adaptive,masked_mae,384,8,background,head_target_density1
0.0728016099552382,0.0656898101654208,20,0.06924611883378223,adaptive,masked_mae,384,8,eyes,head_target_density1
0.10297574086237396,0.08879494299299358,20,0.09591592587141824,adaptive,masked_mae,384,8,flame_supported,head_target_density1
0.5655482585204852,0.4446236989742859,20,0.5045794773963765,adaptive,masked_mae,384,8,flame_unsupported,head_target_density1
0.24504298156572782,0.19401760552544403,20,0.21985929915824598,adaptive,masked_mae,384,8,foreground,head_target_density1
0.15958913816066533,0.1219865895270183,20,0.14106618350890462,adaptive,masked_mae,384,8,full_frame,head_target_density1
0.09006307617871204,0.08082887626367871,20,0.0856644607629064,adaptive,masked_mae,384,8,head_foreground,head_target_density1
0.07051354600814469,0.06391657263321962,20,0.06718074660275505,adaptive,masked_mae,384,8,head_supported,head_target_density1
0.28044014622635616,0.23235735822904843,20,0.25577038868796653,adaptive,masked_mae,384,8,head_unsupported,head_target_density1
0.07659007859955186,0.06920791206209274,20,0.07302769194981049,adaptive,masked_mae,384,8,oral,head_target_density1
0.6036843205411363,0.4710313765031334,20,0.5384955956523259,adaptive,masked_mae,384,8,torso_outside_head_roi,head_target_density1
0.05046339289671534,0.03130715591378408,20,0.04060094668378441,hard,masked_mae,384,1,background,head_target_density1
0.0777387239119534,0.06816027101649304,20,0.07300627536254954,hard,masked_mae,384,1,eyes,head_target_density1
0.09644330692984888,0.08648683224284306,20,0.09149807274915389,hard,masked_mae,384,1,flame_supported,head_target_density1
0.654611104243476,0.520901065698437,20,0.5888046701146673,hard,masked_mae,384,1,flame_unsupported,head_target_density1
0.26551848873152245,0.21120006029699576,20,0.23913759415768082,hard,masked_mae,384,1,foreground,head_target_density1
0.16872298083328577,0.13170112312356116,20,0.1500508085989849,hard,masked_mae,384,1,full_frame,head_target_density1
0.13890334237551222,0.11098808588948156,20,0.12469297296525017,hard,masked_mae,384,1,head_foreground,head_target_density1
0.08302713267791521,0.07498556235428958,20,0.0789302462569805,hard,masked_mae,384,1,head_supported,head_target_density1
0.5321086012941962,0.42000469175183747,20,0.47661343509369936,hard,masked_mae,384,1,head_unsupported,head_target_density1
0.0766094175225227,0.06978027509654536,20,0.0732352432250266,hard,masked_mae,384,1,oral,head_target_density1
0.5737600108873809,0.45170185174308475,20,0.5168411040525743,hard,masked_mae,384,1,torso_outside_head_roi,head_target_density1
0.0510678822234098,0.031261313881769046,20,0.04078585051712031,hard,masked_mae,384,4,background,head_target_density1
0.07870376254727582,0.06947545895461812,20,0.07414332869453519,hard,masked_mae,384,4,eyes,head_target_density1
0.08905288870266802,0.07902049777008242,20,0.08386650762927442,hard,masked_mae,384,4,flame_supported,head_target_density1
0.6534721443110486,0.5197499292033435,20,0.588976719507076,hard,masked_mae,384,4,flame_unsupported,head_target_density1
0.2582936831658102,0.20610548543649623,20,0.23309135399180722,hard,masked_mae,384,4,foreground,head_target_density1
0.16631289017320883,0.12993383462435618,20,0.14795974096757103,hard,masked_mae,384,4,full_frame,head_target_density1
0.13076536918247111,0.10431603122984022,20,0.1173160749690498,hard,masked_mae,384,4,head_foreground,head_target_density1
0.07416687388761488,0.0667831740242241,20,0.07032049749719735,hard,masked_mae,384,4,head_supported,head_target_density1
0.5352248045199637,0.4213190857182131,20,0.47905999129634214,hard,masked_mae,384,4,head_unsupported,head_target_density1
0.07619716088908043,0.06906335822674402,20,0.07273136716493206,hard,masked_mae,384,4,oral,head_target_density1
0.5714373731936918,0.45069094328659903,20,0.5139150340711495,hard,masked_mae,384,4,torso_outside_head_roi,head_target_density1
0.05112974081742287,0.031061762333243037,20,0.04068959107713191,hard,masked_mae,384,8,background,head_target_density1
0.08094818488416371,0.0713159827136432,20,0.07613642377542865,hard,masked_mae,384,8,eyes,head_target_density1
0.08799988319764851,0.07813635695896468,20,0.08296503987210205,hard,masked_mae,384,8,flame_supported,head_target_density1
0.6545576706993661,0.5196017502406922,20,0.588654332397309,hard,masked_mae,384,8,flame_unsupported,head_target_density1
0.2608741812910421,0.20697278400229432,20,0.23484356130878484,hard,masked_mae,384,8,foreground,head_target_density1
0.1666002711675212,0.1291887277158308,20,0.1479151232762082,hard,masked_mae,384,8,full_frame,head_target_density1
0.1289661998881805,0.10282338707972588,20,0.11564568426852309,hard,masked_mae,384,8,head_foreground,head_target_density1
0.07278835732205537,0.06547521158783287,20,0.06913008219125238,hard,masked_mae,384,8,head_supported,head_target_density1
0.5305964989953932,0.4192723357015246,20,0.47549167828693173,hard,masked_mae,384,8,head_unsupported,head_target_density1
0.07629232665903928,0.06932132746952718,20,0.07288339182759071,hard,masked_mae,384,8,oral,head_target_density1
0.5726999084127509,0.45018579045945517,20,0.5130566658009535,hard,masked_mae,384,8,torso_outside_head_roi,head_target_density1
0.0473625776882594,0.02947366091509313,20,0.038383399078235694,released,masked_mae,384,1,background,head_target_density1
0.07037199562125897,0.06101005665817854,20,0.06561245851438581,released,masked_mae,384,1,eyes,head_target_density1
0.10538455948390661,0.09155699289391098,20,0.09834583217168491,released,masked_mae,384,1,flame_supported,head_target_density1
0.5507160525077468,0.4336527936160722,20,0.49190424149127443,released,masked_mae,384,1,flame_unsupported,head_target_density1
0.2407461900156594,0.19134400499196874,20,0.21611962342289756,released,masked_mae,384,1,foreground,head_target_density1
0.15455433269234276,0.1189437625679748,20,0.13658315924683004,released,masked_mae,384,1,full_frame,head_target_density1
0.09311206556240925,0.08376264844105705,20,0.0884862948647706,released,masked_mae,384,1,head_foreground,head_target_density1
0.07746417259550561,0.06979847590438967,20,0.07358511999632944,released,masked_mae,384,1,head_supported,head_target_density1
0.24406461073937774,0.20877906587644784,20,0.22634808802420361,released,masked_mae,384,1,head_unsupported,head_target_density1
0.07732104911235485,0.06896249694639048,20,0.07322160678068404,released,masked_mae,384,1,oral,head_target_density1
0.5906836143926274,0.46306365123781573,20,0.5288945853057936,released,masked_mae,384,1,torso_outside_head_roi,head_target_density1
0.04199039818417977,0.0278733959993456,20,0.03511666121616666,released,masked_mae,384,4,background,head_target_density1
0.06999698368860063,0.061683311567625174,20,0.0658048484983689,released,masked_mae,384,4,eyes,head_target_density1
0.09924731343336499,0.08525182019779341,20,0.09206444363275378,released,masked_mae,384,4,flame_supported,head_target_density1
0.5542088835469425,0.43492350918802825,20,0.495090686800275,released,masked_mae,384,4,flame_unsupported,head_target_density1
0.23679393115256286,0.18748589158360177,20,0.21228795666049366,released,masked_mae,384,4,foreground,head_target_density1
0.15131187386338704,0.11721036303251355,20,0.13428269994707692,released,masked_mae,384,4,full_frame,head_target_density1
0.08565175233889782,0.0765036093649605,20,0.08102684488613143,released,masked_mae,384,4,head_foreground,head_target_density1
0.06840401991788024,0.06155441752794339,20,0.06492751012910852,released,masked_mae,384,4,head_supported,head_target_density1
0.24766915938962353,0.20362733755833018,20,0.22479027996773246,released,masked_mae,384,4,head_unsupported,head_target_density1
0.07679828094021617,0.06767404291159355,20,0.07234609295645668,released,masked_mae,384,4,oral,head_target_density1
0.5983201268863068,0.4680035456628023,20,0.5357627722407962,released,masked_mae,384,4,torso_outside_head_roi,head_target_density1
0.04435945098515309,0.029472666648797174,20,0.03688327825592057,released,masked_mae,384,8,background,head_target_density1
0.07183640944699231,0.06366785128152685,20,0.06772826578757576,released,masked_mae,384,8,eyes,head_target_density1
0.09882912786319943,0.08485061202738779,20,0.09165038595207728,released,masked_mae,384,8,flame_supported,head_target_density1
0.5523497550287115,0.4371031613421092,20,0.4960613918517135,released,masked_mae,384,8,flame_unsupported,head_target_density1
0.23924703570482325,0.18919454966464838,20,0.21463420407030426,released,masked_mae,384,8,foreground,head_target_density1
0.15362640605731445,0.11785234373670293,20,0.13542911239172645,released,masked_mae,384,8,full_frame,head_target_density1
0.08375150059889584,0.07512365987513729,20,0.07957530762210542,released,masked_mae,384,8,head_foreground,head_target_density1
0.06708649745061299,0.060624122453952774,20,0.06383089796374658,released,masked_mae,384,8,head_supported,head_target_density1
0.2413648813046609,0.2029832054439039,20,0.22201508560482366,released,masked_mae,384,8,head_unsupported,head_target_density1
0.07709956816466185,0.06805085762668242,20,0.072541684809276,released,masked_mae,384,8,oral,head_target_density1
0.5980187309922835,0.4673253903315093,20,0.5352344129175646,released,masked_mae,384,8,torso_outside_head_roi,head_target_density1
0.0766471090215031,0.042366185004668676,20,0.05916400779183365,adaptive,masked_mae,8,1,background,primary_full_target_density1
0.0875225381232487,0.07034878946300588,20,0.07776184319582434,adaptive,masked_mae,8,1,eyes,primary_full_target_density1
0.12937270404912732,0.10901210780986526,20,0.1188861321240032,adaptive,masked_mae,8,1,flame_supported,primary_full_target_density1
0.4010292054687912,0.3250557959967183,20,0.3625331804041989,adaptive,masked_mae,8,1,flame_unsupported,primary_full_target_density1
0.21072907187417037,0.17454795563295858,20,0.1925244120519367,adaptive,masked_mae,8,1,foreground,primary_full_target_density1
0.14394115920943273,0.12142705884900527,20,0.13276375638372112,adaptive,masked_mae,8,1,full_frame,primary_full_target_density1
0.15086025557985566,0.12523195891243208,20,0.13749869131044865,adaptive,masked_mae,8,1,head_foreground,primary_full_target_density1
0.1193148663367643,0.09875291277253241,20,0.10855542175352592,adaptive,masked_mae,8,1,head_supported,primary_full_target_density1
0.40711575860939253,0.3140031337815054,20,0.3600635893724162,adaptive,masked_mae,8,1,head_unsupported,primary_full_target_density1
0.09242514855980362,0.0796074833362022,20,0.08582230815167706,adaptive,masked_mae,8,1,oral,primary_full_target_density1
0.3696911623582434,0.2949473287289436,20,0.330882600519786,adaptive,masked_mae,8,1,torso_outside_head_roi,primary_full_target_density1
0.07892136360868662,0.040955967862979434,20,0.05935271056595045,adaptive,masked_mae,8,4,background,primary_full_target_density1
0.0892859300420574,0.0749415829800336,20,0.08148619584188997,adaptive,masked_mae,8,4,eyes,primary_full_target_density1
0.12004015936653926,0.10172881356464576,20,0.11071312457679208,adaptive,masked_mae,8,4,flame_supported,primary_full_target_density1
0.3904787642710918,0.3186349119978025,20,0.3543085379303629,adaptive,masked_mae,8,4,flame_unsupported,primary_full_target_density1
0.20059395135262023,0.16737029726113498,20,0.18342186638024643,adaptive,masked_mae,8,4,foreground,primary_full_target_density1
0.13962813058777399,0.11699825924098546,20,0.12834088420298695,adaptive,masked_mae,8,4,full_frame,primary_full_target_density1
0.14425075984161514,0.12126386494041756,20,0.13224644093767826,adaptive,masked_mae,8,4,head_foreground,primary_full_target_density1
0.1103461960545224,0.09271140695564065,20,0.10116762340160865,adaptive,masked_mae,8,4,head_supported,primary_full_target_density1
0.4228175981984794,0.3295035380952424,20,0.3754257908501676,adaptive,masked_mae,8,4,head_unsupported,primary_full_target_density1
0.09271034112404243,0.08087977065492816,20,0.08659662563610257,adaptive,masked_mae,8,4,oral,primary_full_target_density1
0.3486970266389099,0.2815891988020371,20,0.31362280305550577,adaptive,masked_mae,8,4,torso_outside_head_roi,primary_full_target_density1
0.07707082013304596,0.04013197905128263,20,0.05775410157649348,adaptive,masked_mae,8,8,background,primary_full_target_density1
0.09047336675906781,0.07566114700671488,20,0.08242170970785781,adaptive,masked_mae,8,8,eyes,primary_full_target_density1
0.11869528597253463,0.10105447292521813,20,0.10981575799764634,adaptive,masked_mae,8,8,flame_supported,primary_full_target_density1
0.39028248320235354,0.3151880672172685,20,0.3533441205830612,adaptive,masked_mae,8,8,flame_unsupported,primary_full_target_density1
0.20108491371143342,0.166856687359587,20,0.1839109211327148,adaptive,masked_mae,8,8,foreground,primary_full_target_density1
0.1392093910898309,0.11571756875145146,20,0.12737450880061668,adaptive,masked_mae,8,8,full_frame,primary_full_target_density1
0.14221706832396835,0.11999355828216254,20,0.13078119652491726,adaptive,masked_mae,8,8,head_foreground,primary_full_target_density1
0.10843073106469256,0.09152712169414294,20,0.09968244707068111,adaptive,masked_mae,8,8,head_supported,primary_full_target_density1
0.4247873473230211,0.32703380929379033,20,0.37506625045643344,adaptive,masked_mae,8,8,head_unsupported,primary_full_target_density1
0.09180805559838201,0.07931638069092467,20,0.08545444767637658,adaptive,masked_mae,8,8,oral,primary_full_target_density1
0.3490071876201461,0.2784612718840897,20,0.31185190013546593,adaptive,masked_mae,8,8,torso_outside_head_roi,primary_full_target_density1
0.050576264741928154,0.031061087795255887,20,0.040675581709465294,hard,masked_mae,8,1,background,primary_full_target_density1
0.08059188671485613,0.07062719172559909,20,0.07548465801982993,hard,masked_mae,8,1,eyes,primary_full_target_density1
0.09873983143749812,0.09017723498994516,20,0.09445254203903439,hard,masked_mae,8,1,flame_supported,primary_full_target_density1
0.6549086659627847,0.5190859515847617,20,0.5899572942538172,hard,masked_mae,8,1,flame_unsupported,primary_full_target_density1
0.26814753224422,0.21435116823002162,20,0.24159215324899536,hard,masked_mae,8,1,foreground,primary_full_target_density1
0.17005543923588715,0.13309523054327368,20,0.1513738207443796,hard,masked_mae,8,1,full_frame,primary_full_target_density1
0.14309601804578115,0.11548633489102297,20,0.12928606687507205,hard,masked_mae,8,1,head_foreground,primary_full_target_density1
0.08688025403232498,0.07958816864473629,20,0.08322445167628326,hard,masked_mae,8,1,head_supported,primary_full_target_density1
0.5387087657948817,0.42390071969087434,20,0.48203336913135625,hard,masked_mae,8,1,head_unsupported,primary_full_target_density1
0.0792101258511436,0.07158741923252748,20,0.0754776878123522,hard,masked_mae,8,1,oral,primary_full_target_density1
0.5712279993469521,0.4515960805617131,20,0.5137958726757792,hard,masked_mae,8,1,torso_outside_head_roi,primary_full_target_density1
0.051222204694651004,0.03173245456364895,20,0.04138830383315776,hard,masked_mae,8,4,background,primary_full_target_density1
0.08077228791939188,0.07194704711890296,20,0.07634239095223502,hard,masked_mae,8,4,eyes,primary_full_target_density1
0.09073226197333735,0.08207869005847929,20,0.08631156549501387,hard,masked_mae,8,4,flame_supported,primary_full_target_density1
0.6545761692885417,0.519721138669032,20,0.5894129544881359,hard,masked_mae,8,4,flame_unsupported,primary_full_target_density1
0.2604933718615446,0.207684043883831,20,0.23503317205468321,hard,masked_mae,8,4,foreground,primary_full_target_density1
0.1666534070988058,0.13148687137771464,20,0.14923386196678554,hard,masked_mae,8,4,full_frame,primary_full_target_density1
0.1342811208467949,0.1081427618545604,20,0.1212147119995997,hard,masked_mae,8,4,head_foreground,primary_full_target_density1
0.07767624059288536,0.07070916569768136,20,0.07408844923743282,hard,masked_mae,8,4,head_supported,primary_full_target_density1
0.5396745502107702,0.4242739605659823,20,0.48288033567247857,hard,masked_mae,8,4,head_unsupported,primary_full_target_density1
0.07836895089488433,0.07056844354489267,20,0.07459087983651283,hard,masked_mae,8,4,oral,primary_full_target_density1
0.569811099407876,0.44949675796995925,20,0.5115817088106953,hard,masked_mae,8,4,torso_outside_head_roi,primary_full_target_density1
0.051311565909951944,0.030978188672688048,20,0.04095996951392701,hard,masked_mae,8,8,background,primary_full_target_density1
0.08304508467985237,0.07367819689026651,20,0.0783225778044071,hard,masked_mae,8,8,eyes,primary_full_target_density1
0.08855390911728374,0.07958766539660153,20,0.08400043785578229,hard,masked_mae,8,8,flame_supported,primary_full_target_density1
0.6545510124668322,0.5181722800915369,20,0.5888197636521534,hard,masked_mae,8,8,flame_unsupported,primary_full_target_density1
0.261893738185428,0.20900944120105389,20,0.23570175337763882,hard,masked_mae,8,8,foreground,primary_full_target_density1
0.1669685542248028,0.13001910718918536,20,0.1484574811971205,hard,masked_mae,8,8,full_frame,primary_full_target_density1
0.13137806201517285,0.10552285600826622,20,0.1183237809047671,hard,masked_mae,8,8,head_foreground,primary_full_target_density1
0.07514325513036571,0.06816728370361476,20,0.07162623925764086,hard,masked_mae,8,8,head_supported,primary_full_target_density1
0.5342703871294278,0.42056567912456544,20,0.478472083008314,hard,masked_mae,8,8,head_unsupported,primary_full_target_density1
0.07805269325310721,0.07055118077020871,20,0.07438469378646183,hard,masked_mae,8,8,oral,primary_full_target_density1
0.5682497444581178,0.4481111642371885,20,0.5099649712627519,hard,masked_mae,8,8,torso_outside_head_roi,primary_full_target_density1
0.07332852815255483,0.04040197901027979,20,0.0562995871322711,released,masked_mae,8,1,background,primary_full_target_density1
0.08984335976551307,0.07270532981545044,20,0.08068656805470989,released,masked_mae,8,1,eyes,primary_full_target_density1
0.12585464759486836,0.10705780558188009,20,0.11621181426042845,released,masked_mae,8,1,flame_supported,primary_full_target_density1
0.4306190334141605,0.33942043395164073,20,0.3854738577498547,released,masked_mae,8,1,flame_unsupported,primary_full_target_density1
0.21589883305401028,0.17750663207856002,20,0.19713641760409023,released,masked_mae,8,1,foreground,primary_full_target_density1
0.1455614409807527,0.12267760795797794,20,0.13400302200778394,released,masked_mae,8,1,full_frame,primary_full_target_density1
0.1516383709045176,0.12644463331280462,20,0.1386570585299739,released,masked_mae,8,1,head_foreground,primary_full_target_density1
0.11478857212215222,0.0980756045309614,20,0.10626495437290691,released,masked_mae,8,1,head_supported,primary_full_target_density1
0.43002128171851844,0.3357284301241025,20,0.3825592844148307,released,masked_mae,8,1,head_unsupported,primary_full_target_density1
0.08649841007056994,0.07580116810805192,20,0.08116237702672927,released,masked_mae,8,1,oral,primary_full_target_density1
0.38662723443262276,0.3073851102612395,20,0.3460804790635442,released,masked_mae,8,1,torso_outside_head_roi,primary_full_target_density1
0.07650054364006567,0.03988481292132761,20,0.05747894604443661,released,masked_mae,8,4,background,primary_full_target_density1
0.0915523985390525,0.07509849488757338,20,0.08306025579093247,released,masked_mae,8,4,eyes,primary_full_target_density1
0.11589298130133334,0.10011830395494078,20,0.10789615070376432,released,masked_mae,8,4,flame_supported,primary_full_target_density1
0.4080757628663773,0.3266602214348227,20,0.3679282197360506,released,masked_mae,8,4,flame_unsupported,primary_full_target_density1
0.203156970408229,0.1688188790706481,20,0.18559563979225494,released,masked_mae,8,4,foreground,primary_full_target_density1
0.1407228110181946,0.11736820786178824,20,0.12895654415296126,released,masked_mae,8,4,full_frame,primary_full_target_density1
0.14285342902011522,0.11955286746230046,20,0.13096224276914742,released,masked_mae,8,4,head_foreground,primary_full_target_density1
0.10642600099079334,0.09108976022263592,20,0.09858734925181134,released,masked_mae,8,4,head_supported,primary_full_target_density1
0.428858422302245,0.3328052115609285,20,0.38024718675415337,released,masked_mae,8,4,head_unsupported,primary_full_target_density1
0.08828185655335892,0.0770013184676584,20,0.08262866807063651,released,masked_mae,8,4,oral,primary_full_target_density1
0.3591177788583907,0.2914595199008001,20,0.3244039450235425,released,masked_mae,8,4,torso_outside_head_roi,primary_full_target_density1
0.07538394737593314,0.03874915726711259,20,0.05642791073360924,released,masked_mae,8,8,background,primary_full_target_density1
0.09087866439266633,0.07604433454401058,20,0.08310860135801859,released,masked_mae,8,8,eyes,primary_full_target_density1
0.11443137739694728,0.09812389416296255,20,0.10607008778529028,released,masked_mae,8,8,flame_supported,primary_full_target_density1
0.40186165081050135,0.3197755902768866,20,0.3612323379072573,released,masked_mae,8,8,flame_unsupported,primary_full_target_density1
0.20120422600515264,0.16603885918724978,20,0.1837579277422548,released,masked_mae,8,8,foreground,primary_full_target_density1
0.13872945500572692,0.1148407064238496,20,0.12696146963306665,released,masked_mae,8,8,full_frame,primary_full_target_density1
0.1408907099633244,0.11772745466712886,20,0.1289478774398347,released,masked_mae,8,8,head_foreground,primary_full_target_density1
0.10502470130960796,0.08942268116016278,20,0.0968413657114962,released,masked_mae,8,8,head_supported,primary_full_target_density1
0.428984095055894,0.3297321628519774,20,0.37807661739237675,released,masked_mae,8,8,head_unsupported,primary_full_target_density1
0.0864851005558086,0.07613645147993026,20,0.08123011680424962,released,masked_mae,8,8,oral,primary_full_target_density1
0.3519725006100447,0.28132644486095826,20,0.3154091190399352,released,masked_mae,8,8,torso_outside_head_roi,primary_full_target_density1
0.08790625206803199,0.05528147902858913,20,0.07144526738747846,adaptive,masked_mae,32,1,background,primary_full_target_density1
0.077258667541478,0.06973313474828002,20,0.07348838534167212,adaptive,masked_mae,32,1,eyes,primary_full_target_density1
0.11143294396591057,0.09702056881511333,20,0.10424419395726496,adaptive,masked_mae,32,1,flame_supported,primary_full_target_density1
0.26043346396840505,0.21825679361030548,20,0.23865544112957487,adaptive,masked_mae,32,1,flame_unsupported,primary_full_target_density1
0.1533037482350236,0.13363642563180406,20,0.14351859378897244,adaptive,masked_mae,32,1,foreground,primary_full_target_density1
0.12113440992340206,0.10275080385716016,20,0.11168407380236862,adaptive,masked_mae,32,1,full_frame,primary_full_target_density1
0.12043726859252907,0.10722269442662677,20,0.11391938761458942,adaptive,masked_mae,32,1,head_foreground,primary_full_target_density1
0.1054607820699683,0.09181041184907245,20,0.09853136366703844,adaptive,masked_mae,32,1,head_supported,primary_full_target_density1
0.28742014738674193,0.22099436151139168,20,0.25227112654841777,adaptive,masked_mae,32,1,head_unsupported,primary_full_target_density1
0.08990524869469374,0.07868551578244311,20,0.0842184661065714,adaptive,masked_mae,32,1,oral,primary_full_target_density1
0.23313057062234013,0.1915908248444215,20,0.2118027302181109,adaptive,masked_mae,32,1,torso_outside_head_roi,primary_full_target_density1
0.08655839086421173,0.05312837501659281,20,0.06922493862122295,adaptive,masked_mae,32,4,background,primary_full_target_density1
0.0789550530073411,0.07042511698708531,20,0.07470758914921168,adaptive,masked_mae,32,4,eyes,primary_full_target_density1
0.10438102035129354,0.0906598780676745,20,0.09745374874206511,adaptive,masked_mae,32,4,flame_supported,primary_full_target_density1
0.26468825970347265,0.21475906232613792,20,0.2377976825307952,adaptive,masked_mae,32,4,flame_unsupported,primary_full_target_density1
0.14838162941163263,0.12890910023144744,20,0.13841083412558391,adaptive,masked_mae,32,4,foreground,primary_full_target_density1
0.11769434022878814,0.09857620758007053,20,0.10781044399004884,adaptive,masked_mae,32,4,full_frame,primary_full_target_density1
0.11456297358937678,0.10263774919854167,20,0.10859601907954892,adaptive,masked_mae,32,4,head_foreground,primary_full_target_density1
0.0984421488899352,0.0856329700926693,20,0.09190234575435544,adaptive,masked_mae,32,4,head_supported,primary_full_target_density1
0.2921831928103478,0.22407676838642915,20,0.2566706766988114,adaptive,masked_mae,32,4,head_unsupported,primary_full_target_density1
0.09028312621777174,0.07879058244524055,20,0.0844135406529435,adaptive,masked_mae,32,4,oral,primary_full_target_density1
0.2300885618825135,0.18815173961041373,20,0.20860213250645768,adaptive,masked_mae,32,4,torso_outside_head_roi,primary_full_target_density1
0.0870421711146988,0.052575694544254134,20,0.06908575155843837,adaptive,masked_mae,32,8,background,primary_full_target_density1
0.08025147213010124,0.07102113032042735,20,0.07562227791915292,adaptive,masked_mae,32,8,eyes,primary_full_target_density1
0.1026424184235131,0.08917036900844554,20,0.09586302533771623,adaptive,masked_mae,32,8,flame_supported,primary_full_target_density1
0.2537796851689986,0.21039443082777148,20,0.23104633621243748,adaptive,masked_mae,32,8,flame_unsupported,primary_full_target_density1
0.14655550629772165,0.12632946846319815,20,0.13605416201231219,adaptive,masked_mae,32,8,foreground,primary_full_target_density1
0.1172504337749096,0.0962582932227704,20,0.10631509278759813,adaptive,masked_mae,32,8,full_frame,primary_full_target_density1
0.11182094387023675,0.10069270952185906,20,0.10634690835691382,adaptive,masked_mae,32,8,head_foreground,primary_full_target_density1
0.09654254559065134,0.08409678595013274,20,0.09009383292683171,adaptive,masked_mae,32,8,head_supported,primary_full_target_density1
0.2806448280608586,0.2231753921282485,20,0.2511736299166082,adaptive,masked_mae,32,8,head_unsupported,primary_full_target_density1
0.08995838168170554,0.07847519425738209,20,0.08409531066840913,adaptive,masked_mae,32,8,oral,primary_full_target_density1
0.22643734330098375,0.18391904890717223,20,0.2044142365113389,adaptive,masked_mae,32,8,torso_outside_head_roi,primary_full_target_density1
0.05061525744207345,0.03157802068433729,20,0.040834684364725975,hard,masked_mae,32,1,background,primary_full_target_density1
0.07677520389354565,0.06844692004368606,20,0.07260689624078065,hard,masked_mae,32,1,eyes,primary_full_target_density1
0.09855979814382683,0.08845316389718845,20,0.09346244348659813,hard,masked_mae,32,1,flame_supported,primary_full_target_density1
0.6515491770278483,0.5164968978034272,20,0.5880286936275292,hard,masked_mae,32,1,flame_unsupported,primary_full_target_density1
0.2674992402539179,0.2128031546675157,20,0.2402841638091247,hard,masked_mae,32,1,foreground,primary_full_target_density1
0.1697524865218915,0.13250196679932044,20,0.1507411434020831,hard,masked_mae,32,1,full_frame,primary_full_target_density1
0.14184280950207662,0.11483207975075724,20,0.1281767365603506,hard,masked_mae,32,1,head_foreground,primary_full_target_density1
0.08699235398021692,0.07857093564617137,20,0.08273296482320458,hard,masked_mae,32,1,head_supported,primary_full_target_density1
0.5322555456478322,0.41990481239058325,20,0.47720632461527746,hard,masked_mae,32,1,head_unsupported,primary_full_target_density1
0.07938398569368106,0.07102640095460602,20,0.07540089196951061,hard,masked_mae,32,1,oral,primary_full_target_density1
0.5697268511787827,0.44918341783382837,20,0.5117866510599842,hard,masked_mae,32,1,torso_outside_head_roi,primary_full_target_density1
0.05142852454132235,0.03165239659977199,20,0.04141599536525152,hard,masked_mae,32,4,background,primary_full_target_density1
0.07744540781428054,0.06911878148662784,20,0.07330117517919849,hard,masked_mae,32,4,eyes,primary_full_target_density1
0.08935385693510024,0.07944413879707127,20,0.08428218662435756,hard,masked_mae,32,4,flame_supported,primary_full_target_density1
0.6529564307540877,0.5183486402586859,20,0.5878455749349003,hard,masked_mae,32,4,flame_unsupported,primary_full_target_density1
0.2591697554038995,0.2058493575250781,20,0.23310000403590947,hard,masked_mae,32,4,foreground,primary_full_target_density1
0.16613084753696472,0.13029243859145156,20,0.1481993685686008,hard,masked_mae,32,4,full_frame,primary_full_target_density1
0.13260779302555617,0.10630035539200873,20,0.1192807277593988,hard,masked_mae,32,4,head_foreground,primary_full_target_density1
0.07662690968679377,0.06870740461588824,20,0.07256478390304558,hard,masked_mae,32,4,head_supported,primary_full_target_density1
0.534893268534103,0.4218282262260274,20,0.4785905382963788,hard,masked_mae,32,4,head_unsupported,primary_full_target_density1
0.07703224983050072,0.06934155343061621,20,0.07323228600850742,hard,masked_mae,32,4,oral,primary_full_target_density1
0.5666963777993361,0.4468153153106475,20,0.5093634312061044,hard,masked_mae,32,4,torso_outside_head_roi,primary_full_target_density1
0.051803014836496464,0.03133009451628023,20,0.04126597400646761,hard,masked_mae,32,8,background,primary_full_target_density1
0.07971011593857853,0.0709620221005711,20,0.07530721244465258,hard,masked_mae,32,8,eyes,primary_full_target_density1
0.08771441988843366,0.07797242595533647,20,0.08277859622982885,hard,masked_mae,32,8,flame_supported,primary_full_target_density1
0.6516539608983939,0.5171914074927271,20,0.5875812057194599,hard,masked_mae,32,8,flame_unsupported,primary_full_target_density1
0.2604304696862695,0.2073221322726667,20,0.23443923796824154,hard,masked_mae,32,8,foreground,primary_full_target_density1
0.16680575573857212,0.12951379780086433,20,0.14791793929894076,hard,masked_mae,32,8,full_frame,primary_full_target_density1
0.12986355480241749,0.10438552065180251,20,0.11715101389018445,hard,masked_mae,32,8,head_foreground,primary_full_target_density1
0.07473517753315705,0.06713936313222822,20,0.07086494567820122,hard,masked_mae,32,8,head_supported,primary_full_target_density1
0.5309064247799299,0.4202600698953982,20,0.47494455929587687,hard,masked_mae,32,8,head_unsupported,primary_full_target_density1
0.07685856358538833,0.06959345620200094,20,0.07330296290702229,hard,masked_mae,32,8,oral,primary_full_target_density1
0.5651416850774119,0.4451139686639834,20,0.5083346612103251,hard,masked_mae,32,8,torso_outside_head_roi,primary_full_target_density1
0.08808811698825599,0.0541526578829249,20,0.07030840873698625,released,masked_mae,32,1,background,primary_full_target_density1
0.08352568511245764,0.07178276188174061,20,0.07752757605426372,released,masked_mae,32,1,eyes,primary_full_target_density1
0.10982991788259355,0.09540329045591259,20,0.10257879417571777,released,masked_mae,32,1,flame_supported,primary_full_target_density1
0.2539990239406736,0.21811211003652703,20,0.2363441239138419,released,masked_mae,32,1,flame_unsupported,primary_full_target_density1
0.15213436817554007,0.13190298997992117,20,0.14201373676811044,released,masked_mae,32,1,foreground,primary_full_target_density1
0.12049035299295212,0.10030379273330667,20,0.11038068800863594,released,masked_mae,32,1,full_frame,primary_full_target_density1
0.11828102285396322,0.10550949309626048,20,0.11197272526239524,released,masked_mae,32,1,head_foreground,primary_full_target_density1
0.10318092220456537,0.0898161351741574,20,0.09662376273633093,released,masked_mae,32,1,head_supported,primary_full_target_density1
0.2829048711152798,0.22145892214617932,20,0.25121818269041396,released,masked_mae,32,1,head_unsupported,primary_full_target_density1
0.08486162960293134,0.07445969149912676,20,0.07961461840132754,released,masked_mae,32,1,oral,primary_full_target_density1
0.2322509522938336,0.19142800766306145,20,0.21138474840454533,released,masked_mae,32,1,torso_outside_head_roi,primary_full_target_density1
0.08810665944311329,0.052701772037519454,20,0.06980681330785612,released,masked_mae,32,4,background,primary_full_target_density1
0.08523182055783095,0.07289395537273964,20,0.0788001078544198,released,masked_mae,32,4,eyes,primary_full_target_density1
0.1024207613887665,0.0887168563798841,20,0.09556254148818925,released,masked_mae,32,4,flame_supported,primary_full_target_density1
0.2503365678429196,0.21208144002123422,20,0.23049532426953906,released,masked_mae,32,4,flame_unsupported,primary_full_target_density1
0.14630474189737602,0.12592724040869294,20,0.1356064941309168,released,masked_mae,32,4,foreground,primary_full_target_density1
0.1171398214890499,0.09672993186283155,20,0.10674767830811913,released,masked_mae,32,4,full_frame,primary_full_target_density1
0.11111887469948065,0.09982316714027821,20,0.10548806029287165,released,masked_mae,32,4,head_foreground,primary_full_target_density1
0.09645310761613879,0.08395041317163769,20,0.09000824942348333,released,masked_mae,32,4,head_supported,primary_full_target_density1
0.2743825415475605,0.21807804427169572,20,0.2452852443341198,released,masked_mae,32,4,head_unsupported,primary_full_target_density1
0.08675962895372022,0.0755659877215071,20,0.0810902373449086,released,masked_mae,32,4,oral,primary_full_target_density1
0.227333088184143,0.18924622908462208,20,0.20704315751152985,released,masked_mae,32,4,torso_outside_head_roi,primary_full_target_density1
0.08736363779200867,0.05223417933663426,20,0.06884318448794603,released,masked_mae,32,8,background,primary_full_target_density1
0.08586007927208988,0.07361024609733365,20,0.07943067855517864,released,masked_mae,32,8,eyes,primary_full_target_density1
0.10161113859633951,0.08786723709775497,20,0.0946254353533657,released,masked_mae,32,8,flame_supported,primary_full_target_density1
0.24589209156700614,0.20999192781778023,20,0.22696630328531628,released,masked_mae,32,8,flame_unsupported,primary_full_target_density1
0.1455731563015377,0.12437514693981443,20,0.13430343949501006,released,masked_mae,32,8,foreground,primary_full_target_density1
0.11651537522652101,0.09514735512424684,20,0.10540866867288368,released,masked_mae,32,8,full_frame,primary_full_target_density1
0.10991725206207288,0.09838151618960543,20,0.10424246626460068,released,masked_mae,32,8,head_foreground,primary_full_target_density1
0.09485370132415633,0.0827529411615677,20,0.08869184545371413,released,masked_mae,32,8,head_supported,primary_full_target_density1
0.2784960886508626,0.2187058864244704,20,0.24684154031312908,released,masked_mae,32,8,head_unsupported,primary_full_target_density1
0.08564071594825447,0.07531420365730279,20,0.08036106843968893,released,masked_mae,32,8,oral,primary_full_target_density1
0.22392196714265222,0.18478248884007067,20,0.20350436600562852,released,masked_mae,32,8,torso_outside_head_roi,primary_full_target_density1
0.07212604797461922,0.04610238437036231,20,0.059086643655515136,adaptive,masked_mae,128,1,background,primary_full_target_density1
0.07661368238654609,0.0688327252902158,20,0.0727000572772313,adaptive,masked_mae,128,1,eyes,primary_full_target_density1
0.10091387933420953,0.08866889241238535,20,0.09459929076275729,adaptive,masked_mae,128,1,flame_supported,primary_full_target_density1
0.278438905848546,0.21213941537667544,20,0.24439674235835063,adaptive,masked_mae,128,1,flame_unsupported,primary_full_target_density1
0.14974668218760875,0.1270930430524728,20,0.1383907321479148,adaptive,masked_mae,128,1,foreground,primary_full_target_density1
0.10968984679430506,0.09399881330693696,20,0.10184506937366886,adaptive,masked_mae,128,1,full_frame,primary_full_target_density1
0.1168178527420724,0.10102267238899826,20,0.10852483715757415,adaptive,masked_mae,128,1,head_foreground,primary_full_target_density1
0.09722509009912925,0.08420812198510075,20,0.09047212936992748,adaptive,masked_mae,128,1,head_supported,primary_full_target_density1
0.28920451329008245,0.22782855662369597,20,0.2570609314984905,adaptive,masked_mae,128,1,head_unsupported,primary_full_target_density1
0.0875338172744147,0.0768627857916029,20,0.08200136345893397,adaptive,masked_mae,128,1,oral,primary_full_target_density1
0.24177750632080572,0.1822333469097438,20,0.21166737919168996,adaptive,masked_mae,128,1,torso_outside_head_roi,primary_full_target_density1
0.07645976682362746,0.04970925021069403,20,0.06302866312749764,adaptive,masked_mae,128,4,background,primary_full_target_density1
0.07872103781164162,0.07032351500749064,20,0.07450039252231273,adaptive,masked_mae,128,4,eyes,primary_full_target_density1
0.09531315814432838,0.08444440664824372,20,0.08969137390745788,adaptive,masked_mae,128,4,flame_supported,primary_full_target_density1
0.2768032241494677,0.21125305248559545,20,0.24314985481287787,adaptive,masked_mae,128,4,flame_unsupported,primary_full_target_density1
0.1466149626664376,0.12367864595442474,20,0.13502867536313162,adaptive,masked_mae,128,4,foreground,primary_full_target_density1
0.11040398614684631,0.0940996627534224,20,0.10212653205961782,adaptive,masked_mae,128,4,full_frame,primary_full_target_density1
0.1103346964934862,0.09692454148245978,20,0.10358736530133154,adaptive,masked_mae,128,4,head_foreground,primary_full_target_density1
0.09117035204204335,0.0801723006614594,20,0.08553892343475956,adaptive,masked_mae,128,4,head_supported,primary_full_target_density1
0.2805924503153104,0.22363132592796334,20,0.25065858647809064,adaptive,masked_mae,128,4,head_unsupported,primary_full_target_density1
0.08809933261204608,0.07725449188356591,20,0.0823197533716905,adaptive,masked_mae,128,4,oral,primary_full_target_density1
0.24858455753619205,0.18288203233117611,20,0.21357923052290612,adaptive,masked_mae,128,4,torso_outside_head_roi,primary_full_target_density1
0.07650645316998508,0.04903840493424506,20,0.06279954492951356,adaptive,masked_mae,128,8,background,primary_full_target_density1
0.0793748314921025,0.07066158893576764,20,0.07493793834852193,adaptive,masked_mae,128,8,eyes,primary_full_target_density1
0.09527875514049625,0.08375410966552453,20,0.0893161389370288,adaptive,masked_mae,128,8,flame_supported,primary_full_target_density1
0.26191476987079904,0.2048805149661141,20,0.2326779028424784,adaptive,masked_mae,128,8,flame_unsupported,primary_full_target_density1
0.14313816022063547,0.12203742212631388,20,0.1323579264861156,adaptive,masked_mae,128,8,foreground,primary_full_target_density1
0.10875086424520176,0.09229949767261873,20,0.10032106692140752,adaptive,masked_mae,128,8,full_frame,primary_full_target_density1
0.10766183458203829,0.09554664161721436,20,0.10175017166743061,adaptive,masked_mae,128,8,head_foreground,primary_full_target_density1
0.09073597636043554,0.07923225293106351,20,0.0849144662282823,adaptive,masked_mae,128,8,head_supported,primary_full_target_density1
0.2664043368750693,0.21838524110610197,20,0.24217988824144374,adaptive,masked_mae,128,8,head_unsupported,primary_full_target_density1
0.08792051403030847,0.07672083393792511,20,0.08200726088848913,adaptive,masked_mae,128,8,oral,primary_full_target_density1
0.23350554256660874,0.1778962209575869,20,0.20488999609572373,adaptive,masked_mae,128,8,torso_outside_head_roi,primary_full_target_density1
0.04925143506244591,0.03030337103434168,20,0.03978383280791498,hard,masked_mae,128,1,background,primary_full_target_density1
0.07786469554253356,0.06826323206179756,20,0.07305487601879221,hard,masked_mae,128,1,eyes,primary_full_target_density1
0.09640990375259614,0.08652231110232084,20,0.09150428551764479,hard,masked_mae,128,1,flame_supported,primary_full_target_density1
0.6542736328410022,0.5213640253580043,20,0.5889623568190212,hard,masked_mae,128,1,flame_unsupported,primary_full_target_density1
0.26580637009803,0.21083476097715884,20,0.23921369828309413,hard,masked_mae,128,1,foreground,primary_full_target_density1
0.16852901945726528,0.13071642019381424,20,0.1496168046673655,hard,masked_mae,128,1,full_frame,primary_full_target_density1
0.14136861581214774,0.11334870540648802,20,0.127096047593275,hard,masked_mae,128,1,head_foreground,primary_full_target_density1
0.08511033092350344,0.07722960921803666,20,0.08128304014208101,hard,masked_mae,128,1,head_supported,primary_full_target_density1
0.5346056642288558,0.42225107486164043,20,0.47867706466310855,hard,masked_mae,128,1,head_unsupported,primary_full_target_density1
0.07948562597309622,0.07163383159722801,20,0.07564313129537222,hard,masked_mae,128,1,oral,primary_full_target_density1
0.5684178988074801,0.44561834404901474,20,0.5099570455743503,hard,masked_mae,128,1,torso_outside_head_roi,primary_full_target_density1
0.050795261038766394,0.03116409184823351,20,0.04089130546322477,hard,masked_mae,128,4,background,primary_full_target_density1
0.07899695081391311,0.06981111641263643,20,0.07443170783556163,hard,masked_mae,128,4,eyes,primary_full_target_density1
0.08793954941667156,0.07808931573628664,20,0.08294750346881338,hard,masked_mae,128,4,flame_supported,primary_full_target_density1
0.6522167749895753,0.518330636095241,20,0.5878959747429546,hard,masked_mae,128,4,flame_unsupported,primary_full_target_density1
0.2580743204422576,0.2043258881089692,20,0.23214932646410133,hard,masked_mae,128,4,foreground,primary_full_target_density1
0.16522325467034366,0.12912499173942021,20,0.14740300548525442,hard,masked_mae,128,4,full_frame,primary_full_target_density1
0.13140991303404592,0.10511747503753052,20,0.11829880959708308,hard,masked_mae,128,4,head_foreground,primary_full_target_density1
0.07533678135834758,0.06780379064886653,20,0.07149498564873773,hard,masked_mae,128,4,head_supported,primary_full_target_density1
0.5335193488153585,0.4216002211005532,20,0.47835400170381914,hard,masked_mae,128,4,head_unsupported,primary_full_target_density1
0.07678586004851311,0.06953108820315732,20,0.07328611247717544,hard,masked_mae,128,4,oral,primary_full_target_density1
0.5663356534270679,0.44312076954509955,20,0.5080473204607739,hard,masked_mae,128,4,torso_outside_head_roi,primary_full_target_density1
0.05154013543673859,0.030704011502076266,20,0.04072629008228507,hard,masked_mae,128,8,background,primary_full_target_density1
0.0810582519942061,0.0716896521979459,20,0.07639112445893467,hard,masked_mae,128,8,eyes,primary_full_target_density1
0.08696220903311236,0.07727837749239885,20,0.08200701108216521,hard,masked_mae,128,8,flame_supported,primary_full_target_density1
0.6529190357628656,0.5181122528580674,20,0.5876385792735201,hard,masked_mae,128,8,flame_unsupported,primary_full_target_density1
0.2607990395052332,0.2057454573020783,20,0.2338989754449337,hard,masked_mae,128,8,foreground,primary_full_target_density1
0.16645173981592254,0.12842487827007903,20,0.14734486070546238,hard,masked_mae,128,8,full_frame,primary_full_target_density1
0.12989543579599827,0.10362938696350492,20,0.11664214080197337,hard,masked_mae,128,8,head_foreground,primary_full_target_density1
0.0739642891688152,0.06671395634828439,20,0.07031361042897719,hard,masked_mae,128,8,head_supported,primary_full_target_density1
0.5298873089429923,0.4191229255502639,20,0.47492733056964165,hard,masked_mae,128,8,head_unsupported,primary_full_target_density1
0.07689437898232815,0.0700244498483966,20,0.07349135838889162,hard,masked_mae,128,8,oral,primary_full_target_density1
0.5663796367380992,0.4436969299227409,20,0.5073534020100591,hard,masked_mae,128,8,torso_outside_head_roi,primary_full_target_density1
0.07627588117431136,0.04329276315147049,20,0.05899100757774754,released,masked_mae,128,1,background,primary_full_target_density1
0.07885287099015661,0.06852596934489297,20,0.07367135494087196,released,masked_mae,128,1,eyes,primary_full_target_density1
0.10256827967427305,0.08809576259788447,20,0.09495490605498097,released,masked_mae,128,1,flame_supported,primary_full_target_density1
0.2634167621306563,0.19918009354477342,20,0.2295185734782709,released,masked_mae,128,1,flame_unsupported,primary_full_target_density1
0.145329017914539,0.12314982068434982,20,0.13378847293162388,released,masked_mae,128,1,foreground,primary_full_target_density1
0.10877037489698047,0.09075195606706547,20,0.09935606651405923,released,masked_mae,128,1,full_frame,primary_full_target_density1
0.11647115217452897,0.09886714289778106,20,0.10703617536709598,released,masked_mae,128,1,head_foreground,primary_full_target_density1
0.09853617604725552,0.08338506988985206,20,0.09049304928896461,released,masked_mae,128,1,head_supported,primary_full_target_density1
0.2721611331579441,0.2158289001743553,20,0.2427978079938547,released,masked_mae,128,1,head_unsupported,primary_full_target_density1
0.08438628796550002,0.07436518503817177,20,0.07935519860040215,released,masked_mae,128,1,oral,primary_full_target_density1
0.22584173216757034,0.1726281499498613,20,0.19855331820372352,released,masked_mae,128,1,torso_outside_head_roi,primary_full_target_density1
0.07946056152802485,0.04779041445211491,20,0.06309769593846416,released,masked_mae,128,4,background,primary_full_target_density1
0.07980828972907393,0.06936883484425152,20,0.07458772527642762,released,masked_mae,128,4,eyes,primary_full_target_density1
0.09372740280514986,0.08246912519803626,20,0.08804665406780769,released,masked_mae,128,4,flame_supported,primary_full_target_density1
0.25498172241388617,0.19880681141773762,20,0.22553509989858575,released,masked_mae,128,4,flame_unsupported,primary_full_target_density1
0.13786462242301775,0.11826162764210743,20,0.12807762010831697,released,masked_mae,128,4,foreground,primary_full_target_density1
0.10800349178940356,0.08987023818126176,20,0.09846979881558973,released,masked_mae,128,4,full_frame,primary_full_target_density1
0.1074128683110659,0.09383989174458994,20,0.10061877055725647,released,masked_mae,128,4,head_foreground,primary_full_target_density1
0.08946053558545528,0.07827474185010823,20,0.08374607516393454,released,masked_mae,128,4,head_supported,primary_full_target_density1
0.26721664825864133,0.21041593295287578,20,0.23774100442109428,released,masked_mae,128,4,head_unsupported,primary_full_target_density1
0.08339308621287292,0.07353670627285118,20,0.07862192938252233,released,masked_mae,128,4,oral,primary_full_target_density1
0.2194646594442176,0.17252237372789803,20,0.19552027516335602,released,masked_mae,128,4,torso_outside_head_roi,primary_full_target_density1
0.08096213758707073,0.048253649094057875,20,0.0639459740704212,released,masked_mae,128,8,background,primary_full_target_density1
0.08051435048351849,0.0702302007425265,20,0.07547203547113701,released,masked_mae,128,8,eyes,primary_full_target_density1
0.09332275289879716,0.08185537770613308,20,0.08746137488410491,released,masked_mae,128,8,flame_supported,primary_full_target_density1
0.24524133886488692,0.1933090504061598,20,0.2179578961685728,released,masked_mae,128,8,flame_unsupported,primary_full_target_density1
0.13565931906545783,0.11666248058899953,20,0.12620893915797432,released,masked_mae,128,8,foreground,primary_full_target_density1
0.10711346238636524,0.0883592910976465,20,0.0975101967824658,released,masked_mae,128,8,full_frame,primary_full_target_density1
0.10546423698665665,0.09230672317069895,20,0.09888429214112698,released,masked_mae,128,8,head_foreground,primary_full_target_density1
0.08877100039613574,0.07744977506934159,20,0.08293748602599527,released,masked_mae,128,8,head_supported,primary_full_target_density1
0.2523355362241448,0.2058097288631026,20,0.2283889744102562,released,masked_mae,128,8,head_unsupported,primary_full_target_density1
0.08350807286668882,0.0737076849880565,20,0.07861003069097097,released,masked_mae,128,8,oral,primary_full_target_density1
0.21431746596622242,0.16787490539758307,20,0.1905345219000259,released,masked_mae,128,8,torso_outside_head_roi,primary_full_target_density1
0.0763419655516993,0.047150950607015685,20,0.0614194478847699,adaptive,masked_mae,384,1,background,primary_full_target_density1
0.07469837049858512,0.06646285254162732,20,0.07053054777900854,adaptive,masked_mae,384,1,eyes,primary_full_target_density1
0.10056389520482896,0.08860797218881292,20,0.09441325577578864,adaptive,masked_mae,384,1,flame_supported,primary_full_target_density1
0.25905430129755164,0.2027141609876727,20,0.22958299729282666,adaptive,masked_mae,384,1,flame_unsupported,primary_full_target_density1
0.14225620074311124,0.1244458636815084,20,0.13350181876417178,adaptive,masked_mae,384,1,foreground,primary_full_target_density1
0.10822059179754312,0.09326593652765387,20,0.10058586220720629,adaptive,masked_mae,384,1,full_frame,primary_full_target_density1
0.11503162511826039,0.10105498294682648,20,0.10783007405567782,adaptive,masked_mae,384,1,head_foreground,primary_full_target_density1
0.09661089536294976,0.08382613459393251,20,0.09011791927424223,adaptive,masked_mae,384,1,head_supported,primary_full_target_density1
0.28707136623708784,0.22848132692001957,20,0.2579473668125677,adaptive,masked_mae,384,1,head_unsupported,primary_full_target_density1
0.08726606718389782,0.07626408633246552,20,0.0816701493834328,adaptive,masked_mae,384,1,oral,primary_full_target_density1
0.2186890479780207,0.17100677499391775,20,0.19459766070885245,adaptive,masked_mae,384,1,torso_outside_head_roi,primary_full_target_density1
0.07641062863021361,0.048732754879521265,20,0.06254703949883107,adaptive,masked_mae,384,4,background,primary_full_target_density1
0.07820392459293388,0.06935259216146243,20,0.0738524559582838,adaptive,masked_mae,384,4,eyes,primary_full_target_density1
0.09585474753623155,0.08450642586158576,20,0.08994962650472187,adaptive,masked_mae,384,4,flame_supported,primary_full_target_density1
0.2534229028692961,0.20344203618039156,20,0.22821515682969512,adaptive,masked_mae,384,4,flame_unsupported,primary_full_target_density1
0.13858742740930705,0.12176038154056164,20,0.13025864367442402,adaptive,masked_mae,384,4,foreground,primary_full_target_density1
0.10710120992076516,0.09233183682977442,20,0.09958691592606193,adaptive,masked_mae,384,4,full_frame,primary_full_target_density1
0.10921872552340103,0.0971689879533492,20,0.10328828109620465,adaptive,masked_mae,384,4,head_foreground,primary_full_target_density1
0.09165773912701847,0.08008184547481123,20,0.08571467235985308,adaptive,masked_mae,384,4,head_supported,primary_full_target_density1
0.28050097881255837,0.22409970672908405,20,0.25154804760931415,adaptive,masked_mae,384,4,head_unsupported,primary_full_target_density1
0.08654539530622112,0.07588472430165788,20,0.08099249870049399,adaptive,masked_mae,384,4,oral,primary_full_target_density1
0.2156078616697267,0.17508907533931153,20,0.19546167821530444,adaptive,masked_mae,384,4,torso_outside_head_roi,primary_full_target_density1
0.07653169013807672,0.04790730109831329,20,0.06212308570938132,adaptive,masked_mae,384,8,background,primary_full_target_density1
0.07885351656119939,0.06937692059713957,20,0.07409652564289647,adaptive,masked_mae,384,8,eyes,primary_full_target_density1
0.09569766978794836,0.08361194094531386,20,0.0893451457668614,adaptive,masked_mae,384,8,flame_supported,primary_full_target_density1
0.2458774796771078,0.20010377512668467,20,0.22242236459911355,adaptive,masked_mae,384,8,flame_unsupported,primary_full_target_density1
0.1375306357246723,0.12034238368405029,20,0.128916050412414,adaptive,masked_mae,384,8,foreground,primary_full_target_density1
0.10638983585574754,0.09071961315636339,20,0.09840856241801428,adaptive,masked_mae,384,8,full_frame,primary_full_target_density1
0.10786560536595793,0.09581187815235614,20,0.10194751647672493,adaptive,masked_mae,384,8,head_foreground,primary_full_target_density1
0.09074457837116943,0.07889722377240233,20,0.08475479511319713,adaptive,masked_mae,384,8,head_supported,primary_full_target_density1
0.27290843953820254,0.22186408341958538,20,0.24719714041338253,adaptive,masked_mae,384,8,head_unsupported,primary_full_target_density1
0.08650917763863845,0.0755212828333126,20,0.08073001789147718,adaptive,masked_mae,384,8,oral,primary_full_target_density1
0.21190094199906478,0.17124770907839887,20,0.19143664659191356,adaptive,masked_mae,384,8,torso_outside_head_roi,primary_full_target_density1
0.049546082157630886,0.030404532065551774,20,0.03967433374960896,hard,masked_mae,384,1,background,primary_full_target_density1
0.07716634299254557,0.0675849117468119,20,0.07241201422039495,hard,masked_mae,384,1,eyes,primary_full_target_density1
0.09554937886289906,0.08564549167864152,20,0.09065707803668077,hard,masked_mae,384,1,flame_supported,primary_full_target_density1
0.654843186356807,0.5187376262989516,20,0.5890317592410168,hard,masked_mae,384,1,flame_unsupported,primary_full_target_density1
0.2652724706137125,0.2099825435856836,20,0.23864446230042852,hard,masked_mae,384,1,foreground,primary_full_target_density1
0.1682394904958307,0.13079934839960217,20,0.14930083857040216,hard,masked_mae,384,1,full_frame,primary_full_target_density1
0.1407725939211916,0.11253872461208593,20,0.12641851846408733,hard,masked_mae,384,1,head_foreground,primary_full_target_density1
0.08454603305491915,0.07657157268612444,20,0.08052041171668561,hard,masked_mae,384,1,head_supported,primary_full_target_density1
0.5338988570517686,0.42296310066589854,20,0.47878408869154976,hard,masked_mae,384,1,head_unsupported,primary_full_target_density1
0.07836871700907821,0.07060966478446976,20,0.07460091419398156,hard,masked_mae,384,1,oral,primary_full_target_density1
0.5691901353609,0.44524458072558637,20,0.5098553256650752,hard,masked_mae,384,1,torso_outside_head_roi,primary_full_target_density1
0.05036562440810335,0.030965117970819522,20,0.04051050506109498,hard,masked_mae,384,4,background,primary_full_target_density1
0.07913972380109478,0.06951112312856057,20,0.07442138707808701,hard,masked_mae,384,4,eyes,primary_full_target_density1
0.08695854728034215,0.07734686122791984,20,0.08202409866939762,hard,masked_mae,384,4,flame_supported,primary_full_target_density1
0.6533668420696512,0.5189928523744318,20,0.5882064486793562,hard,masked_mae,384,4,flame_unsupported,primary_full_target_density1
0.25758051528039067,0.20492603192731404,20,0.23158602666981754,hard,masked_mae,384,4,foreground,primary_full_target_density1
0.16512421401968452,0.1283743817019178,20,0.146957584501298,hard,masked_mae,384,4,full_frame,primary_full_target_density1
0.1309733747001279,0.10461373532579392,20,0.11753327092529058,hard,masked_mae,384,4,head_foreground,primary_full_target_density1
0.07444604384688536,0.06688157835333693,20,0.07056206965348814,hard,masked_mae,384,4,head_supported,primary_full_target_density1
0.5348334964504254,0.4235532473838238,20,0.478881417458292,hard,masked_mae,384,4,head_unsupported,primary_full_target_density1
0.07643519667574773,0.06909058198521438,20,0.07278337311986385,hard,masked_mae,384,4,oral,primary_full_target_density1
0.5653482345337817,0.44433382150073053,20,0.5078464407297476,hard,masked_mae,384,4,torso_outside_head_roi,primary_full_target_density1
0.050967538656873576,0.030528886755828974,20,0.04046662977281006,hard,masked_mae,384,8,background,primary_full_target_density1
0.08112975397375485,0.07146160947068919,20,0.07623866114846908,hard,masked_mae,384,8,eyes,primary_full_target_density1
0.0860507744722861,0.07631479148360386,20,0.08110835927112463,hard,masked_mae,384,8,flame_supported,primary_full_target_density1
0.652866170073655,0.5167020040950052,20,0.5878538041842272,hard,masked_mae,384,8,flame_unsupported,primary_full_target_density1
0.25995541703591507,0.20564239810669657,20,0.23332789378772154,hard,masked_mae,384,8,foreground,primary_full_target_density1
0.1659316186247794,0.12835617550781792,20,0.14694682865431813,hard,masked_mae,384,8,full_frame,primary_full_target_density1
0.12930032297408564,0.10273143889556106,20,0.11585292115345705,hard,masked_mae,384,8,head_foreground,primary_full_target_density1
0.07303075093559301,0.06579645141638744,20,0.06938076931939305,hard,masked_mae,384,8,head_supported,primary_full_target_density1
0.5309179077219284,0.41923975565999155,20,0.4751614628863942,hard,masked_mae,384,8,head_unsupported,primary_full_target_density1
0.07617720985713722,0.06915585552774074,20,0.07273754822618517,hard,masked_mae,384,8,oral,primary_full_target_density1
0.5663088108554633,0.44334234680855644,20,0.5071543185420165,hard,masked_mae,384,8,torso_outside_head_roi,primary_full_target_density1
0.07139010850727481,0.04360224536511702,20,0.05679108672229131,released,masked_mae,384,1,background,primary_full_target_density1
0.07662016687595777,0.06899152961959823,20,0.07300007661864226,released,masked_mae,384,1,eyes,primary_full_target_density1
0.09838202389334329,0.0871260475887073,20,0.09267688401751306,released,masked_mae,384,1,flame_supported,primary_full_target_density1
0.2419345496958249,0.18605485135557215,20,0.21238711802330767,released,masked_mae,384,1,flame_unsupported,primary_full_target_density1
0.13682338362873167,0.11794437876888086,20,0.12743902891168304,released,masked_mae,384,1,foreground,primary_full_target_density1
0.10262655039778863,0.08794026950823108,20,0.09501836127877064,released,masked_mae,384,1,full_frame,primary_full_target_density1
0.11158339718084083,0.0975824230773564,20,0.10438876348104634,released,masked_mae,384,1,head_foreground,primary_full_target_density1
0.09493911890088393,0.08284648039929407,20,0.08868823442989476,released,masked_mae,384,1,head_supported,primary_full_target_density1
0.25553574670578544,0.2109480700423855,20,0.23323367129465825,released,masked_mae,384,1,head_unsupported,primary_full_target_density1
0.08601797659088578,0.07536816671631068,20,0.0807229888068948,released,masked_mae,384,1,oral,primary_full_target_density1
0.21111476692664036,0.15925208671874388,20,0.18408122099830515,released,masked_mae,384,1,torso_outside_head_roi,primary_full_target_density1
0.0714859698747906,0.046893883216892834,20,0.05896379407703585,released,masked_mae,384,4,background,primary_full_target_density1
0.07924295094479564,0.070388647450962,20,0.07496034744581437,released,masked_mae,384,4,eyes,primary_full_target_density1
0.09189875184253643,0.0809405971034549,20,0.08628012678200123,released,masked_mae,384,4,flame_supported,primary_full_target_density1
0.23357048287278445,0.1870107144052354,20,0.20964943816167855,released,masked_mae,384,4,flame_unsupported,primary_full_target_density1
0.13089154942165676,0.1138986588142263,20,0.12225903471296425,released,masked_mae,384,4,foreground,primary_full_target_density1
0.10084517834531923,0.086442167788224,20,0.09349438695868185,released,masked_mae,384,4,full_frame,primary_full_target_density1
0.10336503617177575,0.0915372139212558,20,0.09737945205152511,released,masked_mae,384,4,head_foreground,primary_full_target_density1
0.0875143565642544,0.0768705714679538,20,0.08199721144088834,released,masked_mae,384,4,head_supported,primary_full_target_density1
0.24980812291904209,0.20259886624293136,20,0.22505217825662066,released,masked_mae,384,4,head_unsupported,primary_full_target_density1
0.08536823729105411,0.07493338794501549,20,0.08011143737580162,released,masked_mae,384,4,oral,primary_full_target_density1
0.20678660446467903,0.16318426000139974,20,0.18434035973789226,released,masked_mae,384,4,torso_outside_head_roi,primary_full_target_density1
0.07469907976686256,0.048036398632831705,20,0.06080348822004469,released,masked_mae,384,8,background,primary_full_target_density1
0.08083933901650248,0.07188649082085607,20,0.0764678531299476,released,masked_mae,384,8,eyes,primary_full_target_density1
0.09218523849538905,0.08067897102056952,20,0.08620705670800273,released,masked_mae,384,8,flame_supported,primary_full_target_density1
0.2246335595760933,0.18143767169642583,20,0.20257521661689376,released,masked_mae,384,8,flame_unsupported,primary_full_target_density1
0.12994239652980738,0.11217193789626402,20,0.12094159845331601,released,masked_mae,384,8,foreground,primary_full_target_density1
0.10159817471326171,0.08572531129804697,20,0.09333555889336062,released,masked_mae,384,8,full_frame,primary_full_target_density1
0.10223230182195986,0.09050548001354466,20,0.09646501702770058,released,masked_mae,384,8,head_foreground,primary_full_target_density1
0.08740194940717473,0.07644739857601852,20,0.08176176390681879,released,masked_mae,384,8,head_supported,primary_full_target_density1
0.23798606948192635,0.1996744880633716,20,0.2183495625080793,released,masked_mae,384,8,head_unsupported,primary_full_target_density1
0.0856819616093276,0.07496186307218075,20,0.08027602550531429,released,masked_mae,384,8,oral,primary_full_target_density1
0.2010267087214368,0.15807576559405925,20,0.17940382270560523,released,masked_mae,384,8,torso_outside_head_roi,primary_full_target_density1
0.5618108677597982,0.5115798030900103,20,0.5354243927768297,adaptive,ssim,8,1,full_frame,full_target_density2
0.5720705739149089,0.5154227560803746,20,0.5433458689035792,adaptive,ssim,8,4,full_frame,full_target_density2
0.5767616180543388,0.5185597676482229,20,0.5469934911245391,adaptive,ssim,8,8,full_frame,full_target_density2
0.5725976051771571,0.5234927223986459,20,0.5473029294539066,hard,ssim,8,1,full_frame,full_target_density2
0.5866741139622347,0.538467323995675,20,0.5622066986831752,hard,ssim,8,4,full_frame,full_target_density2
0.5948916905816821,0.5438689507508562,20,0.5685451083949634,hard,ssim,8,8,full_frame,full_target_density2
0.5575168378526966,0.5067735908171606,20,0.5311386294662952,released,ssim,8,1,full_frame,full_target_density2
0.5710440989041871,0.513109115283146,20,0.5408873996499812,released,ssim,8,4,full_frame,full_target_density2
0.5776602585720163,0.5181259540220101,20,0.5465197187094463,released,ssim,8,8,full_frame,full_target_density2
0.5910577424393877,0.5423710670792277,20,0.5655241865487326,adaptive,ssim,384,1,full_frame,full_target_density2
0.5973581243216087,0.5479432009137941,20,0.5718013960755233,adaptive,ssim,384,4,full_frame,full_target_density2
0.6015317224604743,0.5492251679939882,20,0.5743077956494831,adaptive,ssim,384,8,full_frame,full_target_density2
0.5825436636007257,0.532045296257628,20,0.5566309654641719,hard,ssim,384,1,full_frame,full_target_density2
0.6008396796825709,0.5503808296663742,20,0.574931587323998,hard,ssim,384,4,full_frame,full_target_density2
0.6064769982972315,0.5534030122150269,20,0.5795257522236734,hard,ssim,384,8,full_frame,full_target_density2
0.5977504221163691,0.5466332589967974,20,0.5712355393738975,released,ssim,384,1,full_frame,full_target_density2
0.6089921812521237,0.5564001971054257,20,0.582025636326183,released,ssim,384,4,full_frame,full_target_density2
0.6091345294635921,0.5553240802014867,20,0.5815617755055429,released,ssim,384,8,full_frame,full_target_density2
0.5957681689668625,0.5467671314857545,20,0.5710951700451828,adaptive,ssim,8,1,full_frame,head_target_density1
0.6041249189954816,0.5550494557686828,20,0.57909484663696,adaptive,ssim,8,4,full_frame,head_target_density1
0.6103147167925324,0.5592918802531701,20,0.5839955907492411,adaptive,ssim,8,8,full_frame,head_target_density1
0.5670251953078523,0.5192711551549535,20,0.54292584320619,hard,ssim,8,1,full_frame,head_target_density1
0.580927353018161,0.5336340098986121,20,0.5569012347495917,hard,ssim,8,4,full_frame,head_target_density1
0.5889333337261564,0.5366382671945861,20,0.5622391651074092,hard,ssim,8,8,full_frame,head_target_density1
0.5937478455510877,0.5460171248134048,20,0.5693871179861683,released,ssim,8,1,full_frame,head_target_density1
0.6027317006366724,0.5544226729169939,20,0.5782214986555504,released,ssim,8,4,full_frame,head_target_density1
0.6090494542639879,0.5592401502795872,20,0.5838575863412447,released,ssim,8,8,full_frame,head_target_density1
0.6047480273299983,0.5522442880059991,20,0.5776801490357943,adaptive,ssim,384,1,full_frame,head_target_density1
0.6127970588760394,0.5627260659725377,20,0.5870838699918804,adaptive,ssim,384,4,full_frame,head_target_density1
0.6146826395924602,0.5625671183087286,20,0.5873618383492742,adaptive,ssim,384,8,full_frame,head_target_density1
0.5741113597660191,0.5246755079454964,20,0.5490464281822954,hard,ssim,384,1,full_frame,head_target_density1
0.5874594869227572,0.538827304529647,20,0.5629167984832417,hard,ssim,384,4,full_frame,head_target_density1
0.5936012291624433,0.5425061260536312,20,0.5672471408333097,hard,ssim,384,8,full_frame,head_target_density1
0.6193409080377648,0.5627696993015707,20,0.590310808803354,released,ssim,384,1,full_frame,head_target_density1
0.6355279715472099,0.5846832405674186,20,0.6091487872781176,released,ssim,384,4,full_frame,head_target_density1
0.6361293437952795,0.5851461681900989,20,0.6095364928245546,released,ssim,384,8,full_frame,head_target_density1
0.5409444938564584,0.4917839283496142,20,0.5155517170471804,adaptive,ssim,8,1,full_frame,primary_full_target_density1
0.5461181105108878,0.4892191697442622,20,0.5167938247774588,adaptive,ssim,8,4,full_frame,primary_full_target_density1
0.5502722298300693,0.4929486589914276,20,0.5207826739975384,adaptive,ssim,8,8,full_frame,primary_full_target_density1
0.5672405352212844,0.5179201239569202,20,0.542326590099505,hard,ssim,8,1,full_frame,primary_full_target_density1
0.5803239191944398,0.5323940360681578,20,0.5561640417485527,hard,ssim,8,4,full_frame,primary_full_target_density1
0.5875114293290037,0.53666058684034,20,0.5618600900684083,hard,ssim,8,8,full_frame,primary_full_target_density1
0.5374803737063139,0.4861511415447153,20,0.5109493574216253,released,ssim,8,1,full_frame,primary_full_target_density1
0.5441142395928953,0.4860801071921985,20,0.5144926811257997,released,ssim,8,4,full_frame,primary_full_target_density1
0.5503802253483308,0.4901379028033643,20,0.5196790304921923,released,ssim,8,8,full_frame,primary_full_target_density1
0.5448457359549189,0.49402993884735874,20,0.5191961461944239,adaptive,ssim,32,1,full_frame,primary_full_target_density1
0.5458546732682171,0.49508696200946967,20,0.520184410115083,adaptive,ssim,32,4,full_frame,primary_full_target_density1
0.5509044176393323,0.4967986077052497,20,0.5236543348857334,adaptive,ssim,32,8,full_frame,primary_full_target_density1
0.5707182866769532,0.5204104302255881,20,0.5450695218074889,hard,ssim,32,1,full_frame,primary_full_target_density1
0.5846114967469916,0.5353826982494104,20,0.5595695496057019,hard,ssim,32,4,full_frame,primary_full_target_density1
0.5911354190394991,0.53858675381967,20,0.564372263423034,hard,ssim,32,8,full_frame,primary_full_target_density1
0.5561989289628609,0.5040178869975109,20,0.5299951832209315,released,ssim,32,1,full_frame,primary_full_target_density1
0.5577615466386533,0.505309237069027,20,0.5313681414633087,released,ssim,32,4,full_frame,primary_full_target_density1
0.5615693732705855,0.50816596152527,20,0.5347171227137248,released,ssim,32,8,full_frame,primary_full_target_density1
0.5624546871893108,0.5081708958505521,20,0.5345703004371553,adaptive,ssim,128,1,full_frame,primary_full_target_density1
0.5578673417324369,0.5036957796922688,20,0.5304740053234676,adaptive,ssim,128,4,full_frame,primary_full_target_density1
0.5634736530855298,0.5075388807945308,20,0.5352256593959671,adaptive,ssim,128,8,full_frame,primary_full_target_density1
0.5717287323091711,0.5218805005064323,20,0.546013374307326,hard,ssim,128,1,full_frame,primary_full_target_density1
0.5861732725426555,0.5370756607536565,20,0.5609772956280998,hard,ssim,128,4,full_frame,primary_full_target_density1
0.5919921375545008,0.5388070017862179,20,0.5655080033200128,hard,ssim,128,8,full_frame,primary_full_target_density1
0.5736622551828624,0.5180965929105877,20,0.5451331391575789,released,ssim,128,1,full_frame,primary_full_target_density1
0.5728042111997351,0.514931341366786,20,0.5433759856856231,released,ssim,128,4,full_frame,primary_full_target_density1
0.5765842340088316,0.5155079850217417,20,0.5455559692212513,released,ssim,128,8,full_frame,primary_full_target_density1
0.5609785862772594,0.50931409697891,20,0.5348580989454474,adaptive,ssim,384,1,full_frame,primary_full_target_density1
0.5609441728562568,0.5077452668784694,20,0.5340085459026422,adaptive,ssim,384,4,full_frame,primary_full_target_density1
0.5641079426024642,0.5097129740849848,20,0.5366596336166064,adaptive,ssim,384,8,full_frame,primary_full_target_density1
0.5733747084412191,0.5221833559711064,20,0.5475581625742573,hard,ssim,384,1,full_frame,primary_full_target_density1
0.5878395256321086,0.5391052134922056,20,0.5627012159336696,hard,ssim,384,4,full_frame,primary_full_target_density1
0.594651924318501,0.5422134136550484,20,0.5673282655931654,hard,ssim,384,8,full_frame,primary_full_target_density1
0.5750146614210236,0.5285511276445218,20,0.5517050087097146,released,ssim,384,1,full_frame,primary_full_target_density1
0.5775418783961371,0.5291826649506887,20,0.5525991625406524,released,ssim,384,4,full_frame,primary_full_target_density1
0.5769979244257722,0.5271129313732186,20,0.5516899141527356,released,ssim,384,8,full_frame,primary_full_target_density1
0.20645025088896926,0.17231787730173886,20,0.1889135429944025,adaptive,lpips_alex_spatial,8,1,background,full_target_density2
0.201012033309135,0.17110164545403345,20,0.18496419647583306,adaptive,lpips_alex_spatial,8,1,eyes,full_target_density2
0.29725009585659806,0.26443827920272067,20,0.28023732590675243,adaptive,lpips_alex_spatial,8,1,flame_supported,full_target_density2
0.4611456240172266,0.4002910655200484,20,0.43136711854876875,adaptive,lpips_alex_spatial,8,1,flame_unsupported,full_target_density2
0.3472753180436091,0.31108885458452784,20,0.3289693793226436,adaptive,lpips_alex_spatial,8,1,foreground,full_target_density2
0.28271477031340075,0.25107678429937214,20,0.2674871030694994,adaptive,lpips_alex_spatial,8,1,full_frame,full_target_density2
0.27346037402234685,0.23906867184855624,20,0.25582363336903197,adaptive,lpips_alex_spatial,8,1,head_foreground,full_target_density2
0.2710396341527857,0.2387793214151872,20,0.2543132287881134,adaptive,lpips_alex_spatial,8,1,head_supported,full_target_density2
0.2963987456609204,0.2364440534821568,20,0.2667297694681253,adaptive,lpips_alex_spatial,8,1,head_unsupported,full_target_density2
0.240661444420805,0.20979599320247586,20,0.22492140795975796,adaptive,lpips_alex_spatial,8,1,oral,full_target_density2
0.5207971628598058,0.46388051434547856,20,0.49367105380905263,adaptive,lpips_alex_spatial,8,1,torso_outside_head_roi,full_target_density2
0.19993358430510366,0.16471403870877202,20,0.18186341136851397,adaptive,lpips_alex_spatial,8,4,background,full_target_density2
0.19043683801282874,0.16018076551259272,20,0.17425696209690714,adaptive,lpips_alex_spatial,8,4,eyes,full_target_density2
0.2824954250079883,0.2478617351551223,20,0.26483542942126426,adaptive,lpips_alex_spatial,8,4,flame_supported,full_target_density2
0.4658351721264943,0.38234604728677407,20,0.42449815308901445,adaptive,lpips_alex_spatial,8,4,flame_unsupported,full_target_density2
0.3396270852734295,0.2928239202811978,20,0.3165171732242033,adaptive,lpips_alex_spatial,8,4,foreground,full_target_density2
0.2769491954357171,0.23767927127928776,20,0.2584252339585097,adaptive,lpips_alex_spatial,8,4,full_frame,full_target_density2
0.2565085070718746,0.22258486432250266,20,0.23910400628475653,adaptive,lpips_alex_spatial,8,4,head_foreground,full_target_density2
0.2545413221382606,0.2211120496214372,20,0.23725436240857647,adaptive,lpips_alex_spatial,8,4,head_supported,full_target_density2
0.28536300373220264,0.22622031893543018,20,0.25596921823685015,adaptive,lpips_alex_spatial,8,4,head_unsupported,full_target_density2
0.2328561714265629,0.20213955699272107,20,0.2168482517431812,adaptive,lpips_alex_spatial,8,4,oral,full_target_density2
0.5251040862626738,0.44543284848351955,20,0.48524192822393236,adaptive,lpips_alex_spatial,8,4,torso_outside_head_roi,full_target_density2
0.19459560844856738,0.15935628198802904,20,0.17642890244982262,adaptive,lpips_alex_spatial,8,8,background,full_target_density2
0.189377467106306,0.1581726138601842,20,0.17302870818238608,adaptive,lpips_alex_spatial,8,8,eyes,full_target_density2
0.2779489418237249,0.2433602210376089,20,0.26006978447834517,adaptive,lpips_alex_spatial,8,8,flame_supported,full_target_density2
0.4611601773414545,0.3763446237410824,20,0.419063751448815,adaptive,lpips_alex_spatial,8,8,flame_unsupported,full_target_density2
0.3363171557295341,0.2878411386029627,20,0.3122353390437566,adaptive,lpips_alex_spatial,8,8,foreground,full_target_density2
0.27226577762659493,0.23296579892501174,20,0.2529606317544912,adaptive,lpips_alex_spatial,8,8,full_frame,full_target_density2
0.2514159949831156,0.21562307587318932,20,0.23303030288184293,adaptive,lpips_alex_spatial,8,8,head_foreground,full_target_density2
0.25016405884695936,0.21442849983594697,20,0.23143992847774034,adaptive,lpips_alex_spatial,8,8,head_supported,full_target_density2
0.27880345774755505,0.2185184635321035,20,0.24861402709857053,adaptive,lpips_alex_spatial,8,8,head_unsupported,full_target_density2
0.23910089824081301,0.20213999364707527,20,0.22014719547523248,adaptive,lpips_alex_spatial,8,8,oral,full_target_density2
0.5176613386006753,0.43837472544386513,20,0.4788775461047098,adaptive,lpips_alex_spatial,8,8,torso_outside_head_roi,full_target_density2
0.17258189254227296,0.15478877120649032,20,0.1636019666250284,hard,lpips_alex_spatial,8,1,background,full_target_density2
0.18788198117080418,0.1614148686533689,20,0.17374965457054378,hard,lpips_alex_spatial,8,1,eyes,full_target_density2
0.2521273541606676,0.21613989894182253,20,0.23318056279873473,hard,lpips_alex_spatial,8,1,flame_supported,full_target_density2
0.48238389111594715,0.38590103583542673,20,0.43326685398133585,hard,lpips_alex_spatial,8,1,flame_unsupported,full_target_density2
0.3257461802531096,0.2728845078204825,20,0.2987743793064073,hard,lpips_alex_spatial,8,1,foreground,full_target_density2
0.2587558194256319,0.22187342794200815,20,0.24013737318835732,hard,lpips_alex_spatial,8,1,full_frame,full_target_density2
0.23284712281567604,0.1969919088987633,20,0.2141123153060452,hard,lpips_alex_spatial,8,1,head_foreground,full_target_density2
0.22997397277060325,0.19584522837759175,20,0.21214170411455102,hard,lpips_alex_spatial,8,1,head_supported,full_target_density2
0.2548228464960349,0.1951771421629855,20,0.22488817727095559,hard,lpips_alex_spatial,8,1,head_unsupported,full_target_density2
0.2086496325093209,0.17763669091393222,20,0.19226871690492614,hard,lpips_alex_spatial,8,1,oral,full_target_density2
0.5213234314320819,0.4364354082879639,20,0.47853158021836145,hard,lpips_alex_spatial,8,1,torso_outside_head_roi,full_target_density2
0.17247458115807762,0.15381327240595863,20,0.1631223798111121,hard,lpips_alex_spatial,8,4,background,full_target_density2
0.18588101251106223,0.15945970193676043,20,0.17192706456921644,hard,lpips_alex_spatial,8,4,eyes,full_target_density2
0.24455622543899613,0.20827788643808076,20,0.22552994712219934,hard,lpips_alex_spatial,8,4,flame_supported,full_target_density2
0.4802577997155566,0.38513543477950146,20,0.43183838831687665,hard,lpips_alex_spatial,8,4,flame_unsupported,full_target_density2
0.31985696205527636,0.2660230104537807,20,0.29244467828438275,hard,lpips_alex_spatial,8,4,foreground,full_target_density2
0.2557058551201479,0.21924378831196098,20,0.2371866365930594,hard,lpips_alex_spatial,8,4,full_frame,full_target_density2
0.22505126542379736,0.1877056058301231,20,0.20559881651348041,hard,lpips_alex_spatial,8,4,head_foreground,full_target_density2
0.22219342692371574,0.18603745434372798,20,0.20330816864825046,hard,lpips_alex_spatial,8,4,head_supported,full_target_density2
0.2492271804439821,0.1888822995137903,20,0.21927662996466749,hard,lpips_alex_spatial,8,4,head_unsupported,full_target_density2
0.2077066561701575,0.17323090714930736,20,0.18929580469617793,hard,lpips_alex_spatial,8,4,oral,full_target_density2
0.5194140657879786,0.43549841022671787,20,0.477227505932971,hard,lpips_alex_spatial,8,4,torso_outside_head_roi,full_target_density2
0.17160738444077364,0.15146525620637252,20,0.1612442712241993,hard,lpips_alex_spatial,8,8,background,full_target_density2
0.18514346377850982,0.15707092654850818,20,0.17015964044297824,hard,lpips_alex_spatial,8,8,eyes,full_target_density2
0.24332628627678185,0.20317822318925122,20,0.22235777831764558,hard,lpips_alex_spatial,8,8,flame_supported,full_target_density2
0.48260019160071027,0.3836720339435711,20,0.4316022070329935,hard,lpips_alex_spatial,8,8,flame_unsupported,full_target_density2
0.3202697211625927,0.2621725971366649,20,0.29093308596979506,hard,lpips_alex_spatial,8,8,foreground,full_target_density2
0.25477938645781373,0.21474429782915425,20,0.23475852342911097,hard,lpips_alex_spatial,8,8,full_frame,full_target_density2
0.22255367697902362,0.18281632439445109,20,0.2020793341778732,hard,lpips_alex_spatial,8,8,head_foreground,full_target_density2
0.22062373084250464,0.18132751754756585,20,0.1998284116335284,hard,lpips_alex_spatial,8,8,head_supported,full_target_density2
0.24585140600467556,0.1865444839524355,20,0.21682722829070813,hard,lpips_alex_spatial,8,8,head_unsupported,full_target_density2
0.2144881242383581,0.17502088340287433,20,0.19319778784898217,hard,lpips_alex_spatial,8,8,oral,full_target_density2
0.5176203278205322,0.430543302643929,20,0.4739695402298719,hard,lpips_alex_spatial,8,8,torso_outside_head_roi,full_target_density2
0.2095977573893486,0.17862622510870507,20,0.1934672128833442,released,lpips_alex_spatial,8,1,background,full_target_density2
0.2120113240137173,0.1816162223588433,20,0.19590661480407684,released,lpips_alex_spatial,8,1,eyes,full_target_density2
0.2991279436132178,0.266332340752935,20,0.2822170980325721,released,lpips_alex_spatial,8,1,flame_supported,full_target_density2
0.47175802724147853,0.4083271375425438,20,0.4397021986598082,released,lpips_alex_spatial,8,1,flame_unsupported,full_target_density2
0.3521428963443596,0.31442367097877927,20,0.3329211654495346,released,lpips_alex_spatial,8,1,foreground,full_target_density2
0.2870187586336296,0.2568401449034998,20,0.2720696835677861,released,lpips_alex_spatial,8,1,full_frame,full_target_density2
0.27655574290789053,0.2419116497275194,20,0.2586587149752143,released,lpips_alex_spatial,8,1,head_foreground,full_target_density2
0.2742664562441374,0.24104218478222383,20,0.2566492388124821,released,lpips_alex_spatial,8,1,head_supported,full_target_density2
0.3038501574143621,0.24330470596011583,20,0.27339583404201484,released,lpips_alex_spatial,8,1,head_unsupported,full_target_density2
0.24883393779351634,0.21447747800654715,20,0.23116877849462783,released,lpips_alex_spatial,8,1,oral,full_target_density2
0.5249850623416185,0.4714695559471688,20,0.4989524122064333,released,lpips_alex_spatial,8,1,torso_outside_head_roi,full_target_density2
0.19923156655627827,0.16601499145094523,20,0.18228358511754625,released,lpips_alex_spatial,8,4,background,full_target_density2
0.1960925705142474,0.16361635214693604,20,0.17882716406044574,released,lpips_alex_spatial,8,4,eyes,full_target_density2
0.28050165882133665,0.24557220867941784,20,0.2624449314577781,released,lpips_alex_spatial,8,4,flame_supported,full_target_density2
0.4654093535980876,0.3890389483651837,20,0.42766520585422513,released,lpips_alex_spatial,8,4,flame_unsupported,full_target_density2
0.33750569504696554,0.29282194686040147,20,0.31544857940767057,released,lpips_alex_spatial,8,4,foreground,full_target_density2
0.27583617823100937,0.239569193039387,20,0.25817623094093706,released,lpips_alex_spatial,8,4,full_frame,full_target_density2
0.2565296666072065,0.22024906528850005,20,0.23755858674934416,released,lpips_alex_spatial,8,4,head_foreground,full_target_density2
0.2530466967955334,0.21820138179870882,20,0.23505749440229842,released,lpips_alex_spatial,8,4,head_supported,full_target_density2
0.28931220376512967,0.2285756645638521,20,0.2589634090841785,released,lpips_alex_spatial,8,4,head_unsupported,full_target_density2
0.23574175517154408,0.20124006708513723,20,0.21763286546534277,released,lpips_alex_spatial,8,4,oral,full_target_density2
0.5192049596072694,0.4516749898459041,20,0.4858259633033666,released,lpips_alex_spatial,8,4,torso_outside_head_roi,full_target_density2
0.19461899094347568,0.16096437072365274,20,0.17739132985268108,released,lpips_alex_spatial,8,8,background,full_target_density2
0.19362339908028897,0.16186809831778826,20,0.17668963290412404,released,lpips_alex_spatial,8,8,eyes,full_target_density2
0.27801566356195734,0.2420302802495512,20,0.2591124938580557,released,lpips_alex_spatial,8,8,flame_supported,full_target_density2
0.4630574781211592,0.3841739151237246,20,0.4228156344388645,released,lpips_alex_spatial,8,8,flame_unsupported,full_target_density2
0.3358102868092791,0.2897986429243961,20,0.31257177208753223,released,lpips_alex_spatial,8,8,foreground,full_target_density2
0.27160489778240005,0.23445371674639837,20,0.2536958674847821,released,lpips_alex_spatial,8,8,full_frame,full_target_density2
0.25170722088743924,0.2149889728041185,20,0.23267710096228528,released,lpips_alex_spatial,8,8,head_foreground,full_target_density2
0.24921940820110822,0.21345498999380433,20,0.23050929710300086,released,lpips_alex_spatial,8,8,head_supported,full_target_density2
0.2838034926784996,0.2221813785601449,20,0.2531753564639375,released,lpips_alex_spatial,8,8,head_unsupported,full_target_density2
0.24227714086552546,0.20291569080941285,20,0.22152459402707697,released,lpips_alex_spatial,8,8,oral,full_target_density2
0.513095618969641,0.4462460872505298,20,0.48042518561998104,released,lpips_alex_spatial,8,8,torso_outside_head_roi,full_target_density2
0.17336875551191283,0.14801358828123606,20,0.16096982714281555,adaptive,lpips_alex_spatial,384,1,background,full_target_density2
0.19158991163995018,0.16197445615178216,20,0.1758114788533269,adaptive,lpips_alex_spatial,384,1,eyes,full_target_density2
0.28133786538098043,0.24154500407357588,20,0.26022656996680255,adaptive,lpips_alex_spatial,384,1,flame_supported,full_target_density2
0.42097647036556424,0.3512296857335398,20,0.3847635016564337,adaptive,lpips_alex_spatial,384,1,flame_unsupported,full_target_density2
0.32346601688824833,0.27893827430870766,20,0.3011303905898507,adaptive,lpips_alex_spatial,384,1,foreground,full_target_density2
0.2559296100506019,0.22337118273463863,20,0.23952615325585072,adaptive,lpips_alex_spatial,384,1,full_frame,full_target_density2
0.2569683613029603,0.21788122872937557,20,0.23639324912979887,adaptive,lpips_alex_spatial,384,1,head_foreground,full_target_density2
0.2561203090504857,0.21795946474281128,20,0.23577656215780154,adaptive,lpips_alex_spatial,384,1,head_supported,full_target_density2
0.27228413546925406,0.20891900539462177,20,0.23986709970933284,adaptive,lpips_alex_spatial,384,1,head_unsupported,full_target_density2
0.22899919007406064,0.19313209540172763,20,0.21012608537632857,adaptive,lpips_alex_spatial,384,1,oral,full_target_density2
0.47210699434795583,0.40789092520237136,20,0.4392693371853026,adaptive,lpips_alex_spatial,384,1,torso_outside_head_roi,full_target_density2
0.16903180484893257,0.1450801117027435,20,0.15702819516316263,adaptive,lpips_alex_spatial,384,4,background,full_target_density2
0.18608597227693635,0.15387613110432524,20,0.16930082751414213,adaptive,lpips_alex_spatial,384,4,eyes,full_target_density2
0.2713397763687564,0.22930169423048719,20,0.24888076077127522,adaptive,lpips_alex_spatial,384,4,flame_supported,full_target_density2
0.41834390930194576,0.3470222159116771,20,0.3813442874106644,adaptive,lpips_alex_spatial,384,4,flame_unsupported,full_target_density2
0.3150860879949792,0.2696725920644811,20,0.29172623907954137,adaptive,lpips_alex_spatial,384,4,foreground,full_target_density2
0.2501348162826263,0.21734971821226032,20,0.23346566229483967,adaptive,lpips_alex_spatial,384,4,full_frame,full_target_density2
0.2457556231036628,0.2043970252248511,20,0.22409003950039116,adaptive,lpips_alex_spatial,384,4,head_foreground,full_target_density2
0.24558590111058048,0.20395603349722172,20,0.22343527900672702,adaptive,lpips_alex_spatial,384,4,head_supported,full_target_density2
0.26045602878016655,0.19901971762935936,20,0.22904151420188607,adaptive,lpips_alex_spatial,384,4,head_unsupported,full_target_density2
0.22206347634765797,0.18420904622111026,20,0.2022619249550585,adaptive,lpips_alex_spatial,384,4,oral,full_target_density2
0.469279511482628,0.40339199541500337,20,0.43616010440365105,adaptive,lpips_alex_spatial,384,4,torso_outside_head_roi,full_target_density2
0.16422717716124666,0.13874270831619576,20,0.15166274633853163,adaptive,lpips_alex_spatial,384,8,background,full_target_density2
0.18389159714095873,0.15269903299035578,20,0.1674844350478248,adaptive,lpips_alex_spatial,384,8,eyes,full_target_density2
0.2685999397241917,0.22551183642947653,20,0.24540669770255502,adaptive,lpips_alex_spatial,384,8,flame_supported,full_target_density2
0.4142624507429775,0.34366936755618666,20,0.37798768741456845,adaptive,lpips_alex_spatial,384,8,flame_unsupported,full_target_density2
0.3125120393084116,0.26610855933547034,20,0.2888744660747939,adaptive,lpips_alex_spatial,384,8,foreground,full_target_density2
0.24647869382263266,0.21257801839735085,20,0.2287641330456837,adaptive,lpips_alex_spatial,384,8,full_frame,full_target_density2
0.24168748065441234,0.19832973021918068,20,0.21912561874331643,adaptive,lpips_alex_spatial,384,8,head_foreground,full_target_density2
0.24149424630460423,0.19859956091593634,20,0.21892228567806474,adaptive,lpips_alex_spatial,384,8,head_supported,full_target_density2
0.2530885841429639,0.19229339726281372,20,0.2215313308182861,adaptive,lpips_alex_spatial,384,8,head_unsupported,full_target_density2
0.2278053902141905,0.18491110132911012,20,0.20538405218283415,adaptive,lpips_alex_spatial,384,8,oral,full_target_density2
0.4656954109647237,0.40031419030461074,20,0.4331922904275934,adaptive,lpips_alex_spatial,384,8,torso_outside_head_roi,full_target_density2
0.174058969891066,0.15418351865875235,20,0.16436529637856678,hard,lpips_alex_spatial,384,1,background,full_target_density2
0.19616221841500925,0.16718354945733271,20,0.18118322291293038,hard,lpips_alex_spatial,384,1,eyes,full_target_density2
0.25274187016588995,0.21476678165878232,20,0.23295060936595338,hard,lpips_alex_spatial,384,1,flame_supported,full_target_density2
0.48130670373728557,0.3836000086859936,20,0.4317349416494163,hard,lpips_alex_spatial,384,1,flame_unsupported,full_target_density2
0.32612245941658946,0.2700653459259608,20,0.29820094606149405,hard,lpips_alex_spatial,384,1,foreground,full_target_density2
0.2594973214341577,0.22058091309582775,20,0.24004260295139251,hard,lpips_alex_spatial,384,1,full_frame,full_target_density2
0.23313542647775842,0.1959141677116845,20,0.21414119890904998,hard,lpips_alex_spatial,384,1,head_foreground,full_target_density2
0.23182086897149531,0.19496150647071417,20,0.21232158953458877,hard,lpips_alex_spatial,384,1,head_supported,full_target_density2
0.2525568742084563,0.19329098982699264,20,0.22314089039993337,hard,lpips_alex_spatial,384,1,head_unsupported,full_target_density2
0.2167002640828788,0.1870894896479109,20,0.20113530630549534,hard,lpips_alex_spatial,384,1,oral,full_target_density2
0.519363915563737,0.43171715863172655,20,0.4759348502452644,hard,lpips_alex_spatial,384,1,torso_outside_head_roi,full_target_density2
0.1714548660707267,0.15161088606958872,20,0.16141751292460899,hard,lpips_alex_spatial,384,4,background,full_target_density2
0.18797571685688486,0.16276171277005094,20,0.1747614522662994,hard,lpips_alex_spatial,384,4,eyes,full_target_density2
0.24077045882011536,0.2035481216283838,20,0.22142547005734156,hard,lpips_alex_spatial,384,4,flame_supported,full_target_density2
0.47661471972322655,0.3815661619784664,20,0.4279943331274433,hard,lpips_alex_spatial,384,4,flame_unsupported,full_target_density2
0.315676347827531,0.2610984831347113,20,0.2883737644659518,hard,lpips_alex_spatial,384,4,foreground,full_target_density2
0.2532235585029953,0.21564776630441015,20,0.23404386764387125,hard,lpips_alex_spatial,384,4,full_frame,full_target_density2
0.2207197671714226,0.18361919280291747,20,0.2015666207539557,hard,lpips_alex_spatial,384,4,head_foreground,full_target_density2
0.21892663414969823,0.18220272522227055,20,0.19937167637343708,hard,lpips_alex_spatial,384,4,head_supported,full_target_density2
0.2438502735211962,0.18408943298796288,20,0.21401088362939635,hard,lpips_alex_spatial,384,4,head_unsupported,full_target_density2
0.20810523571037917,0.17613947632225768,20,0.1912897357937483,hard,lpips_alex_spatial,384,4,oral,full_target_density2
0.5150506387958159,0.43041193889838647,20,0.47314003171773644,hard,lpips_alex_spatial,384,4,torso_outside_head_roi,full_target_density2
0.17162034509942278,0.15034738327655447,20,0.16056794535861563,hard,lpips_alex_spatial,384,8,background,full_target_density2
0.1869193048835892,0.15985836404004983,20,0.17290974332440445,hard,lpips_alex_spatial,384,8,eyes,full_target_density2
0.24053654847594283,0.20033521785096087,20,0.21951014274334119,hard,lpips_alex_spatial,384,8,flame_supported,full_target_density2
0.47884102583061594,0.37997831540654686,20,0.4285001284299369,hard,lpips_alex_spatial,384,8,flame_unsupported,full_target_density2
0.31697059042850134,0.25915020682763906,20,0.2880011231963948,hard,lpips_alex_spatial,384,8,foreground,full_target_density2
0.25334905818556297,0.21235999946599404,20,0.23275509388931903,hard,lpips_alex_spatial,384,8,full_frame,full_target_density2
0.21996031749416253,0.1796371375612269,20,0.1993808317377047,hard,lpips_alex_spatial,384,8,head_foreground,full_target_density2
0.21714328496207275,0.17830132513903027,20,0.19722567818843695,hard,lpips_alex_spatial,384,8,head_supported,full_target_density2
0.24311226376379916,0.18300468372500944,20,0.21302780951731237,hard,lpips_alex_spatial,384,8,head_unsupported,full_target_density2
0.21500327346903408,0.17800391432910478,20,0.19586856508856593,hard,lpips_alex_spatial,384,8,oral,full_target_density2
0.5139936608354279,0.4259837168528139,20,0.4704091074707211,hard,lpips_alex_spatial,384,8,torso_outside_head_roi,full_target_density2
0.17653651272790952,0.1517298259164827,20,0.16442992978561516,released,lpips_alex_spatial,384,1,background,full_target_density2
0.19830075069665568,0.16557337163429137,20,0.18025238669100363,released,lpips_alex_spatial,384,1,eyes,full_target_density2
0.2873274419212977,0.24610441002002872,20,0.2654572010796149,released,lpips_alex_spatial,384,1,flame_supported,full_target_density2
0.42002848618946265,0.355221873699974,20,0.3877021462983433,released,lpips_alex_spatial,384,1,flame_unsupported,full_target_density2
0.328394650873807,0.2840514020799949,20,0.3058204743100388,released,lpips_alex_spatial,384,1,foreground,full_target_density2
0.26067934457390085,0.22681751315018317,20,0.24359188050160677,released,lpips_alex_spatial,384,1,full_frame,full_target_density2
0.26357357711597657,0.22238576794440346,20,0.24230764552955852,released,lpips_alex_spatial,384,1,head_foreground,full_target_density2
0.26306843682880365,0.22280602579625294,20,0.24191474288168285,released,lpips_alex_spatial,384,1,head_supported,full_target_density2
0.2755330098644382,0.2128610799464261,20,0.24361775839847769,released,lpips_alex_spatial,384,1,head_unsupported,full_target_density2
0.23816355811512016,0.19663815259094056,20,0.21619792292473558,released,lpips_alex_spatial,384,1,oral,full_target_density2
0.4705167666081645,0.410723485991068,20,0.4413356500820619,released,lpips_alex_spatial,384,1,torso_outside_head_roi,full_target_density2
0.1727084077346743,0.1495612506366921,20,0.16111115056676173,released,lpips_alex_spatial,384,4,background,full_target_density2
0.19101418700786393,0.1538968084516705,20,0.1703546538990647,released,lpips_alex_spatial,384,4,eyes,full_target_density2
0.27715771492341257,0.23172597370450812,20,0.2528530180367932,released,lpips_alex_spatial,384,4,flame_supported,full_target_density2
0.4175846241175968,0.35056828592642375,20,0.3834163018250042,released,lpips_alex_spatial,384,4,flame_unsupported,full_target_density2
0.31953669722002775,0.2720426147992315,20,0.2952994374996055,released,lpips_alex_spatial,384,4,foreground,full_target_density2
0.25473352589390497,0.2205489834671014,20,0.23713469561138098,released,lpips_alex_spatial,384,4,full_frame,full_target_density2
0.25127795454899876,0.20778738930408494,20,0.2284539931906359,released,lpips_alex_spatial,384,4,head_foreground,full_target_density2
0.2511079790998293,0.20698294314496088,20,0.2278856561193127,released,lpips_alex_spatial,384,4,head_supported,full_target_density2
0.26415595524716495,0.203374116563295,20,0.23305687494914587,released,lpips_alex_spatial,384,4,head_unsupported,full_target_density2
0.23126145971560608,0.18645701990726515,20,0.20779063543793247,released,lpips_alex_spatial,384,4,oral,full_target_density2
0.47081313736497454,0.4085958852523813,20,0.4389830589751985,released,lpips_alex_spatial,384,4,torso_outside_head_roi,full_target_density2
0.1702620722496348,0.1453791705882628,20,0.15754686175639812,released,lpips_alex_spatial,384,8,background,full_target_density2
0.18800715354832812,0.15376114817137346,20,0.16905399021180373,released,lpips_alex_spatial,384,8,eyes,full_target_density2
0.2759752542088491,0.22972486267545414,20,0.2512619102629548,released,lpips_alex_spatial,384,8,flame_supported,full_target_density2
0.41502795905800205,0.3470126612687118,20,0.37985816552895324,released,lpips_alex_spatial,384,8,flame_unsupported,full_target_density2
0.3184906950379071,0.2696350244409649,20,0.2935632717533321,released,lpips_alex_spatial,384,8,foreground,full_target_density2
0.25221364907888105,0.2164349947476284,20,0.2339034384979314,released,lpips_alex_spatial,384,8,full_frame,full_target_density2
0.24900366841412697,0.20414877247573876,20,0.22522396572550224,released,lpips_alex_spatial,384,8,head_foreground,full_target_density2
0.24885510872170036,0.2045741602179267,20,0.2251976561264461,released,lpips_alex_spatial,384,8,head_supported,full_target_density2
0.25795831464788416,0.1983987733024292,20,0.22712962835415218,released,lpips_alex_spatial,384,8,head_unsupported,full_target_density2
0.23640617458982288,0.1882608245396754,20,0.21111959680802178,released,lpips_alex_spatial,384,8,oral,full_target_density2
0.4678788437867371,0.405310466365517,20,0.43619175054380016,released,lpips_alex_spatial,384,8,torso_outside_head_roi,full_target_density2
0.1974888661744855,0.17530586351072897,20,0.18558731298952477,adaptive,lpips_alex_spatial,8,1,background,head_target_density1
0.1927260176805264,0.1632413979915952,20,0.17690833595998345,adaptive,lpips_alex_spatial,8,1,eyes,head_target_density1
0.2788732795289454,0.2420439858143711,20,0.25909305675350486,adaptive,lpips_alex_spatial,8,1,flame_supported,head_target_density1
0.5073782742094263,0.415338637300624,20,0.4599637163080771,adaptive,lpips_alex_spatial,8,1,flame_unsupported,head_target_density1
0.3501444475139693,0.3005785952763504,20,0.32467277857123744,adaptive,lpips_alex_spatial,8,1,foreground,head_target_density1
0.2815206658711165,0.24668440950316783,20,0.26400434168386255,adaptive,lpips_alex_spatial,8,1,full_frame,head_target_density1
0.25675666258945695,0.22094808344317307,20,0.23792073448025772,adaptive,lpips_alex_spatial,8,1,head_foreground,head_target_density1
0.2536493091173,0.21935951872278234,20,0.23557374913120235,adaptive,lpips_alex_spatial,8,1,head_supported,head_target_density1
0.2839771799631042,0.22524472461610548,20,0.25476411687718314,adaptive,lpips_alex_spatial,8,1,head_unsupported,head_target_density1
0.21912221582038183,0.18477216011243391,20,0.20115331021240307,adaptive,lpips_alex_spatial,8,1,oral,head_target_density1
0.5489265471039827,0.4743596513477934,20,0.5114367925704294,adaptive,lpips_alex_spatial,8,1,torso_outside_head_roi,head_target_density1
0.1938861807063409,0.1690237427337123,20,0.18129466548345624,adaptive,lpips_alex_spatial,8,4,background,head_target_density1
0.19030878240143034,0.15808907200088643,20,0.17260850573413838,adaptive,lpips_alex_spatial,8,4,eyes,head_target_density1
0.2694038623933972,0.2339633712593873,20,0.2502666679387572,adaptive,lpips_alex_spatial,8,4,flame_supported,head_target_density1
0.50352078848859,0.4118828108354114,20,0.45624764362887615,adaptive,lpips_alex_spatial,8,4,flame_unsupported,head_target_density1
0.34147138478486816,0.29288166404028093,20,0.3170212073276821,adaptive,lpips_alex_spatial,8,4,foreground,head_target_density1
0.27651010077723787,0.2409318228460048,20,0.2587065742528143,adaptive,lpips_alex_spatial,8,4,full_frame,head_target_density1
0.2463137563689515,0.21148952054937012,20,0.227846111176823,adaptive,lpips_alex_spatial,8,4,head_foreground,head_target_density1
0.2441676567761356,0.2099354163936724,20,0.22535764046707926,adaptive,lpips_alex_spatial,8,4,head_supported,head_target_density1
0.2746888507632926,0.21781143865551142,20,0.24594392544004734,adaptive,lpips_alex_spatial,8,4,head_unsupported,head_target_density1
0.2121149177301147,0.17857940459865554,20,0.19440052536928815,adaptive,lpips_alex_spatial,8,4,oral,head_target_density1
0.5465305823132002,0.4728646646055441,20,0.5091808008638411,adaptive,lpips_alex_spatial,8,4,torso_outside_head_roi,head_target_density1
0.1882477009447304,0.16305135360096307,20,0.1751934240063861,adaptive,lpips_alex_spatial,8,8,background,head_target_density1
0.18437999658169474,0.15359293715488212,20,0.16797103099288058,adaptive,lpips_alex_spatial,8,8,eyes,head_target_density1
0.2661610803820792,0.22838169206013506,20,0.24553192316495576,adaptive,lpips_alex_spatial,8,8,flame_supported,head_target_density1
0.5029171190725589,0.4080208257369796,20,0.4549189012083904,adaptive,lpips_alex_spatial,8,8,flame_unsupported,head_target_density1
0.3403814932410819,0.2884930484592824,20,0.3142709417099139,adaptive,lpips_alex_spatial,8,8,foreground,head_target_density1
0.2726623199209248,0.23477494674392074,20,0.25379711159896023,adaptive,lpips_alex_spatial,8,8,full_frame,head_target_density1
0.24180502265943196,0.2049256218856195,20,0.22197076041713198,adaptive,lpips_alex_spatial,8,8,head_foreground,head_target_density1
0.23866743435566426,0.2035517644572806,20,0.21972276290330872,adaptive,lpips_alex_spatial,8,8,head_supported,head_target_density1
0.26919575718630445,0.21061287637105547,20,0.2396375264349647,adaptive,lpips_alex_spatial,8,8,head_unsupported,head_target_density1
0.2149960718312278,0.1790950578058485,20,0.1956912240256908,adaptive,lpips_alex_spatial,8,8,oral,head_target_density1
0.545617424791699,0.46805755631386176,20,0.5062884521978902,adaptive,lpips_alex_spatial,8,8,torso_outside_head_roi,head_target_density1
0.1876316535751539,0.1695564646096211,20,0.17859975264712483,hard,lpips_alex_spatial,8,1,background,head_target_density1
0.20867985499379657,0.1809414467292609,20,0.1945950079032413,hard,lpips_alex_spatial,8,1,eyes,head_target_density1
0.28384911697243587,0.2452615843327229,20,0.2636306889752372,hard,lpips_alex_spatial,8,1,flame_supported,head_target_density1
0.5091384201823361,0.4169091470593761,20,0.4624212098612651,hard,lpips_alex_spatial,8,1,flame_unsupported,head_target_density1
0.35453553936026216,0.30427585912612365,20,0.32888651550881026,hard,lpips_alex_spatial,8,1,foreground,head_target_density1
0.28079305769045115,0.24597124844337961,20,0.263063301294397,hard,lpips_alex_spatial,8,1,full_frame,head_target_density1
0.26091781833926875,0.2240121122192255,20,0.24207593269591152,hard,lpips_alex_spatial,8,1,head_foreground,head_target_density1
0.25835598904390217,0.22347033027917676,20,0.2400667152893743,hard,lpips_alex_spatial,8,1,head_supported,head_target_density1
0.2841382989655372,0.2235790285929035,20,0.25373957962814814,hard,lpips_alex_spatial,8,1,head_unsupported,head_target_density1
0.22303912997769126,0.19086440885623535,20,0.2063317288302419,hard,lpips_alex_spatial,8,1,oral,head_target_density1
0.5546993393118347,0.4761414669186305,20,0.5154483765049797,hard,lpips_alex_spatial,8,1,torso_outside_head_roi,head_target_density1
0.18721900634030475,0.1685054600106918,20,0.17765380993986407,hard,lpips_alex_spatial,8,4,background,head_target_density1
0.206591907571447,0.17955393415338802,20,0.19239028854300644,hard,lpips_alex_spatial,8,4,eyes,head_target_density1
0.27719178432282005,0.2386094585777401,20,0.256954820795336,hard,lpips_alex_spatial,8,4,flame_supported,head_target_density1
0.5066094076303287,0.41683463304234003,20,0.46090615930641976,hard,lpips_alex_spatial,8,4,flame_unsupported,head_target_density1
0.34872659932610045,0.29889518127043435,20,0.32321047631589145,hard,lpips_alex_spatial,8,4,foreground,head_target_density1
0.27813889072125275,0.24343038688431762,20,0.26038861356819304,hard,lpips_alex_spatial,8,4,full_frame,head_target_density1
0.25311406338115994,0.21623836112381328,20,0.23411172562644672,hard,lpips_alex_spatial,8,4,head_foreground,head_target_density1
0.2509918425464132,0.21459413421261836,20,0.23204592399296295,hard,lpips_alex_spatial,8,4,head_supported,head_target_density1
0.2763797410066177,0.21619302992051148,20,0.24610777934076902,hard,lpips_alex_spatial,8,4,head_unsupported,head_target_density1
0.21744881207646571,0.18260376809898016,20,0.19899164598289507,hard,lpips_alex_spatial,8,4,oral,head_target_density1
0.5536641568007791,0.47735655674489696,20,0.5152008811145958,hard,lpips_alex_spatial,8,4,torso_outside_head_roi,head_target_density1
0.1845572928905755,0.16410732164007394,20,0.17379978285870099,hard,lpips_alex_spatial,8,8,background,head_target_density1
0.20399975591377256,0.17577996017199632,20,0.18937676669781434,hard,lpips_alex_spatial,8,8,eyes,head_target_density1
0.2742885734635065,0.23364061230639666,20,0.2527178108975471,hard,lpips_alex_spatial,8,8,flame_supported,head_target_density1
0.5078199739086009,0.4145676450433147,20,0.45947994422999444,hard,lpips_alex_spatial,8,8,flame_unsupported,head_target_density1
0.34776872514116636,0.29426174138932765,20,0.32064777179888376,hard,lpips_alex_spatial,8,8,foreground,head_target_density1
0.27577262124909463,0.23758470713769714,20,0.25657169535046526,hard,lpips_alex_spatial,8,8,full_frame,head_target_density1
0.24901469562252426,0.20977588275525974,20,0.22906620361060986,hard,lpips_alex_spatial,8,8,head_foreground,head_target_density1
0.247313636445281,0.20857543163256817,20,0.2271665856278179,hard,lpips_alex_spatial,8,8,head_supported,head_target_density1
0.271905487223569,0.21040164002203374,20,0.2408361268580368,hard,lpips_alex_spatial,8,8,head_unsupported,head_target_density1
0.22379353619815692,0.1848557967563196,20,0.20296459933885808,hard,lpips_alex_spatial,8,8,oral,head_target_density1
0.551871498537513,0.4715135845744182,20,0.511734562164737,hard,lpips_alex_spatial,8,8,torso_outside_head_roi,head_target_density1
0.19748018214614085,0.1764833655333533,20,0.1861695767174137,released,lpips_alex_spatial,8,1,background,head_target_density1
0.19762653971741098,0.16406088629393398,20,0.17942768073305929,released,lpips_alex_spatial,8,1,eyes,head_target_density1
0.28434027959550984,0.24586250320340158,20,0.2637912234849477,released,lpips_alex_spatial,8,1,flame_supported,head_target_density1
0.5072737257735532,0.4154494919702287,20,0.4603900820606389,released,lpips_alex_spatial,8,1,flame_unsupported,head_target_density1
0.35396814243934804,0.3027545120956338,20,0.3282233098447464,released,lpips_alex_spatial,8,1,foreground,head_target_density1
0.284427230378121,0.24818535566039676,20,0.2662162075956146,released,lpips_alex_spatial,8,1,full_frame,head_target_density1
0.26190644289222625,0.22389590570612203,20,0.24193166133843777,released,lpips_alex_spatial,8,1,head_foreground,head_target_density1
0.2598300786492097,0.22269474169969847,20,0.23990109033871193,released,lpips_alex_spatial,8,1,head_supported,head_target_density1
0.28513360688348055,0.22628862746625844,20,0.2557349359576394,released,lpips_alex_spatial,8,1,head_unsupported,head_target_density1
0.2263345976155594,0.191313134965971,20,0.20807206331171377,released,lpips_alex_spatial,8,1,oral,head_target_density1
0.5516734980016418,0.476399799372965,20,0.5137038251453291,released,lpips_alex_spatial,8,1,torso_outside_head_roi,head_target_density1
0.1938338462077901,0.17046216161453454,20,0.18180739540279703,released,lpips_alex_spatial,8,4,background,head_target_density1
0.19307553472279104,0.1581174660983455,20,0.17404722026369232,released,lpips_alex_spatial,8,4,eyes,head_target_density1
0.2763898136598655,0.236631062580208,20,0.25448411008944805,released,lpips_alex_spatial,8,4,flame_supported,head_target_density1
0.5026373558516644,0.413279183011953,20,0.45668608584054526,released,lpips_alex_spatial,8,4,flame_unsupported,head_target_density1
0.3462085221194652,0.2951087963033421,20,0.3201732689720018,released,lpips_alex_spatial,8,4,foreground,head_target_density1
0.2795150204926482,0.24243264855924718,20,0.2607410224837048,released,lpips_alex_spatial,8,4,full_frame,head_target_density1
0.25179917430011756,0.2133915523643702,20,0.23106295891895362,released,lpips_alex_spatial,8,4,head_foreground,head_target_density1
0.24946677340496848,0.21159440588604503,20,0.2288947302026701,released,lpips_alex_spatial,8,4,head_supported,head_target_density1
0.2755567441791226,0.2168671679031257,20,0.24586222996862137,released,lpips_alex_spatial,8,4,head_unsupported,head_target_density1
0.22046691793434303,0.18476205295129858,20,0.20116049018764942,released,lpips_alex_spatial,8,4,oral,head_target_density1
0.5494466727730131,0.4747850854758821,20,0.5118803607372708,released,lpips_alex_spatial,8,4,torso_outside_head_roi,head_target_density1
0.187474300974426,0.16472093396621648,20,0.1756320477706702,released,lpips_alex_spatial,8,8,background,head_target_density1
0.18702474077882292,0.15248626620240754,20,0.16871762599864343,released,lpips_alex_spatial,8,8,eyes,head_target_density1
0.2725417770295655,0.2312731612693744,20,0.2501192042831978,released,lpips_alex_spatial,8,8,flame_supported,head_target_density1
0.5048377999512552,0.40977165446489544,20,0.45574945728473126,released,lpips_alex_spatial,8,8,flame_unsupported,head_target_density1
0.34516688732132833,0.2916989002133429,20,0.3178063843300162,released,lpips_alex_spatial,8,8,foreground,head_target_density1
0.27547705511381104,0.23721673927717393,20,0.2559531307065642,released,lpips_alex_spatial,8,8,full_frame,head_target_density1
0.24762996220189606,0.206908951791891,20,0.22533353497517647,released,lpips_alex_spatial,8,8,head_foreground,head_target_density1
0.24466507991296702,0.20572070779988152,20,0.22335427310415504,released,lpips_alex_spatial,8,8,head_supported,head_target_density1
0.27011211301323923,0.21158228898341944,20,0.24007548987422084,released,lpips_alex_spatial,8,8,head_unsupported,head_target_density1
0.22338307205105978,0.1855692131054269,20,0.2027391411340918,released,lpips_alex_spatial,8,8,oral,head_target_density1
0.5498343889136167,0.47176655402981044,20,0.5104771044917845,released,lpips_alex_spatial,8,8,torso_outside_head_roi,head_target_density1
0.18730759151078566,0.16940529043804195,20,0.17840361202804061,adaptive,lpips_alex_spatial,384,1,background,head_target_density1
0.20307094231090572,0.16701506898700472,20,0.18382076007906828,adaptive,lpips_alex_spatial,384,1,eyes,head_target_density1
0.30097484009927783,0.25159481870344963,20,0.27545822058296326,adaptive,lpips_alex_spatial,384,1,flame_supported,head_target_density1
0.5118914404194292,0.4151938899966189,20,0.4626626840202094,adaptive,lpips_alex_spatial,384,1,flame_unsupported,head_target_density1
0.36407159150221846,0.3084261406611768,20,0.3368005854421536,adaptive,lpips_alex_spatial,384,1,foreground,head_target_density1
0.28698490071832095,0.24749609981748194,20,0.26719658898584775,adaptive,lpips_alex_spatial,384,1,full_frame,head_target_density1
0.275724589783351,0.2284296159869184,20,0.2515468638191301,adaptive,lpips_alex_spatial,384,1,head_foreground,head_target_density1
0.27638029606438164,0.2290232784907114,20,0.25140800210100717,adaptive,lpips_alex_spatial,384,1,head_supported,head_target_density1
0.28463912831881116,0.22192362953560182,20,0.2531607972511215,adaptive,lpips_alex_spatial,384,1,head_unsupported,head_target_density1
0.24282631213948044,0.1980163656082402,20,0.21972292085780865,adaptive,lpips_alex_spatial,384,1,oral,head_target_density1
0.5584244946931358,0.4745276946798094,20,0.5175118731621804,adaptive,lpips_alex_spatial,384,1,torso_outside_head_roi,head_target_density1
0.18330820111536358,0.16527783537319854,20,0.17420289286959897,adaptive,lpips_alex_spatial,384,4,background,head_target_density1
0.19242842785159056,0.15553211917351126,20,0.17283137121213293,adaptive,lpips_alex_spatial,384,4,eyes,head_target_density1
0.283815295347513,0.23743786514543416,20,0.2597886533713806,adaptive,lpips_alex_spatial,384,4,flame_supported,head_target_density1
0.5055083309418056,0.40848019886608333,20,0.45670479284940046,adaptive,lpips_alex_spatial,384,4,flame_unsupported,head_target_density1
0.35168333924252726,0.2955488490041723,20,0.3236546362020409,adaptive,lpips_alex_spatial,384,4,foreground,head_target_density1
0.27876793121995996,0.24000473432468647,20,0.2590991036294249,adaptive,lpips_alex_spatial,384,4,full_frame,head_target_density1
0.25911220191693995,0.2124740867621026,20,0.234594468481722,adaptive,lpips_alex_spatial,384,4,head_foreground,head_target_density1
0.2580576441315775,0.21229650358439617,20,0.23412026218493692,adaptive,lpips_alex_spatial,384,4,head_supported,head_target_density1
0.26887498407009935,0.20918688497937266,20,0.23904567374249738,adaptive,lpips_alex_spatial,384,4,head_unsupported,head_target_density1
0.223712890041735,0.18166803478544516,20,0.2013989870130794,adaptive,lpips_alex_spatial,384,4,oral,head_target_density1
0.5548259218851791,0.47244236645580207,20,0.5138790872126624,adaptive,lpips_alex_spatial,384,4,torso_outside_head_roi,head_target_density1
0.18105046970700678,0.16051815220512958,20,0.17066477059119067,adaptive,lpips_alex_spatial,384,8,background,head_target_density1
0.18663312034887716,0.15368935125919758,20,0.169249907555052,adaptive,lpips_alex_spatial,384,8,eyes,head_target_density1
0.28017653687408706,0.23238992171848633,20,0.2558014365358513,adaptive,lpips_alex_spatial,384,8,flame_supported,head_target_density1
0.5049372018082245,0.406912092614102,20,0.45508142885525665,adaptive,lpips_alex_spatial,384,8,flame_unsupported,head_target_density1
0.3495008965673613,0.29282710531545,20,0.3212689911069661,adaptive,lpips_alex_spatial,384,8,foreground,head_target_density1
0.2760987730292015,0.23505604736474683,20,0.2554121228265556,adaptive,lpips_alex_spatial,384,8,full_frame,head_target_density1
0.2530922391082237,0.20707838919765414,20,0.22958364864290326,adaptive,lpips_alex_spatial,384,8,head_foreground,head_target_density1
0.2528401450787379,0.20783013225497385,20,0.22931898163551656,adaptive,lpips_alex_spatial,384,8,head_supported,head_target_density1
0.2619877780327334,0.20411999736040579,20,0.23269540859167673,adaptive,lpips_alex_spatial,384,8,head_unsupported,head_target_density1
0.22594459700585368,0.18128334456359518,20,0.20215401165457733,adaptive,lpips_alex_spatial,384,8,oral,head_target_density1
0.552243394282408,0.46711717241014233,20,0.5103183867651334,adaptive,lpips_alex_spatial,384,8,torso_outside_head_roi,head_target_density1
0.1835594865984323,0.164850237093574,20,0.17433190814284993,hard,lpips_alex_spatial,384,1,background,head_target_density1
0.20283427485650996,0.17490766388440088,20,0.18817960365581624,hard,lpips_alex_spatial,384,1,eyes,head_target_density1
0.2727025830343112,0.23346660609984993,20,0.25229293727414936,hard,lpips_alex_spatial,384,1,flame_supported,head_target_density1
0.5005098392822224,0.4077400440605934,20,0.452957841927485,hard,lpips_alex_spatial,384,1,flame_unsupported,head_target_density1
0.34463232061905597,0.292095278242985,20,0.31808929327421664,hard,lpips_alex_spatial,384,1,foreground,head_target_density1
0.273703103633154,0.23779612920307489,20,0.255313832354752,hard,lpips_alex_spatial,384,1,full_frame,head_target_density1
0.24994345493172102,0.21265843731773149,20,0.23057349805814834,hard,lpips_alex_spatial,384,1,head_foreground,head_target_density1
0.24815879323881193,0.2114263308945942,20,0.2286241173212164,hard,lpips_alex_spatial,384,1,head_supported,head_target_density1
0.2712405349592514,0.21113320978525493,20,0.2410612473525408,hard,lpips_alex_spatial,384,1,head_unsupported,head_target_density1
0.21747808025613594,0.18437018678914266,20,0.19999144164207866,hard,lpips_alex_spatial,384,1,oral,head_target_density1
0.546341241998428,0.46813375096568355,20,0.5066293315818723,hard,lpips_alex_spatial,384,1,torso_outside_head_roi,head_target_density1
0.1855621326691114,0.16625209503353242,20,0.17587597924814682,hard,lpips_alex_spatial,384,4,background,head_target_density1
0.2063822841237471,0.17926383833921963,20,0.19224410018633123,hard,lpips_alex_spatial,384,4,eyes,head_target_density1
0.27127754459385695,0.2329143272653809,20,0.25167277939967025,hard,lpips_alex_spatial,384,4,flame_supported,head_target_density1
0.5006611670537596,0.41179082924078264,20,0.4546670317467161,hard,lpips_alex_spatial,384,4,flame_unsupported,head_target_density1
0.34316995571429026,0.29288142468139156,20,0.31770158004608107,hard,lpips_alex_spatial,384,4,foreground,head_target_density1
0.2747769634832035,0.23881347815113615,20,0.2565738924607101,hard,lpips_alex_spatial,384,4,full_frame,head_target_density1
0.24837747966940302,0.21097646300070277,20,0.22905921124367992,hard,lpips_alex_spatial,384,4,head_foreground,head_target_density1
0.24567410643851428,0.21011114408253728,20,0.22707323656953732,hard,lpips_alex_spatial,384,4,head_supported,head_target_density1
0.2700955876735954,0.20984730624064288,20,0.2400604656635914,hard,lpips_alex_spatial,384,4,head_unsupported,head_target_density1
0.21895606884226732,0.18554930575640843,20,0.20118176283536737,hard,lpips_alex_spatial,384,4,oral,head_target_density1
0.5465969502722285,0.4684894510405892,20,0.5079833800416361,hard,lpips_alex_spatial,384,4,torso_outside_head_roi,head_target_density1
0.18399656961540295,0.16265812556207387,20,0.17308227410418636,hard,lpips_alex_spatial,384,8,background,head_target_density1
0.20397247188029075,0.1759903758321595,20,0.18952454801156224,hard,lpips_alex_spatial,384,8,eyes,head_target_density1
0.2692345205370492,0.22835698966345747,20,0.24846853875747005,hard,lpips_alex_spatial,384,8,flame_supported,head_target_density1
0.5014457114037246,0.40756384712877153,20,0.45407373518500116,hard,lpips_alex_spatial,384,8,flame_unsupported,head_target_density1
0.3434292651289419,0.2898091299906505,20,0.31616185671553815,hard,lpips_alex_spatial,384,8,foreground,head_target_density1
0.2738194962632863,0.23515662912360003,20,0.25383187496300896,hard,lpips_alex_spatial,384,8,full_frame,head_target_density1
0.24555373168010242,0.20623538857416124,20,0.22523050342689185,hard,lpips_alex_spatial,384,8,head_foreground,head_target_density1
0.24327137262774678,0.204900243624106,20,0.2233663433595027,hard,lpips_alex_spatial,384,8,head_supported,head_target_density1
0.2666152809868946,0.20560635174467173,20,0.23634114356325844,hard,lpips_alex_spatial,384,8,head_unsupported,head_target_density1
0.2258191499760072,0.1873023574067255,20,0.20555473413556413,hard,lpips_alex_spatial,384,8,oral,head_target_density1
0.5446740173706562,0.4651355896434921,20,0.5047707001285037,hard,lpips_alex_spatial,384,8,torso_outside_head_roi,head_target_density1
0.18912338803987414,0.17012999739332454,20,0.1795190985704508,released,lpips_alex_spatial,384,1,background,head_target_density1
0.1995280086731881,0.16639540638651304,20,0.1822355716375817,released,lpips_alex_spatial,384,1,eyes,head_target_density1
0.30039986812045255,0.2529267559674867,20,0.27604188503982835,released,lpips_alex_spatial,384,1,flame_supported,head_target_density1
0.5089761056529738,0.41063688252203157,20,0.4592682511524595,released,lpips_alex_spatial,384,1,flame_unsupported,head_target_density1
0.3642732993691316,0.3083699632585573,20,0.3363495231535241,released,lpips_alex_spatial,384,1,foreground,head_target_density1
0.28794762669219853,0.24783312220594061,20,0.26752424698113364,released,lpips_alex_spatial,384,1,full_frame,head_target_density1
0.2766942844809136,0.23027788036200347,20,0.25247231658505437,released,lpips_alex_spatial,384,1,head_foreground,head_target_density1
0.2761498951356687,0.23063023327757323,20,0.2525062144016105,released,lpips_alex_spatial,384,1,head_supported,head_target_density1
0.2824714867357057,0.22331606907053297,20,0.2522483346876484,released,lpips_alex_spatial,384,1,head_unsupported,head_target_density1
0.24364193697967484,0.20043537734412017,20,0.22095099838705243,released,lpips_alex_spatial,384,1,oral,head_target_density1
0.5545971525521667,0.46979015037578525,20,0.513033817749488,released,lpips_alex_spatial,384,1,torso_outside_head_roi,head_target_density1
0.18411547865599934,0.16532477823804398,20,0.17479898638617822,released,lpips_alex_spatial,384,4,background,head_target_density1
0.1908642270143612,0.15348526338311347,20,0.17063327853390234,released,lpips_alex_spatial,384,4,eyes,head_target_density1
0.28442503993323875,0.2369437245992868,20,0.25939684410341124,released,lpips_alex_spatial,384,4,flame_supported,head_target_density1
0.5035386727910681,0.40859552178675773,20,0.45547086098543427,released,lpips_alex_spatial,384,4,flame_unsupported,head_target_density1
0.35023779572053926,0.29593000393913965,20,0.3231907720153183,released,lpips_alex_spatial,384,4,foreground,head_target_density1
0.27879841626552515,0.23967360996592477,20,0.2592198839693359,released,lpips_alex_spatial,384,4,full_frame,head_target_density1
0.25905357365101056,0.21271795401820034,20,0.23451463973458447,released,lpips_alex_spatial,384,4,head_foreground,head_target_density1
0.25785342027493025,0.21164022979524394,20,0.23400726349098258,released,lpips_alex_spatial,384,4,head_supported,head_target_density1
0.26814301405667146,0.2100828176504032,20,0.23885084429035214,released,lpips_alex_spatial,384,4,head_unsupported,head_target_density1
0.22706810875775707,0.18378147226626082,20,0.20428638586069373,released,lpips_alex_spatial,384,4,oral,head_target_density1
0.5523290459270747,0.46826030176479516,20,0.5116252112556782,released,lpips_alex_spatial,384,4,torso_outside_head_roi,head_target_density1
0.17909399097704332,0.15952631022115954,20,0.16920876799569073,released,lpips_alex_spatial,384,8,background,head_target_density1
0.18678770122727584,0.15284036042082066,20,0.16873139497555129,released,lpips_alex_spatial,384,8,eyes,head_target_density1
0.2813090847516461,0.23295581032704032,20,0.2558500787770375,released,lpips_alex_spatial,384,8,flame_supported,head_target_density1
0.5037344988154252,0.40515506122233447,20,0.45365682033715415,released,lpips_alex_spatial,384,8,flame_unsupported,head_target_density1
0.34878016049863864,0.2927983329011582,20,0.32113817320450605,released,lpips_alex_spatial,384,8,foreground,head_target_density1
0.2746508650946152,0.2349507214825649,20,0.25470813368306017,released,lpips_alex_spatial,384,8,full_frame,head_target_density1
0.2540581300945476,0.2073446627543346,20,0.22992268555490222,released,lpips_alex_spatial,384,8,head_foreground,head_target_density1
0.2543551771791374,0.20757043324554716,20,0.22968265697267828,released,lpips_alex_spatial,384,8,head_supported,head_target_density1
0.26213735767149066,0.20557682937650681,20,0.23309303823551253,released,lpips_alex_spatial,384,8,head_unsupported,head_target_density1
0.2314124569144861,0.18504559694420883,20,0.20679156338355184,released,lpips_alex_spatial,384,8,oral,head_target_density1
0.5512843619705804,0.4634368504251627,20,0.508188963933667,released,lpips_alex_spatial,384,8,torso_outside_head_roi,head_target_density1
0.21982410916785694,0.1883361284243167,20,0.20356011367040142,adaptive,lpips_alex_spatial,8,1,background,primary_full_target_density1
0.21691931326744862,0.18585721956279175,20,0.20085149014697173,adaptive,lpips_alex_spatial,8,1,eyes,primary_full_target_density1
0.3193521582613939,0.2822382009645878,20,0.3004770902225451,adaptive,lpips_alex_spatial,8,1,flame_supported,primary_full_target_density1
0.4583331565351191,0.4028124357303584,20,0.4298620853670327,adaptive,lpips_alex_spatial,8,1,flame_unsupported,primary_full_target_density1
0.3625672103861513,0.32494635372978925,20,0.34314494701527576,adaptive,lpips_alex_spatial,8,1,foreground,primary_full_target_density1
0.29689127095817747,0.2665313703482931,20,0.2819727297856178,adaptive,lpips_alex_spatial,8,1,full_frame,primary_full_target_density1
0.29665912707692677,0.2593499011436457,20,0.2776510530283648,adaptive,lpips_alex_spatial,8,1,head_foreground,primary_full_target_density1
0.29608017906125345,0.258430370256924,20,0.2766974461508988,adaptive,lpips_alex_spatial,8,1,head_supported,primary_full_target_density1
0.31222553734790087,0.25637361245371065,20,0.28364692205911113,adaptive,lpips_alex_spatial,8,1,head_unsupported,primary_full_target_density1
0.2611928802367761,0.22052868429349254,20,0.24004736825371178,adaptive,lpips_alex_spatial,8,1,oral,primary_full_target_density1
0.51220381950816,0.46184517900805067,20,0.48724948812964125,adaptive,lpips_alex_spatial,8,1,torso_outside_head_roi,primary_full_target_density1
0.2182534705372861,0.18286408003117546,20,0.20016251791549317,adaptive,lpips_alex_spatial,8,4,background,primary_full_target_density1
0.21504947337405617,0.18443082939913727,20,0.19935697189598509,adaptive,lpips_alex_spatial,8,4,eyes,primary_full_target_density1
0.313749048662596,0.27737389726382145,20,0.29513006353775323,adaptive,lpips_alex_spatial,8,4,flame_supported,primary_full_target_density1
0.46468939701068074,0.391162356220623,20,0.4275783861082706,adaptive,lpips_alex_spatial,8,4,flame_unsupported,primary_full_target_density1
0.36058022185720506,0.31752728730536883,20,0.33917092468252336,adaptive,lpips_alex_spatial,8,4,foreground,primary_full_target_density1
0.2974000413933405,0.2600000171745118,20,0.2791517475255593,adaptive,lpips_alex_spatial,8,4,full_frame,primary_full_target_density1
0.2902729174043342,0.25406225224140677,20,0.2718723778000146,adaptive,lpips_alex_spatial,8,4,head_foreground,primary_full_target_density1
0.2885967422132761,0.25326927276976574,20,0.2708644739154499,adaptive,lpips_alex_spatial,8,4,head_supported,primary_full_target_density1
0.30609045314648226,0.2516076574577911,20,0.2787163507403966,adaptive,lpips_alex_spatial,8,4,head_unsupported,primary_full_target_density1
0.2551888146863366,0.21758767124073558,20,0.23571662841715982,adaptive,lpips_alex_spatial,8,4,oral,primary_full_target_density1
0.5187600431501229,0.4470035886348664,20,0.48289808852718624,adaptive,lpips_alex_spatial,8,4,torso_outside_head_roi,primary_full_target_density1
0.21320775327543343,0.17666831664821028,20,0.19475612045660723,adaptive,lpips_alex_spatial,8,8,background,primary_full_target_density1
0.2105061404530246,0.17862082002906063,20,0.19368397434876727,adaptive,lpips_alex_spatial,8,8,eyes,primary_full_target_density1
0.3077763728607703,0.26967693089509764,20,0.2881586042090175,adaptive,lpips_alex_spatial,8,8,flame_supported,primary_full_target_density1
0.46138852342528286,0.38606932917328474,20,0.4224549168203805,adaptive,lpips_alex_spatial,8,8,flame_unsupported,primary_full_target_density1
0.35625986198811965,0.3103289149359892,20,0.33325944859733886,adaptive,lpips_alex_spatial,8,8,foreground,primary_full_target_density1
0.29201039922701855,0.25339852664119755,20,0.27281898048532993,adaptive,lpips_alex_spatial,8,8,full_frame,primary_full_target_density1
0.28368162878144004,0.24523547268280607,20,0.26411509177314496,adaptive,lpips_alex_spatial,8,8,head_foreground,primary_full_target_density1
0.28290336513282877,0.2451869750394201,20,0.2631538415705219,adaptive,lpips_alex_spatial,8,8,head_supported,primary_full_target_density1
0.30189543277934605,0.24448038711690015,20,0.2726127123491747,adaptive,lpips_alex_spatial,8,8,head_unsupported,primary_full_target_density1
0.2577589373119572,0.21470878143659805,20,0.23555411220591135,adaptive,lpips_alex_spatial,8,8,oral,primary_full_target_density1
0.5097210304107398,0.4413814126707916,20,0.4753992809052333,adaptive,lpips_alex_spatial,8,8,torso_outside_head_roi,primary_full_target_density1
0.1884605694113328,0.1703508159540662,20,0.1794734548755235,hard,lpips_alex_spatial,8,1,background,primary_full_target_density1
0.21226420769158458,0.18457319052556936,20,0.1977955073851524,hard,lpips_alex_spatial,8,1,eyes,primary_full_target_density1
0.2879422487652053,0.251086215618989,20,0.2685530610923596,hard,lpips_alex_spatial,8,1,flame_supported,primary_full_target_density1
0.5131781923941325,0.41770253489903114,20,0.46554686148204183,hard,lpips_alex_spatial,8,1,flame_unsupported,primary_full_target_density1
0.3587430874679839,0.308361375213474,20,0.333376309832772,hard,lpips_alex_spatial,8,1,foreground,primary_full_target_density1
0.28399787736016435,0.2485125606977966,20,0.26604073500478426,hard,lpips_alex_spatial,8,1,full_frame,primary_full_target_density1
0.26465277260375036,0.22963723218633408,20,0.24638772294195563,hard,lpips_alex_spatial,8,1,head_foreground,primary_full_target_density1
0.2624239301024017,0.22842477744889547,20,0.2445480730697031,hard,lpips_alex_spatial,8,1,head_supported,primary_full_target_density1
0.286615980356087,0.22682156156259217,20,0.25642874128947907,hard,lpips_alex_spatial,8,1,head_unsupported,primary_full_target_density1
0.22938970966072444,0.19790552233790634,20,0.21259838801400108,hard,lpips_alex_spatial,8,1,oral,primary_full_target_density1
0.5593545188064057,0.4786735976893934,20,0.5190299631646121,hard,lpips_alex_spatial,8,1,torso_outside_head_roi,primary_full_target_density1
0.18763287445998317,0.16901349512040692,20,0.1783422496891623,hard,lpips_alex_spatial,8,4,background,primary_full_target_density1
0.20899429416420806,0.1817844598283113,20,0.19461901904194778,hard,lpips_alex_spatial,8,4,eyes,primary_full_target_density1
0.2801215975033264,0.24285892829381675,20,0.2606528183824901,hard,lpips_alex_spatial,8,4,flame_supported,primary_full_target_density1
0.5083344335099629,0.41649230637625523,20,0.46254740624543633,hard,lpips_alex_spatial,8,4,flame_unsupported,primary_full_target_density1
0.3513982211437173,0.30178796480459696,20,0.3263759760548826,hard,lpips_alex_spatial,8,4,foreground,primary_full_target_density1
0.2802132854378749,0.2453146655935558,20,0.2625751493883527,hard,lpips_alex_spatial,8,4,full_frame,primary_full_target_density1
0.2567291310068081,0.21947391028109292,20,0.23740406884495252,hard,lpips_alex_spatial,8,4,head_foreground,primary_full_target_density1
0.25344098770179524,0.2187297198583693,20,0.23547186556336808,hard,lpips_alex_spatial,8,4,head_supported,primary_full_target_density1
0.2784798294291984,0.21842521592668912,20,0.24830955593724865,hard,lpips_alex_spatial,8,4,head_unsupported,primary_full_target_density1
0.22210473329667435,0.1880718506712455,20,0.20372869447077863,hard,lpips_alex_spatial,8,4,oral,primary_full_target_density1
0.5568078124368266,0.47791378842767834,20,0.5167049684635642,hard,lpips_alex_spatial,8,4,torso_outside_head_roi,primary_full_target_density1
0.18485853907736516,0.1641568792016011,20,0.17400455604175305,hard,lpips_alex_spatial,8,8,background,primary_full_target_density1
0.20582496762335567,0.1782331821282499,20,0.19098685050261816,hard,lpips_alex_spatial,8,8,eyes,primary_full_target_density1
0.2761745365127892,0.23669993830587707,20,0.2555006469511799,hard,lpips_alex_spatial,8,8,flame_supported,primary_full_target_density1
0.509658929251994,0.4146817167353774,20,0.46089826713561644,hard,lpips_alex_spatial,8,8,flame_unsupported,primary_full_target_density1
0.349646288677581,0.2961779867435016,20,0.32310866037516545,hard,lpips_alex_spatial,8,8,foreground,primary_full_target_density1
0.2770250105690131,0.2395303514522391,20,0.2581392128230173,hard,lpips_alex_spatial,8,8,full_frame,primary_full_target_density1
0.25159822189140824,0.21317979618120234,20,0.2315310403655125,hard,lpips_alex_spatial,8,8,head_foreground,primary_full_target_density1
0.24921436328027782,0.21171384494332038,20,0.22970950014349145,hard,lpips_alex_spatial,8,8,head_supported,primary_full_target_density1
0.2729705726014818,0.21209861470189326,20,0.24254018374308844,hard,lpips_alex_spatial,8,8,head_unsupported,primary_full_target_density1
0.22761919346485437,0.18876218849501594,20,0.20679024165145857,hard,lpips_alex_spatial,8,8,oral,primary_full_target_density1
0.5538981929776579,0.47240002876446624,20,0.5130408538608604,hard,lpips_alex_spatial,8,8,torso_outside_head_roi,primary_full_target_density1
0.22859268169460445,0.19786365282543417,20,0.21260627086772446,released,lpips_alex_spatial,8,1,background,primary_full_target_density1
0.2313980888033106,0.20214052188600878,20,0.21628895632881268,released,lpips_alex_spatial,8,1,eyes,primary_full_target_density1
0.3432646150464569,0.30652620593947544,20,0.3246234501528389,released,lpips_alex_spatial,8,1,flame_supported,primary_full_target_density1
0.5017757062150188,0.43812283329541424,20,0.4693993012527796,released,lpips_alex_spatial,8,1,flame_unsupported,primary_full_target_density1
0.3908846303451757,0.35267404786435225,20,0.37181416099248404,released,lpips_alex_spatial,8,1,foreground,primary_full_target_density1
0.3167312791504901,0.28569244062294175,20,0.30185814445669,released,lpips_alex_spatial,8,1,full_frame,primary_full_target_density1
0.31812439340993204,0.28279724582439886,20,0.3001892892210626,released,lpips_alex_spatial,8,1,head_foreground,primary_full_target_density1
0.31630279877602824,0.28173808636133535,20,0.29892481926465125,released,lpips_alex_spatial,8,1,head_supported,primary_full_target_density1
0.3366723279165567,0.27916906655194385,20,0.3077383668570832,released,lpips_alex_spatial,8,1,head_unsupported,primary_full_target_density1
0.27349833841673915,0.23890287642436955,20,0.2558853724282376,released,lpips_alex_spatial,8,1,oral,primary_full_target_density1
0.5606336964679437,0.5009548547611374,20,0.5311913341197092,released,lpips_alex_spatial,8,1,torso_outside_head_roi,primary_full_target_density1
0.22430470074094092,0.18884581027023903,20,0.20635696171210696,released,lpips_alex_spatial,8,4,background,primary_full_target_density1
0.2262785017627567,0.1939354508037048,20,0.20944813656121025,released,lpips_alex_spatial,8,4,eyes,primary_full_target_density1
0.33435916861681214,0.29367465747748994,20,0.3141358042569653,released,lpips_alex_spatial,8,4,flame_supported,primary_full_target_density1
0.500857064043661,0.42394386087192115,20,0.4620129598444566,released,lpips_alex_spatial,8,4,flame_unsupported,primary_full_target_density1
0.38483355608159087,0.33941642139366374,20,0.3626529791512617,released,lpips_alex_spatial,8,4,foreground,primary_full_target_density1
0.31322671249385703,0.2746026866146192,20,0.29499880367730935,released,lpips_alex_spatial,8,4,full_frame,primary_full_target_density1
0.3087946733784256,0.27013474969325035,20,0.2892230433297894,released,lpips_alex_spatial,8,4,head_foreground,primary_full_target_density1
0.30727848010597847,0.26841783758350957,20,0.2877958931039291,released,lpips_alex_spatial,8,4,head_supported,primary_full_target_density1
0.32865196100165167,0.2705202851663821,20,0.2994426587130165,released,lpips_alex_spatial,8,4,head_unsupported,primary_full_target_density1
0.2656225194058353,0.22831114454692963,20,0.24611323463564325,released,lpips_alex_spatial,8,4,oral,primary_full_target_density1
0.556505603432055,0.4830415145255134,20,0.5209419107074074,released,lpips_alex_spatial,8,4,torso_outside_head_roi,primary_full_target_density1
0.21641305170040756,0.1816562459761455,20,0.19846135165764361,released,lpips_alex_spatial,8,8,background,primary_full_target_density1
0.2186647957316714,0.18590019689729917,20,0.20169975549052116,released,lpips_alex_spatial,8,8,eyes,primary_full_target_density1
0.3269067612765001,0.286051680161944,20,0.3057623418084233,released,lpips_alex_spatial,8,8,flame_supported,primary_full_target_density1
0.4955006548082152,0.4158050663945229,20,0.45518729978066014,released,lpips_alex_spatial,8,8,flame_unsupported,primary_full_target_density1
0.3791074083920511,0.3309171858287499,20,0.355241030758788,released,lpips_alex_spatial,8,8,foreground,primary_full_target_density1
0.3053743202358613,0.2664111528477886,20,0.28655575555124324,released,lpips_alex_spatial,8,8,full_frame,primary_full_target_density1
0.3001409894420431,0.2595529310166748,20,0.2793449433980003,released,lpips_alex_spatial,8,8,head_foreground,primary_full_target_density1
0.29819136497034776,0.25893395654366624,20,0.27805851859728664,released,lpips_alex_spatial,8,8,head_supported,primary_full_target_density1
0.32063566591458714,0.26139027558799305,20,0.2902674324150226,released,lpips_alex_spatial,8,8,head_unsupported,primary_full_target_density1
0.26828986041272146,0.22582276806906332,20,0.24606008820261832,released,lpips_alex_spatial,8,8,oral,primary_full_target_density1
0.548903900297944,0.4772175101356502,20,0.5140912343058,released,lpips_alex_spatial,8,8,torso_outside_head_roi,primary_full_target_density1
0.21210547281910896,0.18335010330923757,20,0.19776960904757257,adaptive,lpips_alex_spatial,32,1,background,primary_full_target_density1
0.22405392450115766,0.19051387340628378,20,0.2061349815713379,adaptive,lpips_alex_spatial,32,1,eyes,primary_full_target_density1
0.34682566716045354,0.3046075653604533,20,0.3244909240469548,adaptive,lpips_alex_spatial,32,1,flame_supported,primary_full_target_density1
0.46697165390217776,0.4031923566599484,20,0.4349233067637737,adaptive,lpips_alex_spatial,32,1,flame_unsupported,primary_full_target_density1
0.3833275177843531,0.34040818435963194,20,0.36125848340226674,adaptive,lpips_alex_spatial,32,1,foreground,primary_full_target_density1
0.30563748293528054,0.2729092338929574,20,0.2888756984111035,adaptive,lpips_alex_spatial,32,1,full_frame,primary_full_target_density1
0.32173196788079444,0.279176314084037,20,0.29980625562664953,adaptive,lpips_alex_spatial,32,1,head_foreground,primary_full_target_density1
0.3219039186713436,0.27998412299927194,20,0.3000804774116151,adaptive,lpips_alex_spatial,32,1,head_supported,primary_full_target_density1
0.33324778241918696,0.2645918166525482,20,0.29724399296468695,adaptive,lpips_alex_spatial,32,1,head_unsupported,primary_full_target_density1
0.28837853780343786,0.24702257846598388,20,0.26709175838374355,adaptive,lpips_alex_spatial,32,1,oral,primary_full_target_density1
0.5262102013334422,0.4634783231803614,20,0.49490763001603977,adaptive,lpips_alex_spatial,32,1,torso_outside_head_roi,primary_full_target_density1
0.20857428982613235,0.18137523814927944,20,0.19460866145736339,adaptive,lpips_alex_spatial,32,4,background,primary_full_target_density1
0.219574478443984,0.1862939414690807,20,0.20221713669885485,adaptive,lpips_alex_spatial,32,4,eyes,primary_full_target_density1
0.33990332581116534,0.29593937828617434,20,0.31682860402185054,adaptive,lpips_alex_spatial,32,4,flame_supported,primary_full_target_density1
0.4640934342450628,0.3986527418096013,20,0.43071955116657995,adaptive,lpips_alex_spatial,32,4,flame_unsupported,primary_full_target_density1
0.377182212366668,0.3331410977691533,20,0.3545924719813919,adaptive,lpips_alex_spatial,32,4,foreground,primary_full_target_density1
0.3022799572808355,0.2690988438681138,20,0.2848874995859529,adaptive,lpips_alex_spatial,32,4,full_frame,primary_full_target_density1
0.3145694914034243,0.27014238604636115,20,0.2918987716356341,adaptive,lpips_alex_spatial,32,4,head_foreground,primary_full_target_density1
0.31453942392433937,0.2707305131828792,20,0.29208734165714023,adaptive,lpips_alex_spatial,32,4,head_supported,primary_full_target_density1
0.32581065999189157,0.25856744427027334,20,0.2907441895958569,adaptive,lpips_alex_spatial,32,4,head_unsupported,primary_full_target_density1
0.2816788846946084,0.2384452260113847,20,0.2595610972645791,adaptive,lpips_alex_spatial,32,4,oral,primary_full_target_density1
0.5197702069847147,0.4588726471210052,20,0.4890336890877961,adaptive,lpips_alex_spatial,32,4,torso_outside_head_roi,primary_full_target_density1
0.20342740461685893,0.17402264626989222,20,0.1880301039613227,adaptive,lpips_alex_spatial,32,8,background,primary_full_target_density1
0.21399723034309154,0.1807131477805095,20,0.19658551324285126,adaptive,lpips_alex_spatial,32,8,eyes,primary_full_target_density1
0.33366922176292396,0.2871825739988824,20,0.3094130001625954,adaptive,lpips_alex_spatial,32,8,flame_supported,primary_full_target_density1
0.456913401194071,0.3946515202328081,20,0.42519634897546393,adaptive,lpips_alex_spatial,32,8,flame_unsupported,primary_full_target_density1
0.3704746349533677,0.32569556797807403,20,0.34781276087640467,adaptive,lpips_alex_spatial,32,8,foreground,primary_full_target_density1
0.2957528142572998,0.26094241379014343,20,0.2774052112133472,adaptive,lpips_alex_spatial,32,8,full_frame,primary_full_target_density1
0.30724981242267524,0.2606519267431053,20,0.2833553774893531,adaptive,lpips_alex_spatial,32,8,head_foreground,primary_full_target_density1
0.3071967206355552,0.2609584904153597,20,0.28366002410788843,adaptive,lpips_alex_spatial,32,8,head_supported,primary_full_target_density1
0.31649473734395184,0.24970979352579312,20,0.28151815416340115,adaptive,lpips_alex_spatial,32,8,head_unsupported,primary_full_target_density1
0.2852736542487853,0.2371912877349365,20,0.2607080310511718,adaptive,lpips_alex_spatial,32,8,oral,primary_full_target_density1
0.5111534964674164,0.45481254998115617,20,0.48254854877680675,adaptive,lpips_alex_spatial,32,8,torso_outside_head_roi,primary_full_target_density1
0.1868572121406035,0.16821765617804377,20,0.17766487688659666,hard,lpips_alex_spatial,32,1,background,primary_full_target_density1
0.20845447489173785,0.18146447787009692,20,0.1944875291534612,hard,lpips_alex_spatial,32,1,eyes,primary_full_target_density1
0.2819526316135908,0.24493238700753603,20,0.26246367389676317,hard,lpips_alex_spatial,32,1,flame_supported,primary_full_target_density1
0.5085105137562764,0.4133642824344553,20,0.46121634946857093,hard,lpips_alex_spatial,32,1,flame_unsupported,primary_full_target_density1
0.3538743930408192,0.30260566178047865,20,0.3278246225502279,hard,lpips_alex_spatial,32,1,foreground,primary_full_target_density1
0.2801089558411728,0.24460388238747402,20,0.26215277859916936,hard,lpips_alex_spatial,32,1,full_frame,primary_full_target_density1
0.25808512948148865,0.22331741820195142,20,0.24001903850555467,hard,lpips_alex_spatial,32,1,head_foreground,primary_full_target_density1
0.2556016668773514,0.2221163821743179,20,0.23821402851725115,hard,lpips_alex_spatial,32,1,head_supported,primary_full_target_density1
0.27792360072878913,0.21960891126736526,20,0.24888653891150328,hard,lpips_alex_spatial,32,1,head_unsupported,primary_full_target_density1
0.22871012064599958,0.19769294130051202,20,0.21241659336641602,hard,lpips_alex_spatial,32,1,oral,primary_full_target_density1
0.5574130681569935,0.47402852888000263,20,0.5157611848515502,hard,lpips_alex_spatial,32,1,torso_outside_head_roi,primary_full_target_density1
0.18607446250748982,0.1668958821562939,20,0.1764897824542607,hard,lpips_alex_spatial,32,4,background,primary_full_target_density1
0.20350325594267893,0.1789516114763731,20,0.19052865068227243,hard,lpips_alex_spatial,32,4,eyes,primary_full_target_density1
0.2750898174495416,0.23767945865329962,20,0.25503128620086263,hard,lpips_alex_spatial,32,4,flame_supported,primary_full_target_density1
0.5051133462919623,0.4122656975960717,20,0.4577397627477257,hard,lpips_alex_spatial,32,4,flame_unsupported,primary_full_target_density1
0.34671331072769146,0.2964529656925758,20,0.3210105781801456,hard,lpips_alex_spatial,32,4,foreground,primary_full_target_density1
0.2763622798317063,0.24110691883552499,20,0.2587924664506571,hard,lpips_alex_spatial,32,4,full_frame,primary_full_target_density1
0.25066297269583176,0.21397866322402417,20,0.2317402574332629,hard,lpips_alex_spatial,32,4,head_foreground,primary_full_target_density1
0.24793622282120334,0.21308328472838362,20,0.22982561458040113,hard,lpips_alex_spatial,32,4,head_supported,primary_full_target_density1
0.2720857496220227,0.212035332441278,20,0.24199685012566224,hard,lpips_alex_spatial,32,4,head_unsupported,primary_full_target_density1
0.22148040443764694,0.18956820569348481,20,0.20475352492050097,hard,lpips_alex_spatial,32,4,oral,primary_full_target_density1
0.5526208488059412,0.4718624910459146,20,0.5123217176607868,hard,lpips_alex_spatial,32,4,torso_outside_head_roi,primary_full_target_density1
0.18408898467250676,0.1633105583134483,20,0.17343449500311736,hard,lpips_alex_spatial,32,8,background,primary_full_target_density1
0.19973852134419706,0.17473779206039336,20,0.18671431443558978,hard,lpips_alex_spatial,32,8,eyes,primary_full_target_density1
0.2716382558741375,0.23155583756579373,20,0.2509181747722997,hard,lpips_alex_spatial,32,8,flame_supported,primary_full_target_density1
0.5050350149231247,0.41032453818238146,20,0.45688570229755054,hard,lpips_alex_spatial,32,8,flame_unsupported,primary_full_target_density1
0.3456890624776523,0.29186439049374957,20,0.3187104910798286,hard,lpips_alex_spatial,32,8,foreground,primary_full_target_density1
0.274476119956542,0.23675672795091354,20,0.2554876922270953,hard,lpips_alex_spatial,32,8,full_frame,primary_full_target_density1
0.24618592945032164,0.2087233677597539,20,0.22702132572526806,hard,lpips_alex_spatial,32,8,head_foreground,primary_full_target_density1
0.24451225165969503,0.20737017427756052,20,0.22518457556289256,hard,lpips_alex_spatial,32,8,head_supported,primary_full_target_density1
0.26840502099851193,0.2070131244461807,20,0.2377485673382221,hard,lpips_alex_spatial,32,8,head_unsupported,primary_full_target_density1
0.22770273833633412,0.1909126917056566,20,0.20824720053258025,hard,lpips_alex_spatial,32,8,oral,primary_full_target_density1
0.5494723941471841,0.4676040909266623,20,0.5089619949338107,hard,lpips_alex_spatial,32,8,torso_outside_head_roi,primary_full_target_density1
0.21938118110947918,0.1906415083592026,20,0.20498605282129811,released,lpips_alex_spatial,32,1,background,primary_full_target_density1
0.23470439313740057,0.1988323217732419,20,0.21590372492254475,released,lpips_alex_spatial,32,1,eyes,primary_full_target_density1
0.34971217331124654,0.30793066979729333,20,0.32765114787354643,released,lpips_alex_spatial,32,1,flame_supported,primary_full_target_density1
0.4621284970914809,0.4014232677390013,20,0.431382774619353,released,lpips_alex_spatial,32,1,flame_unsupported,primary_full_target_density1
0.38406812482941094,0.3419600504119667,20,0.362282133571403,released,lpips_alex_spatial,32,1,foreground,primary_full_target_density1
0.30940606817861144,0.2759608367930501,20,0.29270418082480826,released,lpips_alex_spatial,32,1,full_frame,primary_full_target_density1
0.3243972944275986,0.28157176902358666,20,0.3026240628372109,released,lpips_alex_spatial,32,1,head_foreground,primary_full_target_density1
0.3253947654612373,0.282844396474235,20,0.30342694788081037,released,lpips_alex_spatial,32,1,head_supported,primary_full_target_density1
0.32475998199126777,0.26352214797051726,20,0.2940448146381719,released,lpips_alex_spatial,32,1,head_unsupported,primary_full_target_density1
0.2872847169050544,0.24364611656167698,20,0.2650767948060197,released,lpips_alex_spatial,32,1,oral,primary_full_target_density1
0.5206517466436951,0.46374014776423145,20,0.49154389347979094,released,lpips_alex_spatial,32,1,torso_outside_head_roi,primary_full_target_density1
0.2179894324703659,0.18993331010286782,20,0.20365253945795536,released,lpips_alex_spatial,32,4,background,primary_full_target_density1
0.230164725535123,0.1956728113935372,20,0.21193152484584302,released,lpips_alex_spatial,32,4,eyes,primary_full_target_density1
0.34593683855968543,0.30393762572782984,20,0.3241436962108187,released,lpips_alex_spatial,32,4,flame_supported,primary_full_target_density1
0.4657400821675806,0.4040831732058817,20,0.4336055487123035,released,lpips_alex_spatial,32,4,flame_unsupported,primary_full_target_density1
0.3817884654880603,0.3411543962506585,20,0.3606535145303874,released,lpips_alex_spatial,32,4,foreground,primary_full_target_density1
0.30835504246767886,0.2762081874434942,20,0.29216646424009785,released,lpips_alex_spatial,32,4,full_frame,primary_full_target_density1
0.3197802624191705,0.2767172358989415,20,0.29778370559447354,released,lpips_alex_spatial,32,4,head_foreground,primary_full_target_density1
0.3209383504376714,0.2779269044207812,20,0.2987537039160578,released,lpips_alex_spatial,32,4,head_supported,primary_full_target_density1
0.31650547442182336,0.2603724327852324,20,0.28803119758496354,released,lpips_alex_spatial,32,4,head_unsupported,primary_full_target_density1
0.2854281517301217,0.24249959268407703,20,0.2632898822173305,released,lpips_alex_spatial,32,4,oral,primary_full_target_density1
0.5249750579146899,0.4659527716843497,20,0.4952789160437554,released,lpips_alex_spatial,32,4,torso_outside_head_roi,primary_full_target_density1
0.21123411371960157,0.18237980412786622,20,0.1961996635031367,released,lpips_alex_spatial,32,8,background,primary_full_target_density1
0.22537513823164768,0.1920238064916098,20,0.20811291489238254,released,lpips_alex_spatial,32,8,eyes,primary_full_target_density1
0.339355920477809,0.29726159244141737,20,0.31745715712657163,released,lpips_alex_spatial,32,8,flame_supported,primary_full_target_density1
0.4591657515854327,0.3978369892971071,20,0.4281168902583106,released,lpips_alex_spatial,32,8,flame_unsupported,primary_full_target_density1
0.3754413943948873,0.3336084770593048,20,0.354386633815526,released,lpips_alex_spatial,32,8,foreground,primary_full_target_density1
0.3013165072870977,0.2680728157490363,20,0.2846199194074194,released,lpips_alex_spatial,32,8,full_frame,primary_full_target_density1
0.31182210925619513,0.2689278003204878,20,0.28985864862231836,released,lpips_alex_spatial,32,8,head_foreground,primary_full_target_density1
0.31343931141097175,0.2700531451701157,20,0.29107327271917555,released,lpips_alex_spatial,32,8,head_supported,primary_full_target_density1
0.3063702663061058,0.2516176056915526,20,0.27881118401182164,released,lpips_alex_spatial,32,8,head_unsupported,primary_full_target_density1
0.2882772378765735,0.24265603902590369,20,0.2647607819543863,released,lpips_alex_spatial,32,8,oral,primary_full_target_density1
0.5171464424215737,0.46138235196599875,20,0.48934549926253307,released,lpips_alex_spatial,32,8,torso_outside_head_roi,primary_full_target_density1
0.19933772384660112,0.1720622405487265,20,0.18591588391113517,adaptive,lpips_alex_spatial,128,1,background,primary_full_target_density1
0.22292021688314817,0.18694681519059128,20,0.20385326439589177,adaptive,lpips_alex_spatial,128,1,eyes,primary_full_target_density1
0.33601235029082704,0.2840336556065786,20,0.3095729605436048,adaptive,lpips_alex_spatial,128,1,flame_supported,primary_full_target_density1
0.45123485509292655,0.3818833673080814,20,0.41554433140736063,adaptive,lpips_alex_spatial,128,1,flame_unsupported,primary_full_target_density1
0.371970741838172,0.31928812487192193,20,0.345251645697655,adaptive,lpips_alex_spatial,128,1,foreground,primary_full_target_density1
0.2952524303444923,0.25614921273091135,20,0.2750178209888987,adaptive,lpips_alex_spatial,128,1,full_frame,primary_full_target_density1
0.3134782751872507,0.26196585603499595,20,0.2868945875745809,adaptive,lpips_alex_spatial,128,1,head_foreground,primary_full_target_density1
0.31318360212212665,0.26230027350702084,20,0.2870389495879761,adaptive,lpips_alex_spatial,128,1,head_supported,primary_full_target_density1
0.3238188135398891,0.25129006837150286,20,0.2866098337332896,adaptive,lpips_alex_spatial,128,1,head_unsupported,primary_full_target_density1
0.27913711909927963,0.22877888921935335,20,0.25360384297279304,adaptive,lpips_alex_spatial,128,1,oral,primary_full_target_density1
0.5014969397516926,0.43559260576923226,20,0.46787073594400697,adaptive,lpips_alex_spatial,128,1,torso_outside_head_roi,primary_full_target_density1
0.19948559392698742,0.17368550659316156,20,0.18628098297502843,adaptive,lpips_alex_spatial,128,4,background,primary_full_target_density1
0.22213903278794417,0.18462938886827496,20,0.20220181952064267,adaptive,lpips_alex_spatial,128,4,eyes,primary_full_target_density1
0.3350046321335055,0.2779719162040171,20,0.30521185594611056,adaptive,lpips_alex_spatial,128,4,flame_supported,primary_full_target_density1
0.4480361036664896,0.37940393733172173,20,0.41286065523476045,adaptive,lpips_alex_spatial,128,4,flame_unsupported,primary_full_target_density1
0.3692870319486962,0.3132477893078014,20,0.3411952726085212,adaptive,lpips_alex_spatial,128,4,foreground,primary_full_target_density1
0.2942743795970584,0.25440918392550527,20,0.27393321747950616,adaptive,lpips_alex_spatial,128,4,full_frame,primary_full_target_density1
0.30925037047405424,0.2565692926505409,20,0.2821443023492028,adaptive,lpips_alex_spatial,128,4,head_foreground,primary_full_target_density1
0.31082266165831207,0.25639007137566727,20,0.28239500129196415,adaptive,lpips_alex_spatial,128,4,head_supported,primary_full_target_density1
0.3173316159486939,0.2463447433586389,20,0.28096404313779155,adaptive,lpips_alex_spatial,128,4,head_unsupported,primary_full_target_density1
0.2771460418248221,0.22323554433568807,20,0.2488379963099435,adaptive,lpips_alex_spatial,128,4,oral,primary_full_target_density1
0.4986551489757697,0.43173642415352104,20,0.4651083053101326,adaptive,lpips_alex_spatial,128,4,torso_outside_head_roi,primary_full_target_density1
0.1935943840130686,0.1661148818842106,20,0.17907715710774608,adaptive,lpips_alex_spatial,128,8,background,primary_full_target_density1
0.2166265021852992,0.1787072957695398,20,0.19651119895111202,adaptive,lpips_alex_spatial,128,8,eyes,primary_full_target_density1
0.3276569365320143,0.2687573125655957,20,0.2978257589326738,adaptive,lpips_alex_spatial,128,8,flame_supported,primary_full_target_density1
0.4409639613513289,0.37332984138946623,20,0.40658867890316347,adaptive,lpips_alex_spatial,128,8,flame_unsupported,primary_full_target_density1
0.3619339848701237,0.3054134680465778,20,0.33427221934713114,adaptive,lpips_alex_spatial,128,8,foreground,primary_full_target_density1
0.2874000884282899,0.2450816801087165,20,0.2661562128242476,adaptive,lpips_alex_spatial,128,8,full_frame,primary_full_target_density1
0.30131250727723063,0.24600807301249164,20,0.27354589312861377,adaptive,lpips_alex_spatial,128,8,head_foreground,primary_full_target_density1
0.3030144585365373,0.24649359650857222,20,0.274071059160771,adaptive,lpips_alex_spatial,128,8,head_supported,primary_full_target_density1
0.30870759610631676,0.23611450665306594,20,0.2710614513250139,adaptive,lpips_alex_spatial,128,8,head_unsupported,primary_full_target_density1
0.2807550309673189,0.22283105286078392,20,0.25113334233402707,adaptive,lpips_alex_spatial,128,8,oral,primary_full_target_density1
0.49170764469359707,0.42434203420744016,20,0.4579661724639763,adaptive,lpips_alex_spatial,128,8,torso_outside_head_roi,primary_full_target_density1
0.18816836362782086,0.1697661471283545,20,0.17900106626432094,hard,lpips_alex_spatial,128,1,background,primary_full_target_density1
0.21561305199095598,0.18845853851699387,20,0.20178846204487236,hard,lpips_alex_spatial,128,1,eyes,primary_full_target_density1
0.28571624881729374,0.24756884764377612,20,0.2661449057034418,hard,lpips_alex_spatial,128,1,flame_supported,primary_full_target_density1
0.5084005842866094,0.41478355411179435,20,0.46122670909352054,hard,lpips_alex_spatial,128,1,flame_unsupported,primary_full_target_density1
0.35624086574783553,0.3046016579258652,20,0.3304922579398041,hard,lpips_alex_spatial,128,1,foreground,primary_full_target_density1
0.28256284884108607,0.2467200615637617,20,0.26416167050471034,hard,lpips_alex_spatial,128,1,full_frame,primary_full_target_density1
0.26293248623769977,0.22698900759759505,20,0.24449982954491664,hard,lpips_alex_spatial,128,1,head_foreground,primary_full_target_density1
0.2611340397859027,0.22590807272204683,20,0.2427780402221562,hard,lpips_alex_spatial,128,1,head_supported,primary_full_target_density1
0.28265596216841765,0.22335460800757825,20,0.2529339767657207,hard,lpips_alex_spatial,128,1,head_unsupported,primary_full_target_density1
0.234925263281817,0.20385647303952023,20,0.21879827419189954,hard,lpips_alex_spatial,128,1,oral,primary_full_target_density1
0.5540701701457341,0.47212367714124953,20,0.513232408121913,hard,lpips_alex_spatial,128,1,torso_outside_head_roi,primary_full_target_density1
0.18578805177769517,0.16636050167757446,20,0.1759433339241265,hard,lpips_alex_spatial,128,4,background,primary_full_target_density1
0.2078187319997513,0.18272244042411417,20,0.19488105775928735,hard,lpips_alex_spatial,128,4,eyes,primary_full_target_density1
0.2749312866352487,0.235764989875164,20,0.2545690183304133,hard,lpips_alex_spatial,128,4,flame_supported,primary_full_target_density1
0.5028279067811142,0.4117533179150659,20,0.456443522492307,hard,lpips_alex_spatial,128,4,flame_unsupported,primary_full_target_density1
0.346747555912518,0.29476332518238646,20,0.3203341583290722,hard,lpips_alex_spatial,128,4,foreground,primary_full_target_density1
0.27638844652116784,0.24001058267126724,20,0.258174071742155,hard,lpips_alex_spatial,128,4,full_frame,primary_full_target_density1
0.25135164159030393,0.21374737362594823,20,0.23166111656864694,hard,lpips_alex_spatial,128,4,head_foreground,primary_full_target_density1
0.2483992660507181,0.21202120022252777,20,0.2297635808381644,hard,lpips_alex_spatial,128,4,head_supported,primary_full_target_density1
0.27237930855431053,0.21200054072225796,20,0.24187727838266007,hard,lpips_alex_spatial,128,4,head_unsupported,primary_full_target_density1
0.22197657729662124,0.18917926973368854,20,0.20454218393389487,hard,lpips_alex_spatial,128,4,oral,primary_full_target_density1
0.5504434561912597,0.4689997779306543,20,0.5096493570435159,hard,lpips_alex_spatial,128,4,torso_outside_head_roi,primary_full_target_density1
0.18430886306768623,0.1628403257086284,20,0.17289417286842085,hard,lpips_alex_spatial,128,8,background,primary_full_target_density1
0.20441500486085243,0.1782929567120884,20,0.1909092002819425,hard,lpips_alex_spatial,128,8,eyes,primary_full_target_density1
0.271558164823252,0.23007161287922062,20,0.2502208781454296,hard,lpips_alex_spatial,128,8,flame_supported,primary_full_target_density1
0.5039210159077128,0.40890474570772267,20,0.4555926678950746,hard,lpips_alex_spatial,128,8,flame_unsupported,primary_full_target_density1
0.3451296859814494,0.28994018100190205,20,0.31788542321812135,hard,lpips_alex_spatial,128,8,foreground,primary_full_target_density1
0.2742862577388039,0.23535507333291558,20,0.25481396320062283,hard,lpips_alex_spatial,128,8,full_frame,primary_full_target_density1
0.24746084894800582,0.20705682626386113,20,0.22665148392750742,hard,lpips_alex_spatial,128,8,head_foreground,primary_full_target_density1
0.24516040462525307,0.20624966270538103,20,0.22481843447959693,hard,lpips_alex_spatial,128,8,head_supported,primary_full_target_density1
0.26779868671037954,0.207454983055733,20,0.23747599661737223,hard,lpips_alex_spatial,128,8,head_unsupported,primary_full_target_density1
0.22638263667702643,0.18935170174461977,20,0.20686068206501215,hard,lpips_alex_spatial,128,8,oral,primary_full_target_density1
0.5477213971375873,0.4649662747355792,20,0.506534405868023,hard,lpips_alex_spatial,128,8,torso_outside_head_roi,primary_full_target_density1
0.21328408943657604,0.1845696066163987,20,0.19843902625581722,released,lpips_alex_spatial,128,1,background,primary_full_target_density1
0.23411352161689067,0.20029040653208555,20,0.2161286478905058,released,lpips_alex_spatial,128,1,eyes,primary_full_target_density1
0.3419548626613494,0.2966396924428179,20,0.3188259972540699,released,lpips_alex_spatial,128,1,flame_supported,primary_full_target_density1
0.4494268864014838,0.3855549498906594,20,0.4170621482036789,released,lpips_alex_spatial,128,1,flame_unsupported,primary_full_target_density1
0.37621371727107833,0.328380194722694,20,0.3520717635700541,released,lpips_alex_spatial,128,1,foreground,primary_full_target_density1
0.3027436047473124,0.2651458191649093,20,0.2844308083578621,released,lpips_alex_spatial,128,1,full_frame,primary_full_target_density1
0.31897367339179944,0.27400614657041605,20,0.2961119716931748,released,lpips_alex_spatial,128,1,head_foreground,primary_full_target_density1
0.3194020388969268,0.2746420541383307,20,0.29658255219772783,released,lpips_alex_spatial,128,1,head_supported,primary_full_target_density1
0.3273590086217083,0.2586241092011865,20,0.291332594654365,released,lpips_alex_spatial,128,1,head_unsupported,primary_full_target_density1
0.27992244798037463,0.23357253576100412,20,0.25602523973589847,released,lpips_alex_spatial,128,1,oral,primary_full_target_density1
0.4989022128695418,0.43703438407043654,20,0.4684056189434835,released,lpips_alex_spatial,128,1,torso_outside_head_roi,primary_full_target_density1
0.21118051784300013,0.18206103850586355,20,0.19570009033346863,released,lpips_alex_spatial,128,4,background,primary_full_target_density1
0.22786764377638688,0.19239804159294432,20,0.20867136139778558,released,lpips_alex_spatial,128,4,eyes,primary_full_target_density1
0.33707613501258815,0.2870603334822089,20,0.31139868815711125,released,lpips_alex_spatial,128,4,flame_supported,primary_full_target_density1
0.44250918733881517,0.38065648295412446,20,0.4109312716121649,released,lpips_alex_spatial,128,4,flame_unsupported,primary_full_target_density1
0.370348391618557,0.31908517268990144,20,0.3450669538047312,released,lpips_alex_spatial,128,4,foreground,primary_full_target_density1
0.30046927666779066,0.260654085770701,20,0.28031160521113185,released,lpips_alex_spatial,128,4,full_frame,primary_full_target_density1
0.3129567740789237,0.2639071997728282,20,0.2879370109525875,released,lpips_alex_spatial,128,4,head_foreground,primary_full_target_density1
0.3136980125668777,0.26487154133228036,20,0.28856797907392634,released,lpips_alex_spatial,128,4,head_supported,primary_full_target_density1
0.316381269700137,0.24894854469111283,20,0.2814466426101494,released,lpips_alex_spatial,128,4,head_unsupported,primary_full_target_density1
0.27758964803897723,0.22850573950643857,20,0.2521148062624244,released,lpips_alex_spatial,128,4,oral,primary_full_target_density1
0.49406912271884756,0.4326302604912022,20,0.46300035783072613,released,lpips_alex_spatial,128,4,torso_outside_head_roi,primary_full_target_density1
0.20384455194200293,0.17275254725433464,20,0.18719368590267574,released,lpips_alex_spatial,128,8,background,primary_full_target_density1
0.220430274893823,0.18532770705025373,20,0.20121225683146834,released,lpips_alex_spatial,128,8,eyes,primary_full_target_density1
0.3282298857117497,0.2773103105095064,20,0.30247898552146857,released,lpips_alex_spatial,128,8,flame_supported,primary_full_target_density1
0.43785366303119055,0.3743179531898547,20,0.4057345047976645,released,lpips_alex_spatial,128,8,flame_unsupported,primary_full_target_density1
0.3628400530060431,0.3120687361672283,20,0.33727282095952377,released,lpips_alex_spatial,128,8,foreground,primary_full_target_density1
0.2921330771508155,0.2513919166904508,20,0.2714187384683849,released,lpips_alex_spatial,128,8,full_frame,primary_full_target_density1
0.30248025319102695,0.25327963453407537,20,0.27753284517521465,released,lpips_alex_spatial,128,8,head_foreground,primary_full_target_density1
0.30326116225750627,0.25431780218968464,20,0.2784266618386728,released,lpips_alex_spatial,128,8,head_supported,primary_full_target_density1
0.3055550220082393,0.23762373049743749,20,0.2703631427825684,released,lpips_alex_spatial,128,8,head_unsupported,primary_full_target_density1
0.2755383709142939,0.22421106945245897,20,0.24946661847515905,released,lpips_alex_spatial,128,8,oral,primary_full_target_density1
0.48767643672325034,0.4288654909195896,20,0.45814307863712617,released,lpips_alex_spatial,128,8,torso_outside_head_roi,primary_full_target_density1
0.2001721311629246,0.17123270588282738,20,0.18572168307595344,adaptive,lpips_alex_spatial,384,1,background,primary_full_target_density1
0.21999145455182031,0.186071676048143,20,0.20234580347084014,adaptive,lpips_alex_spatial,384,1,eyes,primary_full_target_density1
0.33613019995482424,0.28691407182466794,20,0.3112630423926174,adaptive,lpips_alex_spatial,384,1,flame_supported,primary_full_target_density1
0.4488784560340206,0.385943659518905,20,0.41716126189355196,adaptive,lpips_alex_spatial,384,1,flame_unsupported,primary_full_target_density1
0.37172879208188564,0.3234409126828333,20,0.3468547664977883,adaptive,lpips_alex_spatial,384,1,foreground,primary_full_target_density1
0.2946158541858325,0.2570598096526289,20,0.27558602490724426,adaptive,lpips_alex_spatial,384,1,full_frame,primary_full_target_density1
0.31265413526085534,0.26442383691560745,20,0.288227224364586,adaptive,lpips_alex_spatial,384,1,head_foreground,primary_full_target_density1
0.31232895458390303,0.26516303519613565,20,0.28818885471105016,adaptive,lpips_alex_spatial,384,1,head_supported,primary_full_target_density1
0.3260184410869899,0.25558132047981197,20,0.2894149650414386,adaptive,lpips_alex_spatial,384,1,head_unsupported,primary_full_target_density1
0.28194631952502475,0.23419807480698948,20,0.25813911968583914,adaptive,lpips_alex_spatial,384,1,oral,primary_full_target_density1
0.5024023119648813,0.44060545956617264,20,0.47097236110553914,adaptive,lpips_alex_spatial,384,1,torso_outside_head_roi,primary_full_target_density1
0.19844655684535056,0.1712063758771103,20,0.18481068980996743,adaptive,lpips_alex_spatial,384,4,background,primary_full_target_density1
0.2204278249903454,0.1849879752129618,20,0.2019131376857803,adaptive,lpips_alex_spatial,384,4,eyes,primary_full_target_density1
0.33567605036080383,0.28236806735698305,20,0.30837605289498315,adaptive,lpips_alex_spatial,384,4,flame_supported,primary_full_target_density1
0.4473601991708581,0.3828632961354724,20,0.41403472015760023,adaptive,lpips_alex_spatial,384,4,flame_unsupported,primary_full_target_density1
0.37045536760970194,0.3182850001931692,20,0.3438339434332699,adaptive,lpips_alex_spatial,384,4,foreground,primary_full_target_density1
0.2947246265082976,0.25537910040868217,20,0.27452241540283534,adaptive,lpips_alex_spatial,384,4,full_frame,primary_full_target_density1
0.31273569038137794,0.2592429783489224,20,0.2851607005517682,adaptive,lpips_alex_spatial,384,4,head_foreground,primary_full_target_density1
0.31128132463042085,0.25996202263072277,20,0.2852496896947662,adaptive,lpips_alex_spatial,384,4,head_supported,primary_full_target_density1
0.3221886992111508,0.25037703998280175,20,0.2855148082567437,adaptive,lpips_alex_spatial,384,4,head_unsupported,primary_full_target_density1
0.28241714741476137,0.2306138364794702,20,0.2559321160495507,adaptive,lpips_alex_spatial,384,4,oral,primary_full_target_density1
0.4987669361553617,0.4350539846657181,20,0.4663868211648737,adaptive,lpips_alex_spatial,384,4,torso_outside_head_roi,primary_full_target_density1
0.19355283473016888,0.1644962459563564,20,0.1782504351958317,adaptive,lpips_alex_spatial,384,8,background,primary_full_target_density1
0.2154776177020932,0.17877368925416454,20,0.19647618174530238,adaptive,lpips_alex_spatial,384,8,eyes,primary_full_target_density1
0.3288603723493383,0.2734853383758533,20,0.3007061754947551,adaptive,lpips_alex_spatial,384,8,flame_supported,primary_full_target_density1
0.44197423759273113,0.3784813214674379,20,0.4098984181100976,adaptive,lpips_alex_spatial,384,8,flame_unsupported,primary_full_target_density1
0.3630335102294757,0.3113527183950334,20,0.3372958591251215,adaptive,lpips_alex_spatial,384,8,foreground,primary_full_target_density1
0.28780738118471527,0.24749038634620193,20,0.26714319834461464,adaptive,lpips_alex_spatial,384,8,full_frame,primary_full_target_density1
0.30337742173722343,0.24994666450612332,20,0.276011780660344,adaptive,lpips_alex_spatial,384,8,head_foreground,primary_full_target_density1
0.304082561435053,0.25034841963114796,20,0.2763947642432768,adaptive,lpips_alex_spatial,384,8,head_supported,primary_full_target_density1
0.31125299682669644,0.2400472686653019,20,0.2745977093943626,adaptive,lpips_alex_spatial,384,8,head_unsupported,primary_full_target_density1
0.2862009776953819,0.2288027418615504,20,0.2571886438275116,adaptive,lpips_alex_spatial,384,8,oral,primary_full_target_density1
0.49292422428987415,0.43242162319097205,20,0.46247640625074204,adaptive,lpips_alex_spatial,384,8,torso_outside_head_roi,primary_full_target_density1
0.18754030820416462,0.16867549748097793,20,0.17828936059660036,hard,lpips_alex_spatial,384,1,background,primary_full_target_density1
0.2133858586068461,0.1848558661581124,20,0.1983623486305012,hard,lpips_alex_spatial,384,1,eyes,primary_full_target_density1
0.2845836288623412,0.2442231205984729,20,0.2635247686025194,hard,lpips_alex_spatial,384,1,flame_supported,primary_full_target_density1
0.5066425425713307,0.4138520523782524,20,0.45996666944195636,hard,lpips_alex_spatial,384,1,flame_unsupported,primary_full_target_density1
0.3552976782917804,0.3021042402609641,20,0.32828256300301234,hard,lpips_alex_spatial,384,1,foreground,primary_full_target_density1
0.2813172774723211,0.24432041246395605,20,0.26269787290653623,hard,lpips_alex_spatial,384,1,full_frame,primary_full_target_density1
0.2614110888196643,0.22390887508092078,20,0.24191398091458444,hard,lpips_alex_spatial,384,1,head_foreground,primary_full_target_density1
0.2598360295871847,0.22199838128930524,20,0.24007176141989,hard,lpips_alex_spatial,384,1,head_supported,primary_full_target_density1
0.28153705234437615,0.22041144808757024,20,0.25131720861557677,hard,lpips_alex_spatial,384,1,head_unsupported,primary_full_target_density1
0.23146904080856037,0.19903563556826298,20,0.21468946295563857,hard,lpips_alex_spatial,384,1,oral,primary_full_target_density1
0.5530281218422549,0.4708175500240779,20,0.5122618003315358,hard,lpips_alex_spatial,384,1,torso_outside_head_roi,primary_full_target_density1
0.18534027033874495,0.1658232540676505,20,0.17568270518289558,hard,lpips_alex_spatial,384,4,background,primary_full_target_density1
0.2072566979467353,0.18040679686452385,20,0.19345159716336172,hard,lpips_alex_spatial,384,4,eyes,primary_full_target_density1
0.27521498480233747,0.23408375739393225,20,0.2538192549833541,hard,lpips_alex_spatial,384,4,flame_supported,primary_full_target_density1
0.5031523580579476,0.4101703999264066,20,0.456271457275441,hard,lpips_alex_spatial,384,4,flame_unsupported,primary_full_target_density1
0.3457963151107168,0.2938181831445956,20,0.3197861722236822,hard,lpips_alex_spatial,384,4,foreground,primary_full_target_density1
0.27652079068309016,0.23988641332537347,20,0.2577915594104893,hard,lpips_alex_spatial,384,4,full_frame,primary_full_target_density1
0.2516539932458475,0.21226456533382457,20,0.23093282812051114,hard,lpips_alex_spatial,384,4,head_foreground,primary_full_target_density1
0.2488266580643049,0.2109264237545259,20,0.2289934217881659,hard,lpips_alex_spatial,384,4,head_supported,primary_full_target_density1
0.2722188313054801,0.21128879854435217,20,0.24166581857897276,hard,lpips_alex_spatial,384,4,head_unsupported,primary_full_target_density1
0.22163864041859732,0.18736106111002956,20,0.20362335104845788,hard,lpips_alex_spatial,384,4,oral,primary_full_target_density1
0.5501715010305225,0.46864580887674984,20,0.5095020320469177,hard,lpips_alex_spatial,384,4,torso_outside_head_roi,primary_full_target_density1
0.18383385513550465,0.16252646920358432,20,0.1725813188615449,hard,lpips_alex_spatial,384,8,background,primary_full_target_density1
0.20339921683938167,0.17528251606172254,20,0.18886542416071955,hard,lpips_alex_spatial,384,8,eyes,primary_full_target_density1
0.27189377655335645,0.22885121984498222,20,0.24968396815792807,hard,lpips_alex_spatial,384,8,flame_supported,primary_full_target_density1
0.5027805439364926,0.40879711445222966,20,0.4556843137731107,hard,lpips_alex_spatial,384,8,flame_unsupported,primary_full_target_density1
0.34482389758367843,0.2896932774887646,20,0.31758654751992904,hard,lpips_alex_spatial,384,8,foreground,primary_full_target_density1
0.27426123101151345,0.23474580133567644,20,0.25455253733184946,hard,lpips_alex_spatial,384,8,full_frame,primary_full_target_density1
0.24732642404019453,0.2057391096607427,20,0.22606576566897774,hard,lpips_alex_spatial,384,8,head_foreground,primary_full_target_density1
0.2450262709418621,0.2050160507488225,20,0.22420681732444986,hard,lpips_alex_spatial,384,8,head_supported,primary_full_target_density1
0.26799448466198206,0.20628799839196627,20,0.23735903825847887,hard,lpips_alex_spatial,384,8,head_unsupported,primary_full_target_density1
0.22607509621336636,0.18764677293569054,20,0.20616463524014944,hard,lpips_alex_spatial,384,8,oral,primary_full_target_density1
0.5480148760308056,0.4638330287024733,20,0.5067665506945499,hard,lpips_alex_spatial,384,8,torso_outside_head_roi,primary_full_target_density1
0.20498364862607388,0.1781354555048913,20,0.19128499484411857,released,lpips_alex_spatial,384,1,background,primary_full_target_density1
0.2353966936729021,0.19928767161678582,20,0.21576450382035484,released,lpips_alex_spatial,384,1,eyes,primary_full_target_density1
0.34389432763094685,0.2971864734862321,20,0.31954563536143926,released,lpips_alex_spatial,384,1,flame_supported,primary_full_target_density1
0.44378820738300945,0.3828647281696616,20,0.41298570811164453,released,lpips_alex_spatial,384,1,flame_unsupported,primary_full_target_density1
0.3748969494826079,0.32811065776627635,20,0.3513330201358108,released,lpips_alex_spatial,384,1,foreground,primary_full_target_density1
0.29994146280474476,0.2623207738311776,20,0.2805505688701357,released,lpips_alex_spatial,384,1,full_frame,primary_full_target_density1
0.3202325989512371,0.2738326627754055,20,0.2966656223921567,released,lpips_alex_spatial,384,1,head_foreground,primary_full_target_density1
0.32058951980462813,0.2750258870534454,20,0.2972787959947989,released,lpips_alex_spatial,384,1,head_supported,primary_full_target_density1
0.32577387242798367,0.2580740043923255,20,0.29060456159750747,released,lpips_alex_spatial,384,1,head_unsupported,primary_full_target_density1
0.2855071945672372,0.23977761871297373,20,0.2621858824276276,released,lpips_alex_spatial,384,1,oral,primary_full_target_density1
0.49599232433879237,0.4377997346211825,20,0.4663562702037384,released,lpips_alex_spatial,384,1,torso_outside_head_roi,primary_full_target_density1
0.20202308668153718,0.17614002311816535,20,0.188859802588997,released,lpips_alex_spatial,384,4,background,primary_full_target_density1
0.2306292030585913,0.19237135861601257,20,0.2096335359725677,released,lpips_alex_spatial,384,4,eyes,primary_full_target_density1
0.3377367967537153,0.28804708765944986,20,0.31156206662209274,released,lpips_alex_spatial,384,4,flame_supported,primary_full_target_density1
0.4397669294978947,0.3781502855579477,20,0.40851306815054544,released,lpips_alex_spatial,384,4,flame_unsupported,primary_full_target_density1
0.37003499139618784,0.31992224009569437,20,0.34450994118048733,released,lpips_alex_spatial,384,4,foreground,primary_full_target_density1
0.29573444260463894,0.257686185908219,20,0.2767194526583038,released,lpips_alex_spatial,384,4,full_frame,primary_full_target_density1
0.3129521808574834,0.2645727950112795,20,0.28834481762253916,released,lpips_alex_spatial,384,4,head_foreground,primary_full_target_density1
0.31467031181711885,0.26567157395052415,20,0.28899225896978675,released,lpips_alex_spatial,384,4,head_supported,primary_full_target_density1
0.3178965854460533,0.2498635308078389,20,0.2826885146583481,released,lpips_alex_spatial,384,4,head_unsupported,primary_full_target_density1
0.2845399583717617,0.23412434360511103,20,0.2587629669769158,released,lpips_alex_spatial,384,4,oral,primary_full_target_density1
0.491019266283331,0.4302109096723051,20,0.46093253739813606,released,lpips_alex_spatial,384,4,torso_outside_head_roi,primary_full_target_density1
0.19683947686488584,0.16785352122035896,20,0.18157834353730018,released,lpips_alex_spatial,384,8,background,primary_full_target_density1
0.22248103921360093,0.18544211600647015,20,0.20240126170184788,released,lpips_alex_spatial,384,8,eyes,primary_full_target_density1
0.32985037856991206,0.28045372985275896,20,0.30484607061912505,released,lpips_alex_spatial,384,8,flame_supported,primary_full_target_density1
0.4357479926648039,0.37402325014951804,20,0.40380016143826786,released,lpips_alex_spatial,384,8,flame_unsupported,primary_full_target_density1
0.3634925240882805,0.3140989306419655,20,0.33852510485909604,released,lpips_alex_spatial,384,8,foreground,primary_full_target_density1
0.28947855924953625,0.25029718589086036,20,0.2693258549227859,released,lpips_alex_spatial,384,8,full_frame,primary_full_target_density1
0.3051899036804586,0.2568086635036316,20,0.28027712523452253,released,lpips_alex_spatial,384,8,head_foreground,primary_full_target_density1
0.3061481156612385,0.25813782899457655,20,0.28115993509956544,released,lpips_alex_spatial,384,8,head_supported,primary_full_target_density1
0.3095879604545716,0.24071366527294985,20,0.2740355875370704,released,lpips_alex_spatial,384,8,head_unsupported,primary_full_target_density1
0.28632329067973183,0.23261017822494606,20,0.25818716095703953,released,lpips_alex_spatial,384,8,oral,primary_full_target_density1
0.4855941611282447,0.4289595803539992,20,0.45663105083628064,released,lpips_alex_spatial,384,8,torso_outside_head_roi,primary_full_target_density1
