change_in_comparison_advantage,ci_high,ci_low,comparison,control_variant,identity_count,metric,n_id,n_obs,reference_variant,region
2.628578873199139,3.717129983005568,1.5950382188626115,adaptive,head_target_density1,20,masked_psnr,8,1,primary_full_target_density1,background
2.13510580695441,2.9146957457316574,1.4271389066719657,released,head_target_density1,20,masked_psnr,8,1,primary_full_target_density1,background
0.6510711395355477,1.2928324410788703,0.18401812597861295,adaptive,head_target_density1,20,masked_psnr,8,1,primary_full_target_density1,eyes
1.029860629379185,1.7222134401707299,0.47272437809862555,released,head_target_density1,20,masked_psnr,8,1,primary_full_target_density1,eyes
0.6271012695924881,1.3855478202311493,-0.06160477210298251,adaptive,head_target_density1,20,masked_psnr,8,1,primary_full_target_density1,flame_supported
0.6373439566324217,1.3395087922689997,0.01135002354400127,released,head_target_density1,20,masked_psnr,8,1,primary_full_target_density1,flame_supported
-2.5915893510404002,-1.5998670116735652,-3.539077696050446,adaptive,head_target_density1,20,masked_psnr,8,1,primary_full_target_density1,flame_unsupported
-2.2433321739566106,-1.3339560367374594,-3.128972730897763,released,head_target_density1,20,masked_psnr,8,1,primary_full_target_density1,flame_unsupported
-1.785925846324373,-0.8458266247771904,-2.6490861675624644,adaptive,head_target_density1,20,masked_psnr,8,1,primary_full_target_density1,foreground
-1.51605130653014,-0.6816607124125931,-2.300122812804212,released,head_target_density1,20,masked_psnr,8,1,primary_full_target_density1,foreground
-0.912533788839152,0.13479951576004434,-1.8359705039132086,adaptive,head_target_density1,20,masked_psnr,8,1,primary_full_target_density1,full_frame
-0.7417060693377162,0.1548440141566934,-1.5587028219673373,released,head_target_density1,20,masked_psnr,8,1,primary_full_target_density1,full_frame
0.3649147305869704,0.8838226993379305,-0.1502154724107813,adaptive,head_target_density1,20,masked_psnr,8,1,primary_full_target_density1,head_foreground
0.5285115898279961,0.9062897243895194,0.17388750419982799,released,head_target_density1,20,masked_psnr,8,1,primary_full_target_density1,head_foreground
1.6139217211887444,2.093192656908106,1.1350386802473822,adaptive,head_target_density1,20,masked_psnr,8,1,primary_full_target_density1,head_supported
1.4604988854074574,1.863958455640842,1.0514971552861616,released,head_target_density1,20,masked_psnr,8,1,primary_full_target_density1,head_supported
-1.1101605379399646,-0.19140299793417387,-2.2752724622025293,adaptive,head_target_density1,20,masked_psnr,8,1,primary_full_target_density1,head_unsupported
-0.6104026063040134,0.017880860969353943,-1.321600090324443,released,head_target_density1,20,masked_psnr,8,1,primary_full_target_density1,head_unsupported
0.8867493927437196,1.3460349356432828,0.45143808801969043,adaptive,head_target_density1,20,masked_psnr,8,1,primary_full_target_density1,oral
0.6651127946393357,0.9531034389655075,0.37040583337042454,released,head_target_density1,20,masked_psnr,8,1,primary_full_target_density1,oral
-2.8307520828474257,-1.4670783001972563,-4.043700915661123,adaptive,head_target_density1,20,masked_psnr,8,1,primary_full_target_density1,torso_outside_head_roi
-2.4832309429222295,-1.2114115447096205,-3.673460308454245,released,head_target_density1,20,masked_psnr,8,1,primary_full_target_density1,torso_outside_head_roi
2.9279056463323045,3.823359243189523,2.069112050658678,adaptive,head_target_density1,20,masked_psnr,8,4,primary_full_target_density1,background
2.3471658633149426,3.291195234212602,1.5085454571055972,released,head_target_density1,20,masked_psnr,8,4,primary_full_target_density1,background
0.7819344318759115,1.2564750307357926,0.3686840039226854,adaptive,head_target_density1,20,masked_psnr,8,4,primary_full_target_density1,eyes
1.266807630491985,1.9865022208248404,0.6539660877311728,released,head_target_density1,20,masked_psnr,8,4,primary_full_target_density1,eyes
0.4527202267136765,1.274824876248979,-0.2754371143830647,adaptive,head_target_density1,20,masked_psnr,8,4,primary_full_target_density1,flame_supported
0.5761867607555834,1.2511712358525833,-0.031123610468918154,released,head_target_density1,20,masked_psnr,8,4,primary_full_target_density1,flame_supported
-2.6037917880267996,-1.824073636683019,-3.372589769981119,adaptive,head_target_density1,20,masked_psnr,8,4,primary_full_target_density1,flame_unsupported
-2.37865644061742,-1.711300285214182,-3.065566537035138,released,head_target_density1,20,masked_psnr,8,4,primary_full_target_density1,flame_unsupported
-1.8457012914281308,-1.033106399505102,-2.5751817395643917,adaptive,head_target_density1,20,masked_psnr,8,4,primary_full_target_density1,foreground
-1.6548244788006972,-0.9417888423019873,-2.2971766395093316,released,head_target_density1,20,masked_psnr,8,4,primary_full_target_density1,foreground
-0.9840992434607487,-0.06061399620905846,-1.7855338231407603,adaptive,head_target_density1,20,masked_psnr,8,4,primary_full_target_density1,full_frame
-0.8597275698345463,-0.05483992373197758,-1.5754113365098499,released,head_target_density1,20,masked_psnr,8,4,primary_full_target_density1,full_frame
0.6468345623912077,1.198914435495986,0.11777886405229591,adaptive,head_target_density1,20,masked_psnr,8,4,primary_full_target_density1,head_foreground
0.6626057442557027,1.0792254665296876,0.25458262114713864,released,head_target_density1,20,masked_psnr,8,4,primary_full_target_density1,head_foreground
1.6258448512701946,2.2064253047988913,1.0696502911395265,adaptive,head_target_density1,20,masked_psnr,8,4,primary_full_target_density1,head_supported
1.5182676864416709,1.9797321236922887,1.0345479144703342,released,head_target_density1,20,masked_psnr,8,4,primary_full_target_density1,head_supported
-0.5159186851945282,0.27170126265770256,-1.617929501482047,adaptive,head_target_density1,20,masked_psnr,8,4,primary_full_target_density1,head_unsupported
-0.2992262633514667,0.23680326323773784,-0.9609995281507744,released,head_target_density1,20,masked_psnr,8,4,primary_full_target_density1,head_unsupported
0.9582155595017792,1.330149090872447,0.5865231626734279,adaptive,head_target_density1,20,masked_psnr,8,4,primary_full_target_density1,oral
0.6862795921704243,1.04909446082934,0.34054423397422307,released,head_target_density1,20,masked_psnr,8,4,primary_full_target_density1,oral
-3.031599494643454,-1.9100914240209335,-4.081279808997098,adaptive,head_target_density1,20,masked_psnr,8,4,primary_full_target_density1,torso_outside_head_roi
-2.7632224170202346,-1.825340353771456,-3.663889393196486,released,head_target_density1,20,masked_psnr,8,4,primary_full_target_density1,torso_outside_head_roi
2.869181871391667,3.7989572573943096,1.9624804911273193,adaptive,head_target_density1,20,masked_psnr,8,8,primary_full_target_density1,background
2.273350465532612,3.1708673641762797,1.5120247576332924,released,head_target_density1,20,masked_psnr,8,8,primary_full_target_density1,background
0.7878624900846233,1.3024985701109988,0.3857613756592941,adaptive,head_target_density1,20,masked_psnr,8,8,primary_full_target_density1,eyes
1.2230918244007185,1.8654612919478286,0.6770331281745724,released,head_target_density1,20,masked_psnr,8,8,primary_full_target_density1,eyes
0.5592910318167603,1.3863822093772384,-0.15845992203367748,adaptive,head_target_density1,20,masked_psnr,8,8,primary_full_target_density1,flame_supported
0.5605203801609624,1.238847783323493,-0.0741545066492166,released,head_target_density1,20,masked_psnr,8,8,primary_full_target_density1,flame_supported
-2.6313673844151566,-1.9006503784790396,-3.4060291884095544,adaptive,head_target_density1,20,masked_psnr,8,8,primary_full_target_density1,flame_unsupported
-2.501721934881832,-1.843486945766728,-3.1804543346058836,released,head_target_density1,20,masked_psnr,8,8,primary_full_target_density1,flame_unsupported
-1.856824881531844,-1.0801200508970383,-2.5787202404475495,adaptive,head_target_density1,20,masked_psnr,8,8,primary_full_target_density1,foreground
-1.7778194288896785,-1.0971985926096148,-2.4374423028819807,released,head_target_density1,20,masked_psnr,8,8,primary_full_target_density1,foreground
-1.0092379345044398,-0.05798952960397989,-1.846768548284731,adaptive,head_target_density1,20,masked_psnr,8,8,primary_full_target_density1,full_frame
-0.9567757761833111,-0.11885171473369917,-1.718824114659457,released,head_target_density1,20,masked_psnr,8,8,primary_full_target_density1,full_frame
0.7180881688365452,1.210287866410894,0.22985266740241855,adaptive,head_target_density1,20,masked_psnr,8,8,primary_full_target_density1,head_foreground
0.6808055325369674,1.0574840867915192,0.2890913872783595,released,head_target_density1,20,masked_psnr,8,8,primary_full_target_density1,head_foreground
1.8000053165193464,2.3465716356208395,1.261662077001536,adaptive,head_target_density1,20,masked_psnr,8,8,primary_full_target_density1,head_supported
1.6210521475213313,2.070476789525179,1.1810474410963512,released,head_target_density1,20,masked_psnr,8,8,primary_full_target_density1,head_supported
-0.49683048591093976,0.2257321095675997,-1.545332729345638,adaptive,head_target_density1,20,masked_psnr,8,8,primary_full_target_density1,head_unsupported
-0.30035181266855426,0.20916038438966342,-0.9569582445046433,released,head_target_density1,20,masked_psnr,8,8,primary_full_target_density1,head_unsupported
0.9910967044399037,1.3721793464876244,0.6085241216901381,adaptive,head_target_density1,20,masked_psnr,8,8,primary_full_target_density1,oral
0.6036245111692224,0.9355145842157638,0.28915049566997764,released,head_target_density1,20,masked_psnr,8,8,primary_full_target_density1,oral
-3.0591556641009117,-1.9943408317565996,-4.0651673511603565,adaptive,head_target_density1,20,masked_psnr,8,8,primary_full_target_density1,torso_outside_head_roi
-2.9691916173911292,-2.013038023643566,-3.8910236866536443,released,head_target_density1,20,masked_psnr,8,8,primary_full_target_density1,torso_outside_head_roi
1.7682184287374703,3.042440967231035,0.34593660520265274,adaptive,head_target_density1,20,masked_psnr,384,1,primary_full_target_density1,background
2.398986911163311,3.44169355074181,1.5224468338224102,released,head_target_density1,20,masked_psnr,384,1,primary_full_target_density1,background
0.23314045632493538,0.5104400993862768,-0.03787191153823387,adaptive,head_target_density1,20,masked_psnr,384,1,primary_full_target_density1,eyes
0.9484634139152023,1.3500562151244175,0.5590909311841192,released,head_target_density1,20,masked_psnr,384,1,primary_full_target_density1,eyes
-1.6043821030060408,-0.8077517907605759,-2.3903382532735535,adaptive,head_target_density1,20,masked_psnr,384,1,primary_full_target_density1,flame_supported
-1.4819291914030814,-0.6544501269990467,-2.31346885243832,released,head_target_density1,20,masked_psnr,384,1,primary_full_target_density1,flame_supported
-5.234036309977043,-3.8783377592749124,-6.535894038786456,adaptive,head_target_density1,20,masked_psnr,384,1,primary_full_target_density1,flame_unsupported
-5.816054586130898,-4.4926213260520615,-7.074856382150188,released,head_target_density1,20,masked_psnr,384,1,primary_full_target_density1,flame_unsupported
-4.145680783854472,-3.0282969542357243,-5.2020150784636305,adaptive,head_target_density1,20,masked_psnr,384,1,primary_full_target_density1,foreground
-4.506621293719205,-3.4195320812264245,-5.550456725066168,released,head_target_density1,20,masked_psnr,384,1,primary_full_target_density1,foreground
-2.5300658211231815,-1.7094402802011728,-3.3487996413888026,adaptive,head_target_density1,20,masked_psnr,384,1,primary_full_target_density1,full_frame
-2.829032295131421,-1.9393939330864138,-3.683557910904886,released,head_target_density1,20,masked_psnr,384,1,primary_full_target_density1,full_frame
0.8461096166719895,1.1999630512070196,0.4969333129910746,adaptive,head_target_density1,20,masked_psnr,384,1,primary_full_target_density1,head_foreground
0.8343153681581263,1.2203301646513742,0.4418149831039454,released,head_target_density1,20,masked_psnr,384,1,primary_full_target_density1,head_foreground
1.0921480567608526,1.3878226180052917,0.7870731305964654,adaptive,head_target_density1,20,masked_psnr,384,1,primary_full_target_density1,head_supported
1.17900598872903,1.4614688281370565,0.9111161450780795,released,head_target_density1,20,masked_psnr,384,1,primary_full_target_density1,head_supported
0.009498257357242811,1.0524405517135438,-1.2140306861651704,adaptive,head_target_density1,20,masked_psnr,384,1,primary_full_target_density1,head_unsupported
-0.066529616824119,0.8323472238570935,-1.0668871566455909,released,head_target_density1,20,masked_psnr,384,1,primary_full_target_density1,head_unsupported
0.5795179380096606,0.8514587703492666,0.3119636799384173,adaptive,head_target_density1,20,masked_psnr,384,1,primary_full_target_density1,oral
0.6433037985191292,0.8414821383941312,0.4645096944743153,released,head_target_density1,20,masked_psnr,384,1,primary_full_target_density1,oral
-6.837581982044699,-5.336382505397407,-8.254375694073978,adaptive,head_target_density1,20,masked_psnr,384,1,primary_full_target_density1,torso_outside_head_roi
-7.351755123799352,-5.838379015096009,-8.795487047776865,released,head_target_density1,20,masked_psnr,384,1,primary_full_target_density1,torso_outside_head_roi
1.550747746777357,3.0093051207848016,-0.3424797236279448,adaptive,head_target_density1,20,masked_psnr,384,4,primary_full_target_density1,background
2.821649646027963,3.97586169681574,1.903991461864838,released,head_target_density1,20,masked_psnr,384,4,primary_full_target_density1,background
0.5940243288924609,0.8729726862913564,0.33290239501591995,adaptive,head_target_density1,20,masked_psnr,384,4,primary_full_target_density1,eyes
1.0203613018931894,1.504212089467351,0.5499970052589414,released,head_target_density1,20,masked_psnr,384,4,primary_full_target_density1,eyes
-1.7138839538869746,-0.9169564237534907,-2.5102677158284146,adaptive,head_target_density1,20,masked_psnr,384,4,primary_full_target_density1,flame_supported
-1.7401117100254944,-0.8853510602471771,-2.619842301862616,released,head_target_density1,20,masked_psnr,384,4,primary_full_target_density1,flame_supported
-5.221282407505713,-3.9367184377838407,-6.524211285753349,adaptive,head_target_density1,20,masked_psnr,384,4,primary_full_target_density1,flame_unsupported
-5.772197117846309,-4.417778586310721,-7.042454974722331,released,head_target_density1,20,masked_psnr,384,4,primary_full_target_density1,flame_unsupported
-4.198559421314206,-3.116529256469163,-5.221141262179336,adaptive,head_target_density1,20,masked_psnr,384,4,primary_full_target_density1,foreground
-4.612163468833066,-3.4961721386925486,-5.683205238058198,released,head_target_density1,20,masked_psnr,384,4,primary_full_target_density1,foreground
-2.56221421947221,-1.8416846493881285,-3.2862525940470455,adaptive,head_target_density1,20,masked_psnr,384,4,primary_full_target_density1,full_frame
-2.804507549816898,-2.013123404034353,-3.597775982230324,released,head_target_density1,20,masked_psnr,384,4,primary_full_target_density1,full_frame
0.7672714510017135,1.1604656121756187,0.36987770128727576,adaptive,head_target_density1,20,masked_psnr,384,4,primary_full_target_density1,head_foreground
0.877383119699035,1.2786732700743089,0.4663941861047577,released,head_target_density1,20,masked_psnr,384,4,primary_full_target_density1,head_foreground
1.381307038746736,1.7032910100940903,1.0826785839908337,adaptive,head_target_density1,20,masked_psnr,384,4,primary_full_target_density1,head_supported
1.4683365165868374,1.8024791217685787,1.149447521969841,released,head_target_density1,20,masked_psnr,384,4,primary_full_target_density1,head_supported
-0.407731022480621,0.6768243930461338,-1.6649553537356028,adaptive,head_target_density1,20,masked_psnr,384,4,primary_full_target_density1,head_unsupported
-0.20180216753424088,0.6095743824462143,-1.1076692653167015,released,head_target_density1,20,masked_psnr,384,4,primary_full_target_density1,head_unsupported
0.7859984570754743,1.14301046385755,0.41396027187684903,adaptive,head_target_density1,20,masked_psnr,384,4,primary_full_target_density1,oral
0.772402194572865,1.0692569344651794,0.4903492305250452,released,head_target_density1,20,masked_psnr,384,4,primary_full_target_density1,oral
-6.787410110051818,-5.413910331757097,-8.110707279457769,adaptive,head_target_density1,20,masked_psnr,384,4,primary_full_target_density1,torso_outside_head_roi
-7.286743967027645,-5.825210850507107,-8.688658199562429,released,head_target_density1,20,masked_psnr,384,4,primary_full_target_density1,torso_outside_head_roi
1.33534596514268,2.7607077940276032,-0.586246479772485,adaptive,head_target_density1,20,masked_psnr,384,8,primary_full_target_density1,background
2.540542423599395,3.7504932707079064,1.5065993823462305,released,head_target_density1,20,masked_psnr,384,8,primary_full_target_density1,background
0.47714019155175863,0.7637180294660683,0.20506211900704038,adaptive,head_target_density1,20,masked_psnr,384,8,primary_full_target_density1,eyes
0.9529530101831103,1.3531782792617684,0.57970983827392,released,head_target_density1,20,masked_psnr,384,8,primary_full_target_density1,eyes
-1.7968712937052316,-0.9256403814548304,-2.6764357811589132,adaptive,head_target_density1,20,masked_psnr,384,8,primary_full_target_density1,flame_supported
-1.7393578586899536,-0.8099558486825759,-2.663477312456155,released,head_target_density1,20,masked_psnr,384,8,primary_full_target_density1,flame_supported
-5.382434796672458,-4.087682558120639,-6.641034701551538,adaptive,head_target_density1,20,masked_psnr,384,8,primary_full_target_density1,flame_unsupported
-5.977219378847546,-4.683026594071321,-7.21325858055063,released,head_target_density1,20,masked_psnr,384,8,primary_full_target_density1,flame_unsupported
-4.3547522901150035,-3.28305963190946,-5.399407819126964,adaptive,head_target_density1,20,masked_psnr,384,8,primary_full_target_density1,foreground
-4.770036426236935,-3.662550751429717,-5.826635734590632,released,head_target_density1,20,masked_psnr,384,8,primary_full_target_density1,foreground
-2.692699385724448,-1.949689954710868,-3.444550354750241,adaptive,head_target_density1,20,masked_psnr,384,8,primary_full_target_density1,full_frame
-2.853046611167435,-2.0104675856756677,-3.6522090439451858,released,head_target_density1,20,masked_psnr,384,8,primary_full_target_density1,full_frame
0.7101242821689508,1.1167114197980559,0.3067424063711892,adaptive,head_target_density1,20,masked_psnr,384,8,primary_full_target_density1,head_foreground
0.9044040338336512,1.3012307865631598,0.49187584155468606,released,head_target_density1,20,masked_psnr,384,8,primary_full_target_density1,head_foreground
1.3819147692943654,1.778860655249246,1.0137793826668344,adaptive,head_target_density1,20,masked_psnr,384,8,primary_full_target_density1,head_supported
1.5526996636742605,1.9318375879566556,1.2009896086609944,released,head_target_density1,20,masked_psnr,384,8,primary_full_target_density1,head_supported
-0.5681605428576926,0.5108009086774139,-1.7761841951358048,adaptive,head_target_density1,20,masked_psnr,384,8,primary_full_target_density1,head_unsupported
-0.3264893442729889,0.4397511215833123,-1.2228166021452247,released,head_target_density1,20,masked_psnr,384,8,primary_full_target_density1,head_unsupported
0.8842635938679729,1.271495024454009,0.48035722157173877,adaptive,head_target_density1,20,masked_psnr,384,8,primary_full_target_density1,oral
0.8124398478464766,1.1131976602543345,0.512673488286509,released,head_target_density1,20,masked_psnr,384,8,primary_full_target_density1,oral
-6.8953636499022455,-5.546035089984999,-8.203633224392245,adaptive,head_target_density1,20,masked_psnr,384,8,primary_full_target_density1,torso_outside_head_roi
-7.417107761218159,-5.931183589079683,-8.816066051894136,released,head_target_density1,20,masked_psnr,384,8,primary_full_target_density1,torso_outside_head_roi
0.5988710187798981,1.2218112715412544,-0.012805322680906419,adaptive,full_target_density2,20,masked_psnr,8,1,primary_full_target_density1,background
0.39922435740370793,1.038254438518415,-0.20386629682402596,released,full_target_density2,20,masked_psnr,8,1,primary_full_target_density1,background
0.04592020514285826,0.5558537848681591,-0.3676889098695902,adaptive,full_target_density2,20,masked_psnr,8,1,primary_full_target_density1,eyes
0.19858734824877233,0.5984658660388986,-0.1515090525231263,released,full_target_density2,20,masked_psnr,8,1,primary_full_target_density1,eyes
-0.11208249453591365,0.22347923184262924,-0.4413556927895284,adaptive,full_target_density2,20,masked_psnr,8,1,primary_full_target_density1,flame_supported
-0.21558462824142657,0.10651924459376363,-0.5426810794658842,released,full_target_density2,20,masked_psnr,8,1,primary_full_target_density1,flame_supported
-0.11481713077681761,0.10719623201273902,-0.3487206233702714,adaptive,full_target_density2,20,masked_psnr,8,1,primary_full_target_density1,flame_unsupported
0.13146699835167813,0.3412663603438912,-0.07748394988561404,released,full_target_density2,20,masked_psnr,8,1,primary_full_target_density1,flame_unsupported
0.009140851461584453,0.19683578170768984,-0.1974257053609703,adaptive,full_target_density2,20,masked_psnr,8,1,primary_full_target_density1,foreground
0.17666726354756856,0.3620720304064856,-0.00044005404281992865,released,full_target_density2,20,masked_psnr,8,1,primary_full_target_density1,foreground
0.09687639289275966,0.2353696170124141,-0.04886219224086671,adaptive,full_target_density2,20,masked_psnr,8,1,primary_full_target_density1,full_frame
0.20412879378050514,0.3576517252107872,0.04761282077065087,released,full_target_density2,20,masked_psnr,8,1,primary_full_target_density1,full_frame
-0.15488049452271363,0.0763290117254692,-0.4070145479976637,adaptive,full_target_density2,20,masked_psnr,8,1,primary_full_target_density1,head_foreground
-0.2458747992126189,-0.04624783755481917,-0.4278152947935086,released,full_target_density2,20,masked_psnr,8,1,primary_full_target_density1,head_foreground
0.02309136309570503,0.35785503963332027,-0.2956028516802402,adaptive,full_target_density2,20,masked_psnr,8,1,primary_full_target_density1,head_supported
-0.08135739134140323,0.2371131920351435,-0.3978591698739503,released,full_target_density2,20,masked_psnr,8,1,primary_full_target_density1,head_supported
-0.5429316152961381,0.14167344723797107,-1.3446208479747432,adaptive,full_target_density2,20,masked_psnr,8,1,primary_full_target_density1,head_unsupported
-0.6059106789141786,-0.15110441784824608,-1.075320179113418,released,full_target_density2,20,masked_psnr,8,1,primary_full_target_density1,head_unsupported
0.44398850197136375,0.7225871209380855,0.17476119963984693,adaptive,full_target_density2,20,masked_psnr,8,1,primary_full_target_density1,oral
0.15318659915588864,0.33814575107868516,-0.03662175780372464,released,full_target_density2,20,masked_psnr,8,1,primary_full_target_density1,oral
0.08556012509512148,0.45197438029364845,-0.3099668532005695,adaptive,full_target_density2,20,masked_psnr,8,1,primary_full_target_density1,torso_outside_head_roi
0.3905032615074933,0.686561237495905,0.047082820696644406,released,full_target_density2,20,masked_psnr,8,1,primary_full_target_density1,torso_outside_head_roi
0.5249755727695343,0.988151633768256,0.10132190300898838,adaptive,full_target_density2,20,masked_psnr,8,4,primary_full_target_density1,background
0.3321675452604754,0.8421282564267218,-0.22540185972098314,released,full_target_density2,20,masked_psnr,8,4,primary_full_target_density1,background
0.11886991313017026,0.5108484184731353,-0.24426702690199703,adaptive,full_target_density2,20,masked_psnr,8,4,primary_full_target_density1,eyes
0.1128049473620604,0.5252648136064627,-0.24739257138930193,released,full_target_density2,20,masked_psnr,8,4,primary_full_target_density1,eyes
0.03540398684402524,0.38536156119559234,-0.31116378050860694,adaptive,full_target_density2,20,masked_psnr,8,4,primary_full_target_density1,flame_supported
-0.1486306784928587,0.1292531340453567,-0.4272582244040503,released,full_target_density2,20,masked_psnr,8,4,primary_full_target_density1,flame_supported
0.1733544972958248,0.41869755088241667,-0.0816233910547553,adaptive,full_target_density2,20,masked_psnr,8,4,primary_full_target_density1,flame_unsupported
0.1167438091203808,0.3290661182447607,-0.07459133520357258,released,full_target_density2,20,masked_psnr,8,4,primary_full_target_density1,flame_unsupported
0.21543089807213187,0.4333978492374129,-0.004818027657968122,adaptive,full_target_density2,20,masked_psnr,8,4,primary_full_target_density1,foreground
0.16428629988017024,0.33577828614019056,0.006214010654495281,released,full_target_density2,20,masked_psnr,8,4,primary_full_target_density1,foreground
0.246123295624203,0.47178113246529696,0.03702533882741169,adaptive,full_target_density2,20,masked_psnr,8,4,primary_full_target_density1,full_frame
0.19098341212018632,0.33982214790653653,0.04285245321897457,released,full_target_density2,20,masked_psnr,8,4,primary_full_target_density1,full_frame
0.048667838290198696,0.2935592286133237,-0.18292709585305794,adaptive,full_target_density2,20,masked_psnr,8,4,primary_full_target_density1,head_foreground
-0.17419365672807655,0.01757568452276889,-0.3553111211700529,released,full_target_density2,20,masked_psnr,8,4,primary_full_target_density1,head_foreground
0.2302051296805419,0.6002328544282746,-0.11763950999951017,adaptive,full_target_density2,20,masked_psnr,8,4,primary_full_target_density1,head_supported
0.06410644809721085,0.35945697685713773,-0.21155359201671436,released,full_target_density2,20,masked_psnr,8,4,primary_full_target_density1,head_supported
-0.312729974298389,0.24089447695023933,-1.047780607796474,adaptive,full_target_density2,20,masked_psnr,8,4,primary_full_target_density1,head_unsupported
-0.5981737258593044,-0.2604407099201244,-0.9952926776095191,released,full_target_density2,20,masked_psnr,8,4,primary_full_target_density1,head_unsupported
0.5337752253386995,0.8389873280454266,0.23176491889357703,adaptive,full_target_density2,20,masked_psnr,8,4,primary_full_target_density1,oral
0.34667805423107245,0.58006346806624,0.10951283816873456,released,full_target_density2,20,masked_psnr,8,4,primary_full_target_density1,oral
0.4096919687567723,0.6879985968858792,0.1332104177039723,adaptive,full_target_density2,20,masked_psnr,8,4,primary_full_target_density1,torso_outside_head_roi
0.32842977348229163,0.5673620318906741,0.08494790375950308,released,full_target_density2,20,masked_psnr,8,4,primary_full_target_density1,torso_outside_head_roi
0.37427767036094195,0.7828097571711573,-0.0077063248852659106,adaptive,full_target_density2,20,masked_psnr,8,8,primary_full_target_density1,background
0.21370895363703282,0.7420015640654093,-0.3516331423837511,released,full_target_density2,20,masked_psnr,8,8,primary_full_target_density1,background
0.07837928775968175,0.47560498734015416,-0.2718663261515764,adaptive,full_target_density2,20,masked_psnr,8,8,primary_full_target_density1,eyes
0.09936921040946052,0.5186193785620723,-0.2722502529196173,released,full_target_density2,20,masked_psnr,8,8,primary_full_target_density1,eyes
0.15046744357091227,0.45240499907372517,-0.15892182134843336,adaptive,full_target_density2,20,masked_psnr,8,8,primary_full_target_density1,flame_supported
0.007672571259273386,0.2895376454431912,-0.2614039363702006,released,full_target_density2,20,masked_psnr,8,8,primary_full_target_density1,flame_supported
0.24672426875798018,0.4970360117789195,-0.0011482899695973974,adaptive,full_target_density2,20,masked_psnr,8,8,primary_full_target_density1,flame_unsupported
0.2247745398051965,0.4327813744878534,0.029609622316035526,released,full_target_density2,20,masked_psnr,8,8,primary_full_target_density1,flame_unsupported
0.30370348625405025,0.515400434602442,0.09620854298815629,adaptive,full_target_density2,20,masked_psnr,8,8,primary_full_target_density1,foreground
0.28480162218143257,0.45967048815277417,0.11478204602182324,released,full_target_density2,20,masked_psnr,8,8,primary_full_target_density1,foreground
0.26696395242549154,0.48210629552730494,0.06442531124958895,adaptive,full_target_density2,20,masked_psnr,8,8,primary_full_target_density1,full_frame
0.2705287103654844,0.4318386845432252,0.11664530210988773,released,full_target_density2,20,masked_psnr,8,8,primary_full_target_density1,full_frame
0.1385111495222242,0.37217496886650425,-0.08946326742078363,adaptive,full_target_density2,20,masked_psnr,8,8,primary_full_target_density1,head_foreground
-0.05283072449061059,0.1275576845920644,-0.23172251400337,released,full_target_density2,20,masked_psnr,8,8,primary_full_target_density1,head_foreground
0.3416789493739428,0.6992041565909168,0.001252658594774763,adaptive,full_target_density2,20,masked_psnr,8,8,primary_full_target_density1,head_supported
0.22580277444821464,0.5259693981808254,-0.0658625728206901,released,full_target_density2,20,masked_psnr,8,8,primary_full_target_density1,head_supported
-0.25746190066705366,0.2269382390964751,-0.9132371922179441,adaptive,full_target_density2,20,masked_psnr,8,8,primary_full_target_density1,head_unsupported
-0.5006600732121151,-0.18309814900807195,-0.8887521745519598,released,full_target_density2,20,masked_psnr,8,8,primary_full_target_density1,head_unsupported
0.47168675391913,0.7552702165673791,0.1837800597920427,adaptive,full_target_density2,20,masked_psnr,8,8,primary_full_target_density1,oral
0.33291400093010404,0.5814986949296473,0.09653751712381356,released,full_target_density2,20,masked_psnr,8,8,primary_full_target_density1,oral
0.503536158661887,0.7950108342704023,0.22531021794461925,adaptive,full_target_density2,20,masked_psnr,8,8,primary_full_target_density1,torso_outside_head_roi
0.4562835684764236,0.7839465358127345,0.13679347942502257,released,full_target_density2,20,masked_psnr,8,8,primary_full_target_density1,torso_outside_head_roi
0.7643627421677504,1.184326349122654,0.3770727023859014,adaptive,full_target_density2,20,masked_psnr,384,1,primary_full_target_density1,background
0.7526060209949214,1.420004524607748,0.2136759359459976,released,full_target_density2,20,masked_psnr,384,1,primary_full_target_density1,background
-0.051175265561514215,0.16848276997491593,-0.29234075151642663,adaptive,full_target_density2,20,masked_psnr,384,1,primary_full_target_density1,eyes
-0.10479582646529942,0.09295321752154266,-0.3266987081711226,released,full_target_density2,20,masked_psnr,384,1,primary_full_target_density1,eyes
0.05368909507200259,0.28398288126241356,-0.1765978102290885,adaptive,full_target_density2,20,masked_psnr,384,1,primary_full_target_density1,flame_supported
-0.1415953688308007,0.1759473301580655,-0.4386457454755604,released,full_target_density2,20,masked_psnr,384,1,primary_full_target_density1,flame_supported
0.3179093165075876,0.5422337568343404,0.09000694885876924,adaptive,full_target_density2,20,masked_psnr,384,1,primary_full_target_density1,flame_unsupported
-0.395800854494051,-0.04415642488837313,-0.7466969878157306,released,full_target_density2,20,masked_psnr,384,1,primary_full_target_density1,flame_unsupported
0.3588619839500564,0.5204210436407926,0.1854899080006068,adaptive,full_target_density2,20,masked_psnr,384,1,primary_full_target_density1,foreground
-0.16617232426852194,0.11390444888462327,-0.4377971944852895,released,full_target_density2,20,masked_psnr,384,1,primary_full_target_density1,foreground
0.4017759045420686,0.5245327004881695,0.2794114282872629,adaptive,full_target_density2,20,masked_psnr,384,1,primary_full_target_density1,full_frame
-0.023252744429230664,0.12953584169532795,-0.1653376337398613,released,full_target_density2,20,masked_psnr,384,1,primary_full_target_density1,full_frame
0.13341420738543103,0.34002931973518263,-0.0671652403007803,adaptive,full_target_density2,20,masked_psnr,384,1,primary_full_target_density1,head_foreground
-0.06577406226838889,0.20590187471856045,-0.3193942608388523,released,full_target_density2,20,masked_psnr,384,1,primary_full_target_density1,head_foreground
0.32518268669834327,0.5558370314705227,0.09724215560909939,adaptive,full_target_density2,20,masked_psnr,384,1,primary_full_target_density1,head_supported
0.17116861284017731,0.4799777475473151,-0.09691381913313432,released,full_target_density2,20,masked_psnr,384,1,primary_full_target_density1,head_supported
-0.1897068951673842,0.11845575344929984,-0.46112716852279517,adaptive,full_target_density2,20,masked_psnr,384,1,primary_full_target_density1,head_unsupported
-0.48187623311695094,-0.11729837661087553,-0.8846638070523402,released,full_target_density2,20,masked_psnr,384,1,primary_full_target_density1,head_unsupported
0.28878359667805603,0.5427994674471899,0.05105892045994591,adaptive,full_target_density2,20,masked_psnr,384,1,primary_full_target_density1,oral
0.2551859725573399,0.4562338989022615,0.0676804250160004,released,full_target_density2,20,masked_psnr,384,1,primary_full_target_density1,oral
0.5465607510432566,0.8174713548532886,0.24906160240594108,adaptive,full_target_density2,20,masked_psnr,384,1,primary_full_target_density1,torso_outside_head_roi
-0.3855889648247573,0.04240125743625533,-0.8102580221990746,released,full_target_density2,20,masked_psnr,384,1,primary_full_target_density1,torso_outside_head_roi
0.4647256038217174,0.8512738691844759,0.09071376074642296,adaptive,full_target_density2,20,masked_psnr,384,4,primary_full_target_density1,background
0.6079236869630107,1.2302555159399051,0.09152673942971132,released,full_target_density2,20,masked_psnr,384,4,primary_full_target_density1,background
-0.025277563442125128,0.22302447502554912,-0.27940048591413424,adaptive,full_target_density2,20,masked_psnr,384,4,primary_full_target_density1,eyes
-0.1416339469555174,0.15466398464371878,-0.42356933454316953,released,full_target_density2,20,masked_psnr,384,4,primary_full_target_density1,eyes
0.2225268720742215,0.49445838445121704,-0.03357651791899751,adaptive,full_target_density2,20,masked_psnr,384,4,primary_full_target_density1,flame_supported
0.04568744158899252,0.37152369783105027,-0.24807366502201175,released,full_target_density2,20,masked_psnr,384,4,primary_full_target_density1,flame_supported
0.5135209911383039,0.8132970169969431,0.23799070828245927,adaptive,full_target_density2,20,masked_psnr,384,4,primary_full_target_density1,flame_unsupported
-0.0645368072644767,0.3159442295103634,-0.40393922306002805,released,full_target_density2,20,masked_psnr,384,4,primary_full_target_density1,flame_unsupported
0.5802961741973535,0.7866675443007686,0.36838499106215544,adaptive,full_target_density2,20,masked_psnr,384,4,primary_full_target_density1,foreground
0.13189439014565293,0.38876035120120067,-0.1085488972730685,released,full_target_density2,20,masked_psnr,384,4,primary_full_target_density1,foreground
0.4363783147991477,0.5987679002209966,0.2740535038799357,adaptive,full_target_density2,20,masked_psnr,384,4,primary_full_target_density1,full_frame
0.06999347992885956,0.21387652150831238,-0.07139056517669909,released,full_target_density2,20,masked_psnr,384,4,primary_full_target_density1,full_frame
0.3818753588644709,0.6102032195517221,0.1563416412139402,adaptive,full_target_density2,20,masked_psnr,384,4,primary_full_target_density1,head_foreground
0.171821123783167,0.4100701737767457,-0.04151031313998759,released,full_target_density2,20,masked_psnr,384,4,primary_full_target_density1,head_foreground
0.5605919568518692,0.8586048205142451,0.3019147745128991,adaptive,full_target_density2,20,masked_psnr,384,4,primary_full_target_density1,head_supported
0.41197224912495695,0.7396155253372182,0.11780038018073384,released,full_target_density2,20,masked_psnr,384,4,primary_full_target_density1,head_supported
-0.03919022721338798,0.22908661194474178,-0.31029422833938236,adaptive,full_target_density2,20,masked_psnr,384,4,primary_full_target_density1,head_unsupported
-0.32722870541774246,-0.055005088099678974,-0.5956305558966261,released,full_target_density2,20,masked_psnr,384,4,primary_full_target_density1,head_unsupported
0.3355066797949888,0.5511785593387863,0.1378054837122341,adaptive,full_target_density2,20,masked_psnr,384,4,primary_full_target_density1,oral
0.2198860276529425,0.41297392503052643,0.02151618213622285,released,full_target_density2,20,masked_psnr,384,4,primary_full_target_density1,oral
0.7272800762308028,1.0415891865929001,0.4234411583082456,adaptive,full_target_density2,20,masked_psnr,384,4,primary_full_target_density1,torso_outside_head_roi
0.025338943815130088,0.47060746613629256,-0.36879276506022024,released,full_target_density2,20,masked_psnr,384,4,primary_full_target_density1,torso_outside_head_roi
0.35766878423129905,0.7438328878445177,-0.02825523182263353,adaptive,full_target_density2,20,masked_psnr,384,8,primary_full_target_density1,background
0.27636118222340694,0.6806868857459306,-0.08373190986830541,released,full_target_density2,20,masked_psnr,384,8,primary_full_target_density1,background
-0.07431618098062742,0.1655432310158479,-0.30855745510638877,adaptive,full_target_density2,20,masked_psnr,384,8,primary_full_target_density1,eyes
-0.07081999335566369,0.2414716205685094,-0.357629937022466,released,full_target_density2,20,masked_psnr,384,8,primary_full_target_density1,eyes
0.21610118093674355,0.4849043486785854,-0.03403243766849025,adaptive,full_target_density2,20,masked_psnr,384,8,primary_full_target_density1,flame_supported
0.06240042378657913,0.37329639409165893,-0.233534801560065,released,full_target_density2,20,masked_psnr,384,8,primary_full_target_density1,flame_supported
0.5513481963107828,0.8559011962764795,0.2881683352017316,adaptive,full_target_density2,20,masked_psnr,384,8,primary_full_target_density1,flame_unsupported
-0.03993557821301774,0.3164269202963409,-0.36627457393425245,released,full_target_density2,20,masked_psnr,384,8,primary_full_target_density1,flame_unsupported
0.6002213167505159,0.8082327001135067,0.40460205536914806,adaptive,full_target_density2,20,masked_psnr,384,8,primary_full_target_density1,foreground
0.1611427876316259,0.4152432374498725,-0.08333699574373385,released,full_target_density2,20,masked_psnr,384,8,primary_full_target_density1,foreground
0.4225280163365384,0.5675024756593167,0.2766442779082683,adaptive,full_target_density2,20,masked_psnr,384,8,primary_full_target_density1,full_frame
0.005458316457035428,0.15067176313649738,-0.13046413319365635,released,full_target_density2,20,masked_psnr,384,8,primary_full_target_density1,full_frame
0.39548315333216094,0.6320203582696821,0.1634192127970218,adaptive,full_target_density2,20,masked_psnr,384,8,primary_full_target_density1,head_foreground
0.20841628091492828,0.4474899207162405,-0.0062658169951281244,released,full_target_density2,20,masked_psnr,384,8,primary_full_target_density1,head_foreground
0.5532980169283348,0.8409258129397245,0.2895635756166469,adaptive,full_target_density2,20,masked_psnr,384,8,primary_full_target_density1,head_supported
0.4476353839457651,0.7710516024537278,0.14718074991628993,released,full_target_density2,20,masked_psnr,384,8,primary_full_target_density1,head_supported
-0.02324888031718699,0.30530303622691624,-0.34567399913472663,adaptive,full_target_density2,20,masked_psnr,384,8,primary_full_target_density1,head_unsupported
-0.3049730606592515,-0.020223104336952846,-0.575739147341372,released,full_target_density2,20,masked_psnr,384,8,primary_full_target_density1,head_unsupported
0.26829654286642873,0.4849675602803215,0.04614165979037634,adaptive,full_target_density2,20,masked_psnr,384,8,primary_full_target_density1,oral
0.22876459532838692,0.4116726012522781,0.04381995866509124,released,full_target_density2,20,masked_psnr,384,8,primary_full_target_density1,oral
0.7837532518971079,1.1039785206244437,0.49201740893149665,adaptive,full_target_density2,20,masked_psnr,384,8,primary_full_target_density1,torso_outside_head_roi
0.07180745551366571,0.5085715936106416,-0.3380904252000948,released,full_target_density2,20,masked_psnr,384,8,primary_full_target_density1,torso_outside_head_roi
0.023404813749278417,0.035586728374624774,0.012497888914914261,adaptive,head_target_density1,20,masked_mae,8,1,primary_full_target_density1,background
0.021045843021380194,0.03253406054133488,0.011702381228016197,released,head_target_density1,20,masked_mae,8,1,primary_full_target_density1,background
0.007641673535654606,0.015778280056630536,0.0024764033235031317,adaptive,head_target_density1,20,masked_mae,8,1,primary_full_target_density1,eyes
0.010680102135031998,0.018400743796245348,0.004546600392081198,released,head_target_density1,20,masked_mae,8,1,primary_full_target_density1,eyes
0.019688688632605606,0.029155291526718502,0.010904399699264933,adaptive,head_target_density1,20,masked_mae,8,1,primary_full_target_density1,flame_supported
0.018189203932531296,0.026810161476592678,0.010697945902952515,released,head_target_density1,20,masked_mae,8,1,primary_full_target_density1,flame_supported
-0.19713725739424717,-0.1342453698813911,-0.26292145082913604,adaptive,head_target_density1,20,masked_mae,8,1,primary_full_target_density1,flame_unsupported
-0.16682363981295195,-0.1120377405805884,-0.22376139858159796,released,head_target_density1,20,masked_mae,8,1,primary_full_target_density1,flame_unsupported
-0.0435298820291396,-0.02044071779896001,-0.0657717259275575,adaptive,head_target_density1,20,masked_mae,8,1,primary_full_target_density1,foreground
-0.03624977886832873,-0.016542748206333502,-0.055029591349239154,released,head_target_density1,20,masked_mae,8,1,primary_full_target_density1,foreground
-0.01351531633480974,0.004664173932668118,-0.029684733857130587,adaptive,head_target_density1,20,masked_mae,8,1,primary_full_target_density1,full_frame
-0.010637391009200012,0.004195522601685299,-0.024824981870503304,released,head_target_density1,20,masked_mae,8,1,primary_full_target_density1,full_frame
0.016447365882413637,0.024656638419171678,0.008040294677711819,adaptive,head_target_density1,20,masked_mae,8,1,primary_full_target_density1,head_foreground
0.017885436088164446,0.023325773991037066,0.012418414703208966,released,head_target_density1,20,masked_mae,8,1,primary_full_target_density1,head_foreground
0.02571357606183372,0.033007271941089586,0.01910216315282496,adaptive,head_target_density1,20,masked_mae,8,1,primary_full_target_density1,head_supported
0.022910309130749262,0.028427634036741443,0.017704691729656424,released,head_target_density1,20,masked_mae,8,1,primary_full_target_density1,head_supported
-0.06388636824478137,-0.017514068704737856,-0.11902034004940139,adaptive,head_target_density1,20,masked_mae,8,1,primary_full_target_density1,head_unsupported
-0.03406862408060217,-0.0004958158972916814,-0.07329589129310371,released,head_target_density1,20,masked_mae,8,1,primary_full_target_density1,head_unsupported
0.010563370204423557,0.01562077805478739,0.005819451273499978,adaptive,head_target_density1,20,masked_mae,8,1,primary_full_target_density1,oral
0.007463725758782264,0.010270397804950161,0.004755610808869647,released,head_target_density1,20,masked_mae,8,1,primary_full_target_density1,oral
-0.1866151680463278,-0.11612925568597192,-0.2537723458033482,adaptive,head_target_density1,20,masked_mae,8,1,primary_full_target_density1,torso_outside_head_roi
-0.1626161991052632,-0.1002146800630567,-0.21979980168227053,released,head_target_density1,20,masked_mae,8,1,primary_full_target_density1,torso_outside_head_roi
0.023782743830994435,0.03563002090156403,0.013352980426947702,adaptive,head_target_density1,20,masked_mae,8,4,primary_full_target_density1,background
0.022284705465058417,0.03464907546563562,0.01246210354961631,released,head_target_density1,20,masked_mae,8,4,primary_full_target_density1,background
0.009545498095040336,0.015277154756080933,0.004954737694507433,adaptive,head_target_density1,20,masked_mae,8,4,primary_full_target_density1,eyes
0.01349122170640187,0.021119713215144244,0.006889841146713938,released,head_target_density1,20,masked_mae,8,4,primary_full_target_density1,eyes
0.01679234748655894,0.025751697300324675,0.008393832829967045,adaptive,head_target_density1,20,masked_mae,8,4,primary_full_target_density1,flame_supported
0.01616216171548924,0.023510298694029496,0.009643448038330095,released,head_target_density1,20,masked_mae,8,4,primary_full_target_density1,flame_supported
-0.20167375212674216,-0.14586260807673196,-0.2589613437085259,adaptive,head_target_density1,20,masked_mae,8,4,primary_full_target_density1,flame_unsupported
-0.18024525238633748,-0.1326775607860331,-0.2301150367575265,released,head_target_density1,20,masked_mae,8,4,primary_full_target_density1,flame_unsupported
-0.04722437633034252,-0.02728718008223274,-0.06606561673635729,adaptive,head_target_density1,20,masked_mae,8,4,primary_full_target_density1,foreground
-0.04160180987629058,-0.02506709514136577,-0.05811938716014858,released,head_target_density1,20,masked_mae,8,4,primary_full_target_density1,foreground
-0.016017086649291343,7.921753507670756e-05,-0.030838009731226603,adaptive,head_target_density1,20,masked_mae,8,4,primary_full_target_density1,full_frame
-0.013488681224423671,0.0005397738400022325,-0.026680677195718466,released,head_target_density1,20,masked_mae,8,4,primary_full_target_density1,full_frame
0.01787574030778031,0.02522139184866009,0.010447395804027907,adaptive,head_target_density1,20,masked_mae,8,4,primary_full_target_density1,head_foreground
0.017782044682055055,0.02306082718459204,0.012232861654081752,released,head_target_density1,20,masked_mae,8,4,primary_full_target_density1,head_foreground
0.024342414857620464,0.030945250397076695,0.01789693465278352,adaptive,head_target_density1,20,masked_mae,8,4,primary_full_target_density1,head_supported
0.022140189650097883,0.027380370183146874,0.016852579839183843,released,head_target_density1,20,masked_mae,8,4,primary_full_target_density1,head_supported
-0.03636948751583548,0.002589266925133197,-0.0850616577107386,adaptive,head_target_density1,20,masked_mae,8,4,primary_full_target_density1,head_unsupported
-0.022654421870771473,0.007082757766594961,-0.06017204467069069,released,head_target_density1,20,masked_mae,8,4,primary_full_target_density1,head_unsupported
0.011141317225624671,0.015426900451297377,0.0071519873727799695,adaptive,head_target_density1,20,masked_mae,8,4,primary_full_target_density1,oral
0.007796151622813273,0.011063123395763385,0.004812534379224228,released,head_target_density1,20,masked_mae,8,4,primary_full_target_density1,oral
-0.20162735099179036,-0.14098443153173867,-0.259732028355104,adaptive,head_target_density1,20,masked_mae,8,4,primary_full_target_density1,torso_outside_head_roi
-0.1812424960088678,-0.129674684932831,-0.2302727438822248,released,head_target_density1,20,masked_mae,8,4,primary_full_target_density1,torso_outside_head_roi
0.022680891977368924,0.033965520266249515,0.012448727452952144,adaptive,head_target_density1,20,masked_mae,8,8,primary_full_target_density1,background
0.021909080235515847,0.03393207190804526,0.012181415951974858,released,head_target_density1,20,masked_mae,8,8,primary_full_target_density1,background
0.009602559816786939,0.015750097529857697,0.004997711596706204,adaptive,head_target_density1,20,masked_mae,8,8,primary_full_target_density1,eyes
0.013026424430287686,0.019889721309286096,0.007047346433045195,released,head_target_density1,20,masked_mae,8,8,primary_full_target_density1,eyes
0.01722226938178633,0.02630017524424231,0.008909251879004052,adaptive,head_target_density1,20,masked_mae,8,8,primary_full_target_density1,flame_supported
0.015807895230128877,0.02296602691532087,0.00886111721573213,released,head_target_density1,20,masked_mae,8,8,primary_full_target_density1,flame_supported
-0.20278100601375723,-0.1494008146289171,-0.25914404941772085,adaptive,head_target_density1,20,masked_mae,8,8,primary_full_target_density1,flame_unsupported
-0.186450582235034,-0.1402060742723443,-0.2361500245968266,released,head_target_density1,20,masked_mae,8,8,primary_full_target_density1,flame_unsupported
-0.04851521304190883,-0.028866946080250422,-0.06764661506322775,adaptive,head_target_density1,20,masked_mae,8,8,primary_full_target_density1,foreground
-0.0449133681567611,-0.028102695341796807,-0.06154738240583008,released,head_target_density1,20,masked_mae,8,8,primary_full_target_density1,foreground
-0.01671278049247435,-0.0006296399700177435,-0.031840268158035395,adaptive,head_target_density1,20,masked_mae,8,8,primary_full_target_density1,full_frame
-0.014973558259732806,-0.0008776550885144912,-0.02830291046918214,released,head_target_density1,20,masked_mae,8,8,primary_full_target_density1,full_frame
0.01841694282621912,0.025329218206186728,0.01146632886768051,adaptive,head_target_density1,20,masked_mae,8,8,primary_full_target_density1,head_foreground
0.017955108367796756,0.023220277277936286,0.012286810465634894,released,head_target_density1,20,masked_mae,8,8,primary_full_target_density1,head_foreground
0.024738606003101345,0.031302023623047646,0.018587598611993696,adaptive,head_target_density1,20,masked_mae,8,8,primary_full_target_density1,head_supported
0.022252922930262323,0.027882015058570183,0.01711020822892,released,head_target_density1,20,masked_mae,8,8,primary_full_target_density1,head_supported
-0.03433204245916259,0.0017425879548461543,-0.08218962678140054,adaptive,head_target_density1,20,masked_mae,8,8,primary_full_target_density1,head_unsupported
-0.020538188469344503,0.007798270790409252,-0.05645613921583845,released,head_target_density1,20,masked_mae,8,8,primary_full_target_density1,head_unsupported
0.011200221593702103,0.015651724053984562,0.006891330031458969,adaptive,head_target_density1,20,masked_mae,8,8,primary_full_target_density1,oral
0.006650980905063832,0.00972471189387005,0.003888663657234393,released,head_target_density1,20,masked_mae,8,8,primary_full_target_density1,oral
-0.2030047781506557,-0.14376023896653825,-0.26068266430511183,adaptive,head_target_density1,20,masked_mae,8,8,primary_full_target_density1,torso_outside_head_roi
-0.18971170822826142,-0.13827606190256128,-0.23946470621919405,released,head_target_density1,20,masked_mae,8,8,primary_full_target_density1,torso_outside_head_roi
0.020715027140346044,0.030483740897920854,0.01358137846904174,adaptive,head_target_density1,20,masked_mae,384,1,primary_full_target_density1,background
0.019334300578231076,0.029679329167109744,0.011925194368189953,released,head_target_density1,20,masked_mae,384,1,primary_full_target_density1,background
0.002588844244116301,0.004911743055815703,0.00036671327107683634,adaptive,head_target_density1,20,masked_mae,384,1,primary_full_target_density1,eyes
0.007981879246411056,0.011128222702134543,0.004895431030434265,released,head_target_density1,20,masked_mae,384,1,primary_full_target_density1,eyes
-0.005819745378224527,0.001109618390735625,-0.012604217267632346,adaptive,head_target_density1,20,masked_mae,384,1,primary_full_target_density1,flame_supported
-0.004827953441698682,0.0021158073618931486,-0.012137366360149067,released,head_target_density1,20,masked_mae,384,1,primary_full_target_density1,flame_supported
-0.26738466335379835,-0.19735394757065755,-0.33911367318000085,adaptive,head_target_density1,20,masked_mae,384,1,primary_full_target_density1,flame_unsupported
-0.27974421259431625,-0.2112632596510827,-0.34911613910198314,released,head_target_density1,20,masked_mae,384,1,primary_full_target_density1,flame_unsupported
-0.08534381044196891,-0.061364675565012496,-0.10959097018758988,adaptive,head_target_density1,20,masked_mae,384,1,primary_full_target_density1,foreground
-0.08818746265396227,-0.06355972838612624,-0.11326230787230035,released,head_target_density1,20,masked_mae,384,1,primary_full_target_density1,foreground
-0.03865907244266027,-0.022929296212924024,-0.05477089230159316,adaptive,head_target_density1,20,masked_mae,384,1,primary_full_target_density1,full_frame
-0.04081482793947664,-0.024308773847283426,-0.057501274142387475,released,head_target_density1,20,masked_mae,384,1,primary_full_target_density1,full_frame
0.014804505868820502,0.018822875357486658,0.010920000024915751,adaptive,head_target_density1,20,masked_mae,384,1,primary_full_target_density1,head_foreground
0.014176923117438548,0.018355525121006598,0.010245339965971606,released,head_target_density1,20,masked_mae,384,1,primary_full_target_density1,head_foreground
0.013606086162872011,0.017292472082918835,0.009962359584196629,adaptive,head_target_density1,20,masked_mae,384,1,primary_full_target_density1,head_supported
0.013512948973860201,0.016708490228230805,0.010512875418936406,released,head_target_density1,20,masked_mae,384,1,primary_full_target_density1,head_supported
0.010945986803993772,0.04521131721983479,-0.02707865810631488,adaptive,head_target_density1,20,masked_mae,384,1,primary_full_target_density1,head_unsupported
0.004714929672604062,0.03103013249965815,-0.023127663952191947,released,head_target_density1,20,masked_mae,384,1,primary_full_target_density1,head_unsupported
0.005351525269680084,0.008313131307159324,0.0025773398887843544,adaptive,head_target_density1,20,masked_mae,384,1,primary_full_target_density1,oral
0.006135711057255796,0.0082081687205445,0.004406408878400361,released,head_target_density1,20,masked_mae,384,1,primary_full_target_density1,oral
-0.3317032049219036,-0.25549490523067236,-0.4033024751018872,adaptive,head_target_density1,20,masked_mae,384,1,primary_full_target_density1,torso_outside_head_roi
-0.3378275859199892,-0.26391260912289954,-0.4098397718004393,released,head_target_density1,20,masked_mae,384,1,primary_full_target_density1,torso_outside_head_roi
0.0206536982024953,0.028244109389933478,0.013626420655331293,adaptive,head_target_density1,20,masked_mae,384,4,primary_full_target_density1,background
0.024122478316894534,0.03188636890796965,0.017221255551206363,released,head_target_density1,20,masked_mae,384,4,primary_full_target_density1,background
0.005732730029898369,0.008427260077871323,0.0034075710311335383,adaptive,head_target_density1,20,masked_mae,384,4,primary_full_target_density1,eyes
0.008877440563893623,0.012971392293560357,0.005008936420027004,released,head_target_density1,20,masked_mae,384,4,primary_full_target_density1,eyes
-0.003849170105624098,0.0029421621383709487,-0.010703537506460891,adaptive,head_target_density1,20,masked_mae,384,4,primary_full_target_density1,flame_supported
-0.003941907890875775,0.003498498070269441,-0.011494210193551565,released,head_target_density1,20,masked_mae,384,4,primary_full_target_density1,flame_supported
-0.27330107908249984,-0.20281186571336307,-0.344573457298187,adaptive,head_target_density1,20,masked_mae,384,4,primary_full_target_density1,flame_unsupported
-0.2846709778108768,-0.21425882602331064,-0.35525818273295334,released,head_target_density1,20,masked_mae,384,4,primary_full_target_density1,flame_unsupported
-0.08481965849086384,-0.060785420291280645,-0.10873091632741326,adaptive,head_target_density1,20,masked_mae,384,4,primary_full_target_density1,foreground
-0.08852359462553976,-0.06386420939132434,-0.11313144524072982,released,head_target_density1,20,masked_mae,384,4,primary_full_target_density1,foreground
-0.0390996685588546,-0.02451342655292776,-0.05470060858365809,adaptive,head_target_density1,20,masked_mae,384,4,primary_full_target_density1,full_frame
-0.03978615652212208,-0.02478849710046534,-0.05529503757659176,released,head_target_density1,20,masked_mae,384,4,primary_full_target_density1,full_frame
0.01671790274489138,0.020710622005698155,0.013054533139897267,adaptive,head_target_density1,20,masked_mae,384,4,primary_full_target_density1,head_foreground
0.016135411209152902,0.020223571884355054,0.012157741515680685,released,head_target_density1,20,masked_mae,384,4,primary_full_target_density1,head_foreground
0.017639468856450898,0.021554739089350013,0.014066022707528974,adaptive,head_target_density1,20,masked_mae,384,4,primary_full_target_density1,head_supported
0.01682812915548903,0.02032034230232895,0.013593442441641485,released,head_target_density1,20,masked_mae,384,4,primary_full_target_density1,head_supported
-0.004617698301505354,0.030474074297561965,-0.04496633131383861,adaptive,head_target_density1,20,masked_mae,384,4,primary_full_target_density1,head_unsupported
0.00044047212693849316,0.023775494230686922,-0.024556108531974943,released,head_target_density1,20,masked_mae,384,4,primary_full_target_density1,head_unsupported
0.0071323226567580915,0.010974395618835817,0.003470092878239652,adaptive,head_target_density1,20,masked_mae,384,4,primary_full_target_density1,oral
0.00771333846441315,0.01047681653699813,0.0052106170118066805,released,head_target_density1,20,masked_mae,384,4,primary_full_target_density1,oral
-0.33511389884647313,-0.2609562644854369,-0.4050327823838701,adaptive,head_target_density1,20,masked_mae,384,4,primary_full_target_density1,torso_outside_head_roi
-0.3453538191615021,-0.26993390645782556,-0.41844338223457783,released,head_target_density1,20,masked_mae,384,4,primary_full_target_density1,torso_outside_head_roi
0.01911488080960058,0.027009182445273422,0.011775310951543484,adaptive,head_target_density1,20,masked_mae,384,8,primary_full_target_density1,background
0.024143171268445986,0.03297780718868948,0.016681454691142374,released,head_target_density1,20,masked_mae,384,8,primary_full_target_density1,background
0.004748169436073804,0.007625754237791175,0.0023865651294704125,adaptive,head_target_density1,20,masked_mae,384,8,primary_full_target_density1,eyes
0.008637349969331406,0.012476172508167113,0.005207073773959527,released,head_target_density1,20,masked_mae,384,8,primary_full_target_density1,eyes
-0.0047140995035794536,0.0028826357988697223,-0.012247882029213463,adaptive,head_target_density1,20,masked_mae,384,8,primary_full_target_density1,flame_supported
-0.003586648643097151,0.004128596581248881,-0.011489128586849463,released,head_target_density1,20,masked_mae,384,8,primary_full_target_density1,flame_supported
-0.28135658458418134,-0.2151138646332925,-0.3501784459546166,adaptive,head_target_density1,20,masked_mae,384,8,primary_full_target_density1,flame_unsupported
-0.29268564702173794,-0.2256371816686147,-0.3615603885209776,released,head_target_density1,20,masked_mae,384,8,primary_full_target_density1,flame_unsupported
-0.0894275812247687,-0.06534484654061724,-0.11486637738539211,adaptive,head_target_density1,20,masked_mae,384,8,primary_full_target_density1,foreground
-0.09217693809592499,-0.06768049219137258,-0.11709162617425378,released,head_target_density1,20,masked_mae,384,8,primary_full_target_density1,foreground
-0.041689326469000275,-0.02675908364387817,-0.057345888230406684,adaptive,head_target_density1,20,masked_mae,384,8,primary_full_target_density1,full_frame
-0.04112525887647575,-0.025754443373299945,-0.056809317791702764,released,head_target_density1,20,masked_mae,384,8,primary_full_target_density1,full_frame
0.01607581882888459,0.020424238930064415,0.01206050569034383,adaptive,head_target_density1,20,masked_mae,384,8,primary_full_target_density1,head_foreground
0.01668247252066121,0.020844118599452507,0.012632882854194156,released,head_target_density1,20,masked_mae,384,8,primary_full_target_density1,head_foreground
0.017323361382301422,0.02181746512520642,0.013360434924331116,adaptive,head_target_density1,20,masked_mae,384,8,primary_full_target_density1,head_supported
0.017680178814931547,0.021566628357749848,0.014194787290916696,released,head_target_density1,20,masked_mae,384,8,primary_full_target_density1,head_supported
-0.008243032874046458,0.026104025815441703,-0.04863632038410283,adaptive,head_target_density1,20,masked_mae,384,8,primary_full_target_density1,head_unsupported
-0.0033353076962067407,0.019044023695655138,-0.02796731533434473,released,head_target_density1,20,masked_mae,384,8,primary_full_target_density1,head_unsupported
0.007848169543072214,0.011961934092852492,0.0038542230860611425,adaptive,head_target_density1,20,masked_mae,384,8,primary_full_target_density1,oral
0.007880184297443787,0.010554973512326718,0.005411154280940945,released,head_target_density1,20,masked_mae,384,8,primary_full_target_density1,oral
-0.3411566018014751,-0.2679374401673112,-0.4120743744933039,adaptive,head_target_density1,20,masked_mae,384,8,primary_full_target_density1,torso_outside_head_roi
-0.3499282429530221,-0.2755882870898605,-0.4220432813369943,released,head_target_density1,20,masked_mae,384,8,primary_full_target_density1,torso_outside_head_roi
0.004573102075001388,0.008871440202521787,0.0005038612445387841,adaptive,full_target_density2,20,masked_mae,8,1,primary_full_target_density1,background
0.003640387161005262,0.007166883918186055,-7.424731733376575e-05,released,full_target_density2,20,masked_mae,8,1,primary_full_target_density1,background
0.002212024064156332,0.008951610947154387,-0.002370624246170313,adaptive,full_target_density2,20,masked_mae,8,1,primary_full_target_density1,eyes
0.0034804513599594722,0.007696700423194629,-0.00028528546678875585,released,full_target_density2,20,masked_mae,8,1,primary_full_target_density1,eyes
0.002368453606456069,0.006624765575585753,-0.0021754412810891088,adaptive,full_target_density2,20,masked_mae,8,1,primary_full_target_density1,flame_supported
0.00039077326389457825,0.0036558532965529234,-0.002856082470581083,released,full_target_density2,20,masked_mae,8,1,primary_full_target_density1,flame_supported
-0.011918731872574756,0.0009491151141599278,-0.025646565418238457,adaptive,full_target_density2,20,masked_mae,8,1,primary_full_target_density1,flame_unsupported
0.0014086644134341463,0.013662848902190763,-0.011776768518708182,released,full_target_density2,20,masked_mae,8,1,primary_full_target_density1,flame_unsupported
-0.000987811934826876,0.003791151243459671,-0.00632104937026552,adaptive,full_target_density2,20,masked_mae,8,1,primary_full_target_density1,foreground
0.0018541628397788536,0.00583587984669365,-0.0021831173198691126,released,full_target_density2,20,masked_mae,8,1,primary_full_target_density1,foreground
0.0013828692799178796,0.00411167537538177,-0.001458034654286335,adaptive,full_target_density2,20,masked_mae,8,1,primary_full_target_density1,full_frame
0.0027078627249895295,0.005265598184124053,-8.239491032316248e-05,released,full_target_density2,20,masked_mae,8,1,primary_full_target_density1,full_frame
-0.0003594745559945614,0.00476605443788162,-0.005737311073887087,adaptive,full_target_density2,20,masked_mae,8,1,primary_full_target_density1,head_foreground
-0.002117348195741355,0.001140510337799324,-0.0055895636852428985,released,full_target_density2,20,masked_mae,8,1,primary_full_target_density1,head_foreground
0.004899013620026068,0.009523252081692642,0.00025015711312285254,adaptive,full_target_density2,20,masked_mae,8,1,primary_full_target_density1,head_supported
0.0024450736715423737,0.005565299325019316,-0.0006630761428659881,released,full_target_density2,20,masked_mae,8,1,primary_full_target_density1,head_supported
-0.03920830219905034,-0.014438535052068387,-0.06529408189971297,adaptive,full_target_density2,20,masked_mae,8,1,primary_full_target_density1,head_unsupported
-0.04030937509392641,-0.02115875035765762,-0.06006488167183398,released,full_target_density2,20,masked_mae,8,1,primary_full_target_density1,head_unsupported
0.006298621247491272,0.009312007589312062,0.0035597237993014,adaptive,full_target_density2,20,masked_mae,8,1,primary_full_target_density1,oral
0.0021903560158402975,0.0038622721729734393,0.0005570979248672058,released,full_target_density2,20,masked_mae,8,1,primary_full_target_density1,oral
-0.003930665961552324,0.01569466304572999,-0.026588742151861005,adaptive,full_target_density2,20,masked_mae,8,1,primary_full_target_density1,torso_outside_head_roi
0.006668817014323323,0.021134653767716186,-0.011760031572071374,released,full_target_density2,20,masked_mae,8,1,primary_full_target_density1,torso_outside_head_roi
0.003983595650649162,0.006956231250579267,0.001182953631865802,adaptive,full_target_density2,20,masked_mae,8,4,primary_full_target_density1,background
0.003400349038226236,0.006671903294874474,-2.9427259156330706e-06,released,full_target_density2,20,masked_mae,8,4,primary_full_target_density1,background
0.002530932477065953,0.006990808645341082,-0.0013098119388588571,adaptive,full_target_density2,20,masked_mae,8,4,primary_full_target_density1,eyes
0.0023930515678322536,0.007050834635964887,-0.0014949013398180102,released,full_target_density2,20,masked_mae,8,4,primary_full_target_density1,eyes
0.005116782048470787,0.00965840401033491,0.0005607412990470247,adaptive,full_target_density2,20,masked_mae,8,4,primary_full_target_density1,flame_supported
0.0024917505259462467,0.00547964778564112,-0.0004678453913574136,released,full_target_density2,20,masked_mae,8,4,primary_full_target_density1,flame_supported
0.0012986345182980212,0.012901509351523566,-0.01108129144632489,adaptive,full_target_density2,20,masked_mae,8,4,primary_full_target_density1,flame_unsupported
0.0012509313478022838,0.012006608930801462,-0.009631046283924152,released,full_target_density2,20,masked_mae,8,4,primary_full_target_density1,flame_unsupported
0.0040374579830604555,0.008751906507191628,-0.0010999598021583295,adaptive,full_target_density2,20,masked_mae,8,4,primary_full_target_density1,foreground
0.00382649552463429,0.007892061331407354,-0.00013144269990554753,released,full_target_density2,20,masked_mae,8,4,primary_full_target_density1,foreground
0.003804397966141425,0.007014266540688904,0.0005508366929105383,adaptive,full_target_density2,20,masked_mae,8,4,primary_full_target_density1,full_frame
0.003707744535554755,0.006426330246407576,0.0010229311076132303,released,full_target_density2,20,masked_mae,8,4,primary_full_target_density1,full_frame
0.0037583324276827127,0.008523905993027159,-0.0008388951229716659,adaptive,full_target_density2,20,masked_mae,8,4,primary_full_target_density1,head_foreground
0.0006250701028639061,0.004185716304356123,-0.0027616103309580915,released,full_target_density2,20,masked_mae,8,4,primary_full_target_density1,head_foreground
0.0078283705554318,0.01297011617162668,0.003400211480805068,adaptive,full_target_density2,20,masked_mae,8,4,primary_full_target_density1,head_supported
0.005271320560029586,0.008515422606857654,0.002241398350882476,released,full_target_density2,20,masked_mae,8,4,primary_full_target_density1,head_supported
-0.026206875644482173,-0.005126860846640951,-0.04966573320316128,adaptive,full_target_density2,20,masked_mae,8,4,primary_full_target_density1,head_unsupported
-0.041016385338412745,-0.023320343067278475,-0.060901075923106736,released,full_target_density2,20,masked_mae,8,4,primary_full_target_density1,head_unsupported
0.006996740161193063,0.01008405261662463,0.003971903737430263,adaptive,full_target_density2,20,masked_mae,8,4,primary_full_target_density1,oral
0.0037892060114995407,0.006103315147514572,0.0014752193008532965,released,full_target_density2,20,masked_mae,8,4,primary_full_target_density1,oral
0.0060797977577042184,0.018397087845324928,-0.006263289114465471,adaptive,full_target_density2,20,masked_mae,8,4,primary_full_target_density1,torso_outside_head_roi
0.005488511880357529,0.01643911868986093,-0.00642993130142989,released,full_target_density2,20,masked_mae,8,4,primary_full_target_density1,torso_outside_head_roi
0.002284076819416587,0.005157811300302035,-0.00045401346241359127,adaptive,full_target_density2,20,masked_mae,8,8,primary_full_target_density1,background
0.0027812028980588946,0.005774216933384066,-0.0003609367249330145,released,full_target_density2,20,masked_mae,8,8,primary_full_target_density1,background
0.0023432373820463626,0.007166497706756728,-0.001447213966611389,adaptive,full_target_density2,20,masked_mae,8,8,primary_full_target_density1,eyes
0.0021783998249732153,0.0068379562438326096,-0.001899547724257117,released,full_target_density2,20,masked_mae,8,8,primary_full_target_density1,eyes
0.006011955266775441,0.009995124269845973,0.0020707141160837103,adaptive,full_target_density2,20,masked_mae,8,8,primary_full_target_density1,flame_supported
0.004090680924337642,0.0071120640256945354,0.00121275694736077,released,full_target_density2,20,masked_mae,8,8,primary_full_target_density1,flame_supported
0.005581094291694726,0.0171187346201974,-0.0060749540619526,adaptive,full_target_density2,20,masked_mae,8,8,primary_full_target_density1,flame_unsupported
0.006470205524942961,0.01711634725804528,-0.004486050532581863,released,full_target_density2,20,masked_mae,8,8,primary_full_target_density1,flame_unsupported
0.005902865480698914,0.010040679761517858,0.0015375190657527186,adaptive,full_target_density2,20,masked_mae,8,8,primary_full_target_density1,foreground
0.006332696941675833,0.010081842717493425,0.0027009990211249095,released,full_target_density2,20,masked_mae,8,8,primary_full_target_density1,foreground
0.004079628566986894,0.007153671541255276,0.0010428135673290963,adaptive,full_target_density2,20,masked_mae,8,8,primary_full_target_density1,full_frame
0.004911863064181065,0.007530029760982746,0.0023580462617791534,released,full_target_density2,20,masked_mae,8,8,primary_full_target_density1,full_frame
0.004929694179860329,0.009187580789583644,0.0008292790958504934,adaptive,full_target_density2,20,masked_mae,8,8,primary_full_target_density1,head_foreground
0.0023840907680202166,0.005690568898949374,-0.0009178644863051752,released,full_target_density2,20,masked_mae,8,8,primary_full_target_density1,head_foreground
0.008494040306891274,0.012973981388597865,0.004334378448811693,adaptive,full_target_density2,20,masked_mae,8,8,primary_full_target_density1,head_supported
0.006531076447163284,0.009905633927035057,0.00335682550120505,released,full_target_density2,20,masked_mae,8,8,primary_full_target_density1,head_supported
-0.021771348376882577,-0.002944571919444367,-0.04237723877473765,adaptive,full_target_density2,20,masked_mae,8,8,primary_full_target_density1,head_unsupported
-0.033831436149739144,-0.0171565633155415,-0.0525145112582402,released,full_target_density2,20,masked_mae,8,8,primary_full_target_density1,head_unsupported
0.006346180608910755,0.00951704647095068,0.0033464687346027484,adaptive,full_target_density2,20,masked_mae,8,8,primary_full_target_density1,oral
0.003408561300538759,0.005773071507107065,0.001120329174427694,released,full_target_density2,20,masked_mae,8,8,primary_full_target_density1,oral
0.009970302445278991,0.02209350540024885,-0.0024199465171006254,adaptive,full_target_density2,20,masked_mae,8,8,primary_full_target_density1,torso_outside_head_roi
0.009765248919922219,0.02145680768974075,-0.0036699925096464,released,full_target_density2,20,masked_mae,8,8,primary_full_target_density1,torso_outside_head_roi
0.006650649042275589,0.009908729290104742,0.0036197807712082183,adaptive,full_target_density2,20,masked_mae,384,1,primary_full_target_density1,background
0.004138285032053426,0.007436342466655551,0.000981710356198725,released,full_target_density2,20,masked_mae,384,1,primary_full_target_density1,background
-0.0004869544780174258,0.0015851605622306732,-0.002662285674118035,adaptive,full_target_density2,20,masked_mae,384,1,primary_full_target_density1,eyes
-0.0005200085826287677,0.0014761750973753733,-0.0028065101479947943,released,full_target_density2,20,masked_mae,384,1,primary_full_target_density1,eyes
0.0009869212976807429,0.003871538551944109,-0.0019492799204995864,adaptive,full_target_density2,20,masked_mae,384,1,primary_full_target_density1,flame_supported
-0.0004851294531054845,0.00286683301287091,-0.003776316443497407,released,full_target_density2,20,masked_mae,384,1,primary_full_target_density1,flame_supported
0.0029895748241949697,0.010179709513607601,-0.004981721797713263,adaptive,full_target_density2,20,masked_mae,384,1,primary_full_target_density1,flame_unsupported
-0.016451544372638138,-0.0031818426833797485,-0.029224057181633227,released,full_target_density2,20,masked_mae,384,1,primary_full_target_density1,flame_unsupported
0.0018770936934142002,0.004848310475267949,-0.0013362924168151343,adaptive,full_target_density2,20,masked_mae,384,1,primary_full_target_density1,foreground
-0.005408286499907421,-0.0005998490750735893,-0.01005327666962573,released,full_target_density2,20,masked_mae,384,1,primary_full_target_density1,foreground
0.003942006267338425,0.006215701837409798,0.0018938106605930882,adaptive,full_target_density2,20,masked_mae,384,1,primary_full_target_density1,full_frame
-0.001369717962298047,0.0005667173673236138,-0.003349430770929074,released,full_target_density2,20,masked_mae,384,1,primary_full_target_density1,full_frame
0.0012876668185537107,0.004533452407670527,-0.001911072909648174,adaptive,full_target_density2,20,masked_mae,384,1,primary_full_target_density1,head_foreground
-0.0007409680227520997,0.0028068154185328714,-0.004279365805513741,released,full_target_density2,20,masked_mae,384,1,primary_full_target_density1,head_foreground
0.004744639828546211,0.007693828424633519,0.002039627855019485,adaptive,full_target_density2,20,masked_mae,384,1,primary_full_target_density1,head_supported
0.0035025233836661006,0.006677641107294429,0.0006734456699525989,released,full_target_density2,20,masked_mae,384,1,primary_full_target_density1,head_supported
-0.02249928538369606,-0.010445566244189661,-0.03297637231616868,adaptive,full_target_density2,20,masked_mae,384,1,primary_full_target_density1,head_unsupported
-0.03279744969018468,-0.01967384483312886,-0.046775007657539905,released,full_target_density2,20,masked_mae,384,1,primary_full_target_density1,head_unsupported
0.0034468590719089797,0.005673380539652466,0.0012521691646106114,adaptive,full_target_density2,20,masked_mae,384,1,primary_full_target_density1,oral
0.0028158043316635767,0.004374042522780964,0.001414177249045722,released,full_target_density2,20,masked_mae,384,1,primary_full_target_density1,oral
0.002282462135650526,0.010595104585987837,-0.006649479759933168,adaptive,full_target_density2,20,masked_mae,384,1,primary_full_target_density1,torso_outside_head_roi
-0.016556708238187362,-0.002681988366068103,-0.030548544130838236,released,full_target_density2,20,masked_mae,384,1,primary_full_target_density1,torso_outside_head_roi
0.0045333413740952025,0.008457023523196218,0.0006841391592821801,adaptive,full_target_density2,20,masked_mae,384,4,primary_full_target_density1,background
0.0018627006447932061,0.005022242733751035,-0.0014206477593071759,released,full_target_density2,20,masked_mae,384,4,primary_full_target_density1,background
-2.8640786487158996e-05,0.002489403141141533,-0.0024846174520622264,adaptive,full_target_density2,20,masked_mae,384,4,primary_full_target_density1,eyes
-0.0005074827850333211,0.0025440897389726667,-0.003327238211583137,released,full_target_density2,20,masked_mae,384,4,primary_full_target_density1,eyes
0.004091342526642638,0.0070798773131775985,0.0011775089364914227,adaptive,full_target_density2,20,masked_mae,384,4,primary_full_target_density1,flame_supported
0.0022759176962894386,0.005762452807205104,-0.0011743913822554746,released,full_target_density2,20,masked_mae,384,4,primary_full_target_density1,flame_supported
0.01177723392402449,0.023181589813993046,0.0024931199685444094,adaptive,full_target_density2,20,masked_mae,384,4,primary_full_target_density1,flame_unsupported
-0.00443324196069569,0.009223280061406955,-0.016088103121372054,released,full_target_density2,20,masked_mae,384,4,primary_full_target_density1,flame_unsupported
0.0064655535157405325,0.00972204114751333,0.003183779248838739,adaptive,full_target_density2,20,masked_mae,384,4,primary_full_target_density1,foreground
-0.00017165635917234384,0.0042717838138711895,-0.004504985332182221,released,full_target_density2,20,masked_mae,384,4,primary_full_target_density1,foreground
0.005239140708256032,0.007492361045737563,0.003088006703841569,adaptive,full_target_density2,20,masked_mae,384,4,primary_full_target_density1,full_frame
0.0003409337077915825,0.0022203234381310017,-0.0016307963336466274,released,full_target_density2,20,masked_mae,384,4,primary_full_target_density1,full_frame
0.005838279433660389,0.008839441345627369,0.0031007040868640933,adaptive,full_target_density2,20,masked_mae,384,4,primary_full_target_density1,head_foreground
0.003263560265692327,0.006375417364826217,0.000435406338620069,released,full_target_density2,20,masked_mae,384,4,primary_full_target_density1,head_foreground
0.008365601823871669,0.011376435314994599,0.0057423871794369365,adaptive,full_target_density2,20,masked_mae,384,4,primary_full_target_density1,head_supported
0.006500648334695243,0.0097889831597645,0.0034771779113241916,released,full_target_density2,20,masked_mae,384,4,primary_full_target_density1,head_supported
-0.013899469947364702,-0.003666559684741803,-0.023415011754207668,adaptive,full_target_density2,20,masked_mae,384,4,primary_full_target_density1,head_unsupported
-0.022171073729530956,-0.013316531470787677,-0.03112892870406185,released,full_target_density2,20,masked_mae,384,4,primary_full_target_density1,head_unsupported
0.0038267901934980627,0.005851447877861515,0.0019328484632609097,adaptive,full_target_density2,20,masked_mae,384,4,primary_full_target_density1,oral
0.0026347726023845186,0.004218667728528916,0.0010270555211523585,released,full_target_density2,20,masked_mae,384,4,primary_full_target_density1,oral
0.007211340298191764,0.01735431648637769,-0.0023431118904979013,adaptive,full_target_density2,20,masked_mae,384,4,primary_full_target_density1,torso_outside_head_roi
-0.006938434675878328,0.007030498084015064,-0.019435638250873875,released,full_target_density2,20,masked_mae,384,4,primary_full_target_density1,torso_outside_head_roi
0.0035916926719481643,0.007503228965515036,-0.0002211944743449522,adaptive,full_target_density2,20,masked_mae,384,8,primary_full_target_density1,background
-4.271187720961134e-06,0.002859837077969335,-0.0031809983590977368,released,full_target_density2,20,masked_mae,384,8,primary_full_target_density1,background
-0.00039465142477620037,0.0019381640731271795,-0.0027097094310529765,adaptive,full_target_density2,20,masked_mae,384,8,primary_full_target_density1,eyes
0.0002965199131250637,0.003455286631804374,-0.0025654680940199862,released,full_target_density2,20,masked_mae,384,8,primary_full_target_density1,eyes
0.003892223841481056,0.007076621906229028,0.0010498457476281248,adaptive,full_target_density2,20,masked_mae,384,8,primary_full_target_density1,flame_supported
0.002391171638810094,0.0057938385294275235,-0.0011178310542860072,released,full_target_density2,20,masked_mae,384,8,primary_full_target_density1,flame_supported
0.012623193140410294,0.02396972129094836,0.003581741330080091,adaptive,full_target_density2,20,masked_mae,384,8,primary_full_target_density1,flame_unsupported
-0.003057220429621074,0.009507191312370777,-0.013879207645447481,released,full_target_density2,20,masked_mae,384,8,primary_full_target_density1,flame_unsupported
0.006689478938504539,0.00988616995892346,0.0035077960387219858,adaptive,full_target_density2,20,masked_mae,384,8,primary_full_target_density1,foreground
0.00037877562020729864,0.004629431331668311,-0.003913658804170494,released,full_target_density2,20,masked_mae,384,8,primary_full_target_density1,foreground
0.005017120540572105,0.007189970432120832,0.0029438689179062724,adaptive,full_target_density2,20,masked_mae,384,8,primary_full_target_density1,full_frame
-9.637328797432835e-05,0.001835444101910564,-0.0019931637589291596,released,full_target_density2,20,masked_mae,384,8,primary_full_target_density1,full_frame
0.0057205577280793445,0.00869678248430944,0.00303458023507821,adaptive,full_target_density2,20,masked_mae,384,8,primary_full_target_density1,head_foreground
0.0036337712530898868,0.006749728677926718,0.0007897445772395945,released,full_target_density2,20,masked_mae,384,8,primary_full_target_density1,head_foreground
0.008067582662692223,0.011229773367498277,0.005366255010602279,adaptive,full_target_density2,20,masked_mae,384,8,primary_full_target_density1,head_supported
0.006779176415568282,0.010122261277088788,0.003720272349364351,released,full_target_density2,20,masked_mae,384,8,primary_full_target_density1,head_supported
-0.012592674310744126,-0.0008721544499274284,-0.02340635376867811,adaptive,full_target_density2,20,masked_mae,384,8,primary_full_target_density1,head_unsupported
-0.02164312700899669,-0.01200581248392802,-0.03126830942374386,released,full_target_density2,20,masked_mae,384,8,primary_full_target_density1,head_unsupported
0.0030627501223172626,0.0051448077165910005,0.0008258876352976646,adaptive,full_target_density2,20,masked_mae,384,8,primary_full_target_density1,oral
0.002687348197247314,0.004297108053341054,0.001042874935822196,released,full_target_density2,20,masked_mae,384,8,primary_full_target_density1,oral
0.008407159976055146,0.019007834809316296,-0.0009960237240115362,adaptive,full_target_density2,20,masked_mae,384,8,primary_full_target_density1,torso_outside_head_roi
-0.005390017278436156,0.007568412241794345,-0.01736147334475229,released,full_target_density2,20,masked_mae,384,8,primary_full_target_density1,torso_outside_head_roi
0.05494419989131742,0.07223358173366805,0.038766166271553104,adaptive,head_target_density1,20,ssim,8,1,primary_full_target_density1,full_frame
0.05783850745785805,0.0730793255319198,0.04364251687590563,released,head_target_density1,20,ssim,8,1,primary_full_target_density1,full_frame
0.06156382885846221,0.08091488547848925,0.04288104427470401,adaptive,head_target_density1,20,ssim,8,4,primary_full_target_density1,full_frame
0.06299162452871147,0.0800267285955223,0.046007443438425236,released,head_target_density1,20,ssim,8,4,primary_full_target_density1,full_frame
0.06283384171270187,0.0816625197338206,0.044793610086753255,adaptive,head_target_density1,20,ssim,8,8,primary_full_target_density1,full_frame
0.06379948081005185,0.08018141209547008,0.04723955874464344,released,head_target_density1,20,ssim,8,8,primary_full_target_density1,full_frame
0.0413337844823088,0.054504489708869265,0.029110511172385434,adaptive,head_target_density1,20,ssim,384,1,primary_full_target_density1,full_frame
0.03711753448560125,0.049750864781616694,0.02546089972413723,released,head_target_density1,20,ssim,384,1,primary_full_target_density1,full_frame
0.052859741539666175,0.06486055993221025,0.041642442740725774,adaptive,head_target_density1,20,ssim,384,4,primary_full_target_density1,full_frame
0.05633404218789304,0.06833646280408806,0.044678565609184165,released,head_target_density1,20,ssim,384,4,primary_full_target_density1,full_frame
0.05078332949252355,0.06424654618260406,0.03783103782683611,adaptive,head_target_density1,20,ssim,384,8,primary_full_target_density1,full_frame
0.057927703431674415,0.0709339790968668,0.04562055388199433,released,head_target_density1,20,ssim,384,8,primary_full_target_density1,full_frame
0.014896336375247865,0.02250964944916116,0.0072636515931004736,adaptive,full_target_density2,20,ssim,8,1,primary_full_target_density1,full_frame
0.01521293269026849,0.022544288203297652,0.008007935737037935,released,full_target_density2,20,ssim,8,1,primary_full_target_density1,full_frame
0.020509387191497933,0.02771111268324383,0.013392469710247124,adaptive,full_target_density2,20,ssim,8,4,primary_full_target_density1,full_frame
0.020352061589558913,0.028073463083216604,0.01310960629334052,released,full_target_density2,20,ssim,8,4,primary_full_target_density1,full_frame
0.01952579880044573,0.02657445179387214,0.01261137502001867,adaptive,full_target_density2,20,ssim,8,8,primary_full_target_density1,full_frame
0.02015566989069892,0.028202041696224884,0.012527046063471409,released,full_target_density2,20,ssim,8,8,primary_full_target_density1,full_frame
0.021593284713370447,0.027121174609554655,0.016592208854854098,adaptive,full_target_density2,20,ssim,384,1,primary_full_target_density1,full_frame
0.010457727774268103,0.0160282330915686,0.0048461354266674615,released,full_target_density2,20,ssim,384,1,primary_full_target_density1,full_frame
0.02556247878255268,0.03149434132332154,0.020500919277017804,adaptive,full_target_density2,20,ssim,384,4,primary_full_target_density1,full_frame
0.017196102395202195,0.022924014425864732,0.01109464338783067,released,full_target_density2,20,ssim,384,4,primary_full_target_density1,full_frame
0.025450675402368828,0.03132477243031777,0.02037714721014104,adaptive,full_target_density2,20,ssim,384,8,primary_full_target_density1,full_frame
0.01767437472229913,0.024861762399474834,0.010172246942917504,released,full_target_density2,20,ssim,384,8,primary_full_target_density1,full_frame
0.017099098452478045,0.027238636222198354,0.0077744894541842,adaptive,head_target_density1,20,lpips_alex_spatial,8,1,primary_full_target_density1,background
0.025562991921912116,0.03605098578439141,0.015924084487860972,released,head_target_density1,20,lpips_alex_spatial,8,1,primary_full_target_density1,background
0.02074265470507717,0.028295298161206375,0.013655158423787414,adaptive,head_target_density1,20,lpips_alex_spatial,8,1,primary_full_target_density1,eyes
0.03366077611384226,0.042223413595077655,0.025234809160154286,released,head_target_density1,20,lpips_alex_spatial,8,1,primary_full_target_density1,eyes
0.036461661351917946,0.04768450207535221,0.0251654556289207,adaptive,head_target_density1,20,lpips_alex_spatial,8,1,primary_full_target_density1,flame_supported
0.05590985455076897,0.0682244441858817,0.04342902082573278,released,head_target_density1,20,lpips_alex_spatial,8,1,primary_full_target_density1,flame_supported
-0.03322728256182111,-0.0020053095866390098,-0.06352315158807596,adaptive,head_target_density1,20,lpips_alex_spatial,8,1,primary_full_target_density1,flame_unsupported
0.005883567571364007,0.03701355654342165,-0.022474584577193157,released,head_target_density1,20,lpips_alex_spatial,8,1,primary_full_target_density1,flame_unsupported
0.013982374120076543,0.02950684950221021,-0.003412604417353974,adaptive,head_target_density1,20,lpips_alex_spatial,8,1,primary_full_target_density1,foreground
0.039101056823775855,0.0560491254645619,0.022427340031003613,released,head_target_density1,20,lpips_alex_spatial,8,1,primary_full_target_density1,foreground
0.014990954391368022,0.027496603625741876,0.0025759412986891394,adaptive,head_target_density1,20,lpips_alex_spatial,8,1,primary_full_target_density1,full_frame
0.032664503150688126,0.04637362952356217,0.019422774668379775,released,head_target_density1,20,lpips_alex_spatial,8,1,primary_full_target_density1,full_frame
0.03541852830206289,0.04556310834368914,0.025410071235773275,adaptive,head_target_density1,20,lpips_alex_spatial,8,1,primary_full_target_density1,head_foreground
0.05394583763658058,0.06463384567406909,0.042157336549858974,released,head_target_density1,20,lpips_alex_spatial,8,1,primary_full_target_density1,head_foreground
0.03664233923936753,0.046920952614694235,0.026407396311674425,adaptive,head_target_density1,20,lpips_alex_spatial,8,1,primary_full_target_density1,head_supported
0.05454237114561043,0.06555076886274888,0.043119454604696614,released,head_target_density1,20,lpips_alex_spatial,8,1,primary_full_target_density1,head_supported
0.026193643520597033,0.03545744071719477,0.01681467607043338,adaptive,head_target_density1,20,lpips_alex_spatial,8,1,primary_full_target_density1,head_unsupported
0.04931426923811287,0.061792028761417275,0.03718671968198002,released,head_target_density1,20,lpips_alex_spatial,8,1,primary_full_target_density1,head_unsupported
0.032627398857549464,0.043275046461510286,0.02206758822256695,adaptive,head_target_density1,20,lpips_alex_spatial,8,1,primary_full_target_density1,oral
0.04154664993276462,0.050974618093843224,0.03235870795714411,released,head_target_density1,20,lpips_alex_spatial,8,1,primary_full_target_density1,oral
-0.02776889110042082,0.009828896777975202,-0.06380588993803629,adaptive,head_target_density1,20,lpips_alex_spatial,8,1,primary_full_target_density1,torso_outside_head_roi
0.013905922314747377,0.05054573054655459,-0.018374320151331534,released,head_target_density1,20,lpips_alex_spatial,8,1,primary_full_target_density1,torso_outside_head_roi
0.018179412682738632,0.02867958555133105,0.00873981344370738,adaptive,head_target_density1,20,lpips_alex_spatial,8,4,primary_full_target_density1,background
0.023861126560011676,0.03506960927273427,0.013505883330286706,released,head_target_density1,20,lpips_alex_spatial,8,4,primary_full_target_density1,background
0.024519735662905322,0.032483472371428984,0.017011325401164668,adaptive,head_target_density1,20,lpips_alex_spatial,8,4,primary_full_target_density1,eyes
0.03317218579857661,0.04281454036875826,0.024175460136843643,released,head_target_density1,20,lpips_alex_spatial,8,4,primary_full_target_density1,eyes
0.04116539801184184,0.05299845089658471,0.030003975082875528,adaptive,head_target_density1,20,lpips_alex_spatial,8,4,primary_full_target_density1,flame_supported
0.05595369658036303,0.06846976683852929,0.04273975973847014,released,head_target_density1,20,lpips_alex_spatial,8,4,primary_full_target_density1,flame_supported
-0.030310504459622162,0.0022134529969627895,-0.05786040376550921,adaptive,head_target_density1,20,lpips_alex_spatial,8,4,primary_full_target_density1,flame_unsupported
0.003685627064894803,0.031765882835721036,-0.021976473214042114,released,head_target_density1,20,lpips_alex_spatial,8,4,primary_full_target_density1,flame_unsupported
0.018984217615850212,0.0351228028417458,0.004295021400703505,adaptive,head_target_density1,20,lpips_alex_spatial,8,4,primary_full_target_density1,foreground
0.03931421044026878,0.055625422850782105,0.023183128578077476,released,head_target_density1,20,lpips_alex_spatial,8,4,primary_full_target_density1,foreground
0.01825863745258533,0.03146208381931974,0.006036508099353038,adaptive,head_target_density1,20,lpips_alex_spatial,8,4,primary_full_target_density1,full_frame
0.0320712453734448,0.04550909165015894,0.01876987962642321,released,head_target_density1,20,lpips_alex_spatial,8,4,primary_full_target_density1,full_frame
0.04073392340468592,0.05106706622180334,0.030776192866613497,adaptive,head_target_density1,20,lpips_alex_spatial,8,4,primary_full_target_density1,head_foreground
0.0548677411923299,0.06648244760555012,0.04269929287762803,released,head_target_density1,20,lpips_alex_spatial,8,4,primary_full_target_density1,head_foreground
0.04208089187796556,0.0524512059514048,0.032017587665857376,adaptive,head_target_density1,20,lpips_alex_spatial,8,4,primary_full_target_density1,head_supported
0.05547522133085401,0.06722194983743765,0.0435509019709257,released,head_target_density1,20,lpips_alex_spatial,8,4,primary_full_target_density1,head_supported
0.030570648703869645,0.04186916036666654,0.020063483491317764,adaptive,head_target_density1,20,lpips_alex_spatial,8,4,primary_full_target_density1,head_unsupported
0.0513786521479155,0.06558976810299291,0.037544214488139833,released,head_target_density1,20,lpips_alex_spatial,8,4,primary_full_target_density1,head_unsupported
0.0365790545599881,0.0493991141417823,0.023993194712394993,adaptive,head_target_density1,20,lpips_alex_spatial,8,4,primary_full_target_density1,oral
0.040215695960110244,0.05145866229748964,0.029173193915857727,released,head_target_density1,20,lpips_alex_spatial,8,4,primary_full_target_density1,oral
-0.027786799685623097,0.013442839392373092,-0.061262263283796144,adaptive,head_target_density1,20,lpips_alex_spatial,8,4,primary_full_target_density1,torso_outside_head_roi
0.007557462621168387,0.04356539776393525,-0.023643167971922743,released,head_target_density1,20,lpips_alex_spatial,8,4,primary_full_target_density1,torso_outside_head_roi
0.019357923267169,0.03039340882408568,0.009208720694294332,adaptive,head_target_density1,20,lpips_alex_spatial,8,8,primary_full_target_density1,background
0.02262453070392131,0.03358274638515305,0.012513671933479886,released,head_target_density1,20,lpips_alex_spatial,8,8,primary_full_target_density1,background
0.024102859551082885,0.031986260135742184,0.016865857393301962,adaptive,head_target_density1,20,lpips_alex_spatial,8,8,primary_full_target_density1,eyes
0.03137204568707393,0.04091329889139735,0.021850635736148306,released,head_target_density1,20,lpips_alex_spatial,8,8,primary_full_target_density1,eyes
0.039843844990428784,0.05186355343681983,0.028179549797729724,adaptive,head_target_density1,20,lpips_alex_spatial,8,8,primary_full_target_density1,flame_supported
0.05286030147159261,0.06507594172843104,0.040208956606620244,released,head_target_density1,20,lpips_alex_spatial,8,8,primary_full_target_density1,flame_supported
-0.0338823072936319,-0.004127929871669875,-0.05947246783975849,adaptive,head_target_density1,20,lpips_alex_spatial,8,8,primary_full_target_density1,flame_unsupported
-0.0019804804096933888,0.025306146419032505,-0.026639609779814628,released,head_target_density1,20,lpips_alex_spatial,8,8,primary_full_target_density1,flame_unsupported
0.01652761831114336,0.032451761209109094,0.0022631550491697384,adaptive,head_target_density1,20,lpips_alex_spatial,8,8,primary_full_target_density1,foreground
0.034973757852490114,0.050864221141314295,0.019556021770132045,released,head_target_density1,20,lpips_alex_spatial,8,8,primary_full_target_density1,foreground
0.017454351413817643,0.030625401096039524,0.005574108235763797,adaptive,head_target_density1,20,lpips_alex_spatial,8,8,primary_full_target_density1,full_frame
0.029035107372127056,0.042443243768953136,0.01644169794274617,released,head_target_density1,20,lpips_alex_spatial,8,8,primary_full_target_density1,full_frame
0.03967949460111031,0.050606647214916145,0.029431630206817636,adaptive,head_target_density1,20,lpips_alex_spatial,8,8,primary_full_target_density1,head_foreground
0.051546571667921204,0.06287609245007271,0.03985369528982474,released,head_target_density1,20,lpips_alex_spatial,8,8,primary_full_target_density1,head_foreground
0.040888164151539716,0.05133350899205672,0.030842545509744697,adaptive,head_target_density1,20,lpips_alex_spatial,8,8,primary_full_target_density1,head_supported
0.05216133097745812,0.06342108656612075,0.04038556908350434,released,head_target_density1,20,lpips_alex_spatial,8,8,primary_full_target_density1,head_supported
0.03127112902915837,0.0431444054850615,0.02000207708369533,adaptive,head_target_density1,20,lpips_alex_spatial,8,8,primary_full_target_density1,head_unsupported
0.048487885655750164,0.06297794719499626,0.034632830709887805,released,head_target_density1,20,lpips_alex_spatial,8,8,primary_full_target_density1,head_unsupported
0.03603724586762005,0.048261383282038245,0.02387459926476054,adaptive,head_target_density1,20,lpips_alex_spatial,8,8,primary_full_target_density1,oral
0.03949530475592594,0.05019272237889708,0.0286153439923072,released,head_target_density1,20,lpips_alex_spatial,8,8,primary_full_target_density1,oral
-0.032195462988780246,0.005122236284183542,-0.06356288433399611,adaptive,head_target_density1,20,lpips_alex_spatial,8,8,primary_full_target_density1,torso_outside_head_roi
0.002307838117892133,0.03654304259005709,-0.028170402745644404,released,head_target_density1,20,lpips_alex_spatial,8,8,primary_full_target_density1,torso_outside_head_roi
0.0033606185941623596,0.014045504710614757,-0.007606878410036477,adaptive,head_target_density1,20,lpips_alex_spatial,384,1,primary_full_target_density1,background
0.007808443819917324,0.015709094984985864,-0.0004266836925752706,released,head_target_density1,20,lpips_alex_spatial,384,1,primary_full_target_density1,background
0.008342298417086832,0.01592770356078707,0.000661213798445105,adaptive,head_target_density1,20,lpips_alex_spatial,384,1,primary_full_target_density1,eyes
0.02334618720808814,0.030539735071584067,0.015563441380202518,released,head_target_density1,20,lpips_alex_spatial,384,1,primary_full_target_density1,eyes
0.024572990481284186,0.036086938833008286,0.012770847572624203,adaptive,head_target_density1,20,lpips_alex_spatial,384,1,primary_full_target_density1,flame_supported
0.03227191899324097,0.04270477280243649,0.021885559423410337,released,head_target_density1,20,lpips_alex_spatial,384,1,primary_full_target_density1,flame_supported
-0.0525102496411289,-0.022447319335471557,-0.08071132976601818,adaptive,head_target_density1,20,lpips_alex_spatial,384,1,primary_full_target_density1,flame_unsupported
-0.05329137055528638,-0.02549971181309756,-0.08069187232449161,released,head_target_density1,20,lpips_alex_spatial,384,1,primary_full_target_density1,flame_unsupported
-0.0001390886731609142,0.01576848223679937,-0.01606731469924772,adaptive,head_target_density1,20,lpips_alex_spatial,384,1,primary_full_target_density1,foreground
0.0047902272534909906,0.01842239484263277,-0.008352490309427387,released,head_target_density1,20,lpips_alex_spatial,384,1,primary_full_target_density1,foreground
0.0010053953696123011,0.013785205825002148,-0.012055922651510216,adaptive,head_target_density1,20,lpips_alex_spatial,384,1,primary_full_target_density1,full_frame
0.005642281337217866,0.016071382345897823,-0.00460268519334978,released,head_target_density1,20,lpips_alex_spatial,384,1,primary_full_target_density1,full_frame
0.025339877689019807,0.03680997808002918,0.013997439362605842,adaptive,head_target_density1,20,lpips_alex_spatial,384,1,primary_full_target_density1,head_foreground
0.032852822950666244,0.04226914159583525,0.023225302670991276,released,head_target_density1,20,lpips_alex_spatial,384,1,primary_full_target_density1,head_foreground
0.02533320851136932,0.03665640124953122,0.014238017351002717,adaptive,head_target_density1,20,lpips_alex_spatial,384,1,primary_full_target_density1,head_supported
0.03332493749451474,0.042748173079493176,0.0238967415290173,released,head_target_density1,20,lpips_alex_spatial,384,1,primary_full_target_density1,head_supported
0.025998206527281152,0.04044254159481249,0.01267611283946432,adaptive,head_target_density1,20,lpips_alex_spatial,384,1,primary_full_target_density1,head_unsupported
0.02810026564682318,0.04157098095959409,0.01625465134166974,released,head_target_density1,20,lpips_alex_spatial,384,1,primary_full_target_density1,head_unsupported
0.02371817751447059,0.0403598438529607,0.007518736310083654,adaptive,head_target_density1,20,lpips_alex_spatial,384,1,primary_full_target_density1,oral
0.02653686272701521,0.03866303390610147,0.0141507003467365,released,head_target_density1,20,lpips_alex_spatial,384,1,primary_full_target_density1,oral
-0.052171980806304676,-0.01502281235609286,-0.08452449554599561,adaptive,head_target_density1,20,lpips_alex_spatial,384,1,primary_full_target_density1,torso_outside_head_roi
-0.052310016295412896,-0.018301187027531935,-0.08422592160044809,released,head_target_density1,20,lpips_alex_spatial,384,1,primary_full_target_density1,torso_outside_head_roi
0.010801071005619719,0.021279738773839922,-0.00022170969572609837,adaptive,head_target_density1,20,lpips_alex_spatial,384,4,primary_full_target_density1,background
0.014254090268070058,0.02266945048674003,0.005472995365628851,released,head_target_density1,20,lpips_alex_spatial,384,4,primary_full_target_density1,background
0.027874269496616932,0.035668032377267,0.01992023720278045,adaptive,head_target_density1,20,lpips_alex_spatial,384,4,primary_full_target_density1,eyes
0.037792760461634906,0.04692622090003145,0.028341179629757053,released,head_target_density1,20,lpips_alex_spatial,384,4,primary_full_target_density1,eyes
0.04644092393991871,0.05782772420701884,0.03459249050476297,adaptive,head_target_density1,20,lpips_alex_spatial,384,4,primary_full_target_density1,flame_supported
0.05001874693499753,0.06060506025955955,0.03905455657263234,released,head_target_density1,20,lpips_alex_spatial,384,4,primary_full_target_density1,flame_supported
-0.044274498220525114,-0.017593625142077796,-0.07124621458610893,adaptive,head_target_density1,20,lpips_alex_spatial,384,4,primary_full_target_density1,flame_unsupported
-0.04856221836361381,-0.02330539576841901,-0.07442061819341499,released,head_target_density1,20,lpips_alex_spatial,384,4,primary_full_target_density1,flame_unsupported
0.01809471505362779,0.03221549487688058,0.003520167187506108,adaptive,head_target_density1,20,lpips_alex_spatial,384,4,primary_full_target_density1,foreground
0.019234576987567847,0.030913411872811027,0.0071135645892726,released,head_target_density1,20,lpips_alex_spatial,384,4,primary_full_target_density1,foreground
0.014205644823631297,0.025441801972050954,0.001957755715640126,adaptive,head_target_density1,20,lpips_alex_spatial,384,4,primary_full_target_density1,full_frame
0.01628190173918878,0.02537007109644326,0.006801159184826297,released,head_target_density1,20,lpips_alex_spatial,384,4,primary_full_target_density1,full_frame
0.048692615193214855,0.06102398347242418,0.03644277833514172,adaptive,head_target_density1,20,lpips_alex_spatial,384,4,primary_full_target_density1,head_foreground
0.05195656101112338,0.06282430629622993,0.04083118574528383,released,head_target_density1,20,lpips_alex_spatial,384,4,primary_full_target_density1,head_foreground
0.0492092422912007,0.061238827815979786,0.036979628032753405,adaptive,head_target_density1,20,lpips_alex_spatial,384,4,primary_full_target_density1,head_supported
0.05306481026017561,0.06360534140584718,0.042074142981084875,released,head_target_density1,20,lpips_alex_spatial,384,4,primary_full_target_density1,head_supported
0.044863781598864914,0.058677076352621024,0.031165472059382048,adaptive,head_target_density1,20,lpips_alex_spatial,384,4,primary_full_target_density1,head_unsupported
0.04223231745261465,0.057092743868383575,0.029036345965609032,released,head_target_density1,20,lpips_alex_spatial,384,4,primary_full_target_density1,head_unsupported
0.05209154082338076,0.06892434454696912,0.03705532498040581,adaptive,head_target_density1,20,lpips_alex_spatial,384,4,primary_full_target_density1,oral
0.05203499290313165,0.06576630959115894,0.039157214758079366,released,head_target_density1,20,lpips_alex_spatial,384,4,primary_full_target_density1,oral
-0.049010918053070084,-0.018603097194755173,-0.0779155576744324,adaptive,head_target_density1,20,lpips_alex_spatial,384,4,primary_full_target_density1,torso_outside_head_roi
-0.052211325862823524,-0.022416765063906458,-0.08123607373425283,released,head_target_density1,20,lpips_alex_spatial,384,4,primary_full_target_density1,torso_outside_head_roi
0.008086619847282516,0.01872334784350783,-0.003381076037333489,adaptive,head_target_density1,20,lpips_alex_spatial,384,8,primary_full_target_density1,background
0.01287053078425096,0.022250853396428617,0.0036155151340366417,released,head_target_density1,20,lpips_alex_spatial,384,8,primary_full_target_density1,background
0.02788539804109308,0.03700654921041348,0.01842564677113244,adaptive,head_target_density1,20,lpips_alex_spatial,384,8,primary_full_target_density1,eyes
0.03432899057713936,0.044221719703677526,0.02423979047830445,released,head_target_density1,20,lpips_alex_spatial,384,8,primary_full_target_density1,eyes
0.04368930955844573,0.05581108086811545,0.031156884524024587,adaptive,head_target_density1,20,lpips_alex_spatial,384,8,primary_full_target_density1,flame_supported
0.04778056244162964,0.058979720702308044,0.036228615420504456,released,head_target_density1,20,lpips_alex_spatial,384,8,primary_full_target_density1,flame_supported
-0.0467935893332687,-0.019048298040617855,-0.0741332790997279,adaptive,head_target_density1,20,lpips_alex_spatial,384,8,primary_full_target_density1,flame_unsupported
-0.05146723748699582,-0.024516119240125887,-0.07826740338204019,released,head_target_density1,20,lpips_alex_spatial,384,8,primary_full_target_density1,flame_unsupported
0.014602177213764509,0.029466840919777148,-0.0013289375040001206,adaptive,head_target_density1,20,lpips_alex_spatial,384,8,primary_full_target_density1,foreground
0.01596224085019919,0.028474367867719032,0.00281927141069737,released,head_target_density1,20,lpips_alex_spatial,384,8,primary_full_target_density1,foreground
0.011010413149218539,0.02311749598293594,-0.0023012031066469174,adaptive,head_target_density1,20,lpips_alex_spatial,384,8,primary_full_target_density1,full_frame
0.01389705887088527,0.02423456570286769,0.0035255205915087563,released,head_target_density1,20,lpips_alex_spatial,384,8,primary_full_target_density1,full_frame
0.04559286977535489,0.05809193658664919,0.032914463847875476,adaptive,head_target_density1,20,lpips_alex_spatial,384,8,primary_full_target_density1,head_foreground
0.04951917743753448,0.060585264831312644,0.037989199696613775,released,head_target_density1,20,lpips_alex_spatial,384,8,primary_full_target_density1,head_foreground
0.04623530864281317,0.05855569906215579,0.03381326749916973,adaptive,head_target_density1,20,lpips_alex_spatial,384,8,primary_full_target_density1,head_supported
0.050636804161940066,0.06179423146763647,0.03921188384273764,released,head_target_density1,20,lpips_alex_spatial,384,8,primary_full_target_density1,head_supported
0.04088440610746549,0.053943017293159264,0.027105076013885506,adaptive,head_target_density1,20,lpips_alex_spatial,384,8,primary_full_target_density1,head_unsupported
0.03992465460633743,0.05411010147703987,0.027004596651660717,released,head_target_density1,20,lpips_alex_spatial,384,8,primary_full_target_density1,head_unsupported
0.05442473106834903,0.07109214130432188,0.03933338942373477,adaptive,head_target_density1,20,lpips_alex_spatial,384,8,primary_full_target_density1,oral
0.05078569646890248,0.06452038124265659,0.03711593379741369,released,head_target_density1,20,lpips_alex_spatial,384,8,primary_full_target_density1,oral
-0.0498378310804376,-0.01867849066421083,-0.07983225514619097,adaptive,head_target_density1,20,lpips_alex_spatial,384,8,primary_full_target_density1,torso_outside_head_roi
-0.05355376366343266,-0.02343095940781244,-0.08204405915943777,released,head_target_density1,20,lpips_alex_spatial,384,8,primary_full_target_density1,torso_outside_head_roi
-0.0012249175744961718,0.005844498196936683,-0.007506465777022741,adaptive,full_target_density2,20,lpips_alex_spatial,8,1,primary_full_target_density1,background
0.0032675697338851338,0.008235054937197993,-0.0015260977208355426,released,full_target_density2,20,lpips_alex_spatial,8,1,primary_full_target_density1,background
-0.008158559143469968,-0.0014004270312892727,-0.015380779639797983,adaptive,full_target_density2,20,lpips_alex_spatial,8,1,primary_full_target_density1,eyes
-0.0036635112898727824,0.0026372005952277912,-0.009779969699803838,released,full_target_density2,20,lpips_alex_spatial,8,1,primary_full_target_density1,eyes
-0.015132733977832147,-0.004596775930403499,-0.025593986714060532,adaptive,full_target_density2,20,lpips_alex_spatial,8,1,primary_full_target_density1,flame_supported
0.0070338538266419195,0.01298537186035126,0.00126660632505026,released,full_target_density2,20,lpips_alex_spatial,8,1,primary_full_target_density1,flame_supported
-0.03378504068244206,-0.019715405004217038,-0.047751960049806905,adaptive,full_target_density2,20,lpips_alex_spatial,8,1,primary_full_target_density1,flame_unsupported
-0.002582904907734536,0.0056959687448609716,-0.010825098406256476,released,full_target_density2,20,lpips_alex_spatial,8,1,primary_full_target_density1,flame_unsupported
-0.02042636283373251,-0.0100673360648888,-0.03050878996645542,adaptive,full_target_density2,20,lpips_alex_spatial,8,1,primary_full_target_density1,foreground
0.004291065016584737,0.010234760662942209,-0.0016215680673861675,released,full_target_density2,20,lpips_alex_spatial,8,1,primary_full_target_density1,foreground
-0.011417735100308553,-0.003428307414312907,-0.019278774779144855,adaptive,full_target_density2,20,lpips_alex_spatial,8,1,primary_full_target_density1,full_frame
0.0038850990724769953,0.00892529393719648,-0.001321650839277698,released,full_target_density2,20,lpips_alex_spatial,8,1,primary_full_target_density1,full_frame
-0.01044798797657756,-0.0004312709789587228,-0.01975167099687454,adaptive,full_target_density2,20,lpips_alex_spatial,8,1,primary_full_target_density1,head_foreground
0.009255166609937812,0.015087483699149013,0.003434091855139644,released,full_target_density2,20,lpips_alex_spatial,8,1,primary_full_target_density1,head_foreground
-0.01002215159236673,-0.0003156816920148622,-0.019465627570700694,adaptive,full_target_density2,20,lpips_alex_spatial,8,1,primary_full_target_density1,head_supported
0.009869211497017041,0.015793171211941518,0.004013378670070378,released,full_target_density2,20,lpips_alex_spatial,8,1,primary_full_target_density1,head_supported
-0.014623411427537638,-0.0026256079297772234,-0.027457895085074603,adaptive,full_target_density2,20,lpips_alex_spatial,8,1,primary_full_target_density1,head_unsupported
0.002801968796545009,0.009627322676153384,-0.004329378929843488,released,full_target_density2,20,lpips_alex_spatial,8,1,primary_full_target_density1,head_unsupported
-0.005203710815121135,0.005160676773599401,-0.01579412841895833,adaptive,full_target_density2,20,lpips_alex_spatial,8,1,primary_full_target_density1,oral
0.004386922824534864,0.010836647475026072,-0.0022687823330917413,released,full_target_density2,20,lpips_alex_spatial,8,1,primary_full_target_density1,oral
-0.04691994862566227,-0.027276891019114055,-0.06540868498366509,adaptive,full_target_density2,20,lpips_alex_spatial,8,1,primary_full_target_density1,torso_outside_head_roi
-0.008259461032975155,0.001132127244497987,-0.017999566783442826,released,full_target_density2,20,lpips_alex_spatial,8,1,primary_full_target_density1,torso_outside_head_roi
0.0030792366689289816,0.00910752927946993,-0.0025186289620135,adaptive,full_target_density2,20,lpips_alex_spatial,8,4,primary_full_target_density1,background
0.008853506716510518,0.013820494500747274,0.0038647057121769628,released,full_target_density2,20,lpips_alex_spatial,8,4,primary_full_target_density1,background
0.002408055326346565,0.007705088764656864,-0.00297952568191667,adaptive,full_target_density2,20,lpips_alex_spatial,8,4,primary_full_target_density1,eyes
0.007929018028033167,0.015933910136941832,0.0009885475954190676,released,full_target_density2,20,lpips_alex_spatial,8,4,primary_full_target_density1,eyes
-0.004828237143801838,0.004168099056956717,-0.013512364422605514,adaptive,full_target_density2,20,lpips_alex_spatial,8,4,primary_full_target_density1,flame_supported
0.016568001538896353,0.02401744470975862,0.009574174186778252,released,full_target_density2,20,lpips_alex_spatial,8,4,primary_full_target_density1,flame_supported
-0.02762878490930338,-0.013275986731486148,-0.042085889472121586,adaptive,full_target_density2,20,lpips_alex_spatial,8,4,primary_full_target_density1,flame_unsupported
0.0036387360616718157,0.01230744340680699,-0.004867853698741007,released,full_target_density2,20,lpips_alex_spatial,8,4,primary_full_target_density1,flame_unsupported
-0.011277546312179781,-0.001742634000587297,-0.020924845974668607,adaptive,full_target_density2,20,lpips_alex_spatial,8,4,primary_full_target_density1,foreground
0.013273101973091289,0.02031948090937814,0.006535407226305474,released,full_target_density2,20,lpips_alex_spatial,8,4,primary_full_target_density1,foreground
-0.004661999228243644,0.0026472909329844055,-0.011918552893909196,adaptive,full_target_density2,20,lpips_alex_spatial,8,4,primary_full_target_density1,full_frame
0.01143405994107902,0.017263298200510105,0.005619969127838307,released,full_target_density2,20,lpips_alex_spatial,8,4,primary_full_target_density1,full_frame
0.0009631191837860987,0.009007566956879993,-0.006741061805286917,adaptive,full_target_density2,20,lpips_alex_spatial,8,4,primary_full_target_density1,head_foreground
0.019859204248973077,0.026925660320037424,0.013245114918500287,released,full_target_density2,20,lpips_alex_spatial,8,4,primary_full_target_density1,head_foreground
0.0014464145917558499,0.009345154392134559,-0.006044860314810272,adaptive,full_target_density2,20,lpips_alex_spatial,8,4,primary_full_target_density1,head_supported
0.020574701786513133,0.027881964438143794,0.014006838767539033,released,full_target_density2,20,lpips_alex_spatial,8,4,primary_full_target_density1,head_supported
-0.006285793469034609,0.005960335030983791,-0.019127743241805027,adaptive,full_target_density2,20,lpips_alex_spatial,8,4,primary_full_target_density1,head_unsupported
0.011446323656256918,0.01887207966325673,0.003803370824620982,released,full_target_density2,20,lpips_alex_spatial,8,4,primary_full_target_density1,head_unsupported
0.0044354868993779165,0.012630653882416529,-0.0032907895881062995,adaptive,full_target_density2,20,lpips_alex_spatial,8,4,primary_full_target_density1,oral
0.014047479395699756,0.021817760088874195,0.00709459558454185,released,full_target_density2,20,lpips_alex_spatial,8,4,primary_full_target_density1,oral
-0.04182130222733936,-0.023599980059061575,-0.06085861016477555,adaptive,full_target_density2,20,lpips_alex_spatial,8,4,primary_full_target_density1,torso_outside_head_roi
-0.004361515126552451,0.006134490521654653,-0.014506692136059027,released,full_target_density2,20,lpips_alex_spatial,8,4,primary_full_target_density1,torso_outside_head_roi
0.005566933189230834,0.011957284870716156,-0.0006519021220374321,adaptive,full_target_density2,20,lpips_alex_spatial,8,8,primary_full_target_density1,background
0.008309736987408767,0.013967732648803698,0.0029092074820086765,released,full_target_density2,20,lpips_alex_spatial,8,8,primary_full_target_density1,background
-0.00017194389325869905,0.006433590197741371,-0.006598788802350041,adaptive,full_target_density2,20,lpips_alex_spatial,8,8,primary_full_target_density1,eyes
0.004182912526757216,0.012475206454717107,-0.002673045883031589,released,full_target_density2,20,lpips_alex_spatial,8,8,primary_full_target_density1,eyes
-0.005054048902862064,0.004874048813433879,-0.014150941838333615,adaptive,full_target_density2,20,lpips_alex_spatial,8,8,primary_full_target_density1,flame_supported
0.013506979316833211,0.020811944223634558,0.006764818816882465,released,full_target_density2,20,lpips_alex_spatial,8,8,primary_full_target_density1,flame_supported
-0.02590489473105754,-0.011194362464543589,-0.04038654957794278,adaptive,full_target_density2,20,lpips_alex_spatial,8,8,primary_full_target_density1,flame_unsupported
0.003075605239172516,0.01102058600433522,-0.004788565410990973,released,full_target_density2,20,lpips_alex_spatial,8,8,primary_full_target_density1,flame_unsupported
-0.011151464851788206,-0.0013603667595828391,-0.02129712604696449,adaptive,full_target_density2,20,lpips_alex_spatial,8,8,primary_full_target_density1,foreground
0.010493684265885268,0.017135610067013172,0.004161018244795233,released,full_target_density2,20,lpips_alex_spatial,8,8,primary_full_target_density1,foreground
-0.003522340663067684,0.004105530723735924,-0.011179100092484311,adaptive,full_target_density2,20,lpips_alex_spatial,8,8,primary_full_target_density1,full_frame
0.009479198672554706,0.015256535155432549,0.0038339082709638555,released,full_target_density2,20,lpips_alex_spatial,8,8,primary_full_target_density1,full_frame
0.001633082703662693,0.010453881442300951,-0.006646932702016619,adaptive,full_target_density2,20,lpips_alex_spatial,8,8,primary_full_target_density1,head_foreground
0.0172161362480757,0.024151508076649376,0.010660564422966165,released,full_target_density2,20,lpips_alex_spatial,8,8,primary_full_target_density1,head_foreground
0.0018328245828185708,0.010367983147365645,-0.006286642727848915,adaptive,full_target_density2,20,lpips_alex_spatial,8,8,primary_full_target_density1,head_supported
0.017668132984322845,0.024897241336742957,0.011120719487763803,released,full_target_density2,20,lpips_alex_spatial,8,8,primary_full_target_density1,head_supported
-0.00171427020177611,0.009405530068061345,-0.013395238905574258,adaptive,full_target_density2,20,lpips_alex_spatial,8,8,primary_full_target_density1,head_unsupported
0.011379120498704797,0.019136758801697535,0.0035302499837025457,released,full_target_density2,20,lpips_alex_spatial,8,8,primary_full_target_density1,head_unsupported
0.0018144629282024747,0.011594119922053583,-0.007401569132437735,adaptive,full_target_density2,20,lpips_alex_spatial,8,8,primary_full_target_density1,oral
0.010943040373064879,0.01761668392809601,0.0048273751202345255,released,full_target_density2,20,lpips_alex_spatial,8,8,primary_full_target_density1,oral
-0.042549578830464924,-0.023798679247600554,-0.0618216066063323,adaptive,full_target_density2,20,lpips_alex_spatial,8,8,primary_full_target_density1,torso_outside_head_roi
-0.005405264945169469,0.0034186358126044453,-0.013917841724142517,released,full_target_density2,20,lpips_alex_spatial,8,8,primary_full_target_density1,torso_outside_head_roi
0.010827791715104337,0.014354551049391272,0.007106962612416428,adaptive,full_target_density2,20,lpips_alex_spatial,384,1,primary_full_target_density1,background
0.012931000840469869,0.01785385276410593,0.00792014883910691,released,full_target_density2,20,lpips_alex_spatial,384,1,primary_full_target_density1,background
0.009355198899942319,0.01396529908107346,0.004181704159378132,adaptive,full_target_density2,20,lpips_alex_spatial,384,1,primary_full_target_density1,eyes
0.018332991411780363,0.024928327845917263,0.011990906900722086,released,full_target_density2,20,lpips_alex_spatial,384,1,primary_full_target_density1,eyes
0.0204623131892489,0.02742448772319395,0.012835753402715182,adaptive,full_target_density2,20,lpips_alex_spatial,384,1,primary_full_target_density1,flame_supported
0.023514275045258343,0.031585443558303956,0.015638440429402156,released,full_target_density2,20,lpips_alex_spatial,384,1,primary_full_target_density1,flame_supported
0.004166032444577928,0.013283514213103417,-0.004904582258206208,adaptive,full_target_density2,20,lpips_alex_spatial,384,1,primary_full_target_density1,flame_unsupported
-0.0029481659792389716,0.006536443269117571,-0.012560294326634726,released,full_target_density2,20,lpips_alex_spatial,384,1,primary_full_target_density1,flame_unsupported
0.015642758966419385,0.022762638781209953,0.008401320364235777,adaptive,full_target_density2,20,lpips_alex_spatial,384,1,primary_full_target_density1,foreground
0.015430928884253731,0.022628203053508426,0.008743617075124796,released,full_target_density2,20,lpips_alex_spatial,384,1,primary_full_target_density1,foreground
0.013404601696249702,0.018244191211410393,0.008355117509568903,adaptive,full_target_density2,20,lpips_alex_spatial,384,1,primary_full_target_density1,full_frame
0.014303418413385161,0.019791610098375368,0.009155371878699302,released,full_target_density2,20,lpips_alex_spatial,384,1,primary_full_target_density1,full_frame
0.024061193229252757,0.031122475750049713,0.016290802192326214,adaptive,full_target_density2,20,lpips_alex_spatial,384,1,primary_full_target_density1,head_foreground
0.026585194857063794,0.03497953296612706,0.018651931268877882,released,full_target_density2,20,lpips_alex_spatial,384,1,primary_full_target_density1,head_foreground
0.024662120667947304,0.03172388005898001,0.016567546173254077,adaptive,full_target_density2,20,lpips_alex_spatial,384,1,primary_full_target_density1,head_supported
0.02761388122781472,0.03581253529432773,0.01979233799580658,released,full_target_density2,20,lpips_alex_spatial,384,1,primary_full_target_density1,head_supported
0.02137154711646232,0.0286803519521351,0.013819424632644137,adaptive,full_target_density2,20,lpips_alex_spatial,384,1,primary_full_target_density1,head_unsupported
0.01881048498338634,0.02956654960049769,0.008983857378591049,released,full_target_density2,20,lpips_alex_spatial,384,1,primary_full_target_density1,head_unsupported
0.03445887765936739,0.048642214717893206,0.02060648548844351,adaptive,full_target_density2,20,lpips_alex_spatial,384,1,primary_full_target_density1,oral
0.032433802852748744,0.04272267350764986,0.022070057911928988,released,full_target_density2,20,lpips_alex_spatial,384,1,primary_full_target_density1,oral
-0.004623926166034742,0.00731329358652617,-0.015598227083196296,adaptive,full_target_density2,20,lpips_alex_spatial,384,1,primary_full_target_density1,torso_outside_head_roi
-0.011306329964594696,-0.0013230230655970584,-0.022158175139465643,released,full_target_density2,20,lpips_alex_spatial,384,1,primary_full_target_density1,torso_outside_head_roi
0.013517302388518154,0.01825261749952919,0.008671915056878607,adaptive,full_target_density2,20,lpips_alex_spatial,384,4,primary_full_target_density1,background
0.013483459763948703,0.018492972747745504,0.008509423863943405,released,full_target_density2,20,lpips_alex_spatial,384,4,primary_full_target_density1,background
0.013922165274575914,0.019571455659328527,0.008543923426540057,adaptive,full_target_density2,20,lpips_alex_spatial,384,4,primary_full_target_density1,eyes
0.020588737176440712,0.026661180009160717,0.015159660620112076,released,full_target_density2,20,lpips_alex_spatial,384,4,primary_full_target_density1,eyes
0.027101507197695503,0.035788622303855086,0.018549226974221605,adaptive,full_target_density2,20,lpips_alex_spatial,384,4,primary_full_target_density1,flame_supported
0.02631526365928698,0.03429757642485804,0.018832467158923945,released,full_target_density2,20,lpips_alex_spatial,384,4,primary_full_target_density1,flame_supported
0.004413308598938186,0.015153245056097827,-0.0054062414786354256,adaptive,full_target_density2,20,lpips_alex_spatial,384,4,primary_full_target_density1,flame_unsupported
-0.003180357822456488,0.007828096891483314,-0.014156105840309581,released,full_target_density2,20,lpips_alex_spatial,384,4,primary_full_target_density1,flame_unsupported
0.02069529659599815,0.028860389505809877,0.012646737884565041,adaptive,full_target_density2,20,lpips_alex_spatial,384,4,primary_full_target_density1,foreground
0.017798095923151496,0.025119667011195383,0.010856231867066966,released,full_target_density2,20,lpips_alex_spatial,384,4,primary_full_target_density1,foreground
0.017309061341377656,0.0233959205017602,0.01116827112173574,adaptive,full_target_density2,20,lpips_alex_spatial,384,4,primary_full_target_density1,full_frame
0.01583706528030479,0.021421387390574784,0.010428488023845953,released,full_target_density2,20,lpips_alex_spatial,384,4,primary_full_target_density1,full_frame
0.03170445368482152,0.040472224071548706,0.022900649768563687,adaptive,full_target_density2,20,lpips_alex_spatial,384,4,primary_full_target_density1,head_foreground
0.030524617065347804,0.037995230947731655,0.022815371291790596,released,full_target_density2,20,lpips_alex_spatial,384,4,primary_full_target_density1,head_foreground
0.032192665273310446,0.04113860603281293,0.023566408428241453,adaptive,full_target_density2,20,lpips_alex_spatial,384,4,primary_full_target_density1,head_supported
0.03148485743574529,0.03883122338356563,0.024106831057572553,released,full_target_density2,20,lpips_alex_spatial,384,4,primary_full_target_density1,head_supported
0.028818359105281223,0.03766546258227331,0.01947502401228848,adaptive,full_target_density2,20,lpips_alex_spatial,384,4,primary_full_target_density1,head_unsupported
0.021976704759625935,0.032805507045620616,0.011536147144913292,released,full_target_density2,20,lpips_alex_spatial,384,4,primary_full_target_density1,head_unsupported
0.04133657583978261,0.05457897568401152,0.028932503976637228,adaptive,full_target_density2,20,lpips_alex_spatial,384,4,primary_full_target_density1,oral
0.03863871628427383,0.04982511483069924,0.028906792449313524,released,full_target_density2,20,lpips_alex_spatial,384,4,primary_full_target_density1,oral
-0.006135283567958475,0.007139345004736888,-0.018457737462387734,adaptive,full_target_density2,20,lpips_alex_spatial,384,4,primary_full_target_density1,torso_outside_head_roi
-0.0144125219062435,-0.001440917907168841,-0.027235128808251567,released,full_target_density2,20,lpips_alex_spatial,384,4,primary_full_target_density1,torso_outside_head_roi
0.014574315354370778,0.01966963215625799,0.009606404054563037,adaptive,full_target_density2,20,lpips_alex_spatial,384,8,primary_full_target_density1,background
0.012018108277972808,0.017353114821245585,0.006583164694093951,released,full_target_density2,20,lpips_alex_spatial,384,8,primary_full_target_density1,background
0.01303606586116247,0.018245012385249712,0.008011787412557394,adaptive,full_target_density2,20,lpips_alex_spatial,384,8,primary_full_target_density1,eyes
0.017391590653729104,0.022219228546998825,0.01281281588985885,released,full_target_density2,20,lpips_alex_spatial,384,8,primary_full_target_density1,eyes
0.025125652377613227,0.034399202494078324,0.016010464807909595,adaptive,full_target_density2,20,lpips_alex_spatial,384,8,primary_full_target_density1,flame_supported
0.023410334941583472,0.03158072931256479,0.015317053795851082,released,full_target_density2,20,lpips_alex_spatial,384,8,primary_full_target_density1,flame_supported
0.004726545352355245,0.013709367017448565,-0.004787341284645756,adaptive,full_target_density2,20,lpips_alex_spatial,384,8,primary_full_target_density1,flame_unsupported
-0.0032421894338592145,0.008514943269178047,-0.0156049822672112,released,full_target_density2,20,lpips_alex_spatial,384,8,primary_full_target_density1,flame_unsupported
0.01883596872679335,0.026674136605382832,0.010811202031830112,adaptive,full_target_density2,20,lpips_alex_spatial,384,8,primary_full_target_density1,foreground
0.015376408782229825,0.02311398324262776,0.007568141218614637,released,full_target_density2,20,lpips_alex_spatial,384,8,primary_full_target_density1,foreground
0.016581621856400476,0.02303014513347056,0.010486583731004185,adaptive,full_target_density2,20,lpips_alex_spatial,384,8,primary_full_target_density1,full_frame
0.013624972982324058,0.019544273278800973,0.007700597456136333,released,full_target_density2,20,lpips_alex_spatial,384,8,primary_full_target_density1,full_frame
0.030201227985754524,0.03962651562496325,0.020800632239815237,adaptive,full_target_density2,20,lpips_alex_spatial,384,8,primary_full_target_density1,head_foreground
0.02836822557774732,0.03634496988061206,0.020637579252331884,released,full_target_density2,20,lpips_alex_spatial,384,8,primary_full_target_density1,head_foreground
0.030491339429199276,0.03992250694750266,0.021202061813862638,adaptive,full_target_density2,20,lpips_alex_spatial,384,8,primary_full_target_density1,head_supported
0.02898113983710652,0.0368569047481723,0.02149429994798132,released,full_target_density2,20,lpips_alex_spatial,384,8,primary_full_target_density1,head_supported
0.028735149834910066,0.03846584030671908,0.018751405048260124,adaptive,full_target_density2,20,lpips_alex_spatial,384,8,primary_full_target_density1,head_unsupported
0.022574730441751685,0.034133178412404874,0.011521878568711728,released,full_target_density2,20,lpips_alex_spatial,384,8,primary_full_target_density1,head_unsupported
0.04150852149309399,0.05561159503933088,0.029066865620455677,adaptive,full_target_density2,20,lpips_alex_spatial,384,8,primary_full_target_density1,oral
0.036771493997434304,0.04606727403240505,0.02853219015264979,released,full_target_density2,20,lpips_alex_spatial,384,8,primary_full_target_density1,oral
-0.007073327400679982,0.005085447503405705,-0.01884021790493565,adaptive,full_target_density2,20,lpips_alex_spatial,384,8,primary_full_target_density1,torso_outside_head_roi
-0.015918142931348432,-0.0022526306295371115,-0.030654575910558632,released,full_target_density2,20,lpips_alex_spatial,384,8,primary_full_target_density1,torso_outside_head_roi
