ci_high,ci_low,control_advantage_mean,control_variant,identity_count,method,metric,n_id,n_obs,reference_variant,region
0.13265219071264805,-0.16431232007547536,0.0032669985625978447,head_target_density1,20,hard,masked_psnr,8,1,primary_full_target_density1,background
0.19590895758040128,0.00459704950494028,0.09820848645042587,head_target_density1,20,hard,masked_psnr,8,1,primary_full_target_density1,eyes
-0.1319109883000964,-0.3626869229863532,-0.24267998464072046,head_target_density1,20,hard,masked_psnr,8,1,primary_full_target_density1,flame_supported
-0.010215350693400764,-0.030313845337894697,-0.02105769088300761,head_target_density1,20,hard,masked_psnr,8,1,primary_full_target_density1,flame_unsupported
-0.03126735496942794,-0.07213228310652127,-0.051120909891501,head_target_density1,20,hard,masked_psnr,8,1,primary_full_target_density1,foreground
-0.019951592972356682,-0.07854162948416464,-0.04726880680169754,head_target_density1,20,hard,masked_psnr,8,1,primary_full_target_density1,full_frame
0.03307525400405834,-0.0528615810117253,-0.011079114983918892,head_target_density1,20,hard,masked_psnr,8,1,primary_full_target_density1,head_foreground
0.0697936810719802,-0.1250313114460732,-0.024460651746196937,head_target_density1,20,hard,masked_psnr,8,1,primary_full_target_density1,head_supported
-0.0038120765193431776,-0.06753537572969857,-0.03348261251282083,head_target_density1,20,hard,masked_psnr,8,1,primary_full_target_density1,head_unsupported
0.08662066491672253,-0.06666468246900098,0.012659851288817237,head_target_density1,20,hard,masked_psnr,8,1,primary_full_target_density1,oral
-0.04579667681368572,-0.08732218650552018,-0.06601632690158772,head_target_density1,20,hard,masked_psnr,8,1,primary_full_target_density1,torso_outside_head_roi
0.06979756035418079,-0.1824348691500549,-0.04410614150324488,head_target_density1,20,hard,masked_psnr,8,4,primary_full_target_density1,background
0.18053379418488621,0.02360852024253754,0.10278893466946801,head_target_density1,20,hard,masked_psnr,8,4,primary_full_target_density1,eyes
-0.19372259743753395,-0.3341778974303684,-0.26640919450771205,head_target_density1,20,hard,masked_psnr,8,4,primary_full_target_density1,flame_supported
-0.009015805049941941,-0.02697233287345856,-0.01810941125317167,head_target_density1,20,hard,masked_psnr,8,4,primary_full_target_density1,flame_unsupported
-0.038114337322000647,-0.07498632646938297,-0.056073399193090886,head_target_density1,20,hard,masked_psnr,8,4,primary_full_target_density1,foreground
-0.026751868670349364,-0.0984216233077339,-0.057442920906901306,head_target_density1,20,hard,masked_psnr,8,4,primary_full_target_density1,full_frame
0.02169731361438019,-0.03715924626421549,-0.00889233364221731,head_target_density1,20,hard,masked_psnr,8,4,primary_full_target_density1,head_foreground
0.06852457315494315,-0.06723686782439675,-0.003823243929930875,head_target_density1,20,hard,masked_psnr,8,4,primary_full_target_density1,head_supported
0.009918406265158688,-0.034600199390178527,-0.010581817623885926,head_target_density1,20,hard,masked_psnr,8,4,primary_full_target_density1,head_unsupported
0.06881047809744048,-0.032631281502631185,0.01711221373293146,head_target_density1,20,hard,masked_psnr,8,4,primary_full_target_density1,oral
-0.05867507177415072,-0.13094720235889148,-0.0891948162690998,head_target_density1,20,hard,masked_psnr,8,4,primary_full_target_density1,torso_outside_head_roi
0.051729956752410725,-0.13928421838003954,-0.03637094781374266,head_target_density1,20,hard,masked_psnr,8,8,primary_full_target_density1,background
0.1961254392887545,0.024606768323708488,0.11223013954830012,head_target_density1,20,hard,masked_psnr,8,8,primary_full_target_density1,eyes
-0.2283447460539843,-0.3561833980647804,-0.29373769918348325,head_target_density1,20,hard,masked_psnr,8,8,primary_full_target_density1,flame_supported
-0.013250129379125695,-0.025026113330757188,-0.01911461578823288,head_target_density1,20,hard,masked_psnr,8,8,primary_full_target_density1,flame_unsupported
-0.03905187056528277,-0.07325726665770518,-0.05585879220713767,head_target_density1,20,hard,masked_psnr,8,8,primary_full_target_density1,foreground
-0.03007134371792034,-0.10260647831824447,-0.060764801718791436,head_target_density1,20,hard,masked_psnr,8,8,primary_full_target_density1,full_frame
0.0163849592878789,-0.04547114374287992,-0.017852549541319363,head_target_density1,20,hard,masked_psnr,8,8,primary_full_target_density1,head_foreground
0.0419415165276923,-0.08898996081702833,-0.028237084104322997,head_target_density1,20,hard,masked_psnr,8,8,primary_full_target_density1,head_supported
-0.005431297210721902,-0.03031899426972161,-0.01700486235821246,head_target_density1,20,hard,masked_psnr,8,8,primary_full_target_density1,head_unsupported
0.06403182971262589,-0.04171297676169351,0.012003395432406094,head_target_density1,20,hard,masked_psnr,8,8,primary_full_target_density1,oral
-0.05757528442727276,-0.13093782505309892,-0.08786206956009704,head_target_density1,20,hard,masked_psnr,8,8,primary_full_target_density1,torso_outside_head_roi
3.688466600439774,1.6095323029795163,2.6318458717617372,head_target_density1,20,adaptive,masked_psnr,8,1,primary_full_target_density1,background
1.3491950971683806,0.31769389923491,0.7492796259859736,head_target_density1,20,adaptive,masked_psnr,8,1,primary_full_target_density1,eyes
1.1542263880870924,-0.34096154837022946,0.38442128495176764,head_target_density1,20,adaptive,masked_psnr,8,1,primary_full_target_density1,flame_supported
-1.6154931946367068,-3.5683932326600054,-2.6126470419234074,head_target_density1,20,adaptive,masked_psnr,8,1,primary_full_target_density1,flame_unsupported
-0.8981901666111072,-2.6923890723384245,-1.837046756215874,head_target_density1,20,adaptive,masked_psnr,8,1,primary_full_target_density1,foreground
0.047136980301134564,-1.8594456933101058,-0.9598025956408494,head_target_density1,20,adaptive,masked_psnr,8,1,primary_full_target_density1,full_frame
0.8720759599260727,-0.1844935035729211,0.3538356156030515,head_target_density1,20,adaptive,masked_psnr,8,1,primary_full_target_density1,head_foreground
2.0569776340947374,1.1310842712081248,1.5894610694425473,head_target_density1,20,adaptive,masked_psnr,8,1,primary_full_target_density1,head_supported
-0.24104286688856846,-2.321533485702836,-1.1436431504527858,head_target_density1,20,adaptive,masked_psnr,8,1,primary_full_target_density1,head_unsupported
1.3468711628659504,0.48174246087890565,0.8994092440325367,head_target_density1,20,adaptive,masked_psnr,8,1,primary_full_target_density1,oral
-1.549403550365414,-4.12150592666836,-2.8967684097490136,head_target_density1,20,adaptive,masked_psnr,8,1,primary_full_target_density1,torso_outside_head_roi
3.733502628010907,2.0220749652449115,2.8837995048290592,head_target_density1,20,adaptive,masked_psnr,8,4,primary_full_target_density1,background
1.3380384175573088,0.5008004605817372,0.8847233665453796,head_target_density1,20,adaptive,masked_psnr,8,4,primary_full_target_density1,eyes
1.0231359372538986,-0.568926219334234,0.18631103220596446,head_target_density1,20,adaptive,masked_psnr,8,4,primary_full_target_density1,flame_supported
-1.8312225273237672,-3.4098577284931335,-2.6219011992799715,head_target_density1,20,adaptive,masked_psnr,8,4,primary_full_target_density1,flame_unsupported
-1.0969297207712454,-2.628006681732791,-1.9017746906212216,head_target_density1,20,adaptive,masked_psnr,8,4,primary_full_target_density1,foreground
-0.13294304241200008,-1.8198688854333211,-1.0415421643676503,head_target_density1,20,adaptive,masked_psnr,8,4,primary_full_target_density1,full_frame
1.1897403373842859,0.11545171566256476,0.6379422287489904,head_target_density1,20,adaptive,masked_psnr,8,4,primary_full_target_density1,head_foreground
2.1939076484980102,1.065635477670458,1.622021607340264,head_target_density1,20,adaptive,masked_psnr,8,4,primary_full_target_density1,head_supported
0.24793296233091927,-1.662712840276302,-0.5265005028184142,head_target_density1,20,adaptive,masked_psnr,8,4,primary_full_target_density1,head_unsupported
1.3410322147801534,0.6135767766749843,0.9753277732347106,head_target_density1,20,adaptive,masked_psnr,8,4,primary_full_target_density1,oral
-2.0446661707064453,-4.1397758031524745,-3.1207943109125535,head_target_density1,20,adaptive,masked_psnr,8,4,primary_full_target_density1,torso_outside_head_roi
3.7525715748998936,1.9167705148554697,2.8328109235779246,head_target_density1,20,adaptive,masked_psnr,8,8,primary_full_target_density1,background
1.3724384612676384,0.5191643387450458,0.9000926296329235,head_target_density1,20,adaptive,masked_psnr,8,8,primary_full_target_density1,eyes
1.0735352253499513,-0.46056739885382575,0.2655533326332771,head_target_density1,20,adaptive,masked_psnr,8,8,primary_full_target_density1,flame_supported
-1.9060186233990275,-3.40019925819619,-2.65048200020339,head_target_density1,20,adaptive,masked_psnr,8,8,primary_full_target_density1,flame_unsupported
-1.1204960861252733,-2.6403305996472373,-1.9126836737389823,head_target_density1,20,adaptive,masked_psnr,8,8,primary_full_target_density1,foreground
-0.15656816085195444,-1.8911878130477906,-1.0700027362232316,head_target_density1,20,adaptive,masked_psnr,8,8,primary_full_target_density1,full_frame
1.1937931692330845,0.2180558584481045,0.7002356192952258,head_target_density1,20,adaptive,masked_psnr,8,8,primary_full_target_density1,head_foreground
2.3296038918433646,1.2383904330472304,1.7717682324150232,head_target_density1,20,adaptive,masked_psnr,8,8,primary_full_target_density1,head_supported
0.1960559086805299,-1.5378088468303839,-0.5138353482691522,head_target_density1,20,adaptive,masked_psnr,8,8,primary_full_target_density1,head_unsupported
1.4069440007955387,0.6132700751308302,1.0031000998723099,head_target_density1,20,adaptive,masked_psnr,8,8,primary_full_target_density1,oral
-2.1010524393615535,-4.152377118186451,-3.1470177336610083,head_target_density1,20,adaptive,masked_psnr,8,8,primary_full_target_density1,torso_outside_head_roi
2.881653158121441,1.4354667032952473,2.138372805517008,head_target_density1,20,released,masked_psnr,8,1,primary_full_target_density1,background
1.8106866831150028,0.5575310012625286,1.1280691158296112,head_target_density1,20,released,masked_psnr,8,1,primary_full_target_density1,eyes
1.129161502236085,-0.2655475621152614,0.3946639719917012,head_target_density1,20,released,masked_psnr,8,1,primary_full_target_density1,flame_supported
-1.3771166000795048,-3.152392913995977,-2.2643898648396177,head_target_density1,20,released,masked_psnr,8,1,primary_full_target_density1,flame_unsupported
-0.7374998390679599,-2.3351762633310185,-1.5671722164216406,head_target_density1,20,released,masked_psnr,8,1,primary_full_target_density1,foreground
0.10736892626347402,-1.5796076901941096,-0.7889748761394137,head_target_density1,20,released,masked_psnr,8,1,primary_full_target_density1,full_frame
0.8912705701953937,0.15840636962624946,0.5174324748440772,head_target_density1,20,released,masked_psnr,8,1,primary_full_target_density1,head_foreground
1.806081086739858,1.048499212381808,1.4360382336612603,head_target_density1,20,released,masked_psnr,8,1,primary_full_target_density1,head_supported
-0.04368717446411706,-1.3768645786622777,-0.6438852188168342,head_target_density1,20,released,masked_psnr,8,1,primary_full_target_density1,head_unsupported
0.9406362279390398,0.4165996226383428,0.677772645928153,head_target_density1,20,released,masked_psnr,8,1,primary_full_target_density1,oral
-1.2606926989131384,-3.713177755034953,-2.5492472698238178,head_target_density1,20,released,masked_psnr,8,1,primary_full_target_density1,torso_outside_head_roi
3.247336830813319,1.4232885738742422,2.3030597218116977,head_target_density1,20,released,masked_psnr,8,4,primary_full_target_density1,background
2.07485888065677,0.750439254499286,1.3695965651614528,head_target_density1,20,released,masked_psnr,8,4,primary_full_target_density1,eyes
0.9797904841962196,-0.31368264551180997,0.30977756624787134,head_target_density1,20,released,masked_psnr,8,4,primary_full_target_density1,flame_supported
-1.7184893222933424,-3.098498776311265,-2.3967658518705917,head_target_density1,20,released,masked_psnr,8,4,primary_full_target_density1,flame_unsupported
-1.0233008931757714,-2.351298362253603,-1.7108978779937878,head_target_density1,20,released,masked_psnr,8,4,primary_full_target_density1,foreground
-0.12036221251901703,-1.6479881774550371,-0.9171704907414476,head_target_density1,20,released,masked_psnr,8,4,primary_full_target_density1,full_frame
1.079521238834729,0.24936555813902925,0.6537134106134854,head_target_density1,20,released,masked_psnr,8,4,primary_full_target_density1,head_foreground
1.9631850111983549,1.0619290004600326,1.5144444425117398,head_target_density1,20,released,masked_psnr,8,4,primary_full_target_density1,head_supported
0.22684590682705155,-0.9905886520223643,-0.3098080809753526,head_target_density1,20,released,masked_psnr,8,4,primary_full_target_density1,head_unsupported
1.0676902736838831,0.34106991541738585,0.7033918059033558,head_target_density1,20,released,masked_psnr,8,4,primary_full_target_density1,oral
-1.8942412819207406,-3.7178877643442636,-2.852417233289335,head_target_density1,20,released,masked_psnr,8,4,primary_full_target_density1,torso_outside_head_roi
3.118314074961042,1.4682371738976854,2.2369795177188694,head_target_density1,20,released,masked_psnr,8,8,primary_full_target_density1,background
1.948714177173118,0.8001050595249575,1.3353219639490188,head_target_density1,20,released,masked_psnr,8,8,primary_full_target_density1,eyes
0.9517516649449538,-0.376995032842095,0.2667826809774792,head_target_density1,20,released,masked_psnr,8,8,primary_full_target_density1,flame_supported
-1.8697295383769204,-3.2131938043467128,-2.5208365506700643,head_target_density1,20,released,masked_psnr,8,8,primary_full_target_density1,flame_unsupported
-1.1476536847337218,-2.4807214428266473,-1.8336782210968159,head_target_density1,20,released,masked_psnr,8,8,primary_full_target_density1,foreground
-0.15892209091725945,-1.7463431351664724,-1.0175405779021023,head_target_density1,20,released,masked_psnr,8,8,primary_full_target_density1,full_frame
1.0528395246873246,0.281607364018912,0.662952982995648,head_target_density1,20,released,masked_psnr,8,8,primary_full_target_density1,head_foreground
2.0274733504113236,1.168904070319326,1.5928150634170088,head_target_density1,20,released,masked_psnr,8,8,primary_full_target_density1,head_supported
0.18584503794240015,-0.9773165273451854,-0.3173566750267667,head_target_density1,20,released,masked_psnr,8,8,primary_full_target_density1,head_unsupported
0.9762296052836775,0.2821856084155218,0.6156279066016286,head_target_density1,20,released,masked_psnr,8,8,primary_full_target_density1,oral
-2.095302970752591,-3.9791929613864863,-3.057053686951226,head_target_density1,20,released,masked_psnr,8,8,primary_full_target_density1,torso_outside_head_roi
-0.051184566305678615,-0.33225166544168305,-0.18423688309759792,head_target_density1,20,hard,masked_psnr,384,1,primary_full_target_density1,background
-0.013455441169163829,-0.08032265312172773,-0.04492853414993423,head_target_density1,20,hard,masked_psnr,384,1,primary_full_target_density1,eyes
-0.14201979285771804,-0.30193323816608375,-0.21988765296598717,head_target_density1,20,hard,masked_psnr,384,1,primary_full_target_density1,flame_supported
0.006176152717841872,-0.0020981715471697095,0.0017708587607759175,head_target_density1,20,hard,masked_psnr,384,1,primary_full_target_density1,flame_unsupported
-0.013549008289971758,-0.0778187245978255,-0.041484238581846314,head_target_density1,20,hard,masked_psnr,384,1,primary_full_target_density1,foreground
-0.025284957804200228,-0.15749692609690227,-0.08403802017318016,head_target_density1,20,hard,masked_psnr,384,1,primary_full_target_density1,full_frame
0.05484835536655848,-0.012008212534417636,0.02326572222300314,head_target_density1,20,hard,masked_psnr,384,1,primary_full_target_density1,head_foreground
0.10777326206837745,-0.02593839791312602,0.0426203362135686,head_target_density1,20,hard,masked_psnr,384,1,primary_full_target_density1,head_supported
0.03376431297306759,-0.01974899545276509,0.01288111769022655,head_target_density1,20,hard,masked_psnr,384,1,primary_full_target_density1,head_unsupported
0.20770307598005855,0.016470318086281327,0.11168182538245279,head_target_density1,20,hard,masked_psnr,384,1,primary_full_target_density1,oral
-0.03950441969723981,-0.17824384248494624,-0.09804650283738128,head_target_density1,20,hard,masked_psnr,384,1,primary_full_target_density1,torso_outside_head_roi
0.03647357590604741,-0.1416432946360805,-0.045104837617151894,head_target_density1,20,hard,masked_psnr,384,4,primary_full_target_density1,background
0.05754386032707416,-0.014950882334526065,0.02371285217153769,head_target_density1,20,hard,masked_psnr,384,4,primary_full_target_density1,eyes
-0.18158093884982462,-0.2854490572177595,-0.23390083625967462,head_target_density1,20,hard,masked_psnr,384,4,primary_full_target_density1,flame_supported
-0.00469789955741459,-0.010983581298662526,-0.007900226953438616,head_target_density1,20,hard,masked_psnr,384,4,primary_full_target_density1,flame_unsupported
-0.025352252910338227,-0.06489572128868379,-0.04287043398482075,head_target_density1,20,hard,masked_psnr,384,4,primary_full_target_density1,foreground
-0.023094850304195377,-0.09112730716822615,-0.05254421421907858,head_target_density1,20,hard,masked_psnr,384,4,primary_full_target_density1,full_frame
0.009878928620275932,-0.021774225716278784,-0.004942808831860557,head_target_density1,20,hard,masked_psnr,384,4,primary_full_target_density1,head_foreground
0.034507452450529726,-0.043239361731006475,-0.003903389362693588,head_target_density1,20,hard,masked_psnr,384,4,primary_full_target_density1,head_supported
0.0027699289349307466,-0.011219578264311577,-0.0036199366575642377,head_target_density1,20,hard,masked_psnr,384,4,primary_full_target_density1,head_unsupported
0.01737889360911301,-0.041220021341825674,-0.011833073242078208,head_target_density1,20,hard,masked_psnr,384,4,primary_full_target_density1,oral
-0.036544941334645926,-0.13060203084568126,-0.07585002497804025,head_target_density1,20,hard,masked_psnr,384,4,primary_full_target_density1,torso_outside_head_roi
0.03388677217538607,-0.11362003980357516,-0.03551848184929822,head_target_density1,20,hard,masked_psnr,384,8,primary_full_target_density1,background
0.05153266673308519,-0.027395234747992308,0.01347805998600613,head_target_density1,20,hard,masked_psnr,384,8,primary_full_target_density1,eyes
-0.18848495787105807,-0.2790188553219219,-0.2353157452216971,head_target_density1,20,hard,masked_psnr,384,8,primary_full_target_density1,flame_supported
-0.0054866975801876276,-0.010905748026679924,-0.008184213173969645,head_target_density1,20,hard,masked_psnr,384,8,primary_full_target_density1,flame_unsupported
-0.02522936694559791,-0.05718380739977241,-0.03952362202587749,head_target_density1,20,hard,masked_psnr,384,8,primary_full_target_density1,foreground
-0.022393231290585614,-0.08466359274840134,-0.04928883644558182,head_target_density1,20,hard,masked_psnr,384,8,primary_full_target_density1,full_frame
0.00861343693612646,-0.01630783956436115,-0.003029953567620325,head_target_density1,20,hard,masked_psnr,384,8,primary_full_target_density1,head_foreground
0.03351864883034215,-0.030833003550869972,0.0010748083664235963,head_target_density1,20,hard,masked_psnr,384,8,primary_full_target_density1,head_supported
0.0008353289942697791,-0.017126154949001163,-0.0064741662865803965,head_target_density1,20,hard,masked_psnr,384,8,primary_full_target_density1,head_unsupported
0.0037655220018868365,-0.06185125473983323,-0.02896650677561823,head_target_density1,20,hard,masked_psnr,384,8,primary_full_target_density1,oral
-0.03578806160877686,-0.11675415079703652,-0.06950091214600136,head_target_density1,20,hard,masked_psnr,384,8,primary_full_target_density1,torso_outside_head_roi
2.832599255706393,0.15330599890593674,1.583981545639872,head_target_density1,20,adaptive,masked_psnr,384,1,primary_full_target_density1,background
0.4724950990794259,-0.08871120515700054,0.18821192217500116,head_target_density1,20,adaptive,masked_psnr,384,1,primary_full_target_density1,eyes
-1.0657493948888794,-2.5871149212330726,-1.8242697559720278,head_target_density1,20,adaptive,masked_psnr,384,1,primary_full_target_density1,flame_supported
-3.841124929817248,-6.572735603950705,-5.232265451216268,head_target_density1,20,adaptive,masked_psnr,384,1,primary_full_target_density1,flame_unsupported
-3.091063778171817,-5.223541530204729,-4.18716502243632,head_target_density1,20,adaptive,masked_psnr,384,1,primary_full_target_density1,foreground
-1.8317021709907582,-3.3773650370580426,-2.6141038412963615,head_target_density1,20,adaptive,masked_psnr,384,1,primary_full_target_density1,full_frame
1.2315203491701645,0.5158430845160022,0.8693753388949925,head_target_density1,20,adaptive,masked_psnr,384,1,primary_full_target_density1,head_foreground
1.4581547950129254,0.8267316568045971,1.134768392974421,head_target_density1,20,adaptive,masked_psnr,384,1,primary_full_target_density1,head_supported
1.0753852409682687,-1.2215995816559313,0.022379375047469275,head_target_density1,20,adaptive,masked_psnr,384,1,primary_full_target_density1,head_unsupported
1.0165374680477188,0.35868432571740744,0.6911997633921134,head_target_density1,20,adaptive,masked_psnr,384,1,primary_full_target_density1,oral
-5.503864979737285,-8.29882792417298,-6.935628484882082,head_target_density1,20,adaptive,masked_psnr,384,1,primary_full_target_density1,torso_outside_head_roi
3.003449390848521,-0.4318257598773325,1.5056429091602048,head_target_density1,20,adaptive,masked_psnr,384,4,primary_full_target_density1,background
0.8984593142361491,0.36086326070092234,0.6177371810639987,head_target_density1,20,adaptive,masked_psnr,384,4,primary_full_target_density1,eyes
-1.153737895553538,-2.762219653088018,-1.9477847901466494,head_target_density1,20,adaptive,masked_psnr,384,4,primary_full_target_density1,flame_supported
-3.90226792790637,-6.513412718297997,-5.229182634459151,head_target_density1,20,adaptive,masked_psnr,384,4,primary_full_target_density1,flame_unsupported
-3.209556706277891,-5.2593377372650805,-4.241429855299027,head_target_density1,20,adaptive,masked_psnr,384,4,primary_full_target_density1,foreground
-1.8855731961112943,-3.3238218924441703,-2.6147584336912884,head_target_density1,20,adaptive,masked_psnr,384,4,primary_full_target_density1,full_frame
1.152157598120997,0.373279188364715,0.7623286421698529,head_target_density1,20,adaptive,masked_psnr,384,4,primary_full_target_density1,head_foreground
1.710966498834173,1.0765689905248235,1.3774036493840425,head_target_density1,20,adaptive,masked_psnr,384,4,primary_full_target_density1,head_supported
0.678796712926477,-1.6571230935700572,-0.41135095913818515,head_target_density1,20,adaptive,masked_psnr,384,4,primary_full_target_density1,head_unsupported
1.1277949659553712,0.4063734583867937,0.7741653838333962,head_target_density1,20,adaptive,masked_psnr,384,4,primary_full_target_density1,oral
-5.532731756037369,-8.127370983628477,-6.863260135029859,head_target_density1,20,adaptive,masked_psnr,384,4,primary_full_target_density1,torso_outside_head_roi
2.7549916893858573,-0.5825134737125095,1.299827483293382,head_target_density1,20,adaptive,masked_psnr,384,8,primary_full_target_density1,background
0.7828158813176881,0.20899385259295924,0.4906182515377647,head_target_density1,20,adaptive,masked_psnr,384,8,primary_full_target_density1,eyes
-1.162613399313909,-2.931494250801772,-2.0321870389269288,head_target_density1,20,adaptive,masked_psnr,384,8,primary_full_target_density1,flame_supported
-4.048204656570437,-6.6495825954781465,-5.390619009846427,head_target_density1,20,adaptive,masked_psnr,384,8,primary_full_target_density1,flame_unsupported
-3.3105282538461394,-5.424352290278431,-4.39427591214088,head_target_density1,20,adaptive,masked_psnr,384,8,primary_full_target_density1,foreground
-1.9994320344163894,-3.4612780628892486,-2.7419882221700305,head_target_density1,20,adaptive,masked_psnr,384,8,primary_full_target_density1,full_frame
1.1193508283241063,0.30527436276625236,0.7070943286013305,head_target_density1,20,adaptive,masked_psnr,384,8,primary_full_target_density1,head_foreground
1.7826372219966249,1.0098328076584797,1.382989577660789,head_target_density1,20,adaptive,masked_psnr,384,8,primary_full_target_density1,head_supported
0.4811569762442845,-1.8248962553059929,-0.574634709144273,head_target_density1,20,adaptive,masked_psnr,384,8,primary_full_target_density1,head_unsupported
1.2241811108966913,0.45248691733256874,0.8552970870923546,head_target_density1,20,adaptive,masked_psnr,384,8,primary_full_target_density1,oral
-5.609306410581352,-8.328213634328113,-6.964864562048246,head_target_density1,20,adaptive,masked_psnr,384,8,primary_full_target_density1,torso_outside_head_roi
3.2247596989119174,1.3576892147992408,2.214750028065713,head_target_density1,20,released,masked_psnr,384,1,primary_full_target_density1,background
1.3119441923380006,0.49475470218527845,0.903534879765268,head_target_density1,20,released,masked_psnr,384,1,primary_full_target_density1,eyes
-0.8967768152218726,-2.507095684710964,-1.7018168443690687,head_target_density1,20,released,masked_psnr,384,1,primary_full_target_density1,flame_supported
-4.482826926222358,-7.07643137533619,-5.814283727370123,head_target_density1,20,released,masked_psnr,384,1,primary_full_target_density1,flame_unsupported
-3.455130267931553,-5.584128903919413,-4.548105532301053,head_target_density1,20,released,masked_psnr,384,1,primary_full_target_density1,foreground
-2.060825932969531,-3.7322224889035946,-2.9130703153046014,head_target_density1,20,released,masked_psnr,384,1,primary_full_target_density1,full_frame
1.2426665366449274,0.45422520012627954,0.8575810903811295,head_target_density1,20,released,masked_psnr,384,1,primary_full_target_density1,head_foreground
1.5281784905076794,0.9231685065861027,1.2216263249425987,head_target_density1,20,released,masked_psnr,384,1,primary_full_target_density1,head_supported
0.8409273882277377,-1.0534960540143354,-0.05364849913389245,head_target_density1,20,released,masked_psnr,384,1,primary_full_target_density1,head_unsupported
1.0048317871939958,0.5282185954109417,0.7549856239015821,head_target_density1,20,released,masked_psnr,384,1,primary_full_target_density1,oral
-5.977468430687981,-8.853801236893451,-7.449801626636732,head_target_density1,20,released,masked_psnr,384,1,primary_full_target_density1,torso_outside_head_roi
3.9409393368471455,1.8541941819054375,2.7765448084108106,head_target_density1,20,released,masked_psnr,384,4,primary_full_target_density1,background
1.5227777027526996,0.5947276320081413,1.0440741540647271,head_target_density1,20,released,masked_psnr,384,4,primary_full_target_density1,eyes
-1.1192382249563828,-2.852670771885158,-1.974012546285169,head_target_density1,20,released,masked_psnr,384,4,primary_full_target_density1,flame_supported
-4.408337710087075,-7.053176821902992,-5.7800973447997475,head_target_density1,20,released,masked_psnr,384,4,primary_full_target_density1,flame_unsupported
-3.5530626692295444,-5.688805687239022,-4.655033902817887,head_target_density1,20,released,masked_psnr,384,4,primary_full_target_density1,foreground
-2.051526343808766,-3.6493727937807425,-2.857051764035976,head_target_density1,20,released,masked_psnr,384,4,primary_full_target_density1,full_frame
1.2774658292962136,0.44863227159244545,0.8724403108671744,head_target_density1,20,released,masked_psnr,384,4,primary_full_target_density1,head_foreground
1.816913392416314,1.1310554762268208,1.464433127224144,head_target_density1,20,released,masked_psnr,384,4,primary_full_target_density1,head_supported
0.6218164270613731,-1.137026995981085,-0.20542210419180512,head_target_density1,20,released,masked_psnr,384,4,primary_full_target_density1,head_unsupported
1.0401164887187286,0.4814287828492383,0.7605691213307868,head_target_density1,20,released,masked_psnr,384,4,primary_full_target_density1,oral
-5.907374407157382,-8.747419742261812,-7.362593992005687,head_target_density1,20,released,masked_psnr,384,4,primary_full_target_density1,torso_outside_head_roi
3.7000894532652056,1.4701137730857496,2.505023941750097,head_target_density1,20,released,masked_psnr,384,8,primary_full_target_density1,background
1.3591283358502295,0.5959073478513434,0.9664310701691164,head_target_density1,20,released,masked_psnr,384,8,primary_full_target_density1,eyes
-1.0430859658775953,-2.9107723775846064,-1.9746736039116506,head_target_density1,20,released,masked_psnr,384,8,primary_full_target_density1,flame_supported
-4.683158118795726,-7.223088289237506,-5.985403592021517,head_target_density1,20,released,masked_psnr,384,8,primary_full_target_density1,flame_unsupported
-3.6922246231291056,-5.855963582764293,-4.809560048262813,head_target_density1,20,released,masked_psnr,384,8,primary_full_target_density1,foreground
-2.1009186775533872,-3.6989127784704547,-2.9023354476130168,head_target_density1,20,released,masked_psnr,384,8,primary_full_target_density1,full_frame
1.305343886138494,0.48403985365053254,0.901374080266031,head_target_density1,20,released,masked_psnr,384,8,primary_full_target_density1,head_foreground
1.9438996190137718,1.1953443189826096,1.553774472040684,head_target_density1,20,released,masked_psnr,384,8,primary_full_target_density1,head_supported
0.4402984085230073,-1.2008242851225617,-0.3329635105595694,head_target_density1,20,released,masked_psnr,384,8,primary_full_target_density1,head_unsupported
1.068041835945243,0.5032873311787673,0.7834733410708583,head_target_density1,20,released,masked_psnr,384,8,primary_full_target_density1,oral
-6.0224342532463995,-8.906982305569683,-7.486608673364161,head_target_density1,20,released,masked_psnr,384,8,primary_full_target_density1,torso_outside_head_roi
-0.3070829850402726,-0.6647849168011802,-0.48884256435375456,full_target_density2,20,hard,masked_psnr,8,1,primary_full_target_density1,background
0.15252168699549004,-0.11038782808208492,0.02188435321337785,full_target_density2,20,hard,masked_psnr,8,1,primary_full_target_density1,eyes
0.8948643059246806,0.521442802738617,0.7034140350900815,full_target_density2,20,hard,masked_psnr,8,1,primary_full_target_density1,flame_supported
0.13639186411265547,0.05601436408727428,0.09107736500175508,full_target_density2,20,hard,masked_psnr,8,1,primary_full_target_density1,flame_unsupported
0.17934472047986671,0.11121915518941738,0.14503918116474304,full_target_density2,20,hard,masked_psnr,8,1,primary_full_target_density1,foreground
0.08849782156446999,-0.01780948196474904,0.039420683100607555,full_target_density2,20,hard,masked_psnr,8,1,primary_full_target_density1,full_frame
0.3729368267003745,0.25111452978251636,0.3158938386920668,full_target_density2,20,hard,masked_psnr,8,1,primary_full_target_density1,head_foreground
0.5705137223758501,0.320818827111479,0.4404217932695026,full_target_density2,20,hard,masked_psnr,8,1,primary_full_target_density1,head_supported
0.3333843620831051,0.12370071536717955,0.23514997213684952,full_target_density2,20,hard,masked_psnr,8,1,primary_full_target_density1,head_unsupported
0.15779697369520276,-0.13179042415987224,0.009387255893943092,full_target_density2,20,hard,masked_psnr,8,1,primary_full_target_density1,oral
0.0816449346828319,0.02663612658686609,0.055164783993819785,full_target_density2,20,hard,masked_psnr,8,1,primary_full_target_density1,torso_outside_head_roi
-0.2635009295506708,-0.5955746958441408,-0.43983443083301965,full_target_density2,20,hard,masked_psnr,8,4,primary_full_target_density1,background
0.25501246069921213,-0.010438864228730497,0.12119602561673784,full_target_density2,20,hard,masked_psnr,8,4,primary_full_target_density1,eyes
1.0010663177530659,0.5833512737554326,0.7861963777671012,full_target_density2,20,hard,masked_psnr,8,4,primary_full_target_density1,flame_supported
0.12808009281235097,0.0556720670978696,0.0872402490038227,full_target_density2,20,hard,masked_psnr,8,4,primary_full_target_density1,flame_unsupported
0.18462993562210897,0.11683291111349044,0.14964798498058376,full_target_density2,20,hard,masked_psnr,8,4,primary_full_target_density1,foreground
0.09574356853527738,0.010105076051116104,0.054864639566895114,full_target_density2,20,hard,masked_psnr,8,4,primary_full_target_density1,full_frame
0.35269537548858054,0.245642082059733,0.3003866109574835,full_target_density2,20,hard,masked_psnr,8,4,primary_full_target_density1,head_foreground
0.6069777443958786,0.33036365146431107,0.4591805395428876,full_target_density2,20,hard,masked_psnr,8,4,primary_full_target_density1,head_supported
0.3164032049849966,0.13916034226613955,0.23180789955348463,full_target_density2,20,hard,masked_psnr,8,4,primary_full_target_density1,head_unsupported
0.0509158841575275,-0.1672415892015853,-0.05694513269843604,full_target_density2,20,hard,masked_psnr,8,4,primary_full_target_density1,oral
0.09506841111997053,0.05326656865555239,0.07319864363750914,full_target_density2,20,hard,masked_psnr,8,4,primary_full_target_density1,torso_outside_head_roi
-0.21544690516968854,-0.5220814251063436,-0.37314596394410415,full_target_density2,20,hard,masked_psnr,8,8,primary_full_target_density1,background
0.24849929230342419,0.013727828106332319,0.1295071358680108,full_target_density2,20,hard,masked_psnr,8,8,primary_full_target_density1,eyes
0.96496617598654,0.5656882940477524,0.7561797692538199,full_target_density2,20,hard,masked_psnr,8,8,primary_full_target_density1,flame_supported
0.12158993223612477,0.05279303079300526,0.08198539686272535,full_target_density2,20,hard,masked_psnr,8,8,primary_full_target_density1,flame_unsupported
0.17529955867716293,0.1063329123430919,0.1389879265150696,full_target_density2,20,hard,masked_psnr,8,8,primary_full_target_density1,foreground
0.09196417042999114,0.00558493923486727,0.052276557368599486,full_target_density2,20,hard,masked_psnr,8,8,primary_full_target_density1,full_frame
0.3292554616603955,0.21434819151733264,0.27493677103009884,full_target_density2,20,hard,masked_psnr,8,8,primary_full_target_density1,head_foreground
0.5422916017221846,0.30398426089709185,0.41746811420202495,full_target_density2,20,hard,masked_psnr,8,8,primary_full_target_density1,head_supported
0.292245350822875,0.11186134605469898,0.20665033627310683,full_target_density2,20,hard,masked_psnr,8,8,primary_full_target_density1,head_unsupported
0.002657399020264692,-0.2144549677431031,-0.10808553484411494,full_target_density2,20,hard,masked_psnr,8,8,primary_full_target_density1,oral
0.08993351675669302,0.04383504597861552,0.06619403366810013,full_target_density2,20,hard,masked_psnr,8,8,primary_full_target_density1,torso_outside_head_roi
0.6453634840164417,-0.38937081966379555,0.11002845442614353,full_target_density2,20,adaptive,masked_psnr,8,1,primary_full_target_density1,background
0.5750089217440923,-0.3127362648845419,0.06780455835623611,full_target_density2,20,adaptive,masked_psnr,8,1,primary_full_target_density1,eyes
0.9252528001233168,0.27831926789566225,0.5913315405541678,full_target_density2,20,adaptive,masked_psnr,8,1,primary_full_target_density1,flame_supported
0.19716787028913324,-0.25221927426768415,-0.023739765775062493,full_target_density2,20,adaptive,masked_psnr,8,1,primary_full_target_density1,flame_unsupported
0.33707728529382114,-0.05056709652907021,0.15418003262632748,full_target_density2,20,adaptive,masked_psnr,8,1,primary_full_target_density1,foreground
0.28285714440404564,-0.019172926032741133,0.1362970759933672,full_target_density2,20,adaptive,masked_psnr,8,1,primary_full_target_density1,full_frame
0.41017194804565454,-0.09544610990566726,0.16101334416935317,full_target_density2,20,adaptive,masked_psnr,8,1,primary_full_target_density1,head_foreground
0.8315721940919141,0.13175419955301348,0.4635131563652076,full_target_density2,20,adaptive,masked_psnr,8,1,primary_full_target_density1,head_supported
0.31015301481360974,-1.1045699760629215,-0.3077816431592888,full_target_density2,20,adaptive,masked_psnr,8,1,primary_full_target_density1,head_unsupported
0.7293271559959941,0.20929245615313757,0.4533757578653068,full_target_density2,20,adaptive,masked_psnr,8,1,primary_full_target_density1,oral
0.5003121404440002,-0.24552410640039687,0.14072490908894117,full_target_density2,20,adaptive,masked_psnr,8,1,primary_full_target_density1,torso_outside_head_roi
0.5276050088292056,-0.3095554074279085,0.08514114193651467,full_target_density2,20,adaptive,masked_psnr,8,4,primary_full_target_density1,background
0.5896444147689575,-0.057112304500593084,0.2400659387469081,full_target_density2,20,adaptive,masked_psnr,8,4,primary_full_target_density1,eyes
1.2249131142418612,0.4659690597456845,0.8216003646111265,full_target_density2,20,adaptive,masked_psnr,8,4,primary_full_target_density1,flame_supported
0.5089220290462259,0.009752313652214864,0.26059474629964746,full_target_density2,20,adaptive,masked_psnr,8,4,primary_full_target_density1,flame_unsupported
0.5841357380155681,0.1436700885073521,0.36507888305271563,full_target_density2,20,adaptive,masked_psnr,8,4,primary_full_target_density1,foreground
0.5230944233020142,0.09503337130077175,0.3009879351910981,full_target_density2,20,adaptive,masked_psnr,8,4,primary_full_target_density1,full_frame
0.6040205420902471,0.1030219808244591,0.3490544492476822,full_target_density2,20,adaptive,masked_psnr,8,4,primary_full_target_density1,head_foreground
1.1124184007025226,0.3222133975905539,0.6893856692234295,full_target_density2,20,adaptive,masked_psnr,8,4,primary_full_target_density1,head_supported
0.44575581614455173,-0.8069408472101395,-0.08092207474490434,full_target_density2,20,adaptive,masked_psnr,8,4,primary_full_target_density1,head_unsupported
0.7441533935404677,0.21998336223063117,0.47683009264026344,full_target_density2,20,adaptive,masked_psnr,8,4,primary_full_target_density1,oral
0.7657258887221675,0.20399346700496127,0.48289061239428144,full_target_density2,20,adaptive,masked_psnr,8,4,primary_full_target_density1,torso_outside_head_roi
0.4363176418111436,-0.40522822272878967,0.0011317064168378187,full_target_density2,20,adaptive,masked_psnr,8,8,primary_full_target_density1,background
0.5791727050067074,-0.10195981406128768,0.20788642362769255,full_target_density2,20,adaptive,masked_psnr,8,8,primary_full_target_density1,eyes
1.2753769922699136,0.5620252504583103,0.9066472128247322,full_target_density2,20,adaptive,masked_psnr,8,8,primary_full_target_density1,flame_supported
0.5728023923087646,0.07353208171108014,0.32870966562070547,full_target_density2,20,adaptive,masked_psnr,8,8,primary_full_target_density1,flame_unsupported
0.659113364432303,0.23406789012368936,0.44269141276911983,full_target_density2,20,adaptive,masked_psnr,8,8,primary_full_target_density1,foreground
0.5462388693800687,0.11246184313595094,0.319240509794091,full_target_density2,20,adaptive,masked_psnr,8,8,primary_full_target_density1,full_frame
0.6598177521200352,0.17791653204790292,0.41344792055232304,full_target_density2,20,adaptive,masked_psnr,8,8,primary_full_target_density1,head_foreground
1.1531960079326011,0.39174791584916346,0.7591470635759677,full_target_density2,20,adaptive,masked_psnr,8,8,primary_full_target_density1,head_supported
0.4185458592822195,-0.7261280001787183,-0.05081156439394683,full_target_density2,20,adaptive,masked_psnr,8,8,primary_full_target_density1,head_unsupported
0.6262019636279221,0.11784119706713243,0.3636012190750151,full_target_density2,20,adaptive,masked_psnr,8,8,primary_full_target_density1,oral
0.8708774937486915,0.28522877636157007,0.5697301923299871,full_target_density2,20,adaptive,masked_psnr,8,8,primary_full_target_density1,torso_outside_head_roi
0.42732542128385875,-0.557709836699356,-0.08961820695004663,full_target_density2,20,released,masked_psnr,8,1,primary_full_target_density1,background
0.6414236907907025,-0.1275322001689907,0.22047170146215017,full_target_density2,20,released,masked_psnr,8,1,primary_full_target_density1,eyes
0.7787581694701126,0.19207466725784725,0.48782940684865495,full_target_density2,20,released,masked_psnr,8,1,primary_full_target_density1,flame_supported
0.4253608486522459,0.023572489633463416,0.22254436335343325,full_target_density2,20,released,masked_psnr,8,1,primary_full_target_density1,flame_unsupported
0.49238071187018967,0.15048255903242963,0.3217064447123116,full_target_density2,20,released,masked_psnr,8,1,primary_full_target_density1,foreground
0.3728017183079139,0.11121855898854481,0.2435494768811127,full_target_density2,20,released,masked_psnr,8,1,primary_full_target_density1,full_frame
0.2636049292778224,-0.11833946136384108,0.0700190394794479,full_target_density2,20,released,masked_psnr,8,1,primary_full_target_density1,head_foreground
0.663803367695656,0.046725487108225695,0.3590644019280994,full_target_density2,20,released,masked_psnr,8,1,primary_full_target_density1,head_supported
0.015150755793082457,-0.8245535233426112,-0.37076070677732903,full_target_density2,20,released,masked_psnr,8,1,primary_full_target_density1,head_unsupported
0.326461484116601,-0.006885545036004589,0.16257385504983174,full_target_density2,20,released,masked_psnr,8,1,primary_full_target_density1,oral
0.7299189090337428,0.11070139856963171,0.445668045501313,full_target_density2,20,released,masked_psnr,8,1,primary_full_target_density1,torso_outside_head_roi
0.3368121990857502,-0.5702812818741825,-0.10766688557254422,full_target_density2,20,released,masked_psnr,8,4,primary_full_target_density1,background
0.6453619321287288,-0.10242508183336621,0.23400097297879824,full_target_density2,20,released,masked_psnr,8,4,primary_full_target_density1,eyes
0.924650564863468,0.36816955687462677,0.6375656992742424,full_target_density2,20,released,masked_psnr,8,4,primary_full_target_density1,flame_supported
0.40932652752609316,0.017063920699258262,0.20398405812420348,full_target_density2,20,released,masked_psnr,8,4,primary_full_target_density1,flame_unsupported
0.4692397241716685,0.16534134145754076,0.313934284860754,full_target_density2,20,released,masked_psnr,8,4,primary_full_target_density1,foreground
0.39042872490320824,0.1110119236924911,0.24584805168708143,full_target_density2,20,released,masked_psnr,8,4,primary_full_target_density1,full_frame
0.31794657429270284,-0.05680417592013724,0.12619295422940696,full_target_density2,20,released,masked_psnr,8,4,primary_full_target_density1,head_foreground
0.8281488205528826,0.23730741637791772,0.5232869876400985,full_target_density2,20,released,masked_psnr,8,4,primary_full_target_density1,head_supported
-0.05803496611512395,-0.7752175073527157,-0.36636582630581965,full_target_density2,20,released,masked_psnr,8,4,primary_full_target_density1,head_unsupported
0.5210876452327787,0.06373105792683384,0.2897329215326364,full_target_density2,20,released,masked_psnr,8,4,primary_full_target_density1,oral
0.6263536294434616,0.1735451391428585,0.40162841711980085,full_target_density2,20,released,masked_psnr,8,4,primary_full_target_density1,torso_outside_head_roi
0.3294749391477946,-0.6758836246670433,-0.15943701030707133,full_target_density2,20,released,masked_psnr,8,8,primary_full_target_density1,background
0.6588219254864723,-0.1277052088185241,0.2288763462774713,full_target_density2,20,released,masked_psnr,8,8,primary_full_target_density1,eyes
1.0569079481376433,0.48583013035500056,0.7638523405130933,full_target_density2,20,released,masked_psnr,8,8,primary_full_target_density1,flame_supported
0.5069725019253648,0.12079561855976083,0.30675993666792184,full_target_density2,20,released,masked_psnr,8,8,primary_full_target_density1,flame_unsupported
0.5942991064943474,0.26841887355205923,0.4237895486965022,full_target_density2,20,released,masked_psnr,8,8,primary_full_target_density1,foreground
0.47375904916322925,0.1778081628235094,0.3228052677340839,full_target_density2,20,released,masked_psnr,8,8,primary_full_target_density1,full_frame
0.4140899316687535,0.02620033491580343,0.22210604653948823,full_target_density2,20,released,masked_psnr,8,8,primary_full_target_density1,head_foreground
0.9680332762952722,0.32780520838149396,0.6432708886502396,full_target_density2,20,released,masked_psnr,8,8,primary_full_target_density1,head_supported
-0.016442008571179407,-0.6743922336405929,-0.29400973693900834,full_target_density2,20,released,masked_psnr,8,8,primary_full_target_density1,head_unsupported
0.4558325447645042,0.016606381009056512,0.2248284660859891,full_target_density2,20,released,masked_psnr,8,8,primary_full_target_density1,oral
0.8241139531208754,0.21747815492175157,0.5224776021445239,full_target_density2,20,released,masked_psnr,8,8,primary_full_target_density1,torso_outside_head_roi
-0.34929767118748417,-0.5353608391358162,-0.44255166249250893,full_target_density2,20,hard,masked_psnr,384,1,primary_full_target_density1,background
0.08506198842684944,-0.0936492857564561,-0.0011708119209403733,full_target_density2,20,hard,masked_psnr,384,1,primary_full_target_density1,eyes
0.8013101052938347,0.4750580099631923,0.6360460673285815,full_target_density2,20,hard,masked_psnr,384,1,primary_full_target_density1,flame_supported
0.11145571645451977,0.058958000407155445,0.08261555712314311,full_target_density2,20,hard,masked_psnr,384,1,primary_full_target_density1,flame_unsupported
0.15405336616447224,0.10431282561855663,0.12949098549358323,full_target_density2,20,hard,masked_psnr,384,1,primary_full_target_density1,foreground
0.08730381655273325,-0.0062872562915564315,0.04348497089105474,full_target_density2,20,hard,masked_psnr,384,1,primary_full_target_density1,full_frame
0.3375651206565726,0.2276961077952507,0.2843847386779794,full_target_density2,20,hard,masked_psnr,384,1,primary_full_target_density1,head_foreground
0.45452256474457786,0.24523673032586543,0.3460408824249299,full_target_density2,20,hard,masked_psnr,384,1,primary_full_target_density1,head_supported
0.3132472618578083,0.1347948283783371,0.23659497335670002,full_target_density2,20,hard,masked_psnr,384,1,primary_full_target_density1,head_unsupported
0.2494961261941519,0.01299130086212394,0.12563996907230593,full_target_density2,20,hard,masked_psnr,384,1,primary_full_target_density1,oral
0.07995311377026751,0.019239682391201857,0.051824028608492355,full_target_density2,20,hard,masked_psnr,384,1,primary_full_target_density1,torso_outside_head_roi
-0.3233655750513697,-0.49749288063988634,-0.40833966216241196,full_target_density2,20,hard,masked_psnr,384,4,primary_full_target_density1,background
0.16654270653546085,-0.04517359841488483,0.06316203164261633,full_target_density2,20,hard,masked_psnr,384,4,primary_full_target_density1,eyes
1.0582657411065994,0.6074812487856123,0.8277246249812636,full_target_density2,20,hard,masked_psnr,384,4,primary_full_target_density1,flame_supported
0.10440655355421026,0.05908364605272416,0.08001239924859457,full_target_density2,20,hard,masked_psnr,384,4,primary_full_target_density1,flame_unsupported
0.1776423149885472,0.11620878373217354,0.14621503216651904,full_target_density2,20,hard,masked_psnr,384,4,primary_full_target_density1,foreground
0.10673815132148848,0.015311257230647987,0.06296686931114918,full_target_density2,20,hard,masked_psnr,384,4,primary_full_target_density1,full_frame
0.3690723602729297,0.2543617519031246,0.31147527333362407,full_target_density2,20,hard,masked_psnr,384,4,primary_full_target_density1,head_foreground
0.6592463070249178,0.34288005184951603,0.4936872690268892,full_target_density2,20,hard,masked_psnr,384,4,primary_full_target_density1,head_supported
0.3065973146879273,0.15939655433052774,0.24093555854072451,full_target_density2,20,hard,masked_psnr,384,4,primary_full_target_density1,head_unsupported
0.25364411556523453,0.034099200539902064,0.13885137761310204,full_target_density2,20,hard,masked_psnr,384,4,primary_full_target_density1,oral
0.09256813052217727,0.04640316601460408,0.06947711970501462,full_target_density2,20,hard,masked_psnr,384,4,primary_full_target_density1,torso_outside_head_roi
-0.31090318305517034,-0.48015070467773124,-0.3907346691559395,full_target_density2,20,hard,masked_psnr,384,8,primary_full_target_density1,background
0.15905015516848114,-0.05650249213458156,0.05446242331450755,full_target_density2,20,hard,masked_psnr,384,8,primary_full_target_density1,eyes
1.0437811986960723,0.6085654152368642,0.8175945268502336,full_target_density2,20,hard,masked_psnr,384,8,primary_full_target_density1,flame_supported
0.10067709763887972,0.05498451566231675,0.07552058712445495,full_target_density2,20,hard,masked_psnr,384,8,primary_full_target_density1,flame_unsupported
0.17502380429883138,0.11096451186022047,0.14137007178594949,full_target_density2,20,hard,masked_psnr,384,8,primary_full_target_density1,foreground
0.10232775468983282,0.011734782488120097,0.058855253684842304,full_target_density2,20,hard,masked_psnr,384,8,primary_full_target_density1,full_frame
0.348462060477977,0.23629239164793736,0.2918441196471034,full_target_density2,20,hard,masked_psnr,384,8,primary_full_target_density1,head_foreground
0.6192510927239595,0.3344094236213957,0.4685947543382024,full_target_density2,20,hard,masked_psnr,384,8,primary_full_target_density1,head_supported
0.2806534377907918,0.10846389572814187,0.20472477355144053,full_target_density2,20,hard,masked_psnr,384,8,primary_full_target_density1,head_unsupported
0.21189814284222003,-0.01114498373845542,0.09529873083995692,full_target_density2,20,hard,masked_psnr,384,8,primary_full_target_density1,oral
0.09109226449997992,0.04859084600822788,0.0694301994937337,full_target_density2,20,hard,masked_psnr,384,8,primary_full_target_density1,torso_outside_head_roi
0.7107154962576486,-0.04178972775196092,0.32181107967524136,full_target_density2,20,adaptive,masked_psnr,384,1,primary_full_target_density1,background
0.156851597494772,-0.27906656264468055,-0.05234607748245459,full_target_density2,20,adaptive,masked_psnr,384,1,primary_full_target_density1,eyes
0.9525264327527415,0.43109389174207585,0.6897351624005841,full_target_density2,20,adaptive,masked_psnr,384,1,primary_full_target_density1,flame_supported
0.6212686407527979,0.17121862265776705,0.4005248736307306,full_target_density2,20,adaptive,masked_psnr,384,1,primary_full_target_density1,flame_unsupported
0.6580757221087526,0.30795329187799614,0.4883529694436396,full_target_density2,20,adaptive,masked_psnr,384,1,primary_full_target_density1,foreground
0.5631706180983332,0.32802187254830556,0.44526087543312337,full_target_density2,20,adaptive,masked_psnr,384,1,primary_full_target_density1,full_frame
0.6351603663134194,0.20531338698391677,0.41779894606341045,full_target_density2,20,adaptive,masked_psnr,384,1,primary_full_target_density1,head_foreground
0.9181544308230498,0.4324460564947707,0.6712235691232732,full_target_density2,20,adaptive,masked_psnr,384,1,primary_full_target_density1,head_supported
0.2851019521573306,-0.19473123523622834,0.04688807818931586,full_target_density2,20,adaptive,masked_psnr,384,1,primary_full_target_density1,head_unsupported
0.6475086142388798,0.17206381143968336,0.414423565750362,full_target_density2,20,adaptive,masked_psnr,384,1,primary_full_target_density1,oral
0.8709617945694591,0.30221875644684126,0.5983847796517487,full_target_density2,20,adaptive,masked_psnr,384,1,primary_full_target_density1,torso_outside_head_roi
0.4089378855462965,-0.30167339636364005,0.05638594165930542,full_target_density2,20,adaptive,masked_psnr,384,4,primary_full_target_density1,background
0.2964280342557254,-0.21519474258921112,0.037884468200491205,full_target_density2,20,adaptive,masked_psnr,384,4,primary_full_target_density1,eyes
1.4252964350720734,0.7001634839749465,1.0502514970554853,full_target_density2,20,adaptive,masked_psnr,384,4,primary_full_target_density1,flame_supported
0.8942711882167228,0.31931613581036716,0.5935333903868987,full_target_density2,20,adaptive,masked_psnr,384,4,primary_full_target_density1,flame_unsupported
0.9423696499725842,0.5099527890018289,0.7265112063638725,full_target_density2,20,adaptive,masked_psnr,384,4,primary_full_target_density1,foreground
0.6566139983745081,0.3471543847277746,0.4993451841102969,full_target_density2,20,adaptive,masked_psnr,384,4,primary_full_target_density1,full_frame
0.941379540588024,0.44022696440422554,0.693350632198095,full_target_density2,20,adaptive,masked_psnr,384,4,primary_full_target_density1,head_foreground
1.413342096807508,0.7184200648284423,1.0542792258787586,full_target_density2,20,adaptive,masked_psnr,384,4,primary_full_target_density1,head_supported
0.45171956985228906,-0.04721384114612837,0.20174533132733652,full_target_density2,20,adaptive,masked_psnr,384,4,primary_full_target_density1,head_unsupported
0.6831774522307495,0.26566728682569246,0.4743580574080909,full_target_density2,20,adaptive,masked_psnr,384,4,primary_full_target_density1,oral
1.115393008615067,0.482785979015337,0.7967571959358175,full_target_density2,20,adaptive,masked_psnr,384,4,primary_full_target_density1,torso_outside_head_roi
0.31250978345788094,-0.3958884981673486,-0.033065884924640444,full_target_density2,20,adaptive,masked_psnr,384,8,primary_full_target_density1,background
0.23372652779451897,-0.26565528509268815,-0.019853757666119874,full_target_density2,20,adaptive,masked_psnr,384,8,primary_full_target_density1,eyes
1.4172277996414975,0.6881680372192984,1.033695707786977,full_target_density2,20,adaptive,masked_psnr,384,8,primary_full_target_density1,flame_supported
0.9391968821666339,0.35124949927699717,0.6268687834352377,full_target_density2,20,adaptive,masked_psnr,384,8,primary_full_target_density1,flame_unsupported
0.9473816919508324,0.5436561722399647,0.7415913885364653,full_target_density2,20,adaptive,masked_psnr,384,8,primary_full_target_density1,foreground
0.6298862201887205,0.3402074543617429,0.48138327002138076,full_target_density2,20,adaptive,masked_psnr,384,8,primary_full_target_density1,full_frame
0.9473116321314666,0.43157772148948637,0.6873272729792643,full_target_density2,20,adaptive,masked_psnr,384,8,primary_full_target_density1,head_foreground
1.3934144712832948,0.6881534883411755,1.0218927712665375,full_target_density2,20,adaptive,masked_psnr,384,8,primary_full_target_density1,head_supported
0.48575382073784823,-0.12589604494452053,0.18147589323425334,full_target_density2,20,adaptive,masked_psnr,384,8,primary_full_target_density1,head_unsupported
0.5718137428175869,0.13097614104059543,0.36359527370638567,full_target_density2,20,adaptive,masked_psnr,384,8,primary_full_target_density1,oral
1.1811944519043838,0.5639016561589532,0.8531834513908416,full_target_density2,20,adaptive,masked_psnr,384,8,primary_full_target_density1,torso_outside_head_roi
0.9284107352456152,-0.20904820305063995,0.3100543585024124,full_target_density2,20,released,masked_psnr,384,1,primary_full_target_density1,background
0.08649088491484523,-0.3072098663565819,-0.10596663838623979,full_target_density2,20,released,masked_psnr,384,1,primary_full_target_density1,eyes
0.7947630005325373,0.2045493222018542,0.49445069849778084,full_target_density2,20,released,masked_psnr,384,1,primary_full_target_density1,flame_supported
0.046457181537236165,-0.6590806793805888,-0.3131852973709079,full_target_density2,20,released,masked_psnr,384,1,primary_full_target_density1,flame_unsupported
0.24037740006674285,-0.3041611473828229,-0.03668133877493869,full_target_density2,20,released,masked_psnr,384,1,primary_full_target_density1,foreground
0.1663654774253511,-0.1165810386844888,0.020232226461824078,full_target_density2,20,released,masked_psnr,384,1,primary_full_target_density1,full_frame
0.48525679819709566,-0.038437081114610014,0.21861067640959053,full_target_density2,20,released,masked_psnr,384,1,primary_full_target_density1,head_foreground
0.8187446604490627,0.24818918611522547,0.5172094952651072,full_target_density2,20,released,masked_psnr,384,1,primary_full_target_density1,head_supported
0.12043436869812535,-0.6449983037888529,-0.24528125976025095,full_target_density2,20,released,masked_psnr,384,1,primary_full_target_density1,head_unsupported
0.5663739992690029,0.20658063406617896,0.38082594162964584,full_target_density2,20,released,masked_psnr,384,1,primary_full_target_density1,oral
0.08761489844772914,-0.755784590364984,-0.3337649362162649,full_target_density2,20,released,masked_psnr,384,1,primary_full_target_density1,torso_outside_head_roi
0.820272355793974,-0.30369464906470023,0.19958402480059875,full_target_density2,20,released,masked_psnr,384,4,primary_full_target_density1,background
0.2122334537983501,-0.34485273338667805,-0.07847191531290107,full_target_density2,20,released,masked_psnr,384,4,primary_full_target_density1,eyes
1.2354426012055806,0.5520627857315858,0.873412066570256,full_target_density2,20,released,masked_psnr,384,4,primary_full_target_density1,flame_supported
0.3956888436310801,-0.3326845450777161,0.015475591984117808,full_target_density2,20,released,masked_psnr,384,4,primary_full_target_density1,flame_unsupported
0.5335128347259546,0.035214517512494214,0.27810942231217195,full_target_density2,20,released,masked_psnr,384,4,primary_full_target_density1,foreground
0.2766899067897001,-0.010925148346356202,0.13296034924000874,full_target_density2,20,released,masked_psnr,384,4,primary_full_target_density1,full_frame
0.719891030565469,0.26563577012874273,0.48329639711679107,full_target_density2,20,released,masked_psnr,384,4,primary_full_target_density1,head_foreground
1.2671650594673833,0.5733942376788145,0.9056595181518461,full_target_density2,20,released,masked_psnr,384,4,primary_full_target_density1,head_supported
0.18728794646590805,-0.35634557316146775,-0.08629314687701806,full_target_density2,20,released,masked_psnr,384,4,primary_full_target_density1,head_unsupported
0.5543621574270606,0.15054779025328072,0.35873740526604453,full_target_density2,20,released,masked_psnr,384,4,primary_full_target_density1,oral
0.5087804617498715,-0.2946710829945811,0.09481606352014467,full_target_density2,20,released,masked_psnr,384,4,primary_full_target_density1,torso_outside_head_roi
0.2765877009600321,-0.4687996652738556,-0.11437348693253258,full_target_density2,20,released,masked_psnr,384,8,primary_full_target_density1,background
0.294004413680345,-0.29460171669784657,-0.016357570041156143,full_target_density2,20,released,masked_psnr,384,8,primary_full_target_density1,eyes
1.235358438623448,0.5582962359950899,0.8799949506368128,full_target_density2,20,released,masked_psnr,384,8,primary_full_target_density1,flame_supported
0.4027363926623013,-0.29531719277644625,0.03558500891143721,full_target_density2,20,released,masked_psnr,384,8,primary_full_target_density1,flame_unsupported
0.5618597433185724,0.06356169150188386,0.30251285941757533,full_target_density2,20,released,masked_psnr,384,8,primary_full_target_density1,foreground
0.22116065966834902,-0.0784862096700601,0.06431357014187773,full_target_density2,20,released,masked_psnr,384,8,primary_full_target_density1,full_frame
0.7488006220768704,0.2764960268458086,0.5002604005620317,full_target_density2,20,released,masked_psnr,384,8,primary_full_target_density1,head_foreground
1.2847450151219486,0.5868722812445335,0.9162301382839676,full_target_density2,20,released,masked_psnr,384,8,primary_full_target_density1,head_supported
0.17433871855620522,-0.36985653762698434,-0.1002482871078112,full_target_density2,20,released,masked_psnr,384,8,primary_full_target_density1,head_unsupported
0.5280494685964581,0.11667886565041237,0.3240633261683438,full_target_density2,20,released,masked_psnr,384,8,primary_full_target_density1,oral
0.5764170245564413,-0.2498261543788989,0.14123765500739954,full_target_density2,20,released,masked_psnr,384,8,primary_full_target_density1,torso_outside_head_roi
0.0008513579899047542,-0.00017465217514300708,0.0003604243569882026,head_target_density1,20,hard,masked_mae,8,1,primary_full_target_density1,background
0.0017437813542890035,-0.00012492999713105285,0.0007905706035844735,head_target_density1,20,hard,masked_mae,8,1,primary_full_target_density1,eyes
-0.00018929984895991165,-0.0036816268566760508,-0.0018355996813273704,head_target_density1,20,hard,masked_mae,8,1,primary_full_target_density1,flame_supported
-0.0012953982709440388,-0.0030578222743269656,-0.002166776785918703,head_target_density1,20,hard,masked_mae,8,1,primary_full_target_density1,flame_unsupported
-0.0006947676715886519,-0.003468011356224397,-0.0019683847314298634,head_target_density1,20,hard,masked_mae,8,1,primary_full_target_density1,foreground
-0.0002157800207062468,-0.0016542760383816172,-0.0009056208926705972,head_target_density1,20,hard,masked_mae,8,1,primary_full_target_density1,full_frame
0.001044221577792542,-0.0015157264765462992,-0.0001502165877277202,head_target_density1,20,hard,masked_mae,8,1,primary_full_target_density1,head_foreground
0.0011963912927184428,-0.0014972633206775472,-4.6965204178751883e-05,head_target_density1,20,hard,masked_mae,8,1,primary_full_target_density1,head_supported
-7.560923351787924e-05,-0.0035837791033182893,-0.0018389408093177294,head_target_density1,20,hard,masked_mae,8,1,primary_full_target_density1,head_unsupported
0.00038622269183250126,-0.0007839249775018614,-0.00018456287448249815,head_target_density1,20,hard,masked_mae,8,1,primary_full_target_density1,oral
-0.004591377983684354,-0.009266075918459696,-0.006838149775886966,head_target_density1,20,hard,masked_mae,8,1,primary_full_target_density1,torso_outside_head_roi
0.0005241478303518247,-0.0003431155886349102,9.172479282992048e-05,head_target_density1,20,hard,masked_mae,8,4,primary_full_target_density1,background
0.0016645198636597322,0.00012696169466794738,0.0009025909742719936,head_target_density1,20,hard,masked_mae,8,4,primary_full_target_density1,eyes
-0.0008959988452071068,-0.002463669029208118,-0.0017089324112129476,head_target_density1,20,hard,masked_mae,8,4,primary_full_target_density1,flame_supported
-0.0010990686366175492,-0.00266378748142088,-0.0018566076396022257,head_target_density1,20,hard,masked_mae,8,4,primary_full_target_density1,flame_unsupported
-0.001008436862330491,-0.0023280965832148965,-0.0016732534004816903,head_target_density1,20,hard,masked_mae,8,4,primary_full_target_density1,foreground
-0.0005135728154738482,-0.0013210702675871017,-0.0009165964398064393,head_target_density1,20,hard,masked_mae,8,4,primary_full_target_density1,full_frame
0.000914092209238181,-0.0002532736644033113,0.0002993316141732032,head_target_density1,20,hard,masked_mae,8,4,primary_full_target_density1,head_foreground
0.0010501755136837127,-0.00026839455300446484,0.00035726049080795144,head_target_density1,20,hard,masked_mae,8,4,primary_full_target_density1,head_supported
0.0006897073398884147,-0.0015911187326275555,-0.0004406526020832344,head_target_density1,20,hard,masked_mae,8,4,primary_full_target_density1,head_unsupported
0.00042260846876197356,-0.00043070533254190214,-2.825441939139847e-06,head_target_density1,20,hard,masked_mae,8,4,primary_full_target_density1,oral
-0.0055239840971896565,-0.009108126879840918,-0.0072971560688741164,head_target_density1,20,hard,masked_mae,8,4,primary_full_target_density1,torso_outside_head_roi
0.0005202806456566329,-0.00035188944370215957,9.48711723689241e-05,head_target_density1,20,hard,masked_mae,8,8,primary_full_target_density1,background
0.0017115734078608303,8.69953875314397e-06,0.0008761114743516592,head_target_density1,20,hard,masked_mae,8,8,primary_full_target_density1,eyes
-0.001232708315075437,-0.0027192000087496427,-0.0020228698062438486,head_target_density1,20,hard,masked_mae,8,8,primary_full_target_density1,flame_supported
-0.0012217307512724118,-0.0023791987257767017,-0.001792055861833708,head_target_density1,20,hard,masked_mae,8,8,primary_full_target_density1,flame_unsupported
-0.0012666719863730722,-0.002450762910103201,-0.0018815457024574274,head_target_density1,20,hard,masked_mae,8,8,primary_full_target_density1,foreground
-0.0006489179531733131,-0.0013981359659507111,-0.0010248001347716474,head_target_density1,20,hard,masked_mae,8,8,primary_full_target_density1,full_frame
0.0006642880663356623,-0.0004788851635408374,4.02640761469189e-05,head_target_density1,20,hard,masked_mae,8,8,primary_full_target_density1,head_foreground
0.0008182944340598703,-0.00047234847845416955,0.00010915370674386866,head_target_density1,20,hard,masked_mae,8,8,primary_full_target_density1,head_supported
-7.833558394406618e-05,-0.0016377702249780715,-0.0008490252842220131,head_target_density1,20,hard,masked_mae,8,8,primary_full_target_density1,head_unsupported
0.0004184588297554775,-0.0005268728854796063,-2.268510337207104e-05,head_target_density1,20,hard,masked_mae,8,8,primary_full_target_density1,oral
-0.005614880113793932,-0.008885114505169307,-0.007222517346973936,head_target_density1,20,hard,masked_mae,8,8,primary_full_target_density1,torso_outside_head_roi
0.035917036175882745,0.012997269854946071,0.02376523810626662,head_target_density1,20,adaptive,masked_mae,8,1,primary_full_target_density1,background
0.016205259278770805,0.0035344110395989377,0.00843224413923908,head_target_density1,20,adaptive,masked_mae,8,1,primary_full_target_density1,eyes
0.027542739296929637,0.008926049137364582,0.017853088951278233,head_target_density1,20,adaptive,masked_mae,8,1,primary_full_target_density1,flame_supported
-0.13687271857876726,-0.2653189478990318,-0.19930403418016587,head_target_density1,20,adaptive,masked_mae,8,1,primary_full_target_density1,flame_unsupported
-0.02250728252846609,-0.06741666690145734,-0.045498266760569464,head_target_density1,20,adaptive,masked_mae,8,1,primary_full_target_density1,foreground
0.003482577437897784,-0.030977245476661308,-0.01442093722748034,head_target_density1,20,adaptive,masked_mae,8,1,primary_full_target_density1,full_frame
0.02440920730463598,0.008214230740559323,0.016297149294685915,head_target_density1,20,adaptive,masked_mae,8,1,primary_full_target_density1,head_foreground
0.03258475463414993,0.019160657885615436,0.025666610857654974,head_target_density1,20,adaptive,masked_mae,8,1,primary_full_target_density1,head_supported
-0.019470901045115774,-0.12044108490501639,-0.06572530905409911,head_target_density1,20,adaptive,masked_mae,8,1,primary_full_target_density1,head_unsupported
0.01526337147848992,0.005859370014673339,0.01037880732994106,head_target_density1,20,adaptive,masked_mae,8,1,primary_full_target_density1,oral
-0.1232867836486348,-0.26167461399866365,-0.1934533178222148,head_target_density1,20,adaptive,masked_mae,8,1,primary_full_target_density1,torso_outside_head_roi
0.03579442718582535,0.013625952212387958,0.02387446862382436,head_target_density1,20,adaptive,masked_mae,8,4,primary_full_target_density1,background
0.01579712568215315,0.006083399255364319,0.01044808906931233,head_target_density1,20,adaptive,masked_mae,8,4,primary_full_target_density1,eyes
0.024167525968758784,0.006704242449064935,0.015083415075345993,head_target_density1,20,adaptive,masked_mae,8,4,primary_full_target_density1,flame_supported
-0.1483913917002701,-0.26078749505314236,-0.20353035976634443,head_target_density1,20,adaptive,masked_mae,8,4,primary_full_target_density1,flame_unsupported
-0.028856512339402552,-0.0680897019131122,-0.048897629730824205,head_target_density1,20,adaptive,masked_mae,8,4,primary_full_target_density1,foreground
-0.001039407698931887,-0.032078407527767715,-0.016933683089097783,head_target_density1,20,adaptive,masked_mae,8,4,primary_full_target_density1,full_frame
0.02566248493372031,0.010775236171436602,0.01817507192195351,head_target_density1,20,adaptive,masked_mae,8,4,primary_full_target_density1,head_foreground
0.031091164218631773,0.018321827791666495,0.024699675348428412,head_target_density1,20,adaptive,masked_mae,8,4,primary_full_target_density1,head_supported
0.002431395006625541,-0.08733116368162008,-0.03681014011791871,head_target_density1,20,adaptive,masked_mae,8,4,primary_full_target_density1,head_unsupported
0.015272060613215092,0.007221454788557008,0.01113849178368553,head_target_density1,20,adaptive,masked_mae,8,4,primary_full_target_density1,oral
-0.14838340018350538,-0.2687702979333876,-0.20892450706066445,head_target_density1,20,adaptive,masked_mae,8,4,primary_full_target_density1,torso_outside_head_roi
0.034571944444656305,0.012618000782066135,0.022775763149737845,head_target_density1,20,adaptive,masked_mae,8,8,primary_full_target_density1,background
0.016314893548025563,0.006075579220942155,0.010478671291138598,head_target_density1,20,adaptive,masked_mae,8,8,primary_full_target_density1,eyes
0.02420092496476418,0.006855084767543181,0.015199399575542482,head_target_density1,20,adaptive,masked_mae,8,8,primary_full_target_density1,flame_supported
-0.14994705694884258,-0.26025562293801585,-0.20457306187559093,head_target_density1,20,adaptive,masked_mae,8,8,primary_full_target_density1,flame_unsupported
-0.031007416481600845,-0.06938870677062663,-0.050396758744366256,head_target_density1,20,adaptive,masked_mae,8,8,primary_full_target_density1,foreground
-0.001858690903558369,-0.03286019666993946,-0.017737580627245998,head_target_density1,20,adaptive,masked_mae,8,8,primary_full_target_density1,full_frame
0.025275387318904243,0.011386026954695793,0.018457206902366036,head_target_density1,20,adaptive,masked_mae,8,8,primary_full_target_density1,head_foreground
0.031488758421555,0.018707671846474892,0.024847759709845214,head_target_density1,20,adaptive,masked_mae,8,8,primary_full_target_density1,head_supported
0.0012016003685885242,-0.08357294051525244,-0.03518106774338461,head_target_density1,20,adaptive,masked_mae,8,8,primary_full_target_density1,head_unsupported
0.015779247243249545,0.006867905812265357,0.011177536490330032,head_target_density1,20,adaptive,masked_mae,8,8,primary_full_target_density1,oral
-0.14972878650354696,-0.2685718158028675,-0.21022729549762964,head_target_density1,20,adaptive,masked_mae,8,8,primary_full_target_density1,torso_outside_head_roi
0.03246930798065865,0.011900401307348247,0.0214062673783684,head_target_density1,20,released,masked_mae,8,1,primary_full_target_density1,background
0.019192171219439186,0.005394946248048358,0.01147067273861647,head_target_density1,20,released,masked_mae,8,1,primary_full_target_density1,eyes
0.024978740867287068,0.008518431516960648,0.016353604251203926,head_target_density1,20,released,masked_mae,8,1,primary_full_target_density1,flame_supported
-0.11466542058029323,-0.22443303320917452,-0.16899041659887065,head_target_density1,20,released,masked_mae,8,1,primary_full_target_density1,flame_unsupported
-0.01894161396861263,-0.057072580649795264,-0.03821816359975859,head_target_density1,20,released,masked_mae,8,1,primary_full_target_density1,foreground
0.003468000133982811,-0.025811356342522615,-0.01154301190187061,head_target_density1,20,released,masked_mae,8,1,primary_full_target_density1,full_frame
0.023176846756252988,0.01231258134026518,0.017735219500436727,head_target_density1,20,released,masked_mae,8,1,primary_full_target_density1,head_foreground
0.028049124658512004,0.017799504338464934,0.022863343926570513,head_target_density1,20,released,masked_mae,8,1,primary_full_target_density1,head_supported
-0.002367010139869634,-0.0755468461736317,-0.035907564889919905,head_target_density1,20,released,masked_mae,8,1,primary_full_target_density1,head_unsupported
0.00994599205077086,0.004727989917410023,0.007279162884299764,head_target_density1,20,released,masked_mae,8,1,primary_full_target_density1,oral
-0.10727645431066636,-0.2288869416425696,-0.16945434888115019,head_target_density1,20,released,masked_mae,8,1,primary_full_target_density1,torso_outside_head_roi
0.034709644353553816,0.012405028892366061,0.022376430257888345,head_target_density1,20,released,masked_mae,8,4,primary_full_target_density1,background
0.021984097826895994,0.007811953770053947,0.014393812680673867,head_target_density1,20,released,masked_mae,8,4,primary_full_target_density1,eyes
0.02175144576767692,0.007590742148808769,0.014453229304276288,head_target_density1,20,released,masked_mae,8,4,primary_full_target_density1,flame_supported
-0.13281233410427323,-0.23306750232276136,-0.1821018600259397,head_target_density1,20,released,masked_mae,8,4,primary_full_target_density1,flame_unsupported
-0.02640973755960301,-0.059780619623458923,-0.04327506327677226,head_target_density1,20,released,masked_mae,8,4,primary_full_target_density1,foreground
-0.0002691587036744101,-0.027485338873661794,-0.014405277664230113,head_target_density1,20,released,masked_mae,8,4,primary_full_target_density1,full_frame
0.023287646450429206,0.012638957594544403,0.01808137629622826,head_target_density1,20,released,masked_mae,8,4,primary_full_target_density1,head_foreground
0.027802752431440068,0.017409709201851937,0.022497450140905827,head_target_density1,20,released,masked_mae,8,4,primary_full_target_density1,head_supported
0.007280760264193525,-0.06029754233889066,-0.023095074472854707,head_target_density1,20,released,masked_mae,8,4,primary_full_target_density1,head_unsupported
0.011311339378974751,0.004621179188806827,0.007793326180874134,head_target_density1,20,released,masked_mae,8,4,primary_full_target_density1,oral
-0.13637761664407905,-0.2403027127374784,-0.18853965207774193,head_target_density1,20,released,masked_mae,8,4,primary_full_target_density1,torso_outside_head_roi
0.03416263796463058,0.012365232999980859,0.02200395140788477,head_target_density1,20,released,masked_mae,8,8,primary_full_target_density1,background
0.020737293618219278,0.007996558261681596,0.013902535904639347,head_target_density1,20,released,masked_mae,8,8,primary_full_target_density1,eyes
0.02124313405526935,0.006811314149584748,0.013785025423885027,head_target_density1,20,released,masked_mae,8,8,primary_full_target_density1,flame_supported
-0.1407354482257787,-0.23604848863765374,-0.18824263809686773,head_target_density1,20,released,masked_mae,8,8,primary_full_target_density1,flame_unsupported
-0.02967962074567576,-0.06345015520644175,-0.04679491385921852,head_target_density1,20,released,masked_mae,8,8,primary_full_target_density1,foreground
-0.0017604221962661173,-0.029144438121139916,-0.015998358394504458,head_target_density1,20,released,masked_mae,8,8,primary_full_target_density1,full_frame
0.02328124357376965,0.01254472149976178,0.01799537244394368,head_target_density1,20,released,masked_mae,8,8,primary_full_target_density1,head_foreground
0.027839755774187475,0.01713937662208933,0.022362076637006192,head_target_density1,20,released,masked_mae,8,8,primary_full_target_density1,head_supported
0.0074145106223074166,-0.05733225791884088,-0.021387213753566517,head_target_density1,20,released,masked_mae,8,8,primary_full_target_density1,head_unsupported
0.009851726743003827,0.003639810431469597,0.006628295801691761,head_target_density1,20,released,masked_mae,8,8,primary_full_target_density1,oral
-0.14443581942589107,-0.24634185114293927,-0.19693422557523532,head_target_density1,20,released,masked_mae,8,8,primary_full_target_density1,torso_outside_head_roi
-0.00013114272100437046,-0.0018423208664248203,-0.0009266129341754562,head_target_density1,20,hard,masked_mae,384,1,primary_full_target_density1,background
-0.0003023066855890008,-0.0009139829100749555,-0.0005942611421546031,head_target_density1,20,hard,masked_mae,384,1,primary_full_target_density1,eyes
-0.00010474937975708351,-0.0015630064666339388,-0.0008409947124731441,head_target_density1,20,hard,masked_mae,384,1,primary_full_target_density1,flame_supported
0.0007075533344250085,-0.0001577442240898256,0.00022708912634944456,head_target_density1,20,hard,masked_mae,384,1,primary_full_target_density1,flame_unsupported
0.00015867839677392295,-0.001100595822950495,-0.0004931318572522602,head_target_density1,20,hard,masked_mae,384,1,primary_full_target_density1,foreground
-0.0002851939945337878,-0.001253256741024191,-0.0007499700285827554,head_target_density1,20,hard,masked_mae,384,1,primary_full_target_density1,full_frame
0.002315897202306206,0.0011452290681115143,0.0017255454988371762,head_target_density1,20,hard,masked_mae,384,1,primary_full_target_density1,head_foreground
0.002149605491607379,0.0010148466820028331,0.0015901654597051216,head_target_density1,20,hard,masked_mae,384,1,primary_full_target_density1,head_supported
0.0031920011588341957,0.0010572641208342086,0.002170653597850508,head_target_density1,20,hard,masked_mae,384,1,primary_full_target_density1,head_unsupported
0.0022447827634571042,0.0004978057482148707,0.0013656709689549578,head_target_density1,20,hard,masked_mae,384,1,primary_full_target_density1,oral
-0.005124263047096074,-0.009001274022643627,-0.006985778387499225,head_target_density1,20,hard,masked_mae,384,1,primary_full_target_density1,torso_outside_head_roi
0.0002762108889303431,-0.0009149610854957486,-0.00027534545602533823,head_target_density1,20,hard,masked_mae,384,4,primary_full_target_density1,background
0.0006127374224772788,-7.011210612411702e-05,0.00027805838355185393,head_target_density1,20,hard,masked_mae,384,4,primary_full_target_density1,eyes
-0.0013373921372954627,-0.0022939455105098505,-0.0018424089598767998,head_target_density1,20,hard,masked_mae,384,4,primary_full_target_density1,flame_supported
-0.0004270692778973022,-0.0010707688832537249,-0.000770270827719624,head_target_density1,20,hard,masked_mae,384,4,primary_full_target_density1,flame_unsupported
-0.001084606473950464,-0.0018843030300691936,-0.0015053273219896308,head_target_density1,20,hard,masked_mae,384,4,primary_full_target_density1,foreground
-0.0007257946393870813,-0.0012942381203174464,-0.0010021564662730173,head_target_density1,20,hard,masked_mae,384,4,primary_full_target_density1,full_frame
0.0005484817931024054,-0.00010506599941785334,0.00021719595624076425,head_target_density1,20,hard,masked_mae,384,4,primary_full_target_density1,head_foreground
0.0005902140523392766,-0.00010008691194847086,0.00024157215629080596,head_target_density1,20,hard,masked_mae,384,4,primary_full_target_density1,head_supported
0.00031243822972305997,-0.0006416155552931392,-0.00017857383805028188,head_target_density1,20,hard,masked_mae,384,4,primary_full_target_density1,head_unsupported
0.0003731742866256645,-0.00028840600603174493,5.2005954931798676e-05,head_target_density1,20,hard,masked_mae,384,4,primary_full_target_density1,oral
-0.004791552626249623,-0.007395667302257955,-0.006068593341401855,head_target_density1,20,hard,masked_mae,384,4,primary_full_target_density1,torso_outside_head_roi
0.00022302134347849798,-0.0006955787418526819,-0.00022296130432185492,head_target_density1,20,hard,masked_mae,384,8,primary_full_target_density1,background
0.000485301217818657,-0.0002674543676193665,0.00010223737304043031,head_target_density1,20,hard,masked_mae,384,8,primary_full_target_density1,eyes
-0.0014259946339063012,-0.0022858332656654646,-0.0018566806009773975,head_target_density1,20,hard,masked_mae,384,8,primary_full_target_density1,flame_supported
-0.0005337784336484706,-0.0010548406610906105,-0.0008005282130818331,head_target_density1,20,hard,masked_mae,384,8,primary_full_target_density1,flame_unsupported
-0.001166257764015014,-0.0018588001935217458,-0.0015156675210632597,head_target_density1,20,hard,masked_mae,384,8,primary_full_target_density1,foreground
-0.0007037402270160201,-0.0012287734124223732,-0.0009682946218900763,head_target_density1,20,hard,masked_mae,384,8,primary_full_target_density1,full_frame
0.0004815682339628287,-6.65512003266362e-05,0.00020723688493395412,head_target_density1,20,hard,masked_mae,384,8,primary_full_target_density1,head_foreground
0.0005461565935052507,-4.2387768171331645e-05,0.00025068712814065204,head_target_density1,20,hard,masked_mae,384,8,primary_full_target_density1,head_supported
3.3630376689579236e-05,-0.0007207308725994036,-0.00033021540053758126,head_target_density1,20,hard,masked_mae,384,8,primary_full_target_density1,head_unsupported
0.00016503867526983547,-0.00046287365996622017,-0.0001458436014055292,head_target_density1,20,hard,masked_mae,384,8,primary_full_target_density1,oral
-0.00470463946500935,-0.007121851698035299,-0.00590234725893721,head_target_density1,20,hard,masked_mae,384,8,primary_full_target_density1,torso_outside_head_roi
0.02932130176664302,0.012790729155877707,0.019788414206170585,head_target_density1,20,adaptive,masked_mae,384,1,primary_full_target_density1,background
0.004359542816893399,-0.0003300610656988204,0.001994583101961698,head_target_density1,20,adaptive,masked_mae,384,1,primary_full_target_density1,eyes
0.0002752115748342278,-0.013627400077164344,-0.00666074009069767,head_target_density1,20,adaptive,masked_mae,384,1,primary_full_target_density1,flame_supported
-0.1974745078969289,-0.33825650745295543,-0.2671575742274489,head_target_density1,20,adaptive,masked_mae,384,1,primary_full_target_density1,flame_unsupported
-0.061512269137290354,-0.11034778283543349,-0.08583694229922118,head_target_density1,20,adaptive,masked_mae,384,1,primary_full_target_density1,foreground
-0.023709146935938938,-0.0552751503038673,-0.039409042471243015,head_target_density1,20,adaptive,masked_mae,384,1,primary_full_target_density1,full_frame
0.020769884735976855,0.012446530623488378,0.01653005136765768,head_target_density1,20,adaptive,masked_mae,384,1,primary_full_target_density1,head_foreground
0.019226389592622607,0.01144332639986229,0.015196251622577133,head_target_density1,20,adaptive,masked_mae,384,1,primary_full_target_density1,head_supported
0.04800667623231904,-0.025293493279867484,0.013116640401844282,head_target_density1,20,adaptive,masked_mae,384,1,primary_full_target_density1,head_unsupported
0.010201503039948913,0.0033422978666137995,0.006717196238635041,head_target_density1,20,adaptive,masked_mae,384,1,primary_full_target_density1,oral
-0.26411711161396423,-0.4105804721518798,-0.33868898330940284,head_target_density1,20,adaptive,masked_mae,384,1,primary_full_target_density1,torso_outside_head_roi
0.02745895878570155,0.013449788417724377,0.020378352746469965,head_target_density1,20,adaptive,masked_mae,384,4,primary_full_target_density1,background
0.008819985279875906,0.0036589556386429052,0.006010788413450222,head_target_density1,20,adaptive,masked_mae,384,4,primary_full_target_density1,eyes
0.001171103562113039,-0.012777012423671977,-0.005691579065500898,head_target_density1,20,adaptive,masked_mae,384,4,primary_full_target_density1,flame_supported
-0.2048575271636987,-0.34515318720897864,-0.2740713499102195,head_target_density1,20,adaptive,masked_mae,384,4,primary_full_target_density1,flame_unsupported
-0.06259512281117212,-0.11056362351935974,-0.08632498581285347,head_target_density1,20,adaptive,masked_mae,384,4,primary_full_target_density1,foreground
-0.02546033724348846,-0.05528576223892942,-0.040101825025127616,head_target_density1,20,adaptive,masked_mae,384,4,primary_full_target_density1,full_frame
0.02096797778478566,0.01308805501260073,0.016935098701132148,head_target_density1,20,adaptive,masked_mae,384,4,primary_full_target_density1,head_foreground
0.021919767007589807,0.014380078307583512,0.017881041012741704,head_target_density1,20,adaptive,masked_mae,384,4,primary_full_target_density1,head_supported
0.03092373432144065,-0.04526710566356502,-0.00479627213955563,head_target_density1,20,adaptive,masked_mae,384,4,primary_full_target_density1,head_unsupported
0.011064126770565529,0.003458527800181287,0.007184328611689888,head_target_density1,20,adaptive,masked_mae,384,4,primary_full_target_density1,oral
-0.26771264912760717,-0.4113097748686537,-0.3411824921878749,head_target_density1,20,adaptive,masked_mae,384,4,primary_full_target_density1,torso_outside_head_roi
0.026506312122334945,0.01171632613661152,0.01889191950527872,head_target_density1,20,adaptive,masked_mae,384,8,primary_full_target_density1,background
0.0077712114638570215,0.0023259206545493487,0.004850406809114234,head_target_density1,20,adaptive,masked_mae,384,8,primary_full_target_density1,eyes
0.0011117809297632637,-0.01434448899530248,-0.006570780104556852,head_target_density1,20,adaptive,masked_mae,384,8,primary_full_target_density1,flame_supported
-0.21316480479339112,-0.35207660908830096,-0.2821571127972632,head_target_density1,20,adaptive,masked_mae,384,8,primary_full_target_density1,flame_unsupported
-0.06661226793612346,-0.11523314054281805,-0.09094324874583196,head_target_density1,20,adaptive,masked_mae,384,8,primary_full_target_density1,foreground
-0.027639931158241947,-0.058480574775696834,-0.04265762109089035,head_target_density1,20,adaptive,masked_mae,384,8,primary_full_target_density1,full_frame
0.020745166927766852,0.01207377322598528,0.016283055713818547,head_target_density1,20,adaptive,masked_mae,384,8,primary_full_target_density1,head_foreground
0.02201106957115596,0.013589709052487227,0.01757404851044208,head_target_density1,20,adaptive,masked_mae,384,8,primary_full_target_density1,head_supported
0.026127266870020257,-0.04823750903898841,-0.008573248274584035,head_target_density1,20,adaptive,masked_mae,384,8,primary_full_target_density1,head_unsupported
0.011721519489247174,0.0037870526661968676,0.007702325941666685,head_target_density1,20,adaptive,masked_mae,384,8,primary_full_target_density1,oral
-0.27419028813463486,-0.4179534548590909,-0.34705894906041235,head_target_density1,20,adaptive,masked_mae,384,8,primary_full_target_density1,torso_outside_head_roi
0.028093332498881924,0.0110165667376482,0.018407687644055617,head_target_density1,20,released,masked_mae,384,1,primary_full_target_density1,background
0.010680124595127986,0.00421849509180869,0.007387618104256452,head_target_density1,20,released,masked_mae,384,1,primary_full_target_density1,eyes
0.00146779940181998,-0.013184502252783704,-0.005668948154171826,head_target_density1,20,released,masked_mae,384,1,primary_full_target_density1,flame_supported
-0.21102635167151818,-0.349041650130776,-0.2795171234679668,head_target_density1,20,released,masked_mae,384,1,primary_full_target_density1,flame_unsupported
-0.06383932345414325,-0.11326977585809589,-0.08868059451121452,head_target_density1,20,released,masked_mae,384,1,primary_full_target_density1,foreground
-0.025613662134237797,-0.05864018971248278,-0.04156479796805939,head_target_density1,20,released,masked_mae,384,1,primary_full_target_density1,full_frame
0.020304283827668357,0.011745189852094187,0.01590246861627572,head_target_density1,20,released,masked_mae,384,1,primary_full_target_density1,head_foreground
0.018536102228702403,0.011860055384629753,0.015103114433565323,head_target_density1,20,released,masked_mae,384,1,primary_full_target_density1,head_supported
0.03307833134238941,-0.020893897317091497,0.0068855832704545665,head_target_density1,20,released,masked_mae,384,1,primary_full_target_density1,head_unsupported
0.010157039259491614,0.005259542989838824,0.007501382026210754,head_target_density1,20,released,masked_mae,384,1,primary_full_target_density1,oral
-0.2707759107645183,-0.4154535670177027,-0.34481336430748843,head_target_density1,20,released,masked_mae,384,1,primary_full_target_density1,torso_outside_head_roi
0.0315398235352582,0.017051039324140205,0.023847132860869195,head_target_density1,20,released,masked_mae,384,4,primary_full_target_density1,background
0.013265725654946686,0.005320233785004257,0.009155498947445478,head_target_density1,20,released,masked_mae,384,4,primary_full_target_density1,eyes
0.001708334208636788,-0.013636589939841234,-0.005784316850752575,head_target_density1,20,released,masked_mae,384,4,primary_full_target_density1,flame_supported
-0.21821994581311988,-0.3563959815911823,-0.2854412486385965,head_target_density1,20,released,masked_mae,384,4,primary_full_target_density1,flame_unsupported
-0.06557232941182693,-0.11557070143198045,-0.0900289219475294,head_target_density1,20,released,masked_mae,384,4,primary_full_target_density1,foreground
-0.025841416180735897,-0.056205149043088015,-0.040788312988395095,head_target_density1,20,released,masked_mae,384,4,primary_full_target_density1,full_frame
0.020564129974569013,0.012220035190919602,0.01635260716539367,head_target_density1,20,released,masked_mae,384,4,primary_full_target_density1,head_foreground
0.020689825810140748,0.013739342339951856,0.017069701311779834,head_target_density1,20,released,masked_mae,384,4,primary_full_target_density1,head_supported
0.02357276314022245,-0.02526552576690312,0.00026189828888821125,head_target_density1,20,released,masked_mae,384,4,primary_full_target_density1,head_unsupported
0.010423419349971987,0.005298978629821476,0.007765344419344948,head_target_density1,20,released,masked_mae,384,4,primary_full_target_density1,oral
-0.27395501199893296,-0.4235760418130157,-0.35142241250290396,head_target_density1,20,released,masked_mae,384,4,primary_full_target_density1,torso_outside_head_roi
0.032532550067270766,0.016446979507726184,0.02392020996412413,head_target_density1,20,released,masked_mae,384,8,primary_full_target_density1,background
0.01251735859611579,0.005380514143915953,0.008739587342371836,head_target_density1,20,released,masked_mae,384,8,primary_full_target_density1,eyes
0.002488271450071467,-0.013508794467264754,-0.005443329244074548,head_target_density1,20,released,masked_mae,384,8,primary_full_target_density1,flame_supported
-0.2267007656941532,-0.36123452364579217,-0.2934861752348198,head_target_density1,20,released,masked_mae,384,8,primary_full_target_density1,flame_unsupported
-0.06884235010551534,-0.11904145174032807,-0.09369260561698824,head_target_density1,20,released,masked_mae,384,8,primary_full_target_density1,foreground
-0.026655298421350216,-0.05811576488257145,-0.042093553498365834,head_target_density1,20,released,masked_mae,384,8,primary_full_target_density1,full_frame
0.021284466207606507,0.01262648579003293,0.01688970940559516,head_target_density1,20,released,masked_mae,384,8,primary_full_target_density1,head_foreground
0.02198460862788461,0.01436257432862657,0.0179308659430722,head_target_density1,20,released,masked_mae,384,8,primary_full_target_density1,head_supported
0.01955533336200582,-0.027926851032128594,-0.003665523096744318,head_target_density1,20,released,masked_mae,384,8,primary_full_target_density1,head_unsupported
0.010300721729680457,0.0052636715227512764,0.007734340696038259,head_target_density1,20,released,masked_mae,384,8,primary_full_target_density1,oral
-0.28109289216903616,-0.42775578522385344,-0.35583059021195934,head_target_density1,20,released,masked_mae,384,8,primary_full_target_density1,torso_outside_head_roi
-0.0024253477630548194,-0.004283482399877826,-0.003351122962953138,full_target_density2,20,hard,masked_mae,8,1,primary_full_target_density1,background
0.0009506348587100995,-0.001863169641687082,-0.0004218994577102307,full_target_density2,20,hard,masked_mae,8,1,primary_full_target_density1,eyes
0.01092850546586721,0.006077053655589832,0.008381592478202879,full_target_density2,20,hard,masked_mae,8,1,primary_full_target_density1,flame_supported
0.011193490895211537,0.006461445416973404,0.008782434415936288,full_target_density2,20,hard,masked_mae,8,1,primary_full_target_density1,flame_unsupported
0.01019247991637295,0.006319605362362587,0.008221639511237798,full_target_density2,20,hard,masked_mae,8,1,primary_full_target_density1,foreground
0.004376748841239779,0.0017113553393970729,0.0030442949583348055,full_target_density2,20,hard,masked_mae,8,1,primary_full_target_density1,full_frame
0.008377794702070628,0.005613634020337505,0.007006745925124435,full_target_density2,20,hard,masked_mae,8,1,primary_full_target_density1,head_foreground
0.0060964840842763655,0.0034999389601024764,0.004787036707657209,full_target_density2,20,hard,masked_mae,8,1,primary_full_target_density1,head_supported
0.027413463016243547,0.017193021708275486,0.022614691219790477,full_target_density2,20,hard,masked_mae,8,1,primary_full_target_density1,head_unsupported
0.00075690238504423,-0.0014327520675585374,-0.00038553244876803825,full_target_density2,20,hard,masked_mae,8,1,primary_full_target_density1,oral
0.015320700927386537,0.007374775438536536,0.011181511254910232,full_target_density2,20,hard,masked_mae,8,1,primary_full_target_density1,torso_outside_head_roi
-0.0023682699209955243,-0.004403869347057678,-0.003338603787201153,full_target_density2,20,hard,masked_mae,8,4,primary_full_target_density1,background
0.001903848391766886,-0.0004993032147118632,0.0007138877728503259,full_target_density2,20,hard,masked_mae,8,4,primary_full_target_density1,eyes
0.010811651374865987,0.006052744519353324,0.008367704623814403,full_target_density2,20,hard,masked_mae,8,4,primary_full_target_density1,flame_supported
0.010554577251052993,0.006293561299718514,0.008441516960247962,full_target_density2,20,hard,masked_mae,8,4,primary_full_target_density1,flame_unsupported
0.010132115355507468,0.006283548408481127,0.00816157508479084,full_target_density2,20,hard,masked_mae,8,4,primary_full_target_density1,foreground
0.004373259888508647,0.0018461408923808513,0.0031045180597471704,full_target_density2,20,hard,masked_mae,8,4,primary_full_target_density1,full_frame
0.007725629433534654,0.005197302949325271,0.006435055341782856,full_target_density2,20,hard,masked_mae,8,4,primary_full_target_density1,head_foreground
0.005532430153626839,0.0031327099970852633,0.004286845083960165,full_target_density2,20,hard,masked_mae,8,4,primary_full_target_density1,head_supported
0.02606643246130176,0.01703115961649608,0.021920424196936645,full_target_density2,20,hard,masked_mae,8,4,primary_full_target_density1,head_unsupported
0.00012988721393791212,-0.001407390875487077,-0.0006301513245499737,full_target_density2,20,hard,masked_mae,8,4,primary_full_target_density1,oral
0.01691883516248851,0.008606530619820637,0.012570212184740193,full_target_density2,20,hard,masked_mae,8,4,primary_full_target_density1,torso_outside_head_roi
-0.0020157701572404915,-0.003829401009546748,-0.00287853508205637,full_target_density2,20,hard,masked_mae,8,8,primary_full_target_density1,background
0.0018073299524338357,-0.00027740118565006713,0.0007620263604064308,full_target_density2,20,hard,masked_mae,8,8,primary_full_target_density1,eyes
0.010189888305185147,0.005741146413541201,0.007874234895060546,full_target_density2,20,hard,masked_mae,8,8,primary_full_target_density1,flame_supported
0.010366187217878867,0.0061928617677779,0.008201795493888145,full_target_density2,20,hard,masked_mae,8,8,primary_full_target_density1,flame_unsupported
0.00959610394347675,0.005957143491809602,0.0077277280938462065,full_target_density2,20,hard,masked_mae,8,8,primary_full_target_density1,foreground
0.004204894080865604,0.0017602238865383835,0.002996350805480759,full_target_density2,20,hard,masked_mae,8,8,primary_full_target_density1,full_frame
0.007102146346398802,0.004731435706014105,0.005920966821952473,full_target_density2,20,hard,masked_mae,8,8,primary_full_target_density1,head_foreground
0.0048733657895136985,0.002768437776955635,0.0037792577849680197,full_target_density2,20,hard,masked_mae,8,8,primary_full_target_density1,head_supported
0.02556248604111754,0.016030106090218415,0.021149079597209037,full_target_density2,20,hard,masked_mae,8,8,primary_full_target_density1,head_unsupported
-0.00023952718088938738,-0.00184750574575185,-0.0010289493963475012,full_target_density2,20,hard,masked_mae,8,8,primary_full_target_density1,oral
0.0162465249090102,0.008164493903411152,0.012058223316248852,full_target_density2,20,hard,masked_mae,8,8,primary_full_target_density1,torso_outside_head_roi
0.005213484471068936,-0.0029232626700318206,0.0012219791120482504,full_target_density2,20,adaptive,masked_mae,8,1,primary_full_target_density1,background
0.008538616062877905,-0.002829974204049199,0.0017901246064461012,full_target_density2,20,adaptive,masked_mae,8,1,primary_full_target_density1,eyes
0.01538084053779158,0.006331105384929527,0.010750046084658946,full_target_density2,20,adaptive,masked_mae,8,1,primary_full_target_density1,flame_supported
0.009593091584300661,-0.016899498779952855,-0.003136297456638469,full_target_density2,20,adaptive,masked_mae,8,1,primary_full_target_density1,flame_unsupported
0.011810850168810217,0.002502905522829029,0.007233827576410922,full_target_density2,20,adaptive,masked_mae,8,1,primary_full_target_density1,foreground
0.007112917362525534,0.0014440835495230834,0.004427164238252685,full_target_density2,20,adaptive,masked_mae,8,1,primary_full_target_density1,full_frame
0.012001601180944711,0.0013554278757779293,0.006647271369129873,full_target_density2,20,adaptive,masked_mae,8,1,primary_full_target_density1,head_foreground
0.014899985818553467,0.004941196998770399,0.009686050327683276,full_target_density2,20,adaptive,masked_mae,8,1,primary_full_target_density1,head_supported
0.006494580427493804,-0.04206612300321281,-0.016593610979259855,full_target_density2,20,adaptive,masked_mae,8,1,primary_full_target_density1,head_unsupported
0.009165888450947924,0.0030288592296059667,0.005913088798723233,full_target_density2,20,adaptive,masked_mae,8,1,primary_full_target_density1,oral
0.025920956020597925,-0.01385402557833096,0.007250845293357899,full_target_density2,20,adaptive,masked_mae,8,1,primary_full_target_density1,torso_outside_head_roi
0.0033996225288374553,-0.0019148662823689042,0.0006449918634480085,full_target_density2,20,adaptive,masked_mae,8,4,primary_full_target_density1,background
0.007738110538216402,-0.00011413787145886446,0.003244820249916279,full_target_density2,20,adaptive,masked_mae,8,4,primary_full_target_density1,eyes
0.01854360915165929,0.008905694006673341,0.01348448667228519,full_target_density2,20,adaptive,masked_mae,8,4,primary_full_target_density1,flame_supported
0.021288771255005244,-0.002631066767601413,0.009740151478545985,full_target_density2,20,adaptive,masked_mae,8,4,primary_full_target_density1,flame_unsupported
0.01690134589174972,0.007405010662716123,0.012199033067851296,full_target_density2,20,adaptive,masked_mae,8,4,primary_full_target_density1,foreground
0.01016227901036636,0.0035986453449375626,0.006908916025888595,full_target_density2,20,adaptive,masked_mae,8,4,primary_full_target_density1,full_frame
0.015450029602089776,0.005570765467313387,0.010193387769465564,full_target_density2,20,adaptive,masked_mae,8,4,primary_full_target_density1,head_foreground
0.017547360878338414,0.007478916727700786,0.012115215639391969,full_target_density2,20,adaptive,masked_mae,8,4,primary_full_target_density1,head_supported
0.015752966304841555,-0.027406214390912613,-0.004286451447545534,full_target_density2,20,adaptive,masked_mae,8,4,primary_full_target_density1,head_unsupported
0.009451064363630832,0.003541764903943997,0.006366588836643089,full_target_density2,20,adaptive,masked_mae,8,4,primary_full_target_density1,oral
0.030862916312035832,0.006999597351411275,0.01865000994244441,full_target_density2,20,adaptive,masked_mae,8,4,primary_full_target_density1,torso_outside_head_roi
0.002067160648573068,-0.003393391912654923,-0.0005944582626397837,full_target_density2,20,adaptive,masked_mae,8,8,primary_full_target_density1,background
0.007773378183249891,-0.00046761584495979804,0.0031052637424527933,full_target_density2,20,adaptive,masked_mae,8,8,primary_full_target_density1,eyes
0.01860590434882504,0.009528169053246622,0.013886190161835987,full_target_density2,20,adaptive,masked_mae,8,8,primary_full_target_density1,flame_supported
0.025656183610155106,0.0017839257108800328,0.01378288978558287,full_target_density2,20,adaptive,masked_mae,8,8,primary_full_target_density1,flame_unsupported
0.017959186928032903,0.009318006660178482,0.01363059357454512,full_target_density2,20,adaptive,masked_mae,8,8,primary_full_target_density1,foreground
0.01011373489020018,0.003878098243328739,0.007075979372467653,full_target_density2,20,adaptive,masked_mae,8,8,primary_full_target_density1,full_frame
0.01548824964150055,0.0065699309122877435,0.010850661001812801,full_target_density2,20,adaptive,masked_mae,8,8,primary_full_target_density1,head_foreground
0.017304144243601934,0.007991593103587439,0.012273298091859295,full_target_density2,20,adaptive,masked_mae,8,8,primary_full_target_density1,head_supported
0.01672403007684449,-0.020932636259650618,-0.0006222687796735404,full_target_density2,20,adaptive,masked_mae,8,8,primary_full_target_density1,head_unsupported
0.008375228468752919,0.0025621439898797643,0.005317231212563255,full_target_density2,20,adaptive,masked_mae,8,8,primary_full_target_density1,oral
0.033990590905079825,0.010709780623979445,0.02202852576152784,full_target_density2,20,adaptive,masked_mae,8,8,primary_full_target_density1,torso_outside_head_roi
0.0033369059072033977,-0.002740190507557293,0.0002892641980521255,full_target_density2,20,released,masked_mae,8,1,primary_full_target_density1,background
0.007361644643914514,-0.0006803391839846783,0.0030585519022492415,full_target_density2,20,released,masked_mae,8,1,primary_full_target_density1,eyes
0.012053192327331872,0.005406719068983404,0.008772365742097454,full_target_density2,20,released,masked_mae,8,1,primary_full_target_density1,flame_supported
0.02156186616850099,-0.001928143799024164,0.010191098829370434,full_target_density2,20,released,masked_mae,8,1,primary_full_target_density1,flame_unsupported
0.013735291386487939,0.00625284471167638,0.010075802351016652,full_target_density2,20,released,masked_mae,8,1,primary_full_target_density1,foreground
0.008192188909000473,0.003209899643712917,0.0057521576833243345,full_target_density2,20,released,masked_mae,8,1,primary_full_target_density1,full_frame
0.008127649356177135,0.0015328279891742482,0.00488939772938308,full_target_density2,20,released,masked_mae,8,1,primary_full_target_density1,head_foreground
0.010499197357062943,0.003967045071996243,0.007232110379199583,full_target_density2,20,released,masked_mae,8,1,primary_full_target_density1,head_supported
-0.001363058605819218,-0.03670996096245199,-0.017694683874135936,full_target_density2,20,released,masked_mae,8,1,primary_full_target_density1,head_unsupported
0.003363901783371244,0.00023010628743002926,0.001804823567072259,full_target_density2,20,released,masked_mae,8,1,primary_full_target_density1,oral
0.031385704769288765,0.000979278230361249,0.01785032826923355,full_target_density2,20,released,masked_mae,8,1,primary_full_target_density1,torso_outside_head_roi
0.002891488526479236,-0.002892197130729056,6.174525102508269e-05,full_target_density2,20,released,masked_mae,8,4,primary_full_target_density1,background
0.007768820980366327,-0.0006736996413533942,0.0031069393406825798,full_target_density2,20,released,masked_mae,8,4,primary_full_target_density1,eyes
0.014071231832294157,0.007589449185683195,0.010859455149760649,full_target_density2,20,released,masked_mae,8,4,primary_full_target_density1,flame_supported
0.019224743622078808,0.0003120638527461889,0.009692448308050241,full_target_density2,20,released,masked_mae,8,4,primary_full_target_density1,flame_unsupported
0.015342839309747612,0.00888821214927086,0.01198807060942513,full_target_density2,20,released,masked_mae,8,4,primary_full_target_density1,foreground
0.009554203351065034,0.0042066373683587515,0.006812262595301925,full_target_density2,20,released,masked_mae,8,4,primary_full_target_density1,full_frame
0.010666634465087506,0.003753147294984046,0.00706012544464676,full_target_density2,20,released,masked_mae,8,4,primary_full_target_density1,head_foreground
0.013027160196342445,0.006188467793464267,0.009558165643989749,full_target_density2,20,released,masked_mae,8,4,primary_full_target_density1,head_supported
-0.0025831768179529215,-0.03804487447557519,-0.0190959611414761,full_target_density2,20,released,masked_mae,8,4,primary_full_target_density1,head_unsupported
0.00549477187666172,0.000862661054650877,0.0031590546869495672,full_target_density2,20,released,masked_mae,8,4,primary_full_target_density1,oral
0.02657740609914867,0.008937347100934773,0.01805872406509772,full_target_density2,20,released,masked_mae,8,4,primary_full_target_density1,torso_outside_head_roi
0.002407353975973088,-0.002839230154801083,-9.733218399747505e-05,full_target_density2,20,released,masked_mae,8,8,primary_full_target_density1,background
0.007759242645702637,-0.0009640164962621112,0.002940426185379646,full_target_density2,20,released,masked_mae,8,8,primary_full_target_density1,eyes
0.015405480766733391,0.00855626136667101,0.011964915819398186,full_target_density2,20,released,masked_mae,8,8,primary_full_target_density1,flame_supported
0.023846706422057887,0.004879971982734048,0.01467200101883111,full_target_density2,20,released,masked_mae,8,8,primary_full_target_density1,flame_unsupported
0.017315252846604203,0.010884047043726273,0.01406042503552204,full_target_density2,20,released,masked_mae,8,8,primary_full_target_density1,foreground
0.010568214464196223,0.00534975797776536,0.007908213869661822,full_target_density2,20,released,masked_mae,8,8,primary_full_target_density1,full_frame
0.01176953154101376,0.004896981836511479,0.00830505758997269,full_target_density2,20,released,masked_mae,8,8,primary_full_target_density1,head_foreground
0.01382416442612832,0.00678132552160027,0.010310334232131306,full_target_density2,20,released,masked_mae,8,8,primary_full_target_density1,head_supported
0.0025200097696787167,-0.03070986566318197,-0.012682356552530102,full_target_density2,20,released,masked_mae,8,8,primary_full_target_density1,head_unsupported
0.004640037018331727,0.00033532063889473617,0.0023796119041912577,full_target_density2,20,released,masked_mae,8,8,primary_full_target_density1,oral
0.031080698215851032,0.010485137273620061,0.021823472236171072,full_target_density2,20,released,masked_mae,8,8,primary_full_target_density1,torso_outside_head_roi
-0.001999087661934486,-0.0034087664820876785,-0.002685021147892368,full_target_density2,20,hard,masked_mae,384,1,primary_full_target_density1,background
0.0005114195365133817,-0.0013639722271591268,-0.0003743407436621257,full_target_density2,20,hard,masked_mae,384,1,primary_full_target_density1,eyes
0.009794712144069823,0.005644508221863362,0.007699369826577732,full_target_density2,20,hard,masked_mae,384,1,primary_full_target_density1,flame_supported
0.010365744720149624,0.006585993476445015,0.008443061223269543,full_target_density2,20,hard,masked_mae,384,1,primary_full_target_density1,flame_unsupported
0.009480245443335299,0.006041580297683343,0.0077505903269235055,full_target_density2,20,hard,masked_mae,384,1,primary_full_target_density1,foreground
0.0042602054610267935,0.0018846805733433777,0.003077260459656328,full_target_density2,20,hard,masked_mae,384,1,primary_full_target_density1,full_frame
0.007438167243821034,0.0051241583687798315,0.006286882715009827,full_target_density2,20,hard,masked_mae,384,1,primary_full_target_density1,head_foreground
0.005031592335930407,0.003022406829627749,0.004007841838160872,full_target_density2,20,hard,masked_mae,384,1,primary_full_target_density1,head_supported
0.026818559868848776,0.017563091599025582,0.022712323399187887,full_target_density2,20,hard,masked_mae,384,1,primary_full_target_density1,head_unsupported
0.00211980019638929,0.00026245845291409964,0.0011370380685322694,full_target_density2,20,hard,masked_mae,384,1,primary_full_target_density1,oral
0.014911727824022745,0.007724769014450156,0.011342771433196333,full_target_density2,20,hard,masked_mae,384,1,primary_full_target_density1,torso_outside_head_roi
-0.0018583386868198139,-0.0032499519349900663,-0.0025507552465807923,full_target_density2,20,hard,masked_mae,384,4,primary_full_target_density1,background
0.0013602756861728913,-0.0008004027260035716,0.00034768488217375957,full_target_density2,20,hard,masked_mae,384,4,primary_full_target_density1,eyes
0.011198737691202608,0.0065002783558931404,0.008770564370875429,full_target_density2,20,hard,masked_mae,384,4,primary_full_target_density1,flame_supported
0.010562310065402584,0.006579420871504147,0.008490610846709322,full_target_density2,20,hard,masked_mae,384,4,primary_full_target_density1,flame_unsupported
0.010611710265378882,0.006679881277941164,0.008594817050465366,full_target_density2,20,hard,masked_mae,384,4,primary_full_target_density1,foreground
0.005011404176388881,0.002384419277023021,0.00367585804289475,full_target_density2,20,hard,masked_mae,384,4,primary_full_target_density1,full_frame
0.008263941435207742,0.005564537812636294,0.006897763185897553,full_target_density2,20,hard,masked_mae,384,4,primary_full_target_density1,head_foreground
0.005909095716912239,0.003518548969281605,0.004661312686649202,full_target_density2,20,hard,masked_mae,384,4,primary_full_target_density1,head_supported
0.027431406572003107,0.018191017451948163,0.02311496662557334,full_target_density2,20,hard,masked_mae,384,4,primary_full_target_density1,head_unsupported
0.001934468203839638,0.0003435616127384562,0.0011117444655744913,full_target_density2,20,hard,masked_mae,384,4,primary_full_target_density1,oral
0.01700112760578735,0.008802084749621025,0.012799416943248095,full_target_density2,20,hard,masked_mae,384,4,primary_full_target_density1,torso_outside_head_roi
-0.0017997125890350117,-0.0031086369128145055,-0.002448602296476865,full_target_density2,20,hard,masked_mae,384,8,primary_full_target_density1,background
0.001232233525965662,-0.0008998832319898122,0.0002174362345426551,full_target_density2,20,hard,masked_mae,384,8,primary_full_target_density1,eyes
0.01088526185398775,0.006448169690353774,0.008647678767159194,full_target_density2,20,hard,masked_mae,384,8,primary_full_target_density1,flame_supported
0.010494332492983123,0.0061972717105474,0.008216780319431342,full_target_density2,20,hard,masked_mae,384,8,primary_full_target_density1,flame_unsupported
0.01029146826426789,0.006535594325467789,0.008395079588848404,full_target_density2,20,hard,masked_mae,384,8,primary_full_target_density1,foreground
0.004793911049032274,0.002317139231109344,0.0035430614136342186,full_target_density2,20,hard,masked_mae,384,8,primary_full_target_density1,full_frame
0.007880982991104945,0.005363106304484118,0.006625301521421587,full_target_density2,20,hard,masked_mae,384,8,primary_full_target_density1,head_foreground
0.0055206209225052896,0.0034548692084479258,0.004466806202767558,full_target_density2,20,hard,masked_mae,384,8,primary_full_target_density1,head_supported
0.02657844970807354,0.016063445936743196,0.021642483639913567,full_target_density2,20,hard,masked_mae,384,8,primary_full_target_density1,head_unsupported
0.0016894076955032676,7.946725732376632e-05,0.0008237760122250005,full_target_density2,20,hard,masked_mae,384,8,primary_full_target_density1,oral
0.016727118274882546,0.00880651279203924,0.012673874672733693,full_target_density2,20,hard,masked_mae,384,8,primary_full_target_density1,torso_outside_head_roi
0.007044965028053435,0.0011572095423386334,0.003965627894383221,full_target_density2,20,adaptive,masked_mae,384,1,primary_full_target_density1,background
0.0008962554735555689,-0.002872188526182568,-0.0008612952216795515,full_target_density2,20,adaptive,masked_mae,384,1,primary_full_target_density1,eyes
0.012065437046261207,0.0053980139924044435,0.008686291124258474,full_target_density2,20,adaptive,masked_mae,384,1,primary_full_target_density1,flame_supported
0.01812360366855836,0.003666309611371018,0.011432636047464511,full_target_density2,20,adaptive,masked_mae,384,1,primary_full_target_density1,flame_unsupported
0.012477663387497,0.006605345865288153,0.009627684020337705,full_target_density2,20,adaptive,masked_mae,384,1,primary_full_target_density1,foreground
0.008948514628913492,0.005154009177141202,0.007019266726994752,full_target_density2,20,adaptive,masked_mae,384,1,primary_full_target_density1,full_frame
0.01098240938440241,0.004323592761376514,0.007574549533563538,full_target_density2,20,adaptive,masked_mae,384,1,primary_full_target_density1,head_foreground
0.012126290762110777,0.005656693943309036,0.008752481666707081,full_target_density2,20,adaptive,masked_mae,384,1,primary_full_target_density1,head_supported
0.008260128959612966,-0.007739728915398092,0.00021303801549183015,full_target_density2,20,adaptive,masked_mae,384,1,primary_full_target_density1,head_unsupported
0.0067272525838029985,0.0024044211108975627,0.004583897140441249,full_target_density2,20,adaptive,masked_mae,384,1,primary_full_target_density1,oral
0.020508093319540146,0.0052951883376680916,0.013625233568846859,full_target_density2,20,adaptive,masked_mae,384,1,primary_full_target_density1,torso_outside_head_roi
0.005612083837876821,-0.0015980217682980506,0.0019825861275144106,full_target_density2,20,adaptive,masked_mae,384,4,primary_full_target_density1,background
0.0025671043077985056,-0.0019321652032593837,0.00031904409568660056,full_target_density2,20,adaptive,masked_mae,384,4,primary_full_target_density1,eyes
0.01652805969647406,0.009486148197367924,0.012861906897518066,full_target_density2,20,adaptive,masked_mae,384,4,primary_full_target_density1,flame_supported
0.03129866530820795,0.011084801044103221,0.020267844770733807,full_target_density2,20,adaptive,masked_mae,384,4,primary_full_target_density1,flame_unsupported
0.018312019899514365,0.011896298710831175,0.015060370566205896,full_target_density2,20,adaptive,masked_mae,384,4,primary_full_target_density1,foreground
0.010994374169681572,0.006896376034280812,0.008914998751150783,full_target_density2,20,adaptive,masked_mae,384,4,primary_full_target_density1,full_frame
0.016311138134399567,0.009476789628262584,0.012736042619557941,full_target_density2,20,adaptive,masked_mae,384,4,primary_full_target_density1,head_foreground
0.016682465860678335,0.009795759620964573,0.013026914510520871,full_target_density2,20,adaptive,masked_mae,384,4,primary_full_target_density1,head_supported
0.017497356276885808,0.0012175853455433643,0.009215496678208635,full_target_density2,20,adaptive,masked_mae,384,4,primary_full_target_density1,head_unsupported
0.007083198621863272,0.0029075520761141036,0.004938534659072553,full_target_density2,20,adaptive,masked_mae,384,4,primary_full_target_density1,oral
0.028777229176653246,0.012094404261595663,0.020010757241439858,full_target_density2,20,adaptive,masked_mae,384,4,primary_full_target_density1,torso_outside_head_roi
0.00471356494018583,-0.00266277651772435,0.001143090375471299,full_target_density2,20,adaptive,masked_mae,384,8,primary_full_target_density1,background
0.0020063649178775626,-0.0023014113819220536,-0.00017721519023354524,full_target_density2,20,adaptive,masked_mae,384,8,primary_full_target_density1,eyes
0.01624425448518147,0.009220457410824053,0.012539902608640246,full_target_density2,20,adaptive,masked_mae,384,8,primary_full_target_density1,flame_supported
0.03144086814107622,0.012108818152269362,0.020839973459841638,full_target_density2,20,adaptive,masked_mae,384,8,primary_full_target_density1,flame_unsupported
0.01816128582276302,0.012105619878492527,0.015084558527352947,full_target_density2,20,adaptive,masked_mae,384,8,primary_full_target_density1,foreground
0.010567143340776495,0.006548356060771884,0.008560181954206322,full_target_density2,20,adaptive,masked_mae,384,8,primary_full_target_density1,full_frame
0.015840989528697696,0.009042950570706055,0.012345859249500933,full_target_density2,20,adaptive,masked_mae,384,8,primary_full_target_density1,head_foreground
0.016144013914117357,0.009260809145960907,0.01253438886545978,full_target_density2,20,adaptive,masked_mae,384,8,primary_full_target_density1,head_supported
0.018309785506014663,0.00040216187744987486,0.009049809329169437,full_target_density2,20,adaptive,masked_mae,384,8,primary_full_target_density1,head_unsupported
0.006155269229001297,0.0015451810486996251,0.003886526134542263,full_target_density2,20,adaptive,masked_mae,384,8,primary_full_target_density1,oral
0.029752090745990722,0.013538318978421296,0.021081034648788844,full_target_density2,20,adaptive,masked_mae,384,8,primary_full_target_density1,torso_outside_head_roi
0.00490628166154334,-0.0016893137006851618,0.0014532638841610573,full_target_density2,20,released,masked_mae,384,1,primary_full_target_density1,background
0.0009215465549645608,-0.0029078796004390604,-0.0008943493262908934,full_target_density2,20,released,masked_mae,384,1,primary_full_target_density1,eyes
0.010431028583924333,0.004174723296387766,0.007214240373472247,full_target_density2,20,released,masked_mae,384,1,primary_full_target_density1,flame_supported
0.004204722418886912,-0.019692008897280833,-0.008008483149368592,full_target_density2,20,released,masked_mae,384,1,primary_full_target_density1,flame_unsupported
0.006824708447813092,-0.001985916186497404,0.0023423038270160837,full_target_density2,20,released,masked_mae,384,1,primary_full_target_density1,foreground
0.0033336556667373255,0.00018277813980159543,0.0017075424973582811,full_target_density2,20,released,masked_mae,384,1,primary_full_target_density1,full_frame
0.009066158677713244,0.0022406865985402256,0.005545914692257728,full_target_density2,20,released,masked_mae,384,1,primary_full_target_density1,head_foreground
0.01069640641740553,0.004619955228977551,0.007510365221826974,full_target_density2,20,released,masked_mae,384,1,primary_full_target_density1,head_supported
0.0016982064790617341,-0.02217562612894916,-0.0100851262909968,full_target_density2,20,released,masked_mae,384,1,primary_full_target_density1,head_unsupported
0.00555501887949816,0.0024714072629383596,0.003952842400195846,full_target_density2,20,released,masked_mae,384,1,primary_full_target_density1,oral
0.007364328609637986,-0.017367857135076603,-0.005213936804991028,full_target_density2,20,released,masked_mae,384,1,primary_full_target_density1,torso_outside_head_roi
0.0027463808589860556,-0.00432083148829957,-0.0006880546017875861,full_target_density2,20,released,masked_mae,384,4,primary_full_target_density1,background
0.002606335447618406,-0.0026486621843234436,-0.0001597979028595615,full_target_density2,20,released,masked_mae,384,4,primary_full_target_density1,eyes
0.014418751820916254,0.007775565781324793,0.011046482067164867,full_target_density2,20,released,masked_mae,384,4,primary_full_target_density1,flame_supported
0.016774040190590665,-0.00713234049821063,0.004057368886013634,full_target_density2,20,released,masked_mae,384,4,primary_full_target_density1,flame_unsupported
0.012151966426191495,0.004743501218440686,0.00842316069129302,full_target_density2,20,released,masked_mae,384,4,primary_full_target_density1,foreground
0.005840646107061067,0.002181039610458578,0.004016791750686332,full_target_density2,20,released,masked_mae,384,4,primary_full_target_density1,full_frame
0.013372630368875293,0.007199272639179933,0.01016132345158988,full_target_density2,20,released,masked_mae,384,4,primary_full_target_density1,head_foreground
0.014664266051194688,0.008061638036965808,0.011161961021344445,full_target_density2,20,released,masked_mae,384,4,primary_full_target_density1,head_supported
0.00807707022227785,-0.006058206330775511,0.0009438928960423893,full_target_density2,20,released,masked_mae,384,4,primary_full_target_density1,head_unsupported
0.005422499337709148,0.0020035487033891247,0.00374651706795901,full_target_density2,20,released,masked_mae,384,4,primary_full_target_density1,oral
0.017792712355590098,-0.004717055186127802,0.005860982267369768,full_target_density2,20,released,masked_mae,384,4,primary_full_target_density1,torso_outside_head_roi
0.000624170212888897,-0.005929475737050082,-0.0024528734841978267,full_target_density2,20,released,masked_mae,384,8,primary_full_target_density1,background
0.0034842948681807827,-0.002175981324543555,0.0005139561476677189,full_target_density2,20,released,masked_mae,384,8,primary_full_target_density1,eyes
0.014425992849091662,0.007965126664875451,0.011038850405969285,full_target_density2,20,released,masked_mae,384,8,primary_full_target_density1,flame_supported
0.01712772396141906,-0.005029537076008289,0.005159559889810275,full_target_density2,20,released,masked_mae,384,8,primary_full_target_density1,flame_unsupported
0.01253829809245707,0.005140345696531674,0.0087738552090557,full_target_density2,20,released,masked_mae,384,8,primary_full_target_density1,foreground
0.005340162585308021,0.0016154611824566799,0.0034466881256598907,full_target_density2,20,released,masked_mae,384,8,primary_full_target_density1,full_frame
0.013607943342329594,0.007286439029646693,0.010259072774511475,full_target_density2,20,released,masked_mae,384,8,primary_full_target_density1,head_foreground
0.014698767492416607,0.008158963659134722,0.011245982618335839,full_target_density2,20,released,masked_mae,384,8,primary_full_target_density1,head_supported
0.008177977500004407,-0.0072767612413174995,-6.433690831128547e-07,full_target_density2,20,released,masked_mae,384,8,primary_full_target_density1,head_unsupported
0.005322765482275825,0.0015869518678759097,0.0035111242094723145,full_target_density2,20,released,masked_mae,384,8,primary_full_target_density1,oral
0.01841194644065407,-0.0026169334389051693,0.007283857394297537,full_target_density2,20,released,masked_mae,384,8,primary_full_target_density1,torso_outside_head_roi
0.0017752244181576456,-0.0006854758482603817,0.0005992531066849216,head_target_density1,20,hard,ssim,8,1,primary_full_target_density1,full_frame
0.0017768439153830005,-0.0003571596380436195,0.0007371930010390881,head_target_density1,20,hard,ssim,8,4,primary_full_target_density1,full_frame
0.0013347090745256353,-0.0006020664317267093,0.00037907503900075357,head_target_density1,20,hard,ssim,8,8,primary_full_target_density1,full_frame
0.07320017984935209,0.03963096405778611,0.05554345299800234,head_target_density1,20,adaptive,ssim,8,1,primary_full_target_density1,full_frame
0.08164387713553321,0.043661413669134626,0.0623010218595013,head_target_density1,20,adaptive,ssim,8,4,primary_full_target_density1,full_frame
0.08209596751169079,0.044949206553754346,0.06321291675170262,head_target_density1,20,adaptive,ssim,8,8,primary_full_target_density1,full_frame
0.0732504513726703,0.04413335497180623,0.05843776056454297,head_target_density1,20,released,ssim,8,1,primary_full_target_density1,full_frame
0.0806765398721803,0.04699981865219091,0.06372881752975057,head_target_density1,20,released,ssim,8,4,primary_full_target_density1,full_frame
0.08039177515322254,0.04773639615802539,0.0641785558490526,head_target_density1,20,released,ssim,8,8,primary_full_target_density1,full_frame
0.002501203981893413,0.0004103987823639638,0.0014882656080382334,head_target_density1,20,hard,ssim,384,1,primary_full_target_density1,full_frame
0.0007563540339469929,-0.00041045351349042143,0.00021558254957199097,head_target_density1,20,hard,ssim,384,4,primary_full_target_density1,full_frame
0.0004813458947908239,-0.0007150222148214088,-8.112475985572465e-05,head_target_density1,20,hard,ssim,384,8,primary_full_target_density1,full_frame
0.055511262167599995,0.030575643316620858,0.042822050090347036,head_target_density1,20,adaptive,ssim,384,1,primary_full_target_density1,full_frame
0.06501822346087661,0.04189540822962018,0.053075324089238166,head_target_density1,20,adaptive,ssim,384,4,primary_full_target_density1,full_frame
0.06399145208299159,0.03785060284038383,0.05070220473266783,head_target_density1,20,adaptive,ssim,384,8,primary_full_target_density1,full_frame
0.05110241907693091,0.027392373285478097,0.03860580009363947,head_target_density1,20,released,ssim,384,1,primary_full_target_density1,full_frame
0.06802644997270722,0.04502963021736254,0.05654962473746503,head_target_density1,20,released,ssim,384,4,primary_full_target_density1,full_frame
0.0710964520772298,0.04548006582473007,0.05784657867181868,head_target_density1,20,released,ssim,384,8,primary_full_target_density1,full_frame
0.007980848831080262,0.00206595325221619,0.004976339354401537,full_target_density2,20,hard,ssim,8,1,primary_full_target_density1,full_frame
0.009280556628875615,0.0027642976921615973,0.006042656934622542,full_target_density2,20,hard,ssim,8,4,primary_full_target_density1,full_frame
0.010074121391489388,0.0033386741738234316,0.006685018326554984,full_target_density2,20,hard,ssim,8,8,primary_full_target_density1,full_frame
0.0260293899103999,0.013401915836369717,0.019872675729649403,full_target_density2,20,adaptive,ssim,8,1,primary_full_target_density1,full_frame
0.03325128572343877,0.019630917194440514,0.02655204412612048,full_target_density2,20,adaptive,ssim,8,4,primary_full_target_density1,full_frame
0.03263601789694458,0.01946607912757567,0.02621081712700072,full_target_density2,20,adaptive,ssim,8,8,primary_full_target_density1,full_frame
0.027649086355453437,0.012593733037688922,0.02018927204467003,full_target_density2,20,released,ssim,8,1,primary_full_target_density1,full_frame
0.034495524782122935,0.018378172790010736,0.02639471852418146,full_target_density2,20,released,ssim,8,4,primary_full_target_density1,full_frame
0.035776376688764204,0.01773670004059869,0.026840688217253904,full_target_density2,20,released,ssim,8,8,primary_full_target_density1,full_frame
0.012298917876822628,0.005861929616048243,0.00907280288991475,full_target_density2,20,hard,ssim,384,1,primary_full_target_density1,full_frame
0.01606642881013226,0.008540650194115703,0.01223037139032826,full_target_density2,20,hard,ssim,384,4,primary_full_target_density1,full_frame
0.016101019508427065,0.008412900661073969,0.01219748663050787,full_target_density2,20,hard,ssim,384,8,primary_full_target_density1,full_frame
0.03567037373958599,0.025815046787971557,0.03066608760328519,full_target_density2,20,adaptive,ssim,384,1,primary_full_target_density1,full_frame
0.043651673444970084,0.0322657673252803,0.037792850172880935,full_target_density2,20,adaptive,ssim,384,4,primary_full_target_density1,full_frame
0.04363770970276424,0.03206384962868124,0.0376481620328767,full_target_density2,20,adaptive,ssim,384,8,primary_full_target_density1,full_frame
0.024913732141611123,0.014164701532572523,0.019530530664182852,full_target_density2,20,released,ssim,384,1,primary_full_target_density1,full_frame
0.03566783492199398,0.023054718166363973,0.029426473785530455,full_target_density2,20,released,ssim,384,4,primary_full_target_density1,full_frame
0.037272949470650574,0.022731953722735242,0.029871861352807,full_target_density2,20,released,ssim,384,8,primary_full_target_density1,full_frame
0.0024069074674285874,-0.0007247213717465642,0.0008737022283986401,head_target_density1,20,hard,lpips_alex_spatial,8,1,primary_full_target_density1,background
0.007287452137340867,-0.0006517814568229197,0.0032004994819111203,head_target_density1,20,hard,lpips_alex_spatial,8,1,primary_full_target_density1,eyes
0.0077684477841419766,0.001982197319980321,0.004922372117122292,head_target_density1,20,hard,lpips_alex_spatial,8,1,primary_full_target_density1,flame_supported
0.006240601268896667,0.0001296289956336305,0.0031256516207767066,head_target_density1,20,hard,lpips_alex_spatial,8,1,primary_full_target_density1,flame_unsupported
0.007303432649337492,0.0014737251453283474,0.004489794323961712,head_target_density1,20,hard,lpips_alex_spatial,8,1,primary_full_target_density1,foreground
0.005082310321398112,0.0008057536323478168,0.002977433710387252,head_target_density1,20,hard,lpips_alex_spatial,8,1,primary_full_target_density1,full_frame
0.007086891298073818,0.0013848021840114986,0.004311790246044177,head_target_density1,20,hard,lpips_alex_spatial,8,1,primary_full_target_density1,head_foreground
0.007316757812757929,0.0014347090605687691,0.004481357780328829,head_target_density1,20,hard,lpips_alex_spatial,8,1,primary_full_target_density1,head_supported
0.004706122500646177,0.00044946275053867296,0.002689161661330945,head_target_density1,20,hard,lpips_alex_spatial,8,1,primary_full_target_density1,head_unsupported
0.010302235899318052,0.002463897311600275,0.006266659183759163,head_target_density1,20,hard,lpips_alex_spatial,8,1,primary_full_target_density1,oral
0.00761684680700456,-0.00026210847157594414,0.003581586659632691,head_target_density1,20,hard,lpips_alex_spatial,8,1,primary_full_target_density1,torso_outside_head_roi
0.0014580963424973656,-4.5382310917994835e-05,0.000688439749298278,head_target_density1,20,hard,lpips_alex_spatial,8,4,primary_full_target_density1,background
0.004796907245674864,-0.0005955726525824727,0.002228730498941345,head_target_density1,20,hard,lpips_alex_spatial,8,4,primary_full_target_density1,eyes
0.005147599604873653,0.0021348192315410377,0.003697997587154152,head_target_density1,20,hard,lpips_alex_spatial,8,4,primary_full_target_density1,flame_supported
0.003967545411775023,-0.0005375538658649818,0.0016412469390165302,head_target_density1,20,hard,lpips_alex_spatial,8,4,primary_full_target_density1,flame_unsupported
0.004801010968120703,0.0015067732371793297,0.0031654997389911526,head_target_density1,20,hard,lpips_alex_spatial,8,4,primary_full_target_density1,foreground
0.0033996498597062283,0.001018921292435677,0.002186535820159689,head_target_density1,20,hard,lpips_alex_spatial,8,4,primary_full_target_density1,full_frame
0.004489961340604906,0.0019790313616791714,0.003292343218505807,head_target_density1,20,hard,lpips_alex_spatial,8,4,primary_full_target_density1,head_foreground
0.004675844825885498,0.002049081488464096,0.0034259415704050904,head_target_density1,20,hard,lpips_alex_spatial,8,4,primary_full_target_density1,head_supported
0.0029352951469529646,0.0014153474747290954,0.002201776596479654,head_target_density1,20,hard,lpips_alex_spatial,8,4,primary_full_target_density1,head_unsupported
0.006478083957859314,0.002927462798406486,0.004737048487883551,head_target_density1,20,hard,lpips_alex_spatial,8,4,primary_full_target_density1,oral
0.004779844337400937,-0.00160246328760964,0.0015040873489682333,head_target_density1,20,hard,lpips_alex_spatial,8,4,primary_full_target_density1,torso_outside_head_roi
0.0009695200692974409,-0.0005061139362944273,0.0002047731830520788,head_target_density1,20,hard,lpips_alex_spatial,8,8,primary_full_target_density1,background
0.00457984950884301,-0.001298222978356838,0.0016100838048038317,head_target_density1,20,hard,lpips_alex_spatial,8,8,primary_full_target_density1,eyes
0.004190254776978348,0.0013455744683652626,0.0027828360536328936,head_target_density1,20,hard,lpips_alex_spatial,8,8,primary_full_target_density1,flame_supported
0.003403918125763574,-0.0003981381900011766,0.0014183229056220965,head_target_density1,20,hard,lpips_alex_spatial,8,8,primary_full_target_density1,flame_unsupported
0.003932188368435623,0.0010830916595325794,0.002460888576281675,head_target_density1,20,hard,lpips_alex_spatial,8,8,primary_full_target_density1,foreground
0.0026556357076931883,0.0005747926099733739,0.001567517472552013,head_target_density1,20,hard,lpips_alex_spatial,8,8,primary_full_target_density1,full_frame
0.0036927468208698003,0.0013074563753404185,0.0024648367549026827,head_target_density1,20,hard,lpips_alex_spatial,8,8,primary_full_target_density1,head_foreground
0.0038310697986273764,0.0012967544322542723,0.0025429145156735055,head_target_density1,20,hard,lpips_alex_spatial,8,8,primary_full_target_density1,head_supported
0.002213171269759481,0.001170491072538513,0.0017040568850516136,head_target_density1,20,hard,lpips_alex_spatial,8,8,primary_full_target_density1,head_unsupported
0.0060510199548143165,0.0015706045374539088,0.0038256423126005355,head_target_density1,20,hard,lpips_alex_spatial,8,8,primary_full_target_density1,oral
0.004308241237399236,-0.0016332368120669264,0.0013062916961233463,head_target_density1,20,hard,lpips_alex_spatial,8,8,primary_full_target_density1,torso_outside_head_roi
0.028873416241989337,0.008367049983452666,0.01797280068087669,head_target_density1,20,adaptive,lpips_alex_spatial,8,1,primary_full_target_density1,background
0.03032895162364802,0.01821655789659212,0.02394315418698829,head_target_density1,20,adaptive,lpips_alex_spatial,8,1,primary_full_target_density1,eyes
0.0522431343934818,0.030533949306222167,0.041384033469040245,head_target_density1,20,adaptive,lpips_alex_spatial,8,1,primary_full_target_density1,flame_supported
0.001802485210435968,-0.059803520636258566,-0.030101630941044406,head_target_density1,20,adaptive,lpips_alex_spatial,8,1,primary_full_target_density1,flame_unsupported
0.03413101011589326,0.002521671573803042,0.018472168444038255,head_target_density1,20,adaptive,lpips_alex_spatial,8,1,primary_full_target_density1,foreground
0.030738046574708668,0.005661968450138548,0.017968388101755273,head_target_density1,20,adaptive,lpips_alex_spatial,8,1,primary_full_target_density1,full_frame
0.049750024306728556,0.029830778144712054,0.03973031854810708,head_target_density1,20,adaptive,lpips_alex_spatial,8,1,primary_full_target_density1,head_foreground
0.05143504828521387,0.031178096350571373,0.041123697019696356,head_target_density1,20,adaptive,lpips_alex_spatial,8,1,primary_full_target_density1,head_supported
0.03855051735897684,0.019273406922052524,0.028882805181927974,head_target_density1,20,adaptive,lpips_alex_spatial,8,1,primary_full_target_density1,head_unsupported
0.04917777466866557,0.02810646370040852,0.03889405804130863,head_target_density1,20,adaptive,lpips_alex_spatial,8,1,primary_full_target_density1,oral
0.012753712981901113,-0.058150659917386646,-0.02418730444078813,head_target_density1,20,adaptive,lpips_alex_spatial,8,1,primary_full_target_density1,torso_outside_head_roi
0.029546157298770432,0.009005523045285754,0.018867852432036914,head_target_density1,20,adaptive,lpips_alex_spatial,8,4,primary_full_target_density1,background
0.03378389386513383,0.020252086771937385,0.026748466161846667,head_target_density1,20,adaptive,lpips_alex_spatial,8,4,primary_full_target_density1,eyes
0.056864210610011456,0.03357436052203183,0.04486339559899599,head_target_density1,20,adaptive,lpips_alex_spatial,8,4,primary_full_target_density1,flame_supported
0.0027127911442545436,-0.055631631856775624,-0.028669257520605628,head_target_density1,20,adaptive,lpips_alex_spatial,8,4,primary_full_target_density1,flame_unsupported
0.03816611483727226,0.0074731827102239535,0.022149717354841364,head_target_density1,20,adaptive,lpips_alex_spatial,8,4,primary_full_target_density1,foreground
0.03400348569407609,0.008669813632882994,0.02044517327274502,head_target_density1,20,adaptive,lpips_alex_spatial,8,4,primary_full_target_density1,full_frame
0.05425946391312728,0.034014151112766816,0.044026266623191715,head_target_density1,20,adaptive,lpips_alex_spatial,8,4,primary_full_target_density1,head_foreground
0.05607614004706269,0.03546414913652158,0.04550683344837064,head_target_density1,20,adaptive,lpips_alex_spatial,8,4,primary_full_target_density1,head_supported
0.04436090211062768,0.021899782796940777,0.0327724253003493,head_target_density1,20,adaptive,lpips_alex_spatial,8,4,primary_full_target_density1,head_unsupported
0.05394657207599001,0.02875167810867193,0.04131610304787166,head_target_density1,20,adaptive,lpips_alex_spatial,8,4,primary_full_target_density1,oral
0.013188364837506768,-0.059724158706190605,-0.026282712336654863,head_target_density1,20,adaptive,lpips_alex_spatial,8,4,primary_full_target_density1,torso_outside_head_roi
0.0308849097816117,0.009301714521903317,0.01956269645022108,head_target_density1,20,adaptive,lpips_alex_spatial,8,8,primary_full_target_density1,background
0.03204286035551161,0.01975459690543658,0.025712943355886718,head_target_density1,20,adaptive,lpips_alex_spatial,8,8,primary_full_target_density1,eyes
0.05440150698414648,0.03130241547218348,0.042626681044061684,head_target_density1,20,adaptive,lpips_alex_spatial,8,8,primary_full_target_density1,flame_supported
-0.003520609632640335,-0.056906175149370214,-0.032463984388009806,head_target_density1,20,adaptive,lpips_alex_spatial,8,8,primary_full_target_density1,flame_unsupported
0.034543673282908825,0.005205760791099819,0.018988506887425035,head_target_density1,20,adaptive,lpips_alex_spatial,8,8,primary_full_target_density1,foreground
0.031887197668676266,0.007354866930029604,0.01902186888636966,head_target_density1,20,adaptive,lpips_alex_spatial,8,8,primary_full_target_density1,full_frame
0.052483719687414596,0.032047844884820556,0.042144331356013,head_target_density1,20,adaptive,lpips_alex_spatial,8,8,primary_full_target_density1,head_foreground
0.05396044491045696,0.033522393919860706,0.043431078667213206,head_target_density1,20,adaptive,lpips_alex_spatial,8,8,primary_full_target_density1,head_supported
0.044726379245741375,0.021939898966830233,0.03297518591420999,head_target_density1,20,adaptive,lpips_alex_spatial,8,8,primary_full_target_density1,head_unsupported
0.05203651972897366,0.027542462961380926,0.03986288818022059,head_target_density1,20,adaptive,lpips_alex_spatial,8,8,primary_full_target_density1,oral
0.005273650338986232,-0.06092895981510611,-0.030889171292656892,head_target_density1,20,adaptive,lpips_alex_spatial,8,8,primary_full_target_density1,torso_outside_head_roi
0.038261300055884725,0.01610446541396788,0.026436694150310757,head_target_density1,20,released,lpips_alex_spatial,8,1,primary_full_target_density1,background
0.04531932742030155,0.0285158178696147,0.036861275595753376,head_target_density1,20,released,lpips_alex_spatial,8,1,primary_full_target_density1,eyes
0.07357335991544665,0.04779419848010477,0.06083222666789123,head_target_density1,20,released,lpips_alex_spatial,8,1,primary_full_target_density1,flame_supported
0.03948832158931986,-0.018563470216710162,0.009009219192140714,head_target_density1,20,released,lpips_alex_spatial,8,1,primary_full_target_density1,flame_unsupported
0.06069286554437114,0.026989406977295044,0.043590851147737565,head_target_density1,20,released,lpips_alex_spatial,8,1,primary_full_target_density1,foreground
0.05030396498642959,0.022335333962525638,0.03564193686107537,head_target_density1,20,released,lpips_alex_spatial,8,1,primary_full_target_density1,full_frame
0.06967557556623538,0.04646937489648323,0.058257627882624764,head_target_density1,20,released,lpips_alex_spatial,8,1,primary_full_target_density1,head_foreground
0.07056204606938916,0.04713212862680842,0.05902372892593927,head_target_density1,20,released,lpips_alex_spatial,8,1,primary_full_target_density1,head_supported
0.06453943608744182,0.03955900363270644,0.052003430899443814,head_target_density1,20,released,lpips_alex_spatial,8,1,primary_full_target_density1,head_unsupported
0.05747175415055958,0.03818207998503138,0.047813309116523775,head_target_density1,20,released,lpips_alex_spatial,8,1,primary_full_target_density1,oral
0.05409632945775002,-0.01570560239882282,0.01748750897438007,head_target_density1,20,released,lpips_alex_spatial,8,1,primary_full_target_density1,torso_outside_head_roi
0.03595391012013325,0.01423034914174259,0.024549566309309954,head_target_density1,20,released,lpips_alex_spatial,8,4,primary_full_target_density1,background
0.0444407720782243,0.026478595892540282,0.03540091629751795,head_target_density1,20,released,lpips_alex_spatial,8,4,primary_full_target_density1,eyes
0.07258456972880467,0.04662044729956051,0.059651694167517186,head_target_density1,20,released,lpips_alex_spatial,8,4,primary_full_target_density1,flame_supported
0.03314823854261339,-0.0197520993816322,0.005326874003911334,head_target_density1,20,released,lpips_alex_spatial,8,4,primary_full_target_density1,flame_unsupported
0.05917704102023265,0.02607379683895535,0.04247971017925994,head_target_density1,20,released,lpips_alex_spatial,8,4,primary_full_target_density1,foreground
0.048379155576393294,0.021172371342080377,0.03425778119360449,head_target_density1,20,released,lpips_alex_spatial,8,4,primary_full_target_density1,full_frame
0.07027435857023577,0.04597703134392824,0.0581600844108357,head_target_density1,20,released,lpips_alex_spatial,8,4,primary_full_target_density1,head_foreground
0.07070139154971804,0.04666690339838287,0.05890116290125909,head_target_density1,20,released,lpips_alex_spatial,8,4,primary_full_target_density1,head_supported
0.06800868361577075,0.03964568118766982,0.053580428744395156,head_target_density1,20,released,lpips_alex_spatial,8,4,primary_full_target_density1,head_unsupported
0.05631332628856432,0.03341912074146926,0.04495274444799379,head_target_density1,20,released,lpips_alex_spatial,8,4,primary_full_target_density1,oral
0.04394024284825758,-0.02204157227878271,0.00906154997013662,head_target_density1,20,released,lpips_alex_spatial,8,4,primary_full_target_density1,torso_outside_head_roi
0.03381637998917583,0.012464322201459016,0.022829303886973393,head_target_density1,20,released,lpips_alex_spatial,8,8,primary_full_target_density1,background
0.04192091854026292,0.023827018459383297,0.03298212949187776,head_target_density1,20,released,lpips_alex_spatial,8,8,primary_full_target_density1,eyes
0.06770949802051378,0.042849951531276895,0.0556431375252255,head_target_density1,20,released,lpips_alex_spatial,8,8,primary_full_target_density1,flame_supported
0.02691923493578539,-0.02522955717094331,-0.0005621575040712923,head_target_density1,20,released,lpips_alex_spatial,8,8,primary_full_target_density1,flame_unsupported
0.053777148918032876,0.021314839602589675,0.03743464642877179,head_target_density1,20,released,lpips_alex_spatial,8,8,primary_full_target_density1,foreground
0.044240432601599454,0.018000618596742665,0.030602624844679065,head_target_density1,20,released,lpips_alex_spatial,8,8,primary_full_target_density1,full_frame
0.06527748043319323,0.041899266749588104,0.054011408422823884,head_target_density1,20,released,lpips_alex_spatial,8,8,primary_full_target_density1,head_foreground
0.06592623191661416,0.04330382531001593,0.054704245493131645,head_target_density1,20,released,lpips_alex_spatial,8,8,primary_full_target_density1,head_supported
0.06445491977838506,0.03634183163224639,0.05019194254080177,head_target_density1,20,released,lpips_alex_spatial,8,8,primary_full_target_density1,head_unsupported
0.05443023820740396,0.03182074646071284,0.04332094706852649,head_target_density1,20,released,lpips_alex_spatial,8,8,primary_full_target_density1,oral
0.036849917454312944,-0.026964014301430653,0.0036141298140154794,head_target_density1,20,released,lpips_alex_spatial,8,8,primary_full_target_density1,torso_outside_head_roi
0.005108046214855355,0.0027832846259979276,0.0039574524537504515,head_target_density1,20,hard,lpips_alex_spatial,384,1,primary_full_target_density1,background
0.012619328023222838,0.007597794592787152,0.010182744974685003,head_target_density1,20,hard,lpips_alex_spatial,384,1,primary_full_target_density1,eyes
0.013606417639801277,0.008955116090231738,0.011231831328369942,head_target_density1,20,hard,lpips_alex_spatial,384,1,primary_full_target_density1,flame_supported
0.009584083244871104,0.004326972497824099,0.007008827514471338,head_target_density1,20,hard,lpips_alex_spatial,384,1,primary_full_target_density1,flame_unsupported
0.012320757756896396,0.008028002348913103,0.010193269728795716,head_target_density1,20,hard,lpips_alex_spatial,384,1,primary_full_target_density1,foreground
0.009071758073065189,0.0057144504798439235,0.007384040551784226,head_target_density1,20,hard,lpips_alex_spatial,384,1,primary_full_target_density1,full_frame
0.013691864379711307,0.009178675123498613,0.01134048285643608,head_target_density1,20,hard,lpips_alex_spatial,384,1,primary_full_target_density1,head_foreground
0.013852534587996462,0.009226443344303687,0.011447644098673654,head_target_density1,20,hard,lpips_alex_spatial,384,1,primary_full_target_density1,head_supported
0.012286726176839947,0.008385856058732528,0.010255961263035934,head_target_density1,20,hard,lpips_alex_spatial,384,1,primary_full_target_density1,head_unsupported
0.018437682079524564,0.011208121091667002,0.014698021313559956,head_target_density1,20,hard,lpips_alex_spatial,384,1,primary_full_target_density1,oral
0.009487805796351487,0.00160811638639673,0.0056324687496633495,head_target_density1,20,hard,lpips_alex_spatial,384,1,primary_full_target_density1,torso_outside_head_roi
0.00045512192556620344,-0.0009117115650183955,-0.00019327406525123658,head_target_density1,20,hard,lpips_alex_spatial,384,4,primary_full_target_density1,background
0.0025661151104099363,-0.00020720893305565,0.0012074969770304866,head_target_density1,20,hard,lpips_alex_spatial,384,4,primary_full_target_density1,eyes
0.003716984480045284,0.00046773207747223116,0.0021464755836839143,head_target_density1,20,hard,lpips_alex_spatial,384,4,primary_full_target_density1,flame_supported
0.003877214159026041,-0.0007615856014632503,0.0016044255287248955,head_target_density1,20,hard,lpips_alex_spatial,384,4,primary_full_target_density1,flame_unsupported
0.003817002737015976,0.00024148343280930474,0.002084592177601212,head_target_density1,20,hard,lpips_alex_spatial,384,4,primary_full_target_density1,foreground
0.0024101447472066728,-7.411539144093814e-05,0.0012176669497792197,head_target_density1,20,hard,lpips_alex_spatial,384,4,primary_full_target_density1,full_frame
0.0032501107380749623,0.0004524266343280144,0.001873616876831298,head_target_density1,20,hard,lpips_alex_spatial,384,4,primary_full_target_density1,head_foreground
0.0033247063246550517,0.0004369126784920144,0.0019201852186285866,head_target_density1,20,hard,lpips_alex_spatial,384,4,primary_full_target_density1,head_supported
0.0028801799332000212,0.00023517436032662997,0.0016053529153813543,head_target_density1,20,hard,lpips_alex_spatial,384,4,primary_full_target_density1,head_unsupported
0.0042737420480090695,0.0005898169441062275,0.002441588213090452,head_target_density1,20,hard,lpips_alex_spatial,384,4,primary_full_target_density1,oral
0.0048941598392467,-0.001936967115070893,0.0015186520052813846,head_target_density1,20,hard,lpips_alex_spatial,384,4,primary_full_target_density1,torso_outside_head_roi
0.00013902192711774452,-0.0012179783402899373,-0.0005009552426414876,head_target_density1,20,hard,lpips_alex_spatial,384,8,primary_full_target_density1,background
0.0007952154288132852,-0.002304186628173849,-0.0006591238508427216,head_target_density1,20,hard,lpips_alex_spatial,384,8,primary_full_target_density1,eyes
0.0028533496135823232,-0.0005149047392900146,0.0012154294004579694,head_target_density1,20,hard,lpips_alex_spatial,384,8,primary_full_target_density1,flame_supported
0.0038345194019329095,-0.0006627801098940112,0.0016105785881095013,head_target_density1,20,hard,lpips_alex_spatial,384,8,primary_full_target_density1,flame_unsupported
0.0031104099491528533,-0.000377789370509283,0.0014246908043908852,head_target_density1,20,hard,lpips_alex_spatial,384,8,primary_full_target_density1,foreground
0.0018893044167782678,-0.0005627703718292742,0.0007206623688404648,head_target_density1,20,hard,lpips_alex_spatial,384,8,primary_full_target_density1,full_frame
0.0022497659142040427,-0.000681307079173308,0.0008352622420857811,head_target_density1,20,hard,lpips_alex_spatial,384,8,primary_full_target_density1,head_foreground
0.002268899879126275,-0.0007192728934371557,0.0008404739649471276,head_target_density1,20,hard,lpips_alex_spatial,384,8,primary_full_target_density1,head_supported
0.002415811369871411,-0.00042882377783216115,0.001017894695220413,head_target_density1,20,hard,lpips_alex_spatial,384,8,primary_full_target_density1,head_unsupported
0.002498300058020681,-0.0014026394663474127,0.0006099011045852711,head_target_density1,20,hard,lpips_alex_spatial,384,8,primary_full_target_density1,oral
0.0052399690920431384,-0.0013299805134133502,0.0019958505660463257,head_target_density1,20,hard,lpips_alex_spatial,384,8,primary_full_target_density1,torso_outside_head_roi
0.01790389136398756,-0.004254383704625016,0.007318071047912811,head_target_density1,20,adaptive,lpips_alex_spatial,384,1,primary_full_target_density1,background
0.02639994710863405,0.010986791424212185,0.01852504339177184,head_target_density1,20,adaptive,lpips_alex_spatial,384,1,primary_full_target_density1,eyes
0.04764498519193026,0.024031632935091106,0.03580482180965413,head_target_density1,20,adaptive,lpips_alex_spatial,384,1,primary_full_target_density1,flame_supported
-0.01674568925503015,-0.07373844223000493,-0.045501422126657566,head_target_density1,20,adaptive,lpips_alex_spatial,384,1,primary_full_target_density1,flame_unsupported
0.02569383752392586,-0.006345607252164506,0.010054181055634801,head_target_density1,20,adaptive,lpips_alex_spatial,384,1,primary_full_target_density1,foreground
0.02114978967516711,-0.004372007468820135,0.008389435921396526,head_target_density1,20,adaptive,lpips_alex_spatial,384,1,primary_full_target_density1,full_frame
0.04837127676854797,0.025095108847401976,0.036680360545455884,head_target_density1,20,adaptive,lpips_alex_spatial,384,1,primary_full_target_density1,head_foreground
0.04809331317119312,0.025144735942765045,0.03678085261004298,head_target_density1,20,adaptive,lpips_alex_spatial,384,1,primary_full_target_density1,head_supported
0.051347148086292524,0.022592739482089296,0.036254167790317086,head_target_density1,20,adaptive,lpips_alex_spatial,384,1,primary_full_target_density1,head_unsupported
0.05628796337491045,0.02167253752725739,0.038416198828030546,head_target_density1,20,adaptive,lpips_alex_spatial,384,1,primary_full_target_density1,oral
-0.012480246675358094,-0.07784627643015911,-0.04653951205664132,head_target_density1,20,adaptive,lpips_alex_spatial,384,1,primary_full_target_density1,torso_outside_head_roi
0.02076578858917393,-0.0004856288052554964,0.010607796940368482,head_target_density1,20,adaptive,lpips_alex_spatial,384,4,primary_full_target_density1,background
0.03697257837026141,0.021049467323413083,0.02908176647364742,head_target_density1,20,adaptive,lpips_alex_spatial,384,4,primary_full_target_density1,eyes
0.060365395915104536,0.03635311804596175,0.048587399523602616,head_target_density1,20,adaptive,lpips_alex_spatial,384,4,primary_full_target_density1,flame_supported
-0.016623864318351375,-0.06884049237686489,-0.04267007269180022,head_target_density1,20,adaptive,lpips_alex_spatial,384,4,primary_full_target_density1,flame_unsupported
0.03447849417213927,0.005396374694229795,0.020179307231229,head_target_density1,20,adaptive,lpips_alex_spatial,384,4,primary_full_target_density1,foreground
0.027036467821801666,0.0031946055829196636,0.015423311773410515,head_target_density1,20,adaptive,lpips_alex_spatial,384,4,primary_full_target_density1,full_frame
0.06300554098561624,0.03809261560260476,0.05056623207004616,head_target_density1,20,adaptive,lpips_alex_spatial,384,4,primary_full_target_density1,head_foreground
0.06361240879606216,0.03849024897011684,0.05112942750982928,head_target_density1,20,adaptive,lpips_alex_spatial,384,4,primary_full_target_density1,head_supported
0.06121176605849288,0.032232089150820945,0.046469134514246266,head_target_density1,20,adaptive,lpips_alex_spatial,384,4,primary_full_target_density1,head_unsupported
0.07196995585401032,0.03917292764927229,0.05453312903647119,head_target_density1,20,adaptive,lpips_alex_spatial,384,4,primary_full_target_density1,oral
-0.01802978397039036,-0.07575424424973988,-0.0474922660477887,head_target_density1,20,adaptive,lpips_alex_spatial,384,4,primary_full_target_density1,torso_outside_head_roi
0.01807260810722577,-0.003299321756251206,0.007585664604641029,head_target_density1,20,adaptive,lpips_alex_spatial,384,8,primary_full_target_density1,background
0.03607063250874567,0.018017259724806816,0.027226274190250355,head_target_density1,20,adaptive,lpips_alex_spatial,384,8,primary_full_target_density1,eyes
0.057108681521433204,0.03225643648990169,0.04490473895890371,head_target_density1,20,adaptive,lpips_alex_spatial,384,8,primary_full_target_density1,flame_supported
-0.017584250367982085,-0.07280694440228516,-0.0451830107451592,head_target_density1,20,adaptive,lpips_alex_spatial,384,8,primary_full_target_density1,flame_unsupported
0.03092820935718413,0.0002446686583001199,0.01602686801815539,head_target_density1,20,adaptive,lpips_alex_spatial,384,8,primary_full_target_density1,foreground
0.02402832650519037,-0.001403149569576439,0.011731075518059002,head_target_density1,20,adaptive,lpips_alex_spatial,384,8,primary_full_target_density1,full_frame
0.05909114439277,0.033166342319931805,0.046428132017440685,head_target_density1,20,adaptive,lpips_alex_spatial,384,8,primary_full_target_density1,head_foreground
0.060103122714875404,0.03388513099287709,0.04707578260776029,head_target_density1,20,adaptive,lpips_alex_spatial,384,8,primary_full_target_density1,head_supported
0.055788985286834195,0.02773400352493118,0.04190230080268591,head_target_density1,20,adaptive,lpips_alex_spatial,384,8,primary_full_target_density1,head_unsupported
0.07227846734213517,0.039547461236767646,0.055034632172934285,head_target_density1,20,adaptive,lpips_alex_spatial,384,8,primary_full_target_density1,oral
-0.017805582298388682,-0.0767057841003341,-0.04784198051439127,head_target_density1,20,adaptive,lpips_alex_spatial,384,8,primary_full_target_density1,torso_outside_head_roi
0.0196238435777273,0.003471033581398291,0.011765896273667776,head_target_density1,20,released,lpips_alex_spatial,384,1,primary_full_target_density1,background
0.04023719517386195,0.02662850153127047,0.03352893218277315,head_target_density1,20,released,lpips_alex_spatial,384,1,primary_full_target_density1,eyes
0.05302698881815253,0.03362246848768918,0.04350375032161091,head_target_density1,20,released,lpips_alex_spatial,384,1,primary_full_target_density1,flame_supported
-0.01917096570621072,-0.0725988634084947,-0.04628254304081503,head_target_density1,20,released,lpips_alex_spatial,384,1,primary_full_target_density1,flame_unsupported
0.028211303079101045,0.0019311157090944426,0.014983496982286706,head_target_density1,20,released,lpips_alex_spatial,384,1,primary_full_target_density1,foreground
0.022965328767250628,0.0030781264348334445,0.013026321889002091,head_target_density1,20,released,lpips_alex_spatial,384,1,primary_full_target_density1,full_frame
0.05318419267835439,0.03516422992619588,0.04419330580710232,head_target_density1,20,released,lpips_alex_spatial,384,1,primary_full_target_density1,head_foreground
0.05332996140593505,0.035800535316510666,0.044772581593188386,head_target_density1,20,released,lpips_alex_spatial,384,1,primary_full_target_density1,head_supported
0.051628137206259986,0.026685013767665623,0.03835622690985911,head_target_density1,20,released,lpips_alex_spatial,384,1,primary_full_target_density1,head_unsupported
0.05360154795818057,0.02841099188184248,0.04123488404057517,head_target_density1,20,released,lpips_alex_spatial,384,1,primary_full_target_density1,oral
-0.014271693352960652,-0.07757381791015779,-0.04667754754574954,head_target_density1,20,released,lpips_alex_spatial,384,1,primary_full_target_density1,torso_outside_head_roi
0.022323429891261588,0.00531544993897281,0.014060816202818818,head_target_density1,20,released,lpips_alex_spatial,384,4,primary_full_target_density1,background
0.04808734166920693,0.029921852236079197,0.03900025743866539,head_target_density1,20,released,lpips_alex_spatial,384,4,primary_full_target_density1,eyes
0.06293309866002975,0.04105348336104157,0.05216522251868143,head_target_density1,20,released,lpips_alex_spatial,384,4,primary_full_target_density1,flame_supported
-0.02287320626847308,-0.07268371899522126,-0.04695779283488891,head_target_density1,20,released,lpips_alex_spatial,384,4,primary_full_target_density1,flame_unsupported
0.03290273891630054,0.009343117399663021,0.02131916916516906,head_target_density1,20,released,lpips_alex_spatial,384,4,primary_full_target_density1,foreground
0.026694655775531265,0.008051225733494304,0.017499568688967997,head_target_density1,20,released,lpips_alex_spatial,384,4,primary_full_target_density1,full_frame
0.06522712893605477,0.04271968191875839,0.053830177887954675,head_target_density1,20,released,lpips_alex_spatial,384,4,primary_full_target_density1,head_foreground
0.06610121504414568,0.04399477899104317,0.05498499547880421,head_target_density1,20,released,lpips_alex_spatial,384,4,primary_full_target_density1,head_supported
0.05916093206908955,0.030608437192339306,0.043837670367996004,head_target_density1,20,released,lpips_alex_spatial,384,4,primary_full_target_density1,head_unsupported
0.06812422206578667,0.04156144587345188,0.05447658111622209,head_target_density1,20,released,lpips_alex_spatial,384,4,primary_full_target_density1,oral
-0.022317137521991243,-0.07937490771355296,-0.05069267385754213,head_target_density1,20,released,lpips_alex_spatial,384,4,primary_full_target_density1,torso_outside_head_roi
0.02138374001343606,0.003414415227192199,0.012369575541609472,head_target_density1,20,released,lpips_alex_spatial,384,8,primary_full_target_density1,background
0.04318885159844846,0.024051515304924033,0.03366986672629665,head_target_density1,20,released,lpips_alex_spatial,384,8,primary_full_target_density1,eyes
0.060009363985662915,0.0375257990297869,0.04899599184208761,head_target_density1,20,released,lpips_alex_spatial,384,8,primary_full_target_density1,flame_supported
-0.023687405335969854,-0.07650768150636135,-0.04985665889888631,head_target_density1,20,released,lpips_alex_spatial,384,8,primary_full_target_density1,flame_unsupported
0.030244576375576752,0.004561478402994989,0.017386931654590078,head_target_density1,20,released,lpips_alex_spatial,384,8,primary_full_target_density1,foreground
0.024575480801976583,0.00410604871325677,0.014617721239725734,head_target_density1,20,released,lpips_alex_spatial,384,8,primary_full_target_density1,full_frame
0.06179987328330797,0.03886324989769187,0.05035443967962026,head_target_density1,20,released,lpips_alex_spatial,384,8,primary_full_target_density1,head_foreground
0.062445918623829644,0.04023789130113042,0.05147727812688718,head_target_density1,20,released,lpips_alex_spatial,384,8,primary_full_target_density1,head_supported
0.05563001124357031,0.027866762815643396,0.04094254930155784,head_target_density1,20,released,lpips_alex_spatial,384,8,primary_full_target_density1,head_unsupported
0.0647037242476948,0.03808352863089092,0.05139559757348774,head_target_density1,20,released,lpips_alex_spatial,384,8,primary_full_target_density1,oral
-0.021951845799298823,-0.07977342471407978,-0.051557913097386346,head_target_density1,20,released,lpips_alex_spatial,384,8,primary_full_target_density1,torso_outside_head_roi
0.017958818600176597,0.013820065249828704,0.015871488250495103,full_target_density2,20,hard,lpips_alex_spatial,8,1,primary_full_target_density1,background
0.027510775287689287,0.020830311260942348,0.024045852814608616,full_target_density2,20,hard,lpips_alex_spatial,8,1,primary_full_target_density1,eyes
0.04014539332206029,0.030407852471542568,0.03537249829362488,full_target_density2,20,hard,lpips_alex_spatial,8,1,primary_full_target_density1,flame_supported
0.03792196998272495,0.026642813260549167,0.032280007500705955,full_target_density2,20,hard,lpips_alex_spatial,8,1,primary_full_target_density1,flame_unsupported
0.03956090756494,0.029580851483274478,0.03460193052636468,full_target_density2,20,hard,lpips_alex_spatial,8,1,primary_full_target_density1,foreground
0.02916179462364228,0.022533241495232052,0.025903361816426895,full_target_density2,20,hard,lpips_alex_spatial,8,1,primary_full_target_density1,full_frame
0.036708086452906484,0.027882942178172627,0.03227540763591046,full_target_density2,20,hard,lpips_alex_spatial,8,1,primary_full_target_density1,head_foreground
0.03688139723736651,0.028026281602411652,0.03240636895515207,full_target_density2,20,hard,lpips_alex_spatial,8,1,primary_full_target_density1,head_supported
0.0362697349166883,0.026930175372942407,0.03154056401852338,full_target_density2,20,hard,lpips_alex_spatial,8,1,primary_full_target_density1,head_unsupported
0.024717973753610404,0.01642673167681945,0.02032967110907491,full_target_density2,20,hard,lpips_alex_spatial,8,1,primary_full_target_density1,oral
0.04903410236812591,0.031924824985298264,0.04049838294625092,full_target_density2,20,hard,lpips_alex_spatial,8,1,primary_full_target_density1,torso_outside_head_roi
0.017121599049662366,0.013197673765056414,0.015219869878050202,full_target_density2,20,hard,lpips_alex_spatial,8,4,primary_full_target_density1,background
0.02568527860962896,0.019412230660339865,0.02269195447273136,full_target_density2,20,hard,lpips_alex_spatial,8,4,primary_full_target_density1,eyes
0.03975669756974416,0.030174550282089613,0.035122871260290754,full_target_density2,20,hard,lpips_alex_spatial,8,4,primary_full_target_density1,flame_supported
0.036631903030012604,0.024805551180225562,0.030709017928559575,full_target_density2,20,hard,lpips_alex_spatial,8,4,primary_full_target_density1,flame_unsupported
0.038872334593999275,0.028698048188058326,0.03393129777049987,full_target_density2,20,hard,lpips_alex_spatial,8,4,primary_full_target_density1,foreground
0.028618570557556837,0.021909670955386016,0.025388512795293285,full_target_density2,20,hard,lpips_alex_spatial,8,4,primary_full_target_density1,full_frame
0.03595591499289546,0.027418057715492727,0.0318052523314721,full_target_density2,20,hard,lpips_alex_spatial,8,4,primary_full_target_density1,head_foreground
0.036342773358486756,0.027745076754318025,0.03216369691511761,full_target_density2,20,hard,lpips_alex_spatial,8,4,primary_full_target_density1,head_supported
0.03314826467316517,0.02488303733490855,0.02903292597258118,full_target_density2,20,hard,lpips_alex_spatial,8,4,primary_full_target_density1,head_unsupported
0.017464035582899617,0.011434979761308948,0.014432889774600704,full_target_density2,20,hard,lpips_alex_spatial,8,4,primary_full_target_density1,oral
0.04791379537699783,0.031104435124196254,0.03947746253059316,full_target_density2,20,hard,lpips_alex_spatial,8,4,primary_full_target_density1,torso_outside_head_roi
0.014604441854109175,0.010653360291741408,0.012760284817553738,full_target_density2,20,hard,lpips_alex_spatial,8,8,primary_full_target_density1,background
0.024516300379544262,0.017151109299188193,0.020827210059639903,full_target_density2,20,hard,lpips_alex_spatial,8,8,primary_full_target_density1,eyes
0.038347661604068294,0.027630659185132193,0.033142868633534384,full_target_density2,20,hard,lpips_alex_spatial,8,8,primary_full_target_density1,flame_supported
0.0358677399904954,0.02280898366214401,0.029296060102623013,full_target_density2,20,hard,lpips_alex_spatial,8,8,primary_full_target_density1,flame_unsupported
0.037602772896582023,0.026768683374038486,0.03217557440537046,full_target_density2,20,hard,lpips_alex_spatial,8,8,primary_full_target_density1,foreground
0.026776346156607466,0.019705350772513966,0.023380689393906362,full_target_density2,20,hard,lpips_alex_spatial,8,8,primary_full_target_density1,full_frame
0.033854400644174054,0.024730269290929297,0.029451706187639322,full_target_density2,20,hard,lpips_alex_spatial,8,8,primary_full_target_density1,head_foreground
0.03435871537487605,0.025129091439500748,0.029881088509963006,full_target_density2,20,hard,lpips_alex_spatial,8,8,primary_full_target_density1,head_supported
0.0301839047089379,0.020873842321649277,0.02571295545238027,full_target_density2,20,hard,lpips_alex_spatial,8,8,primary_full_target_density1,head_unsupported
0.017298632841578728,0.009686471838353609,0.01359245380247644,full_target_density2,20,hard,lpips_alex_spatial,8,8,primary_full_target_density1,oral
0.048389885715109285,0.030023204492379888,0.039071313630988494,full_target_density2,20,hard,lpips_alex_spatial,8,8,primary_full_target_density1,torso_outside_head_roi
0.02062769755597447,0.009348694801822405,0.014646570675998932,full_target_density2,20,adaptive,lpips_alex_spatial,8,1,primary_full_target_density1,background
0.022194224431041337,0.009136473007288018,0.015887293671138652,full_target_density2,20,adaptive,lpips_alex_spatial,8,1,primary_full_target_density1,eyes
0.02827436081761967,0.012210877648243345,0.020239764315792726,full_target_density2,20,adaptive,lpips_alex_spatial,8,1,primary_full_target_density1,flame_supported
0.010519216887472323,-0.01303644368161252,-0.0015050331817360984,full_target_density2,20,adaptive,lpips_alex_spatial,8,1,primary_full_target_density1,flame_unsupported
0.022136125730658183,0.006268604015944603,0.014175567692632163,full_target_density2,20,adaptive,lpips_alex_spatial,8,1,primary_full_target_density1,foreground
0.020412317111894687,0.00842598885555803,0.014485626716118347,full_target_density2,20,adaptive,lpips_alex_spatial,8,1,primary_full_target_density1,full_frame
0.02946992595036344,0.014553660853819136,0.0218274196593329,full_target_density2,20,adaptive,lpips_alex_spatial,8,1,primary_full_target_density1,head_foreground
0.030131492649025586,0.01506099972208292,0.02238421736278535,full_target_density2,20,adaptive,lpips_alex_spatial,8,1,primary_full_target_density1,head_supported
0.027512064384826108,0.006743424590274816,0.016917152590985734,full_target_density2,20,adaptive,lpips_alex_spatial,8,1,primary_full_target_density1,head_unsupported
0.024278156868249974,0.006759919353590277,0.01512596029395378,full_target_density2,20,adaptive,lpips_alex_spatial,8,1,primary_full_target_density1,oral
0.011075356335072685,-0.02269283709983778,-0.006421565679411348,full_target_density2,20,adaptive,lpips_alex_spatial,8,1,primary_full_target_density1,torso_outside_head_roi
0.024000410589742904,0.012817482013690975,0.01829910654697919,full_target_density2,20,adaptive,lpips_alex_spatial,8,4,primary_full_target_density1,background
0.03128802374665978,0.01878535065060797,0.02510000979907792,full_target_density2,20,adaptive,lpips_alex_spatial,8,4,primary_full_target_density1,eyes
0.03791351884397847,0.022859882160449433,0.030294634116488927,full_target_density2,20,adaptive,lpips_alex_spatial,8,4,primary_full_target_density1,flame_supported
0.015693530836372052,-0.009255961634392839,0.003080233019256193,full_target_density2,20,adaptive,lpips_alex_spatial,8,4,primary_full_target_density1,flame_unsupported
0.030600400311068754,0.014778265029457862,0.022653751458320093,full_target_density2,20,adaptive,lpips_alex_spatial,8,4,primary_full_target_density1,foreground
0.026670493546760436,0.01443233346233028,0.020726513567049642,full_target_density2,20,adaptive,lpips_alex_spatial,8,4,primary_full_target_density1,full_frame
0.04010524906718133,0.025805178477884372,0.0327683715152582,full_target_density2,20,adaptive,lpips_alex_spatial,8,4,primary_full_target_density1,head_foreground
0.04119157758178162,0.026594797249707397,0.033610111506873465,full_target_density2,20,adaptive,lpips_alex_spatial,8,4,primary_full_target_density1,head_supported
0.03364873515615987,0.011870538571069044,0.022747132503546576,full_target_density2,20,adaptive,lpips_alex_spatial,8,4,primary_full_target_density1,head_unsupported
0.026620482682273596,0.011361069848872595,0.018868376673978622,full_target_density2,20,adaptive,lpips_alex_spatial,8,4,primary_full_target_density1,oral
0.013585306654153133,-0.01771429165897384,-0.002343839696746197,full_target_density2,20,adaptive,lpips_alex_spatial,8,4,primary_full_target_density1,torso_outside_head_roi
0.02421676157403831,0.012369345799310977,0.01832721800678457,full_target_density2,20,adaptive,lpips_alex_spatial,8,8,primary_full_target_density1,background
0.027625262761767123,0.013820282096024296,0.020655266166381202,full_target_density2,20,adaptive,lpips_alex_spatial,8,8,primary_full_target_density1,eyes
0.03636634428125563,0.020265166666404506,0.028088819730672322,full_target_density2,20,adaptive,lpips_alex_spatial,8,8,primary_full_target_density1,flame_supported
0.01606390850021084,-0.009416397697310066,0.0033911653715654718,full_target_density2,20,adaptive,lpips_alex_spatial,8,8,primary_full_target_density1,flame_unsupported
0.029459660270742358,0.012889006524939415,0.02102410955358224,full_target_density2,20,adaptive,lpips_alex_spatial,8,8,primary_full_target_density1,foreground
0.026104954106338115,0.0136641128806325,0.019858348730838683,full_target_density2,20,adaptive,lpips_alex_spatial,8,8,primary_full_target_density1,full_frame
0.03938405747464547,0.023674663609058687,0.031084788891302017,full_target_density2,20,adaptive,lpips_alex_spatial,8,8,primary_full_target_density1,head_foreground
0.03992006892478233,0.023992213739410163,0.03171391309278156,full_target_density2,20,adaptive,lpips_alex_spatial,8,8,primary_full_target_density1,head_supported
0.03386964358045674,0.014632486848817225,0.02399868525060416,full_target_density2,20,adaptive,lpips_alex_spatial,8,8,primary_full_target_density1,head_unsupported
0.024000001922629445,0.007007104585811391,0.015406916730678916,full_target_density2,20,adaptive,lpips_alex_spatial,8,8,primary_full_target_density1,oral
0.012726786192800375,-0.019380693556941397,-0.003478265199476438,full_target_density2,20,adaptive,lpips_alex_spatial,8,8,primary_full_target_density1,torso_outside_head_roi
0.02424006459910701,0.013984964054922576,0.019139057984380238,full_target_density2,20,released,lpips_alex_spatial,8,1,primary_full_target_density1,background
0.026555968412624385,0.014570601450125242,0.02038234152473583,full_target_density2,20,released,lpips_alex_spatial,8,1,primary_full_target_density1,eyes
0.04997516855411926,0.034884286801133646,0.04240635212026679,full_target_density2,20,released,lpips_alex_spatial,8,1,primary_full_target_density1,flame_supported
0.040788342466476016,0.019598353066826273,0.029697102592971425,full_target_density2,20,released,lpips_alex_spatial,8,1,primary_full_target_density1,flame_unsupported
0.04726987613476506,0.03098287984921872,0.03889299554294941,full_target_density2,20,released,lpips_alex_spatial,8,1,primary_full_target_density1,foreground
0.036032780369832415,0.023593455450488368,0.02978846088890389,full_target_density2,20,released,lpips_alex_spatial,8,1,primary_full_target_density1,full_frame
0.049103532794441525,0.03408050743038302,0.04153057424584827,full_target_density2,20,released,lpips_alex_spatial,8,1,primary_full_target_density1,head_foreground
0.04958329815505886,0.034937156307845565,0.04227558045216913,full_target_density2,20,released,lpips_alex_spatial,8,1,primary_full_target_density1,head_supported
0.042433773077378896,0.02621562376080066,0.03434253281506838,full_target_density2,20,released,lpips_alex_spatial,8,1,primary_full_target_density1,head_unsupported
0.031124740909578577,0.018866561687913418,0.024716593933609775,full_target_density2,20,released,lpips_alex_spatial,8,1,primary_full_target_density1,oral
0.04374691338885253,0.02199125786017845,0.03223892191327576,full_target_density2,20,released,lpips_alex_spatial,8,1,primary_full_target_density1,torso_outside_head_roi
0.029891641997398043,0.01835393384759867,0.024073376594560724,full_target_density2,20,released,lpips_alex_spatial,8,4,primary_full_target_density1,background
0.0398005899891866,0.022474441263436798,0.03062097250076453,full_target_density2,20,released,lpips_alex_spatial,8,4,primary_full_target_density1,eyes
0.061593982206003414,0.042231012378904954,0.05169087279918712,full_target_density2,20,released,lpips_alex_spatial,8,4,primary_full_target_density1,flame_supported
0.0461498492070438,0.024040804859118598,0.03434775399023139,full_target_density2,20,released,lpips_alex_spatial,8,4,primary_full_target_density1,flame_unsupported
0.0570906510874369,0.03798363375747528,0.04720439974359116,full_target_density2,20,released,lpips_alex_spatial,8,4,primary_full_target_density1,foreground
0.044421745815388776,0.02934752475090592,0.03682257273637231,full_target_density2,20,released,lpips_alex_spatial,8,4,primary_full_target_density1,full_frame
0.06085214985569179,0.042701180362119416,0.05166445658044518,full_target_density2,20,released,lpips_alex_spatial,8,4,primary_full_target_density1,head_foreground
0.06201370208596602,0.04340480960389551,0.05273839870163074,full_target_density2,20,released,lpips_alex_spatial,8,4,primary_full_target_density1,head_supported
0.049052889926952385,0.03199321099116808,0.0404792496288381,full_target_density2,20,released,lpips_alex_spatial,8,4,primary_full_target_density1,head_unsupported
0.03679052945929794,0.021007466986323425,0.028480369170300463,full_target_density2,20,released,lpips_alex_spatial,8,4,primary_full_target_density1,oral
0.04954988577932624,0.022212043080579422,0.03511594740404071,full_target_density2,20,released,lpips_alex_spatial,8,4,primary_full_target_density1,torso_outside_head_roi
0.02736624976358156,0.014753450782270318,0.021070021804962508,full_target_density2,20,released,lpips_alex_spatial,8,8,primary_full_target_density1,background
0.03395329590062928,0.017193802372841866,0.02501012258639712,full_target_density2,20,released,lpips_alex_spatial,8,8,primary_full_target_density1,eyes
0.056370313128108605,0.0371380188811482,0.04664984795036759,full_target_density2,20,released,lpips_alex_spatial,8,8,primary_full_target_density1,flame_supported
0.0443571216278435,0.02169241431723623,0.03237166534179553,full_target_density2,20,released,lpips_alex_spatial,8,8,primary_full_target_density1,flame_unsupported
0.05215278334332679,0.03359654170125404,0.04266925867125572,full_target_density2,20,released,lpips_alex_spatial,8,8,primary_full_target_density1,foreground
0.04045879662488444,0.025339447075412393,0.03285988806646107,full_target_density2,20,released,lpips_alex_spatial,8,8,primary_full_target_density1,full_frame
0.0559706047030646,0.03736612745557411,0.04666784243571502,full_target_density2,20,released,lpips_alex_spatial,8,8,primary_full_target_density1,head_foreground
0.057132809104321045,0.038371342683323886,0.047549221494285844,full_target_density2,20,released,lpips_alex_spatial,8,8,primary_full_target_density1,head_supported
0.045921986186874014,0.028561066739494514,0.03709207595108506,full_target_density2,20,released,lpips_alex_spatial,8,8,primary_full_target_density1,head_unsupported
0.03136264459093817,0.018165224867968947,0.024535494175541316,full_target_density2,20,released,lpips_alex_spatial,8,8,primary_full_target_density1,oral
0.047355968212417325,0.021646124692764692,0.03366604868581902,full_target_density2,20,released,lpips_alex_spatial,8,8,primary_full_target_density1,torso_outside_head_roi
0.015752782332661967,0.011986388394336795,0.013924064218033577,full_target_density2,20,hard,lpips_alex_spatial,384,1,primary_full_target_density1,background
0.02031998142368293,0.013880855116304526,0.017179125717570846,full_target_density2,20,hard,lpips_alex_spatial,384,1,primary_full_target_density1,eyes
0.03543660686146048,0.025287265986259442,0.030574159236565944,full_target_density2,20,hard,lpips_alex_spatial,384,1,primary_full_target_density1,flame_supported
0.03376957285979604,0.0224238062709803,0.028231727792540212,full_target_density2,20,hard,lpips_alex_spatial,384,1,primary_full_target_density1,flame_unsupported
0.03508771087376884,0.02501956661396751,0.030081616941518285,full_target_density2,20,hard,lpips_alex_spatial,384,1,primary_full_target_density1,foreground
0.025934073048043054,0.01910416270392541,0.022655269955143796,full_target_density2,20,hard,lpips_alex_spatial,384,1,primary_full_target_density1,full_frame
0.03208540934950244,0.02331703656152586,0.027772782005534385,full_target_density2,20,hard,lpips_alex_spatial,384,1,primary_full_target_density1,head_foreground
0.03218685797364752,0.02319716698406484,0.027750171885301256,full_target_density2,20,hard,lpips_alex_spatial,384,1,primary_full_target_density1,head_supported
0.03296458882611085,0.023183497295566843,0.028176318215643426,full_target_density2,20,hard,lpips_alex_spatial,384,1,primary_full_target_density1,head_unsupported
0.0173833135638645,0.009666194076125264,0.013554156650143243,full_target_density2,20,hard,lpips_alex_spatial,384,1,primary_full_target_density1,oral
0.0444668035354911,0.0282220920311523,0.03632695008627124,full_target_density2,20,hard,lpips_alex_spatial,384,1,primary_full_target_density1,torso_outside_head_roi
0.015841120042704545,0.012598607230409037,0.014265192258286591,full_target_density2,20,hard,lpips_alex_spatial,384,4,primary_full_target_density1,background
0.022104778876453228,0.0152595673580701,0.018690144897062298,full_target_density2,20,hard,lpips_alex_spatial,384,4,primary_full_target_density1,eyes
0.0374324297487286,0.02717576966486578,0.03239378492601255,full_target_density2,20,hard,lpips_alex_spatial,384,4,primary_full_target_density1,flame_supported
0.033757962952452605,0.022697449214024203,0.028277124147997674,full_target_density2,20,hard,lpips_alex_spatial,384,4,primary_full_target_density1,flame_unsupported
0.03638839238914362,0.026326095502548993,0.03141240775773038,full_target_density2,20,hard,lpips_alex_spatial,384,4,primary_full_target_density1,foreground
0.02693292219448352,0.020340840243849873,0.023747691766618045,full_target_density2,20,hard,lpips_alex_spatial,384,4,primary_full_target_density1,full_frame
0.03367100136486332,0.024649716569571916,0.029366207366555448,full_target_density2,20,hard,lpips_alex_spatial,384,4,primary_full_target_density1,head_foreground
0.034025080255307184,0.024931456711624375,0.02962174541472882,full_target_density2,20,hard,lpips_alex_spatial,384,4,primary_full_target_density1,head_supported
0.0320671243106448,0.023306303160307525,0.027654934949576347,full_target_density2,20,hard,lpips_alex_spatial,384,4,primary_full_target_density1,head_unsupported
0.015804241819141904,0.008504683692058293,0.012333615254709527,full_target_density2,20,hard,lpips_alex_spatial,384,4,primary_full_target_density1,oral
0.04416771087962178,0.028604073833217777,0.03636200032918106,full_target_density2,20,hard,lpips_alex_spatial,384,4,primary_full_target_density1,torso_outside_head_roi
0.013655818687965057,0.010258873155386991,0.012013373502929286,full_target_density2,20,hard,lpips_alex_spatial,384,8,primary_full_target_density1,background
0.019361943575718313,0.012528272594948466,0.015955680836315066,full_target_density2,20,hard,lpips_alex_spatial,384,8,primary_full_target_density1,eyes
0.03552351103909967,0.024590708894946047,0.030173825414586835,full_target_density2,20,hard,lpips_alex_spatial,384,8,primary_full_target_density1,flame_supported
0.03291861565829704,0.021425064432287606,0.02718418534317383,full_target_density2,20,hard,lpips_alex_spatial,384,8,primary_full_target_density1,flame_unsupported
0.03477179939544895,0.02422347124796435,0.02958542432353422,full_target_density2,20,hard,lpips_alex_spatial,384,8,primary_full_target_density1,foreground
0.025104520287348588,0.018345717969652883,0.021797443442530432,full_target_density2,20,hard,lpips_alex_spatial,384,8,primary_full_target_density1,full_frame
0.03119205487466647,0.02201369277971087,0.02668493393127297,full_target_density2,20,hard,lpips_alex_spatial,384,8,primary_full_target_density1,head_foreground
0.03170298244357595,0.02213829278738312,0.026981139136012834,full_target_density2,20,hard,lpips_alex_spatial,384,8,primary_full_target_density1,head_supported
0.028892728591004883,0.019615737561670208,0.024331228741166496,full_target_density2,20,hard,lpips_alex_spatial,384,8,primary_full_target_density1,head_unsupported
0.0138210939833464,0.0063451849875703166,0.010296070151583497,full_target_density2,20,hard,lpips_alex_spatial,384,8,primary_full_target_density1,oral
0.04478033832557743,0.02803618271361666,0.03635744322382879,full_target_density2,20,hard,lpips_alex_spatial,384,8,primary_full_target_density1,torso_outside_head_roi
0.028606976510660426,0.020616725391972693,0.02475185593313791,full_target_density2,20,adaptive,lpips_alex_spatial,384,1,primary_full_target_density1,background
0.03187463458855039,0.021139454156282825,0.02653432461751317,full_target_density2,20,adaptive,lpips_alex_spatial,384,1,primary_full_target_density1,eyes
0.058590753424368085,0.043256097894050154,0.05103647242581485,full_target_density2,20,adaptive,lpips_alex_spatial,384,1,primary_full_target_density1,flame_supported
0.041206246144069175,0.023290409082955144,0.032397760237118135,full_target_density2,20,adaptive,lpips_alex_spatial,384,1,primary_full_target_density1,flame_unsupported
0.05290040692464912,0.0380913229419043,0.04572437590793767,full_target_density2,20,adaptive,lpips_alex_spatial,384,1,primary_full_target_density1,foreground
0.04106848714058792,0.03084040846820774,0.0360598716513935,full_target_density2,20,adaptive,lpips_alex_spatial,384,1,primary_full_target_density1,full_frame
0.05948096123661882,0.044013654249168505,0.05183397523478713,full_target_density2,20,adaptive,lpips_alex_spatial,384,1,primary_full_target_density1,head_foreground
0.05989254287885003,0.0446597990144232,0.052412292553248564,full_target_density2,20,adaptive,lpips_alex_spatial,384,1,primary_full_target_density1,head_supported
0.05724265704337238,0.04162122657166022,0.04954786533210574,full_target_density2,20,adaptive,lpips_alex_spatial,384,1,primary_full_target_density1,head_unsupported
0.06190815680879605,0.03506056555396072,0.048013034309510635,full_target_density2,20,adaptive,lpips_alex_spatial,384,1,primary_full_target_density1,oral
0.043356487508758604,0.02018758485349472,0.031703023920236495,full_target_density2,20,adaptive,lpips_alex_spatial,384,1,primary_full_target_density1,torso_outside_head_roi
0.03272387682379761,0.02267159466434601,0.027782494646804747,full_target_density2,20,adaptive,lpips_alex_spatial,384,4,primary_full_target_density1,background
0.0395898591408425,0.025940889572105313,0.032612310171638216,full_target_density2,20,adaptive,lpips_alex_spatial,384,4,primary_full_target_density1,eyes
0.06969119877399314,0.049943709164496405,0.059495292123708056,full_target_density2,20,adaptive,lpips_alex_spatial,384,4,primary_full_target_density1,flame_supported
0.04203189212104117,0.023402328367256427,0.032690432746935866,full_target_density2,20,adaptive,lpips_alex_spatial,384,4,primary_full_target_density1,flame_unsupported
0.060959036320115324,0.043469748174483756,0.05210770435372852,full_target_density2,20,adaptive,lpips_alex_spatial,384,4,primary_full_target_density1,foreground
0.04817946386854512,0.034356167771271116,0.04105675310799569,full_target_density2,20,adaptive,lpips_alex_spatial,384,4,primary_full_target_density1,full_frame
0.07155935417160766,0.05133933207889525,0.06107066105137697,full_target_density2,20,adaptive,lpips_alex_spatial,384,4,primary_full_target_density1,head_foreground
0.07228268633397233,0.05192726689243809,0.061814410688039265,full_target_density2,20,adaptive,lpips_alex_spatial,384,4,primary_full_target_density1,head_supported
0.06664829251379231,0.04678858181692145,0.05647329405485757,full_target_density2,20,adaptive,lpips_alex_spatial,384,4,primary_full_target_density1,head_unsupported
0.06797905113466164,0.04074767942014005,0.05367019109449215,full_target_density2,20,adaptive,lpips_alex_spatial,384,4,primary_full_target_density1,oral
0.04155136735384896,0.019055070892158483,0.030226716761222593,full_target_density2,20,adaptive,lpips_alex_spatial,384,4,primary_full_target_density1,torso_outside_head_roi
0.03239844820567639,0.02107368694968111,0.02658768885730007,full_target_density2,20,adaptive,lpips_alex_spatial,384,8,primary_full_target_density1,background
0.03648019259461852,0.0216119019070313,0.028991746697477543,full_target_density2,20,adaptive,lpips_alex_spatial,384,8,primary_full_target_density1,eyes
0.06627595806237556,0.04485679370795274,0.05529947779220007,full_target_density2,20,adaptive,lpips_alex_spatial,384,8,primary_full_target_density1,flame_supported
0.03996002841699501,0.02372979954497682,0.03191073069552907,full_target_density2,20,adaptive,lpips_alex_spatial,384,8,primary_full_target_density1,flame_unsupported
0.05737286290708326,0.03983455881604313,0.04842139305032757,full_target_density2,20,adaptive,lpips_alex_spatial,384,8,primary_full_target_density1,foreground
0.045732212987167994,0.031621405181043595,0.0383790652989309,full_target_density2,20,adaptive,lpips_alex_spatial,384,8,primary_full_target_density1,full_frame
0.06798947353120983,0.04617748628355071,0.0568861619170275,full_target_density2,20,adaptive,lpips_alex_spatial,384,8,primary_full_target_density1,head_foreground
0.06865801106009906,0.0464048217569991,0.057472478565212114,full_target_density2,20,adaptive,lpips_alex_spatial,384,8,primary_full_target_density1,head_supported
0.06352892827244562,0.042712371995925216,0.053066378576076566,full_target_density2,20,adaptive,lpips_alex_spatial,384,8,primary_full_target_density1,head_unsupported
0.06662213274243983,0.03807691673918419,0.05180459164467749,full_target_density2,20,adaptive,lpips_alex_spatial,384,8,primary_full_target_density1,oral
0.0402338571866101,0.019036101848468392,0.029284115823148816,full_target_density2,20,adaptive,lpips_alex_spatial,384,8,primary_full_target_density1,torso_outside_head_roi
0.03197927605165501,0.02175083518740042,0.026855065058503443,full_target_density2,20,released,lpips_alex_spatial,384,1,primary_full_target_density1,background
0.04224126533086646,0.029463442276981038,0.03551211712935122,full_target_density2,20,released,lpips_alex_spatial,384,1,primary_full_target_density1,eyes
0.0603130044180476,0.04812058395379786,0.054088434281824284,full_target_density2,20,released,lpips_alex_spatial,384,1,primary_full_target_density1,flame_supported
0.034625508003736476,0.015764022384271874,0.025283561813301235,full_target_density2,20,released,lpips_alex_spatial,384,1,primary_full_target_density1,flame_unsupported
0.05179505538739532,0.039738873329699886,0.04551254582577202,full_target_density2,20,released,lpips_alex_spatial,384,1,primary_full_target_density1,foreground
0.04174463592888989,0.03247146748038598,0.03695868836852896,full_target_density2,20,released,lpips_alex_spatial,384,1,primary_full_target_density1,full_frame
0.06088560412870868,0.048373341297088146,0.05435797686259817,full_target_density2,20,released,lpips_alex_spatial,384,1,primary_full_target_density1,head_foreground
0.06207334435136952,0.049305752325494945,0.055364053113115964,full_target_density2,20,released,lpips_alex_spatial,384,1,primary_full_target_density1,head_supported
0.055784890203445146,0.03941990886105554,0.04698680319902977,full_target_density2,20,released,lpips_alex_spatial,384,1,primary_full_target_density1,head_unsupported
0.05702535341319112,0.03590146090159132,0.04598795950289199,full_target_density2,20,released,lpips_alex_spatial,384,1,primary_full_target_density1,oral
0.03616820119740279,0.01394229496844859,0.02502062012167654,full_target_density2,20,released,lpips_alex_spatial,384,1,primary_full_target_density1,torso_outside_head_roi
0.03286457059214104,0.02276328373998191,0.0277486520222353,full_target_density2,20,released,lpips_alex_spatial,384,4,primary_full_target_density1,background
0.04577743394101345,0.03412384943325536,0.03927888207350301,full_target_density2,20,released,lpips_alex_spatial,384,4,primary_full_target_density1,eyes
0.06487722732492199,0.05250285199656629,0.05870904858529954,full_target_density2,20,released,lpips_alex_spatial,384,4,primary_full_target_density1,flame_supported
0.0349031728331367,0.015221181763744516,0.025096766325541187,full_target_density2,20,released,lpips_alex_spatial,384,4,primary_full_target_density1,flame_unsupported
0.05535744949432858,0.043440246788755556,0.049210503680881874,full_target_density2,20,released,lpips_alex_spatial,384,4,primary_full_target_density1,foreground
0.044485366164652755,0.034918297782909766,0.03958475704692284,full_target_density2,20,released,lpips_alex_spatial,384,4,primary_full_target_density1,full_frame
0.06643601001020875,0.05391719218336635,0.059890824431903245,full_target_density2,20,released,lpips_alex_spatial,384,4,primary_full_target_density1,head_foreground
0.06745169007691904,0.055011758585131874,0.061106602850474104,full_target_density2,20,released,lpips_alex_spatial,384,4,primary_full_target_density1,head_supported
0.05852960418879898,0.04135256400842247,0.04963163970920228,full_target_density2,20,released,lpips_alex_spatial,384,4,primary_full_target_density1,head_unsupported
0.06215861024000821,0.040878168917759715,0.050972331538983354,full_target_density2,20,released,lpips_alex_spatial,384,4,primary_full_target_density1,oral
0.03380645895346409,0.009821251986180828,0.02194947842293756,full_target_density2,20,released,lpips_alex_spatial,384,4,primary_full_target_density1,torso_outside_head_roi
0.029898362302918712,0.018277550247002294,0.024031481780902093,full_target_density2,20,released,lpips_alex_spatial,384,8,primary_full_target_density1,background
0.039212363170738715,0.02789608581703016,0.033347271490044184,full_target_density2,20,released,lpips_alex_spatial,384,8,primary_full_target_density1,eyes
0.06036941983745834,0.04739474768403906,0.05358416035617031,full_target_density2,20,released,lpips_alex_spatial,384,8,primary_full_target_density1,flame_supported
0.0339479744187386,0.013255283238634317,0.02394199590931461,full_target_density2,20,released,lpips_alex_spatial,384,8,primary_full_target_density1,flame_unsupported
0.051278401783748755,0.039006206912717716,0.044961833105764036,full_target_density2,20,released,lpips_alex_spatial,384,8,primary_full_target_density1,foreground
0.04073353065298748,0.030152208098085404,0.03542241642485448,full_target_density2,20,released,lpips_alex_spatial,384,8,primary_full_target_density1,full_frame
0.062073920847807586,0.048473484487579016,0.05505315950902029,full_target_density2,20,released,lpips_alex_spatial,384,8,primary_full_target_density1,head_foreground
0.06291932211216227,0.049600830266678116,0.05596227897311936,full_target_density2,20,released,lpips_alex_spatial,384,8,primary_full_target_density1,head_supported
0.056826455875784776,0.03797797944847728,0.04690595918291818,full_target_density2,20,released,lpips_alex_spatial,384,8,primary_full_target_density1,head_unsupported
0.05686460822516194,0.03791713685962665,0.047067564149017804,full_target_density2,20,released,lpips_alex_spatial,384,8,primary_full_target_density1,oral
0.03252817073785103,0.008615805540940453,0.02043930029248036,full_target_density2,20,released,lpips_alex_spatial,384,8,primary_full_target_density1,torso_outside_head_roi
