advantage_over_hard_mean,ci_high,ci_low,comparison,fraction_identities_advantage_positive,identity_count,metric,n_id,n_obs,region,variant
-0.3775583149321669,1.8322664704848375,-2.0416595498811416,adaptive,0.35,20,masked_psnr,8,1,background,full_target_density2
-0.3085728135303146,1.7645678430371476,-1.8487660916772535,released,0.35,20,masked_psnr,8,1,background,full_target_density2
-0.02730711237002339,0.40702280612054204,-0.4433980473058377,adaptive,0.5,20,masked_psnr,8,1,eyes,full_target_density2
-0.24948489634618626,0.12497665311718732,-0.6772160985196073,released,0.4,20,masked_psnr,8,1,eyes,full_target_density2
-1.8538403650902269,-1.330456709194047,-2.4437598449870066,adaptive,0.05,20,masked_psnr,8,1,flame_supported,full_target_density2
-1.7958589858800686,-1.1461508083391445,-2.460307857722445,released,0.1,20,masked_psnr,8,1,flame_supported,full_target_density2
2.806252710730916,3.7602468746823594,1.7743293230159525,adaptive,0.95,20,masked_psnr,8,1,flame_unsupported,full_target_density2
2.7823976655654272,3.7902694449557717,1.7965665874383636,released,0.95,20,masked_psnr,8,1,flame_unsupported,full_target_density2
1.9198404862559595,2.7498659463808033,0.9826566286926928,adaptive,0.85,20,masked_psnr,8,1,foreground,full_target_density2
1.9055692308551748,2.7827460304466816,0.9899057886823646,released,0.85,20,masked_psnr,8,1,foreground,full_target_density2
1.1069858175839422,2.0031938206990305,0.1055512131349723,adaptive,0.75,20,masked_psnr,8,1,full_frame,full_target_density2
1.134291212046144,1.9847294594004776,0.20270142064285282,released,0.75,20,masked_psnr,8,1,full_frame,full_target_density2
-0.10138620273743308,0.41310529292185977,-0.6577047848583498,adaptive,0.55,20,masked_psnr,8,1,head_foreground,full_target_density2
-0.3440397549334002,0.1438023691998831,-0.8818219583985902,released,0.45,20,masked_psnr,8,1,head_foreground,full_target_density2
-2.1413734999217353,-1.6816099957776391,-2.594678719217552,adaptive,0.0,20,masked_psnr,8,1,head_supported,full_target_density2
-2.189408218430157,-1.65813573233874,-2.7736119291051113,released,0.05,20,masked_psnr,8,1,head_supported,full_target_density2
1.3883369845936298,1.9449502712590345,0.8424271666255673,adaptive,0.8,20,masked_psnr,8,1,head_unsupported,full_target_density2
0.9358477736568581,1.4249259429053784,0.44145562446510583,released,0.85,20,masked_psnr,8,1,head_unsupported,full_target_density2
-0.36615904502496954,-0.11185600312142335,-0.6282186700837261,adaptive,0.2,20,masked_psnr,8,1,oral,full_target_density2
-0.300873283369849,-0.055093744763061024,-0.562785179870015,released,0.3,20,masked_psnr,8,1,oral,full_target_density2
2.9079276851323885,4.063707295480957,1.5992573825373344,adaptive,0.85,20,masked_psnr,8,1,torso_outside_head_roi,full_target_density2
2.979235533374189,4.206942207805942,1.6838750311880941,released,0.85,20,masked_psnr,8,1,torso_outside_head_roi,full_target_density2
-0.18635903521259928,1.9855419830881784,-2.039887722511731,adaptive,0.45,20,masked_psnr,8,4,background,full_target_density2
-0.07358224918259895,2.0364744885990453,-1.8048819811947403,released,0.5,20,masked_psnr,8,4,background,full_target_density2
-0.2177782907364902,0.20243619871136637,-0.6366006261166373,adaptive,0.45,20,masked_psnr,8,4,eyes,full_target_density2
-0.4683151307857575,-0.0469637193768927,-0.9247825627114027,released,0.4,20,masked_psnr,8,4,eyes,full_target_density2
-1.7466829674004036,-1.2444005257885813,-2.3180360135153064,adaptive,0.05,20,masked_psnr,8,4,flame_supported,full_target_density2
-1.8005068252375742,-1.2621054781589902,-2.360618957325673,released,0.05,20,masked_psnr,8,4,flame_supported,full_target_density2
3.1562175851205043,3.936257273851386,2.423397407801116,adaptive,0.95,20,masked_psnr,8,4,flame_unsupported,full_target_density2
2.96917132055224,3.6411081236251723,2.348792118307288,released,1.0,20,masked_psnr,8,4,flame_unsupported,full_target_density2
2.2148533822286987,2.92452296803425,1.4501335114437133,adaptive,0.95,20,masked_psnr,8,4,foreground,full_target_density2
2.0856460415513896,2.707384437067688,1.4519592383261841,released,0.95,20,masked_psnr,8,4,foreground,full_target_density2
1.3478795407565325,2.1931447710366663,0.39683855991989614,adaptive,0.8,20,masked_psnr,8,4,full_frame,full_target_density2
1.276304127446559,2.043161773916881,0.41757176538510105,released,0.8,20,masked_psnr,8,4,full_frame,full_target_density2
-0.08147052049436487,0.4219160418032003,-0.6415864633486853,adaptive,0.5,20,masked_psnr,8,4,head_foreground,full_target_density2
-0.26895983416782554,0.2400757178421444,-0.7994154196715748,released,0.4,20,masked_psnr,8,4,head_foreground,full_target_density2
-2.2178921559615006,-1.7205276407142485,-2.756302788169407,adaptive,0.0,20,masked_psnr,8,4,head_supported,full_target_density2
-2.3079295359571423,-1.7405923948670408,-2.9210927252096286,released,0.0,20,masked_psnr,8,4,head_supported,full_target_density2
1.263181507663471,1.7698480200471058,0.7390122475005451,adaptive,0.8,20,masked_psnr,8,4,head_unsupported,full_target_density2
0.9120746254579482,1.4475689955192859,0.40245060553162204,released,0.8,20,masked_psnr,8,4,head_unsupported,full_target_density2
-0.46561920883491065,-0.23226286811264366,-0.7222467006752158,adaptive,0.2,20,masked_psnr,8,4,oral,full_target_density2
-0.3605835310620661,-0.11200254513600301,-0.6215211418273896,released,0.3,20,masked_psnr,8,4,oral,full_target_density2
3.4329863950729136,4.422025161389395,2.40254785319941,adaptive,0.95,20,masked_psnr,8,4,torso_outside_head_roi,full_target_density2
3.221047940239523,4.053094604626427,2.393230938493057,released,0.95,20,masked_psnr,8,4,torso_outside_head_roi,full_target_density2
-0.31390492480806254,1.7237094329590437,-2.076429128913175,adaptive,0.4,20,masked_psnr,8,8,background,full_target_density2
-0.16237908765410713,1.7685748991449104,-1.8240708909781722,released,0.45,20,masked_psnr,8,8,background,full_target_density2
-0.16248294380416156,0.23801617216421828,-0.5657312400595875,adaptive,0.5,20,masked_psnr,8,8,eyes,full_target_density2
-0.302933274524119,0.07264324085283888,-0.7061212943650494,released,0.45,20,masked_psnr,8,8,eyes,full_target_density2
-1.809640199805493,-1.269516586659201,-2.376723496384218,adaptive,0.05,20,masked_psnr,8,8,flame_supported,full_target_density2
-1.6787011184068832,-1.1022887973661555,-2.2393651337255376,released,0.15,20,masked_psnr,8,8,flame_supported,full_target_density2
3.241521550052915,4.053827737151398,2.5300440173215963,adaptive,1.0,20,masked_psnr,8,8,flame_unsupported,full_target_density2
3.1838547878585777,3.8754529344619657,2.576555307137356,released,1.0,20,masked_psnr,8,8,flame_unsupported,full_target_density2
2.2922198025630793,3.0264030697439996,1.5377367307164242,adaptive,0.95,20,masked_psnr,8,8,foreground,full_target_density2
2.309536054726602,2.950727696215433,1.679000023740374,released,0.95,20,masked_psnr,8,8,foreground,full_target_density2
1.379202928512394,2.275600885951236,0.38393790827283136,adaptive,0.8,20,masked_psnr,8,8,full_frame,full_target_density2
1.4424618211714992,2.2220377080404,0.5835811520984407,released,0.8,20,masked_psnr,8,8,full_frame,full_target_density2
-0.07856297981013922,0.42947446692233787,-0.6310583093808954,adaptive,0.45,20,masked_psnr,8,8,head_foreground,full_target_density2
-0.17591370738454826,0.3260796406792219,-0.6873713463367349,released,0.45,20,masked_psnr,8,8,head_foreground,full_target_density2
-2.2940186453477325,-1.8110022835832258,-2.819102651821039,adaptive,0.0,20,masked_psnr,8,8,head_supported,full_target_density2
-2.2700999002817386,-1.6971645530983106,-2.8690763319750383,released,0.0,20,masked_psnr,8,8,head_supported,full_target_density2
1.250715561848652,1.7871753631578722,0.6930374593610616,adaptive,0.8,20,masked_psnr,8,8,head_unsupported,full_target_density2
0.9874039310941523,1.4966954575607683,0.5027382175257412,released,0.85,20,masked_psnr,8,8,head_unsupported,full_target_density2
-0.4554393797642252,-0.19996499657940187,-0.7458029582438643,adaptive,0.2,20,masked_psnr,8,8,oral,full_target_density2
-0.2789280157116455,-0.0045496040139691085,-0.5746262636005545,released,0.35,20,masked_psnr,8,8,oral,full_target_density2
3.5305391586002957,4.517131322506411,2.5058885630822787,adaptive,0.95,20,masked_psnr,8,8,torso_outside_head_roi,full_target_density2
3.5286470607773808,4.381935886281974,2.707938460151392,released,1.0,20,masked_psnr,8,8,torso_outside_head_roi,full_target_density2
-1.2360070182610228,0.20156591444677865,-2.370004673869094,adaptive,0.2,20,masked_psnr,384,1,background,full_target_density2
-1.3640684071662759,-0.5922055804832378,-2.120507340423034,released,0.2,20,masked_psnr,384,1,background,full_target_density2
0.16719526469534163,0.4639176588833694,-0.1303504796918838,adaptive,0.6,20,masked_psnr,384,1,eyes,full_target_density2
-0.22222974706095808,0.14196301778309015,-0.5752084950516669,released,0.35,20,masked_psnr,384,1,eyes,full_target_density2
0.15649143770684165,0.62547623035876,-0.3468187722776717,adaptive,0.55,20,masked_psnr,384,1,flame_supported,full_target_density2
0.10219221846877895,0.5276179303023212,-0.35406880833329585,released,0.55,20,masked_psnr,384,1,flame_supported,full_target_density2
6.5508283970245715,7.812983926202056,5.232751075272139,adaptive,1.0,20,masked_psnr,384,1,flame_unsupported,full_target_density2
6.4570847467322565,7.552702511786179,5.355605980323603,released,1.0,20,masked_psnr,384,1,flame_unsupported,full_target_density2
5.083460383698807,6.096410257210692,3.997291588104867,adaptive,1.0,20,masked_psnr,384,1,foreground,full_target_density2
4.99611252718939,5.928859819007732,4.009003123678019,released,1.0,20,masked_psnr,384,1,foreground,full_target_density2
3.3803631998621086,4.086960151265116,2.621345123420571,adaptive,0.95,20,masked_psnr,384,1,full_frame,full_target_density2
3.4097933631919943,4.042255606033672,2.704807000843559,released,0.95,20,masked_psnr,384,1,full_frame,full_target_density2
2.121717687131732,2.9686016321620396,1.269269731999633,adaptive,0.85,20,masked_psnr,384,1,head_foreground,full_target_density2
2.2492894591607593,2.977547543857124,1.5406860917557643,released,0.9,20,masked_psnr,384,1,head_foreground,full_target_density2
-0.39253927132112826,-0.100633284094387,-0.7018519713883263,adaptive,0.2,20,masked_psnr,384,1,head_supported,full_target_density2
-0.4374030512910327,-0.20193917415084942,-0.6974465376881274,released,0.25,20,masked_psnr,384,1,head_supported,full_target_density2
4.167377626880333,5.616367778366994,2.772723001151385,adaptive,0.9,20,masked_psnr,384,1,head_unsupported,full_target_density2
4.486545079311403,5.701294930588982,3.399056339081708,released,1.0,20,masked_psnr,384,1,head_unsupported,full_target_density2
-0.3391523844741293,-0.0787431169226396,-0.622620337333288,adaptive,0.35,20,masked_psnr,384,1,oral,full_target_density2
-0.2315692728853703,0.04602984714393544,-0.5256899377862644,released,0.35,20,masked_psnr,384,1,oral,full_target_density2
7.2869466850157405,8.603317226025132,5.891494471490855,adaptive,1.0,20,masked_psnr,384,1,torso_outside_head_roi,full_target_density2
6.899727475347163,8.145902645744588,5.613255670880393,released,1.0,20,masked_psnr,384,1,torso_outside_head_roi,full_target_density2
-1.7072031747249532,-0.32929036334574574,-2.857432193028789,adaptive,0.2,20,masked_psnr,384,4,background,full_target_density2
-1.829875820218168,-0.8810141867730888,-2.761567110687829,released,0.1,20,masked_psnr,384,4,background,full_target_density2
0.056595936594954564,0.37847444713491724,-0.27057886266765085,adaptive,0.55,20,masked_psnr,384,4,eyes,full_target_density2
-0.18559070158545127,0.22102294137074308,-0.5808974400174207,released,0.4,20,masked_psnr,384,4,eyes,full_target_density2
0.09874357645979312,0.5614121128849727,-0.4081435573095933,adaptive,0.55,20,masked_psnr,384,4,flame_supported,full_target_density2
0.2182293738700813,0.6610468884752572,-0.24411639882456784,released,0.6,20,masked_psnr,384,4,flame_supported,full_target_density2
6.671837783851228,7.796567787908716,5.493040428686123,adaptive,1.0,20,masked_psnr,384,4,flame_unsupported,full_target_density2
6.717547728040192,7.70009427533639,5.690459415829428,released,1.0,20,masked_psnr,384,4,flame_unsupported,full_target_density2
5.282125916784759,6.228442742032964,4.283788950272526,adaptive,1.0,20,masked_psnr,384,4,foreground,full_target_density2
5.344170520420895,6.203865201659918,4.426897032249912,released,1.0,20,masked_psnr,384,4,foreground,full_target_density2
3.3465686982208482,3.9950708133426307,2.643071325457724,adaptive,1.0,20,masked_psnr,384,4,full_frame,full_target_density2
3.438863186943756,4.0744998122993055,2.794363251647081,released,1.0,20,masked_psnr,384,4,full_frame,full_target_density2
2.3554521434832036,3.2482725238622256,1.440376472777546,adaptive,0.85,20,masked_psnr,384,4,head_foreground,full_target_density2
2.631040305427034,3.410417208507497,1.838553374499808,released,0.9,20,masked_psnr,384,4,head_foreground,full_target_density2
-0.6301628030074624,-0.3569386652443327,-0.9390846089883906,adaptive,0.05,20,masked_psnr,384,4,head_supported,full_target_density2
-0.4827206657695687,-0.24804675132852233,-0.7478233873214352,released,0.25,20,masked_psnr,384,4,head_supported,full_target_density2
4.4158391114547495,5.8396864187535185,3.0132134984114844,adaptive,0.9,20,masked_psnr,384,4,head_unsupported,full_target_density2
4.792552902610057,5.919339502066351,3.736651900585299,released,1.0,20,masked_psnr,384,4,head_unsupported,full_target_density2
-0.45408565197653805,-0.24990195574001026,-0.6806597753559767,adaptive,0.1,20,masked_psnr,384,4,oral,full_target_density2
-0.4303877909266191,-0.22607411997982055,-0.6405553981063394,released,0.2,20,masked_psnr,384,4,oral,full_target_density2
7.318590373476168,8.509027158126928,6.112454093517849,adaptive,1.0,20,masked_psnr,384,4,torso_outside_head_roi,full_target_density2
7.1180589521715785,8.212292969905981,6.012267545168017,released,1.0,20,masked_psnr,384,4,torso_outside_head_roi,full_target_density2
-1.7636259157684286,-0.490917743609616,-2.84990572134168,adaptive,0.15,20,masked_psnr,384,8,background,full_target_density2
-2.2813891772344426,-1.4141178468040283,-3.2009727269760986,released,0.1,20,masked_psnr,384,8,background,full_target_density2
0.16149511849820897,0.5209153034485587,-0.22490779386387505,adaptive,0.65,20,masked_psnr,384,8,eyes,full_target_density2
-0.0745885079359189,0.31534203501790126,-0.48719180347604435,released,0.5,20,masked_psnr,384,8,eyes,full_target_density2
0.05661086102666628,0.5485454397444331,-0.46549692885246446,adaptive,0.5,20,masked_psnr,384,8,flame_supported,full_target_density2
0.17260045835526086,0.6654864099637249,-0.34782906994705837,released,0.6,20,masked_psnr,384,8,flame_supported,full_target_density2
6.816044021025382,7.979100897075716,5.66308249640322,adaptive,1.0,20,masked_psnr,384,8,flame_unsupported,full_target_density2
6.901094226864329,7.894082097856811,5.863908614554275,released,1.0,20,masked_psnr,384,8,flame_unsupported,full_target_density2
5.410939301357411,6.371115923136436,4.3920823374080475,adaptive,1.0,20,masked_psnr,384,8,foreground,full_target_density2
5.499974730236248,6.373597077971548,4.544817068072479,released,1.0,20,masked_psnr,384,8,foreground,full_target_density2
3.3936669555982766,4.1049550905037036,2.676295800001698,adaptive,1.0,20,masked_psnr,384,8,full_frame,full_target_density2
3.3491833347248585,3.9998663919140953,2.689992292106901,released,1.0,20,masked_psnr,384,8,full_frame,full_target_density2
2.3576161459634966,3.2152937738553558,1.4906653780164851,adaptive,0.85,20,masked_psnr,384,8,head_foreground,full_target_density2
2.63370735315996,3.422543914065002,1.8567828858225293,released,0.9,20,masked_psnr,384,8,head_foreground,full_target_density2
-0.6865599904107557,-0.3997397409157381,-0.9966499166994105,adaptive,0.1,20,masked_psnr,384,8,head_supported,full_target_density2
-0.535392617837451,-0.25115437002149243,-0.8248309985677346,released,0.25,20,masked_psnr,384,8,head_supported,full_target_density2
4.451992484189165,5.8089599571837525,3.115360259885526,adaptive,0.9,20,masked_psnr,384,8,head_unsupported,full_target_density2
4.875777738899611,5.989798049012621,3.781339813138314,released,1.0,20,masked_psnr,384,8,head_unsupported,full_target_density2
-0.5310915314218849,-0.3268475575288976,-0.7622350845387422,adaptive,0.05,20,masked_psnr,384,8,oral,full_target_density2
-0.4673527863359393,-0.2610942110447183,-0.6893560570747691,released,0.2,20,masked_psnr,384,8,oral,full_target_density2
7.450170098463282,8.630090407494722,6.2178998005178165,adaptive,1.0,20,masked_psnr,384,8,torso_outside_head_roi,full_target_density2
7.288469290601093,8.4267449504487,6.13175022718731,released,1.0,20,masked_psnr,384,8,torso_outside_head_roi,full_target_density2
1.652149539487074,4.1378959375208595,0.1069917207962619,adaptive,0.65,20,masked_psnr,8,1,background,head_target_density1
1.427308636020388,3.761367791635638,-0.15640842423758605,released,0.7,20,masked_psnr,8,1,background,head_target_density1
0.5778438220226662,0.8700362053324984,0.3290534749650823,adaptive,0.9,20,masked_psnr,8,1,eyes,head_target_density1
0.5817883847842266,0.868559075736264,0.3165877121181346,released,0.8,20,masked_psnr,8,1,eyes,head_target_density1
-1.114656600961825,-0.8167380597460808,-1.423662550116752,adaptive,0.05,20,masked_psnr,8,1,flame_supported,head_target_density1
-0.9429304010062202,-0.6479965556795705,-1.25495112551442,released,0.05,20,masked_psnr,8,1,flame_supported,head_target_density1
0.32948049046733435,0.5830745424898478,0.15309689337852292,adaptive,0.85,20,masked_psnr,8,1,flame_unsupported,head_target_density1
0.4075984932571387,0.6266270183729099,0.24595361766735793,released,0.95,20,masked_psnr,8,1,flame_unsupported,head_target_density1
0.12477378847000216,0.2857422856780384,0.0047946212377578575,adaptive,0.7,20,masked_psnr,8,1,foreground,head_target_density1
0.21285066077746642,0.37311423809208466,0.08961202952326612,released,0.75,20,masked_psnr,8,1,foreground,head_target_density1
0.09757563585203033,0.23431415232322148,-0.026291887848265114,adaptive,0.6,20,masked_psnr,8,1,full_frame,head_target_density1
0.18845634892792282,0.33338784109698777,0.043740489893615314,released,0.75,20,masked_psnr,8,1,full_frame,head_target_density1
0.4184090223722509,0.7811147075999398,0.07221837341512609,adaptive,0.75,20,masked_psnr,8,1,head_foreground,head_target_density1
0.43034663410721474,0.7770773443771661,0.096678770306553,released,0.7,20,masked_psnr,8,1,head_foreground,head_target_density1
-0.550543141828696,-0.1270872528203141,-1.0929261841340958,adaptive,0.35,20,masked_psnr,8,1,head_supported,head_target_density1
-0.6475519416812967,-0.2706974362345007,-1.1302013173491323,released,0.15,20,masked_psnr,8,1,head_supported,head_target_density1
0.821108061949803,1.3449180554734754,0.32554978071875385,adaptive,0.8,20,masked_psnr,8,1,head_unsupported,head_target_density1
0.9313558462670232,1.400232151104852,0.45402364401135786,released,0.85,20,masked_psnr,8,1,head_unsupported,head_target_density1
0.07660184574738622,0.30899057696521975,-0.16733946596294438,adaptive,0.65,20,masked_psnr,8,1,oral,head_target_density1
0.21105291211359808,0.43587212147755916,-0.005808951761795127,released,0.65,20,masked_psnr,8,1,oral,head_target_density1
-0.008384522810157957,0.11134236681826212,-0.11060515523427064,adaptive,0.25,20,masked_psnr,8,1,torso_outside_head_roi,head_target_density1
0.10550132894446598,0.21944381855065453,-0.000996801241271915,released,0.6,20,masked_psnr,8,1,torso_outside_head_roi,head_target_density1
2.2165710383501707,4.729224336004084,0.2542263580323126,adaptive,0.65,20,masked_psnr,8,4,background,head_target_density1
1.941416068871868,4.3373040376453575,-0.037705614532441215,released,0.75,20,masked_psnr,8,4,background,head_target_density1
0.44528622800925105,0.8000222737748779,0.13202711029637773,adaptive,0.75,20,masked_psnr,8,4,eyes,head_target_density1
0.6856875523441671,0.9928909545312135,0.3847916288481745,released,0.85,20,masked_psnr,8,4,eyes,head_target_density1
-1.3293667275307526,-0.9304614892370752,-1.7539931525062649,adaptive,0.05,20,masked_psnr,8,4,flame_supported,head_target_density1
-1.0756893859891323,-0.6985307607844059,-1.4710050550076574,released,0.15,20,masked_psnr,8,4,flame_supported,head_target_density1
0.3790712997978803,0.608908481974214,0.22455202296983728,adaptive,1.0,20,masked_psnr,8,4,flame_unsupported,head_target_density1
0.4737710708144395,0.7257213830901563,0.3018672556795029,released,1.0,20,masked_psnr,8,4,flame_unsupported,head_target_density1
0.15372119272843593,0.3091264103506211,0.03937817276013373,adaptive,0.6,20,masked_psnr,8,4,foreground,head_target_density1
0.26653526287052254,0.44195989136342906,0.1384472826931295,released,0.9,20,masked_psnr,8,4,foreground,head_target_density1
0.11765700167158086,0.25300850122007945,-0.02245629645472183,adaptive,0.7,20,masked_psnr,8,4,full_frame,head_target_density1
0.22559314549182638,0.35779737182645754,0.09270163137527912,released,0.8,20,masked_psnr,8,4,full_frame,head_target_density1
0.5166962036066443,0.8678535463974401,0.20936829908924587,adaptive,0.7,20,masked_psnr,8,4,head_foreground,head_target_density1
0.5678395668159537,0.9377892421336297,0.23216361608784136,released,0.75,20,masked_psnr,8,4,head_foreground,head_target_density1
-0.8222524343718476,-0.2507852484947025,-1.4963569906668295,adaptive,0.35,20,masked_psnr,8,4,head_supported,head_target_density1
-0.8537682976126822,-0.33717818342463307,-1.4637884533428687,released,0.25,20,masked_psnr,8,4,head_supported,head_target_density1
1.0599927967673317,1.5335439892288116,0.6352720971444972,adaptive,0.95,20,masked_psnr,8,4,head_unsupported,head_target_density1
1.211022087965786,1.7477985058574887,0.7396776020019049,released,0.95,20,masked_psnr,8,4,head_unsupported,head_target_density1
-0.04117887467183099,0.13746057578150564,-0.22492045936454078,adaptive,0.4,20,masked_psnr,8,4,oral,head_target_density1
-0.020981993122714114,0.22318743229687443,-0.2529647433735173,released,0.4,20,masked_psnr,8,4,oral,head_target_density1
-0.00830506832731277,0.10813447850244957,-0.10907690069246005,adaptive,0.35,20,masked_psnr,8,4,torso_outside_head_roi,head_target_density1
0.1293957497369966,0.2630067523466339,0.010628373098078214,released,0.65,20,masked_psnr,8,4,torso_outside_head_roi,head_target_density1
2.1809992762226624,4.651295716221078,0.36698140185402167,adaptive,0.7,20,masked_psnr,8,8,background,head_target_density1
1.8972624242414717,4.10750494859502,0.16596339524629639,released,0.75,20,masked_psnr,8,8,background,head_target_density1
0.5470002585207799,0.9193565101369482,0.21801205222671635,adaptive,0.75,20,masked_psnr,8,8,eyes,head_target_density1
0.8207893394671391,1.1929478027635743,0.45699460454462204,released,0.85,20,masked_psnr,8,8,eyes,head_target_density1
-1.4008166115596452,-1.0134997240198387,-1.821628543326645,adaptive,0.05,20,masked_psnr,8,8,flame_supported,head_target_density1
-1.1258533095051944,-0.7671558926589696,-1.5204068207477608,released,0.05,20,masked_psnr,8,8,flame_supported,head_target_density1
0.363429896879778,0.5908645362494769,0.21203188107176613,adaptive,1.0,20,masked_psnr,8,8,flame_unsupported,head_target_density1
0.4573583131715491,0.6990357878201611,0.28573699259908714,released,1.0,20,masked_psnr,8,8,flame_unsupported,head_target_density1
0.13169143477718498,0.2815720218227154,0.020941747122970526,adaptive,0.6,20,masked_psnr,8,8,foreground,head_target_density1
0.24691500365549088,0.4072226846783484,0.12008417556941034,released,0.85,20,masked_psnr,8,8,foreground,head_target_density1
0.1030010415824623,0.2384352642469918,-0.03733272274564549,adaptive,0.7,20,masked_psnr,8,8,full_frame,head_target_density1
0.21515733462270395,0.35458320596251763,0.07491395964878708,released,0.8,20,masked_psnr,8,8,full_frame,head_target_density1
0.5010140395041818,0.8736321772333667,0.15662642062733606,adaptive,0.75,20,masked_psnr,8,8,head_foreground,head_target_density1
0.5577225496430297,0.9451242250629805,0.19654318609960497,released,0.75,20,masked_psnr,8,8,head_foreground,head_target_density1
-0.8356922782023288,-0.24679655935426975,-1.562059274236438,adaptive,0.35,20,masked_psnr,8,8,head_supported,head_target_density1
-0.8748505272086218,-0.3496582859677166,-1.5167649694908982,released,0.25,20,masked_psnr,8,8,head_supported,head_target_density1
1.011346976604766,1.471621483593121,0.587329516730757,adaptive,0.85,20,masked_psnr,8,8,head_unsupported,head_target_density1
1.1877121916377134,1.6979618339049591,0.7138115224090715,released,0.9,20,masked_psnr,8,8,head_unsupported,head_target_density1
0.06397057075654847,0.24588470993185357,-0.11642843896155557,adaptive,0.5,20,masked_psnr,8,8,oral,head_target_density1
-0.008217505472527087,0.24218369925526967,-0.25198890263977664,released,0.4,20,masked_psnr,8,8,oral,head_target_density1
-0.032152664162502245,0.0707637331921973,-0.12964329952962775,adaptive,0.4,20,masked_psnr,8,8,torso_outside_head_roi,head_target_density1
0.10317187490982856,0.21116516503088645,0.0010513583023117076,released,0.65,20,masked_psnr,8,8,torso_outside_head_roi,head_target_density1
-0.23215133169130278,0.6043699051311248,-1.0706616146498917,adaptive,0.55,20,masked_psnr,384,1,background,head_target_density1
0.282312483002114,1.3680081294743953,-0.8448638826429806,released,0.6,20,masked_psnr,384,1,background,head_target_density1
0.45151098658179123,0.7428741447077082,0.1700393878191789,adaptive,0.8,20,masked_psnr,384,1,eyes,head_target_density1
0.8310294933195437,1.2426551537732613,0.4129468490305575,released,0.8,20,masked_psnr,384,1,eyes,head_target_density1
-1.5015797603712016,-1.1205347807371924,-1.8765074072137256,adaptive,0.05,20,masked_psnr,384,1,flame_supported,head_target_density1
-1.2381416041035018,-0.8773945960344633,-1.6041310244439997,released,0.1,20,masked_psnr,384,1,flame_supported,head_target_density1
0.9988827705399398,1.405713207704538,0.6290066912233778,adaptive,0.9,20,masked_psnr,384,1,flame_unsupported,head_target_density1
1.0368310150954074,1.474156505359506,0.6663625480363393,released,0.9,20,masked_psnr,384,1,flame_unsupported,head_target_density1
0.5789176158942768,0.9403395426583095,0.25687384652464473,adaptive,0.7,20,masked_psnr,384,1,foreground,head_target_density1
0.6556635577387058,1.0505703982827481,0.3324946917325446,released,0.75,20,masked_psnr,384,1,foreground,head_target_density1
0.44852147419685806,0.800252105421151,0.1570533160612409,adaptive,0.75,20,masked_psnr,384,1,full_frame,head_target_density1
0.6040138124898039,0.9863427187330253,0.2826220955732766,released,0.75,20,masked_psnr,384,1,full_frame,head_target_density1
2.83441309641829,3.6549935927939368,2.069210377605154,adaptive,1.0,20,masked_psnr,384,1,head_foreground,head_target_density1
3.1493788895872736,3.9532844520160344,2.3886218002900157,released,1.0,20,masked_psnr,384,1,head_foreground,head_target_density1
0.374426098741381,0.5161880170770348,0.23926206153135238,adaptive,0.85,20,masked_psnr,384,1,head_supported,head_target_density1
0.5704343245978201,0.7225817868843349,0.4130444895973177,released,0.95,20,masked_psnr,384,1,head_supported,head_target_density1
4.3665827794049585,5.513621902976217,3.271413519570524,adaptive,0.95,20,masked_psnr,384,1,head_unsupported,head_target_density1
4.901891695604234,5.96617752056268,3.8274175576874363,released,1.0,20,masked_psnr,384,1,head_unsupported,head_target_density1
-0.04841804314252478,0.1456572829671876,-0.22819280789459162,adaptive,0.35,20,masked_psnr,384,1,oral,head_target_density1
0.15654855307641907,0.3968926527683317,-0.08535012822152968,released,0.6,20,masked_psnr,384,1,oral,head_target_density1
-0.0971960480722156,0.11720054432522978,-0.2879613302310506,adaptive,0.3,20,masked_psnr,384,1,torso_outside_head_roi,head_target_density1
-0.066438683627429,0.17464837231635869,-0.26497260396686595,released,0.25,20,masked_psnr,384,1,torso_outside_head_roi,head_target_density1
-0.6211810317693138,0.30114763053276955,-1.5806171373434628,adaptive,0.5,20,masked_psnr,384,4,background,head_target_density1
0.383850138846784,1.629794180742375,-0.8879347429713969,released,0.7,20,masked_psnr,384,4,background,head_target_density1
0.6758978289295406,0.9825976855062547,0.41462768242692405,adaptive,0.95,20,masked_psnr,384,4,eyes,head_target_density1
0.9764045472632557,1.4148157428808008,0.537405447254342,released,0.8,20,masked_psnr,384,4,eyes,head_target_density1
-1.837667249501403,-1.429881115058968,-2.245610131066616,adaptive,0.0,20,masked_psnr,384,4,flame_supported,head_target_density1
-1.5675697777444058,-1.1863904291461842,-1.9469253669532132,released,0.05,20,masked_psnr,384,4,flame_supported,head_target_density1
0.9370343852072114,1.3306138644704952,0.5862841793727994,adaptive,0.9,20,masked_psnr,384,4,flame_unsupported,head_target_density1
1.009887417458361,1.4265139430036864,0.6584869925775912,released,0.95,20,masked_psnr,384,4,flame_unsupported,head_target_density1
0.5032703212731977,0.863372940899859,0.20600541891772517,adaptive,0.7,20,masked_psnr,384,4,foreground,head_target_density1
0.6001126614421756,0.9847992478972017,0.2809733325218495,released,0.75,20,masked_psnr,384,4,foreground,head_target_density1
0.3479761639494903,0.6607558566935064,0.0927221260605274,adaptive,0.7,20,masked_psnr,384,4,full_frame,head_target_density1
0.5643621571979995,0.8853842779510925,0.30201092634432974,released,0.85,20,masked_psnr,384,4,full_frame,head_target_density1
2.7408482356204464,3.536901593377811,2.000094943966287,adaptive,1.0,20,masked_psnr,384,4,head_foreground,head_target_density1
3.3366023013429014,4.163445801336832,2.565324677368963,released,1.0,20,masked_psnr,384,4,head_foreground,head_target_density1
0.19055227888740447,0.37183850591056605,-0.01824555879231554,adaptive,0.75,20,masked_psnr,384,4,head_supported,head_target_density1
0.5736436016923119,0.7567157447983527,0.3647918394159551,released,0.95,20,masked_psnr,384,4,head_supported,head_target_density1
4.047298316187515,5.100715525773866,3.010220916181339,adaptive,0.95,20,masked_psnr,384,4,head_unsupported,head_target_density1
4.917979440493559,5.966544119824205,3.9215732322979946,released,1.0,20,masked_psnr,384,4,head_unsupported,head_target_density1
-0.0035938746960525237,0.23421285368140166,-0.23168759929592161,adaptive,0.5,20,masked_psnr,384,4,oral,head_target_density1
0.12212837599330335,0.3998269156412199,-0.13594531586130978,released,0.55,20,masked_psnr,384,4,oral,head_target_density1
-0.19609981280645175,0.006278029403621671,-0.3699688572505092,adaptive,0.2,20,masked_psnr,384,4,torso_outside_head_roi,head_target_density1
-0.19402395867119698,0.020180759391225798,-0.3754122882554492,released,0.2,20,masked_psnr,384,4,torso_outside_head_roi,head_target_density1
-0.785948734857047,0.0483587725865102,-1.6732422592192187,adaptive,0.4,20,masked_psnr,384,8,background,head_target_density1
-0.017207935858454794,1.105354463659081,-1.1830950529561173,released,0.65,20,masked_psnr,384,8,background,head_target_density1
0.712951491030595,1.031163548552514,0.4210847348132839,adaptive,0.85,20,masked_psnr,384,8,eyes,head_target_density1
0.9491844956028551,1.3286178864106273,0.5637366286208004,released,0.85,20,masked_psnr,384,8,eyes,head_target_density1
-1.956361613615309,-1.5156393798460814,-2.3930633804567147,adaptive,0.0,20,masked_psnr,384,8,flame_supported,head_target_density1
-1.6291578241212719,-1.2180586001446458,-2.0154536813971515,released,0.05,20,masked_psnr,384,8,flame_supported,head_target_density1
0.8822610280421422,1.2508445528841514,0.5574580818776198,adaptive,0.9,20,masked_psnr,384,8,flame_unsupported,head_target_density1
0.9638104262297998,1.3723095032829098,0.606543054302228,released,0.9,20,masked_psnr,384,8,flame_unsupported,head_target_density1
0.45596569449189256,0.7922094482249696,0.177680322728378,adaptive,0.7,20,masked_psnr,384,8,foreground,head_target_density1
0.5687955163676865,0.9403001993927781,0.25960367179293203,released,0.75,20,masked_psnr,384,8,foreground,head_target_density1
0.2784395535372898,0.5680117440328767,0.029541414228234926,adaptive,0.6,20,masked_psnr,384,8,full_frame,head_target_density1
0.49067840710038846,0.8103287720497162,0.23201138402526883,released,0.8,20,masked_psnr,384,8,full_frame,head_target_density1
2.6722572748002866,3.4267179160555834,1.9536850905453726,adaptive,1.0,20,masked_psnr,384,8,head_foreground,head_target_density1
3.3296951060786837,4.164417383717081,2.4994696602966426,released,1.0,20,masked_psnr,384,8,head_foreground,head_target_density1
0.14205676195527506,0.3343603802710703,-0.07302701169391129,adaptive,0.7,20,masked_psnr,384,8,head_supported,head_target_density1
0.5696716618910445,0.7562042538992343,0.3617364353258143,released,0.95,20,masked_psnr,384,8,head_supported,head_target_density1
3.907080821648658,4.953319702202311,2.861496129218209,adaptive,0.95,20,masked_psnr,384,8,head_unsupported,head_target_density1
4.854261455285872,5.914029868203628,3.7471642079063057,released,1.0,20,masked_psnr,384,8,head_unsupported,head_target_density1
0.08487551957965919,0.2993416332311177,-0.126266399027948,adaptive,0.45,20,masked_psnr,384,8,oral,head_target_density1
0.11632246618215039,0.3522213706866905,-0.10412195734087984,released,0.55,20,masked_psnr,384,8,oral,head_target_density1
-0.22894680333607012,-0.035389859486719404,-0.3946874452703537,adaptive,0.2,20,masked_psnr,384,8,torso_outside_head_roi,head_target_density1
-0.2004459261307307,0.017236498209783582,-0.3781238016778621,released,0.2,20,masked_psnr,384,8,torso_outside_head_roi,head_target_density1
-0.9764293337120652,1.7485668408445612,-3.0938932770614485,adaptive,0.2,20,masked_psnr,8,1,background,primary_full_target_density1
-0.7077971709340225,1.7468015628820306,-2.5771196700889445,released,0.25,20,masked_psnr,8,1,background,primary_full_target_density1
-0.07322731751288165,0.5129171419344525,-0.7981449907567097,adaptive,0.6,20,masked_psnr,8,1,eyes,primary_full_target_density1
-0.4480722445949586,0.11507328237666745,-1.1174628176018158,released,0.45,20,masked_psnr,8,1,eyes,primary_full_target_density1
-1.7417578705543129,-1.1561916545513484,-2.3845536603463984,adaptive,0.1,20,masked_psnr,8,1,flame_supported,primary_full_target_density1
-1.580274357638642,-1.0622703260970872,-2.1648154877818366,released,0.0,20,masked_psnr,8,1,flame_supported,primary_full_target_density1
2.921069841507734,3.8697448417641627,1.9252653351360094,adaptive,0.95,20,masked_psnr,8,1,flame_unsupported,primary_full_target_density1
2.650930667213749,3.548410822787085,1.7338886783638163,released,0.95,20,masked_psnr,8,1,flame_unsupported,primary_full_target_density1
1.910699634794375,2.749580372942786,0.9953673520343495,adaptive,0.9,20,masked_psnr,8,1,foreground,primary_full_target_density1
1.7289019673076063,2.49667516819493,0.8575233242907403,released,0.9,20,masked_psnr,8,1,foreground,primary_full_target_density1
1.0101094246911824,1.9343810295681951,-0.01585782964578278,adaptive,0.8,20,masked_psnr,8,1,full_frame,primary_full_target_density1
0.930162418265639,1.7780441701124212,-0.013575373646814293,released,0.8,20,masked_psnr,8,1,full_frame,primary_full_target_density1
0.053494291785280534,0.7042217049510575,-0.6333670966252258,adaptive,0.55,20,masked_psnr,8,1,head_foreground,primary_full_target_density1
-0.09816495572078132,0.3967982052550752,-0.6173074194014145,released,0.5,20,masked_psnr,8,1,head_foreground,primary_full_target_density1
-2.164464863017441,-1.5762150253409863,-2.8104092251613086,adaptive,0.05,20,masked_psnr,8,1,head_supported,primary_full_target_density1
-2.1080508270887535,-1.6572225449761189,-2.6114137867688347,released,0.0,20,masked_psnr,8,1,head_supported,primary_full_target_density1
1.9312685998897674,3.1349505518939433,0.8835357577342706,adaptive,0.85,20,masked_psnr,8,1,head_unsupported,primary_full_target_density1
1.5417584525710368,2.31418562215543,0.7948716820205282,released,0.85,20,masked_psnr,8,1,head_unsupported,primary_full_target_density1
-0.8101475469963333,-0.47356455266759606,-1.1499679792709023,adaptive,0.1,20,masked_psnr,8,1,oral,primary_full_target_density1
-0.45405988252573765,-0.1871421068790771,-0.7009274384627397,released,0.2,20,masked_psnr,8,1,oral,primary_full_target_density1
2.822367560037268,3.9813797033831957,1.5458282801819725,adaptive,0.85,20,masked_psnr,8,1,torso_outside_head_roi,primary_full_target_density1
2.5887322718666956,3.689274227169758,1.3858648843875085,released,0.85,20,masked_psnr,8,1,torso_outside_head_roi,primary_full_target_density1
-0.7113346079821337,1.782112191711404,-2.8221907087352918,adaptive,0.4,20,masked_psnr,8,4,background,primary_full_target_density1
-0.4057497944430743,2.0741804926426233,-2.329304993399616,released,0.25,20,masked_psnr,8,4,background,primary_full_target_density1
-0.33664820386666044,0.16817031548505482,-0.9334992477826404,adaptive,0.45,20,masked_psnr,8,4,eyes,primary_full_target_density1
-0.5811200781478179,0.010356010814717938,-1.2857030308157047,released,0.45,20,masked_psnr,8,4,eyes,primary_full_target_density1
-1.7820869542444289,-1.1710652833315947,-2.437729588205905,adaptive,0.15,20,masked_psnr,8,4,flame_supported,primary_full_target_density1
-1.6518761467447156,-1.1789794439516093,-2.180081646203776,released,0.05,20,masked_psnr,8,4,flame_supported,primary_full_target_density1
2.98286308782468,3.716153057818023,2.272032461637412,adaptive,0.95,20,masked_psnr,8,4,flame_unsupported,primary_full_target_density1
2.852427511431859,3.520420623116619,2.2337443053291164,released,0.95,20,masked_psnr,8,4,flame_unsupported,primary_full_target_density1
1.9994224841565669,2.6789886775415495,1.2294177086980191,adaptive,0.9,20,masked_psnr,8,4,foreground,primary_full_target_density1
1.921359741671219,2.541079329894272,1.2576180967664627,released,0.95,20,masked_psnr,8,4,foreground,primary_full_target_density1
1.1017562451323297,1.944739856936513,0.1615039312502288,adaptive,0.8,20,masked_psnr,8,4,full_frame,primary_full_target_density1
1.0853207153263729,1.8502839723534017,0.24607976741785687,released,0.8,20,masked_psnr,8,4,full_frame,primary_full_target_density1
-0.13013835878456356,0.4561496452585284,-0.7491697356158603,adaptive,0.6,20,masked_psnr,8,4,head_foreground,primary_full_target_density1
-0.09476617743974902,0.4300604125798945,-0.6329007152584112,released,0.5,20,masked_psnr,8,4,head_foreground,primary_full_target_density1
-2.448097285642042,-1.8230551097534975,-3.1631270052646823,adaptive,0.0,20,masked_psnr,8,4,head_supported,primary_full_target_density1
-2.372035984054353,-1.8506460253454058,-2.9897400931161147,released,0.0,20,masked_psnr,8,4,head_supported,primary_full_target_density1
1.5759114819618598,2.6338190243746813,0.752583606402272,adaptive,0.85,20,masked_psnr,8,4,head_unsupported,primary_full_target_density1
1.5102483513172527,2.2264480059894285,0.8618895168555847,released,0.85,20,masked_psnr,8,4,head_unsupported,primary_full_target_density1
-0.9993944341736102,-0.6585875997101827,-1.3369571523523496,adaptive,0.1,20,masked_psnr,8,4,oral,primary_full_target_density1
-0.7072615852931385,-0.3674877568965398,-1.0731500482653515,released,0.2,20,masked_psnr,8,4,oral,primary_full_target_density1
3.023294426316141,3.997990964468253,1.9660506989191058,adaptive,0.9,20,masked_psnr,8,4,torso_outside_head_roi,primary_full_target_density1
2.8926181667572313,3.7501498473845354,1.9996609597656558,released,0.95,20,masked_psnr,8,4,torso_outside_head_roi,primary_full_target_density1
-0.6881825951690044,1.6343543045605102,-2.597866249278164,adaptive,0.4,20,masked_psnr,8,8,background,primary_full_target_density1
-0.37608804129114004,1.8582702657640406,-2.2100393415936184,released,0.25,20,masked_psnr,8,8,background,primary_full_target_density1
-0.2408622315638433,0.2547937154440453,-0.8246666603701115,adaptive,0.5,20,masked_psnr,8,8,eyes,primary_full_target_density1
-0.4023024849335795,0.11773265875925626,-1.0115913037002215,released,0.55,20,masked_psnr,8,8,eyes,primary_full_target_density1
-1.9601076433764058,-1.3412003695305366,-2.593524622008502,adaptive,0.15,20,masked_psnr,8,8,flame_supported,primary_full_target_density1
-1.6863736896661567,-1.1716636913054146,-2.215846073051957,released,0.1,20,masked_psnr,8,8,flame_supported,primary_full_target_density1
2.9947972812949346,3.7126847519818185,2.313488681255428,adaptive,0.95,20,masked_psnr,8,8,flame_unsupported,primary_full_target_density1
2.959080248053381,3.6361240201822964,2.3269153223628916,released,1.0,20,masked_psnr,8,8,flame_unsupported,primary_full_target_density1
1.9885163163090294,2.686595179736245,1.2483169858754912,adaptive,0.9,20,masked_psnr,8,8,foreground,primary_full_target_density1
2.024734432545169,2.663625234006787,1.3286063756146989,released,0.95,20,masked_psnr,8,8,foreground,primary_full_target_density1
1.1122389760869023,1.978228980633862,0.10092543897769535,adaptive,0.8,20,masked_psnr,8,8,full_frame,primary_full_target_density1
1.171933110806015,1.953195230380757,0.2876161429409328,released,0.8,20,masked_psnr,8,8,full_frame,primary_full_target_density1
-0.21707412933236342,0.33291350200431735,-0.7972876187540482,adaptive,0.5,20,masked_psnr,8,8,head_foreground,primary_full_target_density1
-0.12308298289393767,0.39397839011691177,-0.6580146253555725,released,0.6,20,masked_psnr,8,8,head_foreground,primary_full_target_density1
-2.6356975947216745,-2.0162714847284247,-3.344130053288472,adaptive,0.0,20,masked_psnr,8,8,head_supported,primary_full_target_density1
-2.4959026747299533,-1.9729167454085093,-3.091609372199898,released,0.0,20,masked_psnr,8,8,head_supported,primary_full_target_density1
1.5081774625157056,2.507709162454396,0.6653880435736301,adaptive,0.85,20,masked_psnr,8,8,head_unsupported,primary_full_target_density1
1.4880640043062674,2.2022790983905987,0.8340104775083891,released,0.9,20,masked_psnr,8,8,head_unsupported,primary_full_target_density1
-0.9271261336833552,-0.5686053766725375,-1.2843960711685218,adaptive,0.15,20,masked_psnr,8,8,oral,primary_full_target_density1
-0.6118420166417495,-0.2867257021784906,-0.9528689110329727,released,0.25,20,masked_psnr,8,8,oral,primary_full_target_density1
3.0270029999384094,3.9971614988504194,2.001102805997703,adaptive,0.9,20,masked_psnr,8,8,torso_outside_head_roi,primary_full_target_density1
3.072363492300958,3.9798313423718343,2.1712089825373644,released,0.95,20,masked_psnr,8,8,torso_outside_head_roi,primary_full_target_density1
-2.784236080598096,-1.0999375046044844,-4.430050780329958,adaptive,0.1,20,masked_psnr,32,1,background,primary_full_target_density1
-2.532434550595245,-0.6218417570326005,-4.318886781374844,released,0.2,20,masked_psnr,32,1,background,primary_full_target_density1
-0.06757987333609687,0.2594585869092173,-0.35357378671143375,adaptive,0.5,20,masked_psnr,32,1,eyes,primary_full_target_density1
-0.5142769485954506,-0.05150061911267359,-1.0003601177457795,released,0.35,20,masked_psnr,32,1,eyes,primary_full_target_density1
-0.4847107522697486,0.10847552276565484,-1.1059163978885693,adaptive,0.45,20,masked_psnr,32,1,flame_supported,primary_full_target_density1
-0.46482486809623175,0.13591656482571507,-1.09424881845427,released,0.45,20,masked_psnr,32,1,flame_supported,primary_full_target_density1
5.687558032902422,6.76945223871919,4.529314526462812,adaptive,0.9,20,masked_psnr,32,1,flame_unsupported,primary_full_target_density1
5.749975837879353,6.7989899173658825,4.618154934466589,released,0.95,20,masked_psnr,32,1,flame_unsupported,primary_full_target_density1
4.1787301842821005,5.07728946775305,3.1782093092242913,adaptive,0.9,20,masked_psnr,32,1,foreground,primary_full_target_density1
4.2348564598736065,5.13295354947377,3.2038750715231554,released,0.9,20,masked_psnr,32,1,foreground,primary_full_target_density1
2.2783235781970133,3.123160817252512,1.3507737773250028,adaptive,0.85,20,masked_psnr,32,1,full_frame,primary_full_target_density1
2.365642037618097,3.188234481184277,1.4573113093299244,released,0.85,20,masked_psnr,32,1,full_frame,primary_full_target_density1
1.6727800263123764,2.6398912493767193,0.6955824165402823,adaptive,0.75,20,masked_psnr,32,1,head_foreground,primary_full_target_density1
1.703759268138382,2.652974690149216,0.7883908009308206,released,0.8,20,masked_psnr,32,1,head_foreground,primary_full_target_density1
-1.245081907673662,-0.8071982998033239,-1.7234761093719828,adaptive,0.05,20,masked_psnr,32,1,head_supported,primary_full_target_density1
-1.2336073898938815,-0.8330884627181816,-1.680052688557523,released,0.05,20,masked_psnr,32,1,head_supported,primary_full_target_density1
4.36151735964525,5.879213843312526,2.8393092287228536,adaptive,0.85,20,masked_psnr,32,1,head_unsupported,primary_full_target_density1
4.414686705263137,5.926131113966894,2.988002806706584,released,0.9,20,masked_psnr,32,1,head_unsupported,primary_full_target_density1
-0.7490372490436903,-0.4436820668640367,-1.051840946245954,adaptive,0.1,20,masked_psnr,32,1,oral,primary_full_target_density1
-0.3196833976158617,-0.03748795355522646,-0.592567861896561,released,0.35,20,masked_psnr,32,1,oral,primary_full_target_density1
5.905859736570818,6.999754048181089,4.713251354441528,adaptive,0.95,20,masked_psnr,32,1,torso_outside_head_roi,primary_full_target_density1
5.922666222685548,7.042482205520313,4.621899603384663,released,0.95,20,masked_psnr,32,1,torso_outside_head_roi,primary_full_target_density1
-2.5708871485275693,-0.7737457351424095,-4.270657209416833,adaptive,0.2,20,masked_psnr,32,4,background,primary_full_target_density1
-2.2771288083747208,-0.04602591973936225,-4.246426605320006,released,0.3,20,masked_psnr,32,4,background,primary_full_target_density1
-0.1391703989596577,0.20408957094249333,-0.466641230199474,adaptive,0.35,20,masked_psnr,32,4,eyes,primary_full_target_density1
-0.5615725211237234,-0.07945585748537763,-1.0863770445356673,released,0.4,20,masked_psnr,32,4,eyes,primary_full_target_density1
-0.5911947580266801,0.05446043244435262,-1.2632691667709726,adaptive,0.35,20,masked_psnr,32,4,flame_supported,primary_full_target_density1
-0.5299327392154213,0.13346604515628377,-1.2327860235763597,released,0.45,20,masked_psnr,32,4,flame_supported,primary_full_target_density1
5.692297167582366,6.70840146902176,4.579448210123772,adaptive,0.95,20,masked_psnr,32,4,flame_unsupported,primary_full_target_density1
5.84652513801629,6.7528987484636325,4.7974341891974355,released,0.95,20,masked_psnr,32,4,flame_unsupported,primary_full_target_density1
4.232729532232908,5.099570442988937,3.2771998224874785,adaptive,0.9,20,masked_psnr,32,4,foreground,primary_full_target_density1
4.360119772522678,5.1912504999780165,3.3542752313501865,released,0.9,20,masked_psnr,32,4,foreground,primary_full_target_density1
2.4080608270917168,3.225261818523186,1.6008179886934646,adaptive,0.9,20,masked_psnr,32,4,full_frame,primary_full_target_density1
2.4921534557715352,3.346628748236752,1.6302408733945866,released,0.85,20,masked_psnr,32,4,full_frame,primary_full_target_density1
1.6239397902204165,2.586989099561939,0.6535677883870114,adaptive,0.75,20,masked_psnr,32,4,head_foreground,primary_full_target_density1
1.7847756704722435,2.7142876784026084,0.847043755785249,released,0.75,20,masked_psnr,32,4,head_foreground,primary_full_target_density1
-1.5869347858794467,-1.1076667262903417,-2.1373882245325637,adaptive,0.0,20,masked_psnr,32,4,head_supported,primary_full_target_density1
-1.5588331138760734,-1.105159663958999,-2.0524438118346424,released,0.0,20,masked_psnr,32,4,head_supported,primary_full_target_density1
4.206647078937341,5.686016126592814,2.68325368654771,adaptive,0.85,20,masked_psnr,32,4,head_unsupported,primary_full_target_density1
4.471699047143039,5.8491018216529165,3.086384096791914,released,0.95,20,masked_psnr,32,4,head_unsupported,primary_full_target_density1
-1.0193928856583798,-0.7040317150757716,-1.31967988021389,adaptive,0.05,20,masked_psnr,32,4,oral,primary_full_target_density1
-0.6744200511128593,-0.37730583036058607,-0.9635684240835465,released,0.15,20,masked_psnr,32,4,oral,primary_full_target_density1
6.008106509507564,6.88042087846253,5.0684435628415985,adaptive,1.0,20,masked_psnr,32,4,torso_outside_head_roi,primary_full_target_density1
5.990364484520312,6.888728358361133,5.003769634770152,released,1.0,20,masked_psnr,32,4,torso_outside_head_roi,primary_full_target_density1
-2.359346153874839,-0.2769803750392599,-4.140124383827893,adaptive,0.2,20,masked_psnr,32,8,background,primary_full_target_density1
-2.244312772848991,-0.08796632927233146,-4.107101964415157,released,0.3,20,masked_psnr,32,8,background,primary_full_target_density1
-0.020712202738564934,0.2775251459428612,-0.32147554727464855,adaptive,0.5,20,masked_psnr,32,8,eyes,primary_full_target_density1
-0.3959684105017683,0.08140281398648329,-0.9193074606978583,released,0.4,20,masked_psnr,32,8,eyes,primary_full_target_density1
-0.5857024679077191,0.050159241312315,-1.2318494969622669,adaptive,0.4,20,masked_psnr,32,8,flame_supported,primary_full_target_density1
-0.5734009209247923,0.07753831737325302,-1.232024209543961,released,0.35,20,masked_psnr,32,8,flame_supported,primary_full_target_density1
5.7909476748307345,6.762223320749545,4.702933009661361,adaptive,0.95,20,masked_psnr,32,8,flame_unsupported,primary_full_target_density1
5.8838632026573965,6.80285773185479,4.863626606341006,released,0.95,20,masked_psnr,32,8,flame_unsupported,primary_full_target_density1
4.370738061718294,5.2465557659695055,3.4195636770443425,adaptive,0.9,20,masked_psnr,32,8,foreground,primary_full_target_density1
4.444520077631505,5.309550939334138,3.472673026991811,released,0.9,20,masked_psnr,32,8,foreground,primary_full_target_density1
2.4921801123467384,3.3198915428630786,1.649455801224753,adaptive,0.9,20,masked_psnr,32,8,full_frame,primary_full_target_density1
2.5471170904275726,3.3903161583524764,1.6693175143070402,released,0.85,20,masked_psnr,32,8,full_frame,primary_full_target_density1
1.6585904882236835,2.5927163276385796,0.735282827925328,adaptive,0.75,20,masked_psnr,32,8,head_foreground,primary_full_target_density1
1.7569721845716035,2.706406788914898,0.8096492226491651,released,0.75,20,masked_psnr,32,8,head_foreground,primary_full_target_density1
-1.6140102678852344,-1.16266265513566,-2.1295884154394504,adaptive,0.0,20,masked_psnr,32,8,head_supported,primary_full_target_density1
-1.6103656434283486,-1.1446095346259362,-2.0605732037743425,released,0.05,20,masked_psnr,32,8,head_supported,primary_full_target_density1
4.199614382139686,5.634170065450105,2.7763933801982947,adaptive,0.85,20,masked_psnr,32,8,head_unsupported,primary_full_target_density1
4.349325918570742,5.736586677785787,2.978905221295426,released,0.95,20,masked_psnr,32,8,head_unsupported,primary_full_target_density1
-1.023268462230754,-0.6871405427330864,-1.3670448275049671,adaptive,0.05,20,masked_psnr,32,8,oral,primary_full_target_density1
-0.6456410330337429,-0.3705722019391589,-0.9125817543959819,released,0.2,20,masked_psnr,32,8,oral,primary_full_target_density1
6.077056465581058,6.987223406020311,5.113899025252209,adaptive,1.0,20,masked_psnr,32,8,torso_outside_head_roi,primary_full_target_density1
6.030928239371561,6.969347160974524,4.99319032030391,released,1.0,20,masked_psnr,32,8,torso_outside_head_roi,primary_full_target_density1
-2.161793481959246,-1.2964856338758013,-3.015484749506928,adaptive,0.1,20,masked_psnr,128,1,background,primary_full_target_density1
-1.8008011722918524,-0.7503405882271975,-2.8408726086188683,released,0.25,20,masked_psnr,128,1,background,primary_full_target_density1
0.026334700514947507,0.36842419607771576,-0.3101611315246371,adaptive,0.45,20,masked_psnr,128,1,eyes,primary_full_target_density1
-0.0952685903503209,0.1892067348193211,-0.37874881014674683,released,0.5,20,masked_psnr,128,1,eyes,primary_full_target_density1
0.17507189239936016,0.6574901118973769,-0.30638034862616204,adaptive,0.45,20,masked_psnr,128,1,flame_supported,primary_full_target_density1
0.113413615353398,0.6441003034341094,-0.4196457355898349,released,0.5,20,masked_psnr,128,1,flame_supported,primary_full_target_density1
5.868984937913061,7.190702999987614,4.561123373708125,adaptive,1.0,20,masked_psnr,128,1,flame_unsupported,primary_full_target_density1
6.310196758616464,7.594430363334226,4.977203643628315,released,1.0,20,masked_psnr,128,1,flame_unsupported,primary_full_target_density1
4.480226048935361,5.483105559927173,3.4379715738703664,adaptive,0.95,20,masked_psnr,128,1,foreground,primary_full_target_density1
4.778935053360957,5.821638108154683,3.6726643650016904,released,0.95,20,masked_psnr,128,1,foreground,primary_full_target_density1
2.879121268066538,3.5959955771339764,2.119958644638765,adaptive,0.9,20,masked_psnr,128,1,full_frame,primary_full_target_density1
3.1326617137409136,3.895331439481984,2.332093906024643,released,0.95,20,masked_psnr,128,1,full_frame,primary_full_target_density1
1.9893722246519983,2.7994459140238424,1.1881827034367471,adaptive,0.85,20,masked_psnr,128,1,head_foreground,primary_full_target_density1
2.1377064190833677,2.898527695905216,1.3931362048443796,released,0.8,20,masked_psnr,128,1,head_foreground,primary_full_target_density1
-0.6568990050300846,-0.38088257413350207,-0.9382113726840257,adaptive,0.1,20,masked_psnr,128,1,head_supported,primary_full_target_density1
-0.6981943814615946,-0.35440460148254693,-1.1022250418098178,released,0.15,20,masked_psnr,128,1,head_supported,primary_full_target_density1
4.3316428327051595,5.814256992102395,2.8694961972178374,adaptive,0.9,20,masked_psnr,128,1,head_unsupported,primary_full_target_density1
4.721589795639032,6.079890508135102,3.4009754966672117,released,1.0,20,masked_psnr,128,1,head_unsupported,primary_full_target_density1
-0.5510189725224182,-0.2623952557935015,-0.8541192144808896,adaptive,0.2,20,masked_psnr,128,1,oral,primary_full_target_density1
-0.19334204299962998,0.04777602477708141,-0.4336873270904361,released,0.35,20,masked_psnr,128,1,oral,primary_full_target_density1
6.221579525935395,7.584158680242739,4.788282549139747,adaptive,1.0,20,masked_psnr,128,1,torso_outside_head_roi,primary_full_target_density1
6.6396869664861855,7.982385088863456,5.198379707212898,released,1.0,20,masked_psnr,128,1,torso_outside_head_roi,primary_full_target_density1
-2.4034435771270046,-1.2373833660868891,-3.527581706435869,adaptive,0.05,20,masked_psnr,128,4,background,primary_full_target_density1
-2.032408316589862,-0.5313774747736829,-3.410971499657726,released,0.2,20,masked_psnr,128,4,background,primary_full_target_density1
0.022127134555564254,0.3676640292544789,-0.3230539327012837,adaptive,0.55,20,masked_psnr,128,4,eyes,primary_full_target_density1
0.04335456540246572,0.3068710541794574,-0.21367288277877286,released,0.4,20,masked_psnr,128,4,eyes,primary_full_target_density1
0.007610701287609434,0.5136842384476866,-0.4874833881246861,adaptive,0.45,20,masked_psnr,128,4,flame_supported,primary_full_target_density1
0.05121411331460877,0.6054875834982452,-0.4997483448990725,released,0.5,20,masked_psnr,128,4,flame_supported,primary_full_target_density1
5.813656995865072,7.112070219255298,4.52635843269943,adaptive,1.0,20,masked_psnr,128,4,flame_unsupported,primary_full_target_density1
6.2957000319276935,7.559108914966792,4.988376996276127,released,1.0,20,masked_psnr,128,4,flame_unsupported,primary_full_target_density1
4.463656467056864,5.456367557899391,3.4165255234327003,adaptive,0.95,20,masked_psnr,128,4,foreground,primary_full_target_density1
4.8472231896869005,5.866602245569606,3.7942392893108243,released,1.0,20,masked_psnr,128,4,foreground,primary_full_target_density1
2.7155945490691247,3.4242805764612045,1.999489662428816,adaptive,0.95,20,masked_psnr,128,4,full_frame,primary_full_target_density1
3.0155815423600836,3.7231679530161923,2.2876085731729843,released,1.0,20,masked_psnr,128,4,full_frame,primary_full_target_density1
1.9864892166248527,2.725780974235488,1.2271392223639266,adaptive,0.85,20,masked_psnr,128,4,head_foreground,primary_full_target_density1
2.188612329936141,2.916920018661501,1.465642780621776,released,0.9,20,masked_psnr,128,4,head_foreground,primary_full_target_density1
-1.0397647007845723,-0.7249783081009405,-1.388527670939193,adaptive,0.0,20,masked_psnr,128,4,head_supported,primary_full_target_density1
-1.0117102684085257,-0.5914983281107963,-1.457261627986513,released,0.15,20,masked_psnr,128,4,head_supported,primary_full_target_density1
4.3748473363245095,5.723018756600899,3.065875351690943,adaptive,0.95,20,masked_psnr,128,4,head_unsupported,primary_full_target_density1
4.731229586701521,6.01924915046088,3.4782002109544203,released,1.0,20,masked_psnr,128,4,head_unsupported,primary_full_target_density1
-0.8447948841502624,-0.5347544481771844,-1.175208342512205,adaptive,0.15,20,masked_psnr,128,4,oral,primary_full_target_density1
-0.4192936024362792,-0.16549713572353744,-0.6698651885243185,released,0.25,20,masked_psnr,128,4,oral,primary_full_target_density1
6.112826600156682,7.533259786435733,4.712073625772091,adaptive,1.0,20,masked_psnr,128,4,torso_outside_head_roi,primary_full_target_density1
6.635429665945649,7.987470039797106,5.19925960480315,released,1.0,20,masked_psnr,128,4,torso_outside_head_roi,primary_full_target_density1
-2.22843989372777,-0.7569530361091986,-3.555317969490724,adaptive,0.05,20,masked_psnr,128,8,background,primary_full_target_density1
-2.1311733741389354,-0.5371993782510867,-3.6454255833785654,released,0.15,20,masked_psnr,128,8,background,primary_full_target_density1
0.17184919289904385,0.5215516756271087,-0.18362893635068145,adaptive,0.55,20,masked_psnr,128,8,eyes,primary_full_target_density1
0.16844801193501463,0.45092847558742744,-0.10836675202985803,released,0.65,20,masked_psnr,128,8,eyes,primary_full_target_density1
-0.030256936017064095,0.49253204236077175,-0.535019499387634,adaptive,0.4,20,masked_psnr,128,8,flame_supported,primary_full_target_density1
0.043216653426951,0.6125555554027751,-0.4873173745892798,released,0.5,20,masked_psnr,128,8,flame_supported,primary_full_target_density1
6.0508780110387175,7.34785038995801,4.747686766307244,adaptive,1.0,20,masked_psnr,128,8,flame_unsupported,primary_full_target_density1
6.455538538649618,7.685711064418371,5.1703389902092995,released,1.0,20,masked_psnr,128,8,flame_unsupported,primary_full_target_density1
4.6658730162078745,5.688342508115461,3.608746012649388,adaptive,1.0,20,masked_psnr,128,8,foreground,primary_full_target_density1
4.9999098641401805,6.008280431627332,3.9520179604772983,released,1.0,20,masked_psnr,128,8,foreground,primary_full_target_density1
2.816025837450264,3.5263691144366938,2.074737204333603,adaptive,0.95,20,masked_psnr,128,8,full_frame,primary_full_target_density1
3.052961316185555,3.762270571219952,2.332750343467159,released,1.0,20,masked_psnr,128,8,full_frame,primary_full_target_density1
2.0371325512348504,2.8127510292505997,1.2474410957256017,adaptive,0.85,20,masked_psnr,128,8,head_foreground,primary_full_target_density1
2.231910987282339,2.9247385197737383,1.5207290178577548,released,0.9,20,masked_psnr,128,8,head_foreground,primary_full_target_density1
-1.1090621908011447,-0.765119552951304,-1.4849044086381589,adaptive,0.05,20,masked_psnr,128,8,head_supported,primary_full_target_density1
-1.0361219183494892,-0.6210624323952315,-1.4822394828290484,released,0.15,20,masked_psnr,128,8,head_supported,primary_full_target_density1
4.515499651016383,5.860740148413374,3.188493111712032,adaptive,0.95,20,masked_psnr,128,8,head_unsupported,primary_full_target_density1
4.853749444568878,6.135193366832384,3.6531705464688926,released,1.0,20,masked_psnr,128,8,head_unsupported,primary_full_target_density1
-0.8130224527489263,-0.48104151763134667,-1.1663767227267494,adaptive,0.15,20,masked_psnr,128,8,oral,primary_full_target_density1
-0.41487109718682935,-0.170413745044838,-0.6502992609736572,released,0.25,20,masked_psnr,128,8,oral,primary_full_target_density1
6.329638736636037,7.736066337525994,4.932817322850494,adaptive,1.0,20,masked_psnr,128,8,torso_outside_head_roi,primary_full_target_density1
6.7583267353075644,8.129798425001338,5.363841702698688,released,1.0,20,masked_psnr,128,8,torso_outside_head_roi,primary_full_target_density1
-2.000369760428773,-0.41139180521194096,-3.319961288576811,adaptive,0.15,20,masked_psnr,384,1,background,primary_full_target_density1
-2.116674428161197,-1.184531771968469,-3.149610927422345,released,0.1,20,masked_psnr,384,1,background,primary_full_target_density1
0.21837053025685585,0.5170007064625856,-0.08071105970074212,adaptive,0.6,20,masked_psnr,384,1,eyes,primary_full_target_density1
-0.11743392059565867,0.2554227865654721,-0.48548736789095726,released,0.4,20,masked_psnr,384,1,eyes,primary_full_target_density1
0.10280234263483905,0.5925733820250906,-0.3951093484314271,adaptive,0.55,20,masked_psnr,384,1,flame_supported,primary_full_target_density1
0.24378758729957967,0.7696629110478296,-0.28970010713898325,released,0.5,20,masked_psnr,384,1,flame_supported,primary_full_target_density1
6.232919080516982,7.467485397356401,4.932676794752226,adaptive,1.0,20,masked_psnr,384,1,flame_unsupported,primary_full_target_density1
6.852885601226307,8.050707934296,5.562942019994954,released,1.0,20,masked_psnr,384,1,flame_unsupported,primary_full_target_density1
4.724598399748748,5.716366304356364,3.64730210893982,adaptive,0.95,20,masked_psnr,384,1,foreground,primary_full_target_density1
5.162284851457912,6.149993515286738,4.078775065850956,released,0.95,20,masked_psnr,384,1,foreground,primary_full_target_density1
2.9785872953200396,3.704022585313162,2.20458795300008,adaptive,0.95,20,masked_psnr,384,1,full_frame,primary_full_target_density1
3.4330461076212244,4.14941411101535,2.6630553031941675,released,1.0,20,masked_psnr,384,1,full_frame,primary_full_target_density1
1.9883034797463002,2.8436461553321313,1.1688332907856107,adaptive,0.8,20,masked_psnr,384,1,head_foreground,primary_full_target_density1
2.3150635214291477,3.099186356450373,1.5929307652448008,released,0.95,20,masked_psnr,384,1,head_foreground,primary_full_target_density1
-0.7177219580194716,-0.40661650965989643,-1.021483687300801,adaptive,0.1,20,masked_psnr,384,1,head_supported,primary_full_target_density1
-0.60857166413121,-0.3152008771387553,-0.9360469872079932,released,0.15,20,masked_psnr,384,1,head_supported,primary_full_target_density1
4.357084522047717,5.913390596608658,2.8645728366915773,adaptive,0.9,20,masked_psnr,384,1,head_unsupported,primary_full_target_density1
4.968421312428353,6.327845165994227,3.7175586950453154,released,1.0,20,masked_psnr,384,1,head_unsupported,primary_full_target_density1
-0.6279359811521854,-0.35290693582043947,-0.9016083703476337,adaptive,0.2,20,masked_psnr,384,1,oral,primary_full_target_density1
-0.4867552454427102,-0.20872033009629457,-0.7596165631057348,released,0.3,20,masked_psnr,384,1,oral,primary_full_target_density1
6.740385933972485,8.043163362409196,5.340839422333073,adaptive,1.0,20,masked_psnr,384,1,torso_outside_head_roi,primary_full_target_density1
7.285316440171921,8.662961589520735,5.820666631567729,released,0.95,20,masked_psnr,384,1,torso_outside_head_roi,primary_full_target_density1
-2.1719287785466705,-0.6672419607896437,-3.4541951138433458,adaptive,0.05,20,masked_psnr,384,4,background,primary_full_target_density1
-2.437799507181179,-1.5284268220617352,-3.4707623852185994,released,0.1,20,masked_psnr,384,4,background,primary_full_target_density1
0.08187350003707969,0.39400026401789306,-0.21900720792962658,adaptive,0.5,20,masked_psnr,384,4,eyes,primary_full_target_density1
-0.04395675462993385,0.35142683142634434,-0.4488411736600017,released,0.5,20,masked_psnr,384,4,eyes,primary_full_target_density1
-0.12378329561442838,0.3793575092903338,-0.6255893656646339,adaptive,0.45,20,masked_psnr,384,4,flame_supported,primary_full_target_density1
0.17254193228108877,0.7364123752698294,-0.3962658617502138,released,0.45,20,masked_psnr,384,4,flame_supported,primary_full_target_density1
6.158316792712923,7.364142441191918,4.86537575717157,adaptive,1.0,20,masked_psnr,384,4,flame_unsupported,primary_full_target_density1
6.782084535304669,7.976125085466623,5.529255637962019,released,1.0,20,masked_psnr,384,4,flame_unsupported,primary_full_target_density1
4.701829742587405,5.655843117031698,3.671857584846708,adaptive,0.95,20,masked_psnr,384,4,foreground,primary_full_target_density1
5.212276130275241,6.173257834587992,4.190739199991151,released,1.0,20,masked_psnr,384,4,foreground,primary_full_target_density1
2.9101903834216998,3.595771474501852,2.1845410048626417,adaptive,0.9,20,masked_psnr,384,4,full_frame,primary_full_target_density1
3.368869707014897,4.056005532119858,2.6451171887693046,released,1.0,20,masked_psnr,384,4,full_frame,primary_full_target_density1
1.9735767846187333,2.808272886535763,1.1523581464409778,adaptive,0.75,20,masked_psnr,384,4,head_foreground,primary_full_target_density1
2.4592191816438667,3.2377122611989444,1.7006951352520219,released,0.9,20,masked_psnr,384,4,head_foreground,primary_full_target_density1
-1.1907547598593318,-0.8769013159939298,-1.536287938528726,adaptive,0.0,20,masked_psnr,384,4,head_supported,primary_full_target_density1
-0.8946929148945255,-0.5281832141478707,-1.280319207094367,released,0.2,20,masked_psnr,384,4,head_supported,primary_full_target_density1
4.455029338668137,5.898049874593038,3.036708622352689,adaptive,0.9,20,masked_psnr,384,4,head_unsupported,primary_full_target_density1
5.1197816080278,6.390060763382892,3.8938715644961572,released,1.0,20,masked_psnr,384,4,head_unsupported,primary_full_target_density1
-0.7895923317715269,-0.517454373453785,-1.0601304487337029,adaptive,0.1,20,masked_psnr,384,4,oral,primary_full_target_density1
-0.6502738185795616,-0.3827794054269291,-0.902832927279706,released,0.15,20,masked_psnr,384,4,oral,primary_full_target_density1
6.591310297245366,7.835619026154655,5.229293305131513,adaptive,1.0,20,masked_psnr,384,4,torso_outside_head_roi,primary_full_target_density1
7.092720008356449,8.411853837916054,5.680388584569237,released,1.0,20,masked_psnr,384,4,torso_outside_head_roi,primary_full_target_density1
-2.1212946999997273,-0.6667030745578862,-3.28506462862526,adaptive,0.05,20,masked_psnr,384,8,background,primary_full_target_density1
-2.5577503594578497,-1.6672266776951263,-3.5692151896463558,released,0.05,20,masked_psnr,384,8,background,primary_full_target_density1
0.2358112994788364,0.5582232738787445,-0.07171517808709081,adaptive,0.65,20,masked_psnr,384,8,eyes,primary_full_target_density1
-0.0037685145802552,0.39676247587124536,-0.4250958675678983,released,0.45,20,masked_psnr,384,8,eyes,primary_full_target_density1
-0.15949031991007728,0.38696133958476714,-0.6901817773135293,adaptive,0.45,20,masked_psnr,384,8,flame_supported,primary_full_target_density1
0.11020003456868173,0.7082071371258524,-0.47109855424938024,released,0.45,20,masked_psnr,384,8,flame_supported,primary_full_target_density1
6.2646958247145985,7.478623342095212,4.982772627738276,adaptive,1.0,20,masked_psnr,384,8,flame_unsupported,primary_full_target_density1
6.9410298050773465,8.109171862053886,5.708383495133742,released,1.0,20,masked_psnr,384,8,flame_unsupported,primary_full_target_density1
4.810717984606894,5.775170707180941,3.815246665556521,adaptive,1.0,20,masked_psnr,384,8,foreground,primary_full_target_density1
5.338831942604623,6.312167168417139,4.296713235543362,released,1.0,20,masked_psnr,384,8,foreground,primary_full_target_density1
2.971138939261738,3.6705171468696536,2.242454078846416,adaptive,0.9,20,masked_psnr,384,8,full_frame,primary_full_target_density1
3.3437250182678233,4.077412875553443,2.602417611297466,released,0.95,20,masked_psnr,384,8,full_frame,primary_full_target_density1
1.9621329926313358,2.7625346551691528,1.1616295531293817,adaptive,0.8,20,masked_psnr,384,8,head_foreground,primary_full_target_density1
2.425291072245032,3.1988376527340665,1.6572340053428665,released,0.85,20,masked_psnr,384,8,head_foreground,primary_full_target_density1
-1.2398580073390904,-0.8737335632194209,-1.6457958996850894,adaptive,0.0,20,masked_psnr,384,8,head_supported,primary_full_target_density1
-0.9830280017832159,-0.576109722867094,-1.3887276905946866,released,0.1,20,masked_psnr,384,8,head_supported,primary_full_target_density1
4.475241364506351,5.903067346814452,3.056212890715091,adaptive,0.95,20,masked_psnr,384,8,head_unsupported,primary_full_target_density1
5.180750799558862,6.401439092409922,3.998987948873204,released,1.0,20,masked_psnr,384,8,head_unsupported,primary_full_target_density1
-0.7993880742883137,-0.5136575011979602,-1.0856539424301905,adaptive,0.15,20,masked_psnr,384,8,oral,primary_full_target_density1
-0.6961173816643262,-0.438459123853896,-0.9463454110592049,released,0.15,20,masked_psnr,384,8,oral,primary_full_target_density1
6.666416846566174,7.925811733466698,5.30561623131997,adaptive,1.0,20,masked_psnr,384,8,torso_outside_head_roi,primary_full_target_density1
7.216661835087429,8.590950492497583,5.778977408535547,released,1.0,20,masked_psnr,384,8,torso_outside_head_roi,primary_full_target_density1
-0.013915324007366956,-0.0017369138720533853,-0.028506928824158815,adaptive,0.35,20,masked_mae,8,1,background,full_target_density2
-0.011983618261800532,-0.001450077140710621,-0.02437945406747308,released,0.4,20,masked_mae,8,1,background,full_target_density2
-6.516111183809091e-05,0.004219863511203722,-0.004253691276215148,adaptive,0.5,20,masked_mae,8,1,eyes,full_target_density2
-0.0017214586749204883,0.0018444517002858978,-0.006190655066979113,released,0.5,20,masked_mae,8,1,eyes,full_target_density2
-0.02206513647851275,-0.01551048867973828,-0.029409995821728752,adaptive,0.05,20,masked_mae,8,1,flame_supported,full_target_density2
-0.02136849895749949,-0.014515028906404335,-0.0287616266563599,released,0.05,20,masked_mae,8,1,flame_supported,full_target_density2
0.21550538197704353,0.2809569001238475,0.1499298859482499,adaptive,0.95,20,masked_mae,8,1,flame_unsupported,full_target_density2
0.20589210091739663,0.26514357608998373,0.14497759017397743,released,0.95,20,masked_mae,8,1,flame_unsupported,full_target_density2
0.048079929262231764,0.06883582118892943,0.025751830477775326,adaptive,0.85,20,masked_mae,8,1,foreground,full_target_density2
0.04630989848468394,0.06691048916629583,0.02500904077791464,released,0.85,20,masked_mae,8,1,foreground,full_target_density2
0.019992933640576378,0.03676503991506575,0.0013932942664640542,adaptive,0.75,20,masked_mae,8,1,full_frame,full_target_density2
0.020078661461585184,0.036242550658478694,0.0038527806990203374,released,0.7,20,masked_mae,8,1,full_frame,full_target_density2
-0.008572098991371188,-0.0019758314388950513,-0.015152569259207488,adaptive,0.35,20,masked_mae,8,1,head_foreground,full_target_density2
-0.0114883398506432,-0.005363401273709864,-0.017832059631356176,released,0.25,20,masked_mae,8,1,head_foreground,full_target_density2
-0.020431956457216606,-0.015595046449448983,-0.025398710264900672,adaptive,0.0,20,masked_mae,8,1,head_supported,full_target_density2
-0.02059542902508127,-0.015497639967596002,-0.02577725420565869,released,0.0,20,masked_mae,8,1,head_supported,full_target_density2
0.08276147755988969,0.11564221309416768,0.051097978486983595,adaptive,0.8,20,masked_mae,8,1,head_unsupported,full_target_density2
0.05916470962259912,0.08509963900531765,0.032281818399935755,released,0.85,20,masked_mae,8,1,head_unsupported,full_target_density2
-0.004045999091833589,-0.0014873542464339785,-0.006852805025597125,adaptive,0.2,20,masked_mae,8,1,oral,full_target_density2
-0.003494333198536777,-0.0011494831030286722,-0.006117997029142763,released,0.3,20,masked_mae,8,1,oral,full_target_density2
0.17898260619444087,0.24244074232326412,0.11331432285120008,adaptive,0.85,20,masked_mae,8,1,torso_outside_head_roi,full_target_density2
0.17438421062655837,0.23430508374092032,0.11084548479292468,released,0.85,20,masked_mae,8,1,torso_outside_head_roi,full_target_density2
-0.013980811082143527,-0.0005870419033335093,-0.029432058904697297,adaptive,0.5,20,masked_mae,8,4,background,full_target_density2
-0.012690293173052605,0.00012298705152334838,-0.027752060318725458,released,0.55,20,masked_mae,8,4,background,full_target_density2
-0.0026128724125889765,0.0013951109937950157,-0.00673695067432188,adaptive,0.45,20,masked_mae,8,4,eyes,full_target_density2
-0.0043248132708651865,-0.00011439761147050915,-0.008890860368757034,released,0.4,20,masked_mae,8,4,eyes,full_target_density2
-0.019284777033307422,-0.013966611289154213,-0.025554720088129333,adaptive,0.0,20,masked_mae,8,4,flame_supported,full_target_density2
-0.019092834682804195,-0.014060862261945743,-0.024462033865297106,released,0.0,20,masked_mae,8,4,flame_supported,full_target_density2
0.23640305107607099,0.288481239249931,0.1853747677176817,adaptive,1.0,20,masked_mae,8,4,flame_unsupported,full_target_density2
0.22273566609988746,0.27329703130903793,0.17713035882430497,released,1.0,20,masked_mae,8,4,flame_unsupported,full_target_density2
0.055648763657497255,0.07247550533373978,0.03816782004745078,adaptive,0.95,20,masked_mae,8,4,foreground,full_target_density2
0.053264027787062594,0.06996817206272346,0.03671653331901098,released,0.95,20,masked_mae,8,4,foreground,full_target_density2
0.02469737572994004,0.039902191081377644,0.008215199560474314,adaptive,0.8,20,masked_mae,8,4,full_frame,full_target_density2
0.02398506234937901,0.03865212785789899,0.008625232414492125,released,0.75,20,masked_mae,8,4,full_frame,full_target_density2
-0.007273396510395813,-0.0005341794360244946,-0.013865149796791152,adaptive,0.35,20,masked_mae,8,4,head_foreground,full_target_density2
-0.009122460666683816,-0.002632476981059099,-0.015497046447440767,released,0.35,20,masked_mae,8,4,head_foreground,full_target_density2
-0.019250803608744028,-0.01481091974212627,-0.023778283730423712,adaptive,0.0,20,masked_mae,8,4,head_supported,full_target_density2
-0.019227579454348935,-0.014710170245396273,-0.023932298215588496,released,0.0,20,masked_mae,8,4,head_supported,full_target_density2
0.0812476691778288,0.11130029449886245,0.05085542966709954,adaptive,0.8,20,masked_mae,8,4,head_unsupported,full_target_density2
0.061616763579912345,0.09015794204157553,0.03296619508456038,released,0.8,20,masked_mae,8,4,head_unsupported,full_target_density2
-0.005009005638396661,-0.002645909658341343,-0.007614998110708124,adaptive,0.15,20,masked_mae,8,4,oral,full_target_density2
-0.004248582222624137,-0.0018952984120709068,-0.0068995875604381,released,0.3,20,masked_mae,8,4,oral,full_target_density2
0.20403870351289366,0.25478453973137627,0.15145483019068443,adaptive,0.95,20,masked_mae,8,4,torso_outside_head_roi,full_target_density2
0.19266627566751035,0.24021135765586776,0.14518527631918915,released,0.95,20,masked_mae,8,4,torso_outside_head_roi,full_target_density2
-0.014510055243149883,-0.001221300320230713,-0.02987897094293978,adaptive,0.5,20,masked_mae,8,8,background,full_target_density2
-0.012686738321623342,-0.00022585063290411355,-0.027180117479422512,released,0.55,20,masked_mae,8,8,background,full_target_density2
-0.0017558945214043355,0.0024166360622700548,-0.006111001354285711,adaptive,0.45,20,masked_mae,8,8,eyes,full_target_density2
-0.002607623728638267,0.0010647876744846463,-0.006770910518125367,released,0.4,20,masked_mae,8,8,eyes,full_target_density2
-0.019803364875088606,-0.0145044616559758,-0.02586796094178442,adaptive,0.0,20,masked_mae,8,8,flame_supported,full_target_density2
-0.01797896900517034,-0.013073287624146982,-0.0228450611386343,released,0.05,20,masked_mae,8,8,flame_supported,full_target_density2
0.24105673736078698,0.2943595971112484,0.19064448620915445,adaptive,1.0,20,masked_mae,8,8,flame_unsupported,full_target_density2
0.23405763126983908,0.2834560715911988,0.18830957587460379,released,1.0,20,masked_mae,8,8,flame_unsupported,full_target_density2
0.05769369772562298,0.07504185670710506,0.04038197135381178,adaptive,0.95,20,masked_mae,8,8,foreground,full_target_density2
0.05827652257705986,0.07520784598439824,0.042106396659183185,released,0.95,20,masked_mae,8,8,foreground,full_target_density2
0.0251626009634907,0.040690799746850526,0.008807023705385122,adaptive,0.8,20,masked_mae,8,8,full_frame,full_target_density2
0.026407874628234917,0.04079296131434207,0.011330174510656156,released,0.75,20,masked_mae,8,8,full_frame,full_target_density2
-0.007527721440289811,-0.0010711991070645219,-0.013889919439285733,adaptive,0.35,20,masked_mae,8,8,head_foreground,full_target_density2
-0.00824000576704734,-0.0019938709211593858,-0.01428005471798074,released,0.3,20,masked_mae,8,8,head_foreground,full_target_density2
-0.019562167506148972,-0.015492513572246288,-0.023738021467430565,adaptive,0.0,20,masked_mae,8,8,head_supported,full_target_density2
-0.018684050006692047,-0.014338508743070393,-0.02317386822341602,released,0.0,20,masked_mae,8,8,head_supported,full_target_density2
0.08163448417499794,0.11416567360743088,0.04902681517660471,adaptive,0.8,20,masked_mae,8,8,head_unsupported,full_target_density2
0.06656402946619809,0.09425491998652913,0.0396067970487633,released,0.85,20,masked_mae,8,8,head_unsupported,full_target_density2
-0.004723573281004001,-0.0023245265147215652,-0.007542251768807942,adaptive,0.25,20,masked_mae,8,8,oral,full_target_density2
-0.00343686171724904,-0.001033182998232576,-0.0061601249908954745,released,0.35,20,masked_mae,8,8,oral,full_target_density2
0.20808337357256484,0.2610975058113867,0.15569346985831312,adaptive,0.95,20,masked_mae,8,8,torso_outside_head_roi,full_target_density2
0.20432110114273877,0.2519385501444776,0.15696056132860634,released,1.0,20,masked_mae,8,8,torso_outside_head_roi,full_target_density2
-0.01509446509288535,-0.007877524495082788,-0.024145850279434458,adaptive,0.15,20,masked_mae,384,1,background,full_target_density2
-0.012978467940628924,-0.005823187593693178,-0.022656947359553505,released,0.2,20,masked_mae,384,1,background,full_target_density2
0.0013945119633689742,0.003975506394115895,-0.001130903977546086,adaptive,0.55,20,masked_mae,384,1,eyes,full_target_density2
-0.0011080709808760736,0.002458147298657788,-0.004582683887848062,released,0.45,20,masked_mae,384,1,eyes,full_target_density2
-0.002769256441427144,0.0015928281664874602,-0.0075641503376630585,adaptive,0.45,20,masked_mae,384,1,flame_supported,full_target_density2
-0.002504935433937794,0.0014754035008277253,-0.00696132117081597,released,0.45,20,masked_mae,384,1,flame_supported,full_target_density2
0.3624383367723851,0.4328622221638455,0.2866839363782319,adaptive,1.0,20,masked_mae,384,1,flame_unsupported,full_target_density2
0.360193096845071,0.42729077638400853,0.28997088797984616,released,1.0,20,masked_mae,384,1,flame_unsupported,full_target_density2
0.107019737229671,0.1304619156384813,0.08293386923924786,adaptive,1.0,20,masked_mae,384,1,foreground,full_target_density2
0.10579714688883812,0.12861604447369265,0.08190849211707751,released,1.0,20,masked_mae,384,1,foreground,full_target_density2
0.052656982630534255,0.06738835897624575,0.03830459189567645,adaptive,0.95,20,masked_mae,384,1,full_frame,full_target_density2
0.05291275932933346,0.06704906004288838,0.038903126679737166,released,0.95,20,masked_mae,384,1,full_frame,full_target_density2
0.019876111226963224,0.03017025612328871,0.010070637153449634,adaptive,0.75,20,masked_mae,384,1,head_foreground,full_target_density2
0.021288786960288915,0.03098106848982036,0.012258422567926638,released,0.85,20,masked_mae,384,1,head_foreground,full_target_density2
-0.004852867729010407,-0.0018806937885123135,-0.007922943038656299,adaptive,0.2,20,masked_mae,384,1,head_supported,full_target_density2
-0.004665299329543045,-0.001981706033111162,-0.0075768565873421245,released,0.2,20,masked_mae,384,1,head_supported,full_target_density2
0.1983374364952861,0.26647865982127994,0.1332377946999136,adaptive,0.9,20,masked_mae,384,1,head_unsupported,full_target_density2
0.2127529677067069,0.2717183303236926,0.15855252664429517,released,1.0,20,masked_mae,384,1,head_unsupported,full_target_density2
-0.00362237611754226,-0.0010328117404978655,-0.006370043589665166,adaptive,0.3,20,masked_mae,384,1,oral,full_target_density2
-0.003306270281249639,-0.0006127665206116089,-0.006388406031634133,released,0.4,20,masked_mae,384,1,oral,full_target_density2
0.31754012709187335,0.37383207524928624,0.2538199287639339,adaptive,1.0,20,masked_mae,384,1,torso_outside_head_roi,full_target_density2
0.30921739642858265,0.36475297774964704,0.24810857116153068,released,1.0,20,masked_mae,384,1,torso_outside_head_roi,full_target_density2
-0.0175031930636409,-0.010830089483240758,-0.0249887989356186,adaptive,0.15,20,masked_mae,384,4,background,full_target_density2
-0.01659058837114768,-0.010272846113224848,-0.024292726052759114,released,0.1,20,masked_mae,384,4,background,full_target_density2
0.0005402903333160513,0.003486236847443257,-0.0023371277198050606,adaptive,0.55,20,masked_mae,384,4,eyes,full_target_density2
-0.0010464431527606583,0.0029617987876760254,-0.005034422516750403,released,0.4,20,masked_mae,384,4,eyes,full_target_density2
-0.0038341853086816097,-0.00015870589853166992,-0.008064427673937523,adaptive,0.35,20,masked_mae,384,4,flame_supported,full_target_density2
-0.0019801104163141587,0.0013841197894967937,-0.005764548164268224,released,0.45,20,masked_mae,384,4,flame_supported,full_target_density2
0.37176852577368574,0.43838336858172366,0.30070264727726886,adaptive,1.0,20,masked_mae,384,4,flame_unsupported,full_target_density2
0.3741237685569821,0.44025683603296006,0.30756715232871484,released,1.0,20,masked_mae,384,4,flame_unsupported,full_target_density2
0.10779293651113413,0.13029802700637047,0.08484897632685426,adaptive,1.0,20,masked_mae,384,4,foreground,full_target_density2
0.10915533559768102,0.13081336451400707,0.08654026354167355,released,1.0,20,masked_mae,384,4,foreground,full_target_density2
0.05260980928349209,0.06736525005367613,0.03895844696748136,adaptive,1.0,20,masked_mae,384,4,full_frame,full_target_density2
0.05380413125040774,0.06785996729882623,0.040397542892545595,released,1.0,20,masked_mae,384,4,full_frame,full_target_density2
0.020083269262746332,0.03052035722402443,0.010243062972595007,adaptive,0.75,20,masked_mae,384,4,head_foreground,full_target_density2
0.023417379139457812,0.0335248047610252,0.014274430002308795,released,0.9,20,masked_mae,384,4,head_foreground,full_target_density2
-0.00678700088249327,-0.004447708965023069,-0.009272320399734456,adaptive,0.1,20,masked_mae,384,4,head_supported,full_target_density2
-0.004934493452704951,-0.0028473730549292684,-0.00715130457417559,released,0.2,20,masked_mae,384,4,head_supported,full_target_density2
0.21343389990161307,0.27992802094640107,0.14614007339189472,adaptive,0.9,20,masked_mae,384,4,head_unsupported,full_target_density2
0.2316581654721403,0.2890931165375251,0.17294793184992477,released,1.0,20,masked_mae,384,4,head_unsupported,full_target_density2
-0.004382335387132058,-0.002255217507451925,-0.006850662456166555,adaptive,0.2,20,masked_mae,384,4,oral,full_target_density2
-0.004693291653553255,-0.002732295347468507,-0.0068691046496123604,released,0.1,20,masked_mae,384,4,oral,full_target_density2
0.319596102812635,0.3744087994455638,0.26120862128157846,adaptive,1.0,20,masked_mae,384,4,torso_outside_head_roi,full_target_density2
0.3165676463159771,0.37202792013430985,0.2591745055317175,released,1.0,20,masked_mae,384,4,torso_outside_head_roi,full_target_density2
-0.018064763264623102,-0.011165274912575934,-0.0258660830430404,adaptive,0.15,20,masked_mae,384,8,background,full_target_density2
-0.02034112963495559,-0.013710954966197212,-0.02873432575253927,released,0.1,20,masked_mae,384,8,background,full_target_density2
0.001747484080796402,0.005069250788933479,-0.0018448756230221425,adaptive,0.65,20,masked_mae,384,8,eyes,full_target_density2
6.732793164653909e-05,0.003911428787519415,-0.003919655949231896,released,0.55,20,masked_mae,384,8,eyes,full_target_density2
-0.004344562654255697,-0.0006683133444984995,-0.008621891449609644,adaptive,0.35,20,masked_mae,384,8,flame_supported,full_target_density2
-0.002707525798067999,0.0009434088276696878,-0.006698741700134157,released,0.4,20,masked_mae,384,8,flame_supported,full_target_density2
0.3780546327255239,0.44509297136341275,0.30986502457647735,adaptive,1.0,20,masked_mae,384,8,flame_unsupported,full_target_density2
0.38222136713771226,0.44732599627291825,0.31413248134674043,released,1.0,20,masked_mae,384,8,flame_unsupported,full_target_density2
0.11110132231381205,0.1338451101801583,0.08783081295543554,adaptive,1.0,20,masked_mae,384,8,foreground,full_target_density2
0.11276507095461283,0.1350080501911469,0.08981571319601621,released,1.0,20,masked_mae,384,8,foreground,full_target_density2
0.05355538677687597,0.06848965279252668,0.039219861740587766,adaptive,0.95,20,masked_mae,384,8,full_frame,full_target_density2
0.0535148964729832,0.06790384102521346,0.0396243968363018,released,1.0,20,masked_mae,384,8,full_frame,full_target_density2
0.019625962404811445,0.029408121312753766,0.00989502938859363,adaptive,0.75,20,masked_mae,384,8,head_foreground,full_target_density2
0.023021675378846345,0.03311216618403016,0.014016897703324427,released,0.8,20,masked_mae,384,8,head_foreground,full_target_density2
-0.0073064431311118646,-0.00496750535660263,-0.009816579783691283,adaptive,0.05,20,masked_mae,384,8,head_supported,full_target_density2
-0.005601818171857455,-0.0033696218350103115,-0.007862880222542765,released,0.1,20,masked_mae,384,8,head_supported,full_target_density2
0.21537164816226756,0.28128532318756183,0.1490971815138953,adaptive,0.9,20,masked_mae,384,8,head_unsupported,full_target_density2
0.23516877336931818,0.2924101670860391,0.17827137970543608,released,1.0,20,masked_mae,384,8,head_unsupported,full_target_density2
-0.004929719542974746,-0.002628497025742187,-0.007386921071994138,adaptive,0.15,20,masked_mae,384,8,oral,full_target_density2
-0.004851129081881811,-0.002703151014964548,-0.007270722708492182,released,0.15,20,masked_mae,384,8,oral,full_target_density2
0.324124831926158,0.37864798284376683,0.26605634847597864,adaptive,1.0,20,masked_mae,384,8,torso_outside_head_roi,full_target_density2
0.3223604785579751,0.3769725978860331,0.26249031455404953,released,1.0,20,masked_mae,384,8,torso_outside_head_roi,full_target_density2
0.004916387666910077,0.007848705481404638,0.0021721081413033187,adaptive,0.75,20,masked_mae,8,1,background,head_target_density1
0.005421837598574397,0.008305783836850737,0.0026082149927037362,released,0.75,20,masked_mae,8,1,background,head_target_density1
0.005364488359660183,0.008299478782917823,0.0030242563228522327,adaptive,0.9,20,masked_mae,8,1,eyes,head_target_density1
0.005478192100152037,0.008472804376724014,0.0029503760343289956,released,0.9,20,masked_mae,8,1,eyes,head_target_density1
-0.00474490145236321,-0.0022139398483192988,-0.0076986693185398915,adaptive,0.2,20,masked_mae,8,1,flame_supported,head_target_density1
-0.003570068288862769,-0.0013961888956747293,-0.0057813050228171904,released,0.25,20,masked_mae,8,1,flame_supported,head_target_density1
0.030286856455371058,0.04193396874833508,0.019771575664975595,adaptive,0.85,20,masked_mae,8,1,flame_unsupported,head_target_density1
0.037659796691010515,0.048001732699259704,0.027523089290014353,released,1.0,20,masked_mae,8,1,flame_unsupported,head_target_density1
0.005537859167919034,0.008542703503929014,0.002817458365823508,adaptive,0.75,20,masked_mae,8,1,foreground,head_target_density1
0.008205956776576373,0.011003639478698474,0.005561401501229781,released,1.0,20,masked_mae,8,1,foreground,head_target_density1
0.005094748025848756,0.007579116574656571,0.0027572016465285507,adaptive,0.85,20,masked_mae,8,1,full_frame,head_target_density1
0.006733407727395646,0.009134809886566316,0.004333600078482308,released,0.8,20,masked_mae,8,1,full_frame,head_target_density1
0.008234741447037012,0.012210208439182456,0.004378649584534987,adaptive,0.8,20,masked_mae,8,1,head_foreground,head_target_density1
0.0085144444332626,0.012223723727273332,0.004780645507997665,released,0.75,20,masked_mae,8,1,head_foreground,head_target_density1
0.00038260598459105533,0.003530283995883438,-0.003693394883375049,adaptive,0.55,20,masked_mae,8,1,head_supported,head_target_density1
-0.00013019356587438377,0.002410641011594578,-0.0031948654596043826,released,0.45,20,masked_mae,8,1,head_supported,head_target_density1
0.05808341151415865,0.08098393364030002,0.03473255530589656,adaptive,0.85,20,masked_mae,8,1,head_unsupported,head_target_density1
0.06540546063592337,0.08697288888922972,0.042974679168306176,released,0.85,20,masked_mae,8,1,head_unsupported,head_target_density1
0.0002187498650986955,0.002012613388552931,-0.0016502784413631717,adaptive,0.65,20,masked_mae,8,1,oral,head_target_density1
0.0017790365444051892,0.003582006151648115,2.841975980206193e-06,released,0.7,20,masked_mae,8,1,oral,head_target_density1
-0.003701895890334636,0.008149169781282094,-0.012130537291276684,adaptive,0.25,20,masked_mae,8,1,torso_outside_head_roi,head_target_density1
0.005099194506971862,0.014309467557050282,-0.0034422849030447946,released,0.5,20,masked_mae,8,1,torso_outside_head_roi,head_target_density1
0.005818337098201747,0.010122096708343053,0.001488392412803655,adaptive,0.75,20,masked_mae,8,4,background,head_target_density1
0.0061940632537795795,0.009945539407372613,0.00245046956494539,released,0.75,20,masked_mae,8,4,background,head_target_density1
0.004401693205385406,0.007582659231094167,0.0015674137819313453,adaptive,0.8,20,masked_mae,8,4,eyes,head_target_density1
0.00677335686770443,0.009652638489476296,0.004193003231890098,released,0.9,20,masked_mae,8,4,eyes,head_target_density1
-0.00760921159521927,-0.004163981133058156,-0.011574056309930778,adaptive,0.15,20,masked_mae,8,4,flame_supported,head_target_density1
-0.0054224234932612,-0.0025797260367270147,-0.008685889457547221,released,0.25,20,masked_mae,8,4,flame_supported,head_target_density1
0.03343066443103077,0.04386007237089729,0.023628701472892043,adaptive,1.0,20,masked_mae,8,4,flame_unsupported,head_target_density1
0.041239482365747746,0.053038056225958974,0.03032219588696344,released,1.0,20,masked_mae,8,4,flame_unsupported,head_target_density1
0.004386929344094291,0.0068681749261320655,0.0019331130206611767,adaptive,0.85,20,masked_mae,8,4,foreground,head_target_density1
0.007835722386137733,0.010452413612803241,0.005186631829148347,released,0.95,20,masked_mae,8,4,foreground,head_target_density1
0.004875891114507272,0.007443602789805701,0.0022777441703638263,adaptive,0.8,20,masked_mae,8,4,full_frame,head_target_density1
0.00678863658940058,0.009096770347314095,0.004366230675668426,released,0.8,20,masked_mae,8,4,full_frame,head_target_density1
0.006844011369701789,0.010582441382409734,0.0029167526532420437,adaptive,0.85,20,masked_mae,8,4,head_foreground,head_target_density1
0.008034513912507334,0.011643179227960458,0.004447953449569375,released,0.8,20,masked_mae,8,4,head_foreground,head_target_density1
-0.0027367593065553623,0.0009168530985627076,-0.0074825967305979756,adaptive,0.5,20,masked_mae,8,4,head_supported,head_target_density1
-0.00235871036428064,0.0004539545098409366,-0.0059100572230874416,released,0.4,20,masked_mae,8,4,head_supported,head_target_density1
0.07108505730647549,0.09283889087639809,0.04943792391385162,adaptive,0.95,20,masked_mae,8,4,head_unsupported,head_target_density1
0.07997872704755363,0.10464732926296887,0.056725663435362006,released,0.95,20,masked_mae,8,4,head_unsupported,head_target_density1
-0.0008644285739650536,0.0007090850616782957,-0.0025242113968347852,adaptive,0.4,20,masked_mae,8,4,oral,head_target_density1
-0.000241636611310405,0.001972120197085036,-0.002279588975763021,released,0.45,20,masked_mae,8,4,oral,head_target_density1
-0.0036684452366009036,0.006010370313518309,-0.011400419631529053,adaptive,0.3,20,masked_mae,8,4,torso_outside_head_roi,head_target_density1
0.005935267778285014,0.01344990350521641,-0.0016040482454861146,released,0.6,20,masked_mae,8,4,torso_outside_head_roi,head_target_density1
0.0058867599148024535,0.009700773527399101,0.0018572007312285105,adaptive,0.8,20,masked_mae,8,8,background,head_target_density1
0.006441139015833606,0.009871667844826917,0.002922576443842206,released,0.75,20,masked_mae,8,8,background,head_target_density1
0.005503427913336241,0.008846428459693908,0.0024202885675106067,adaptive,0.7,20,masked_mae,8,8,eyes,head_target_density1
0.008240400876676202,0.011429313099509338,0.005250815245414434,released,0.8,20,masked_mae,8,8,eyes,head_target_density1
-0.008593050760077716,-0.005143680764708435,-0.01274890154757572,adaptive,0.1,20,masked_mae,8,8,flame_supported,head_target_density1
-0.006261754699379113,-0.0034187111217175432,-0.009671872197199267,released,0.1,20,masked_mae,8,8,flame_supported,head_target_density1
0.032694637055335006,0.04346118483659844,0.02287360500458654,adaptive,1.0,20,masked_mae,8,8,flame_unsupported,head_target_density1
0.04113684350986212,0.053792023508456854,0.030014182607224743,released,1.0,20,masked_mae,8,8,flame_unsupported,head_target_density1
0.003275619203015228,0.005581888316988105,0.00089708906409726,adaptive,0.75,20,masked_mae,8,8,foreground,head_target_density1
0.00703045747862292,0.009541258273227833,0.004417032490401762,released,0.95,20,masked_mae,8,8,foreground,head_target_density1
0.004370191904029455,0.006737518517614958,0.0019433278191571216,adaptive,0.8,20,masked_mae,8,8,full_frame,head_target_density1
0.006522453304321043,0.008760625919566355,0.00417183620309589,released,0.8,20,masked_mae,8,8,full_frame,head_target_density1
0.005959527206068979,0.010120025106390068,0.0013911527906849918,adaptive,0.85,20,masked_mae,8,8,head_foreground,head_target_density1
0.007331011832729203,0.01119305465357426,0.0032174520550795954,released,0.8,20,masked_mae,8,8,head_foreground,head_target_density1
-0.003317601809938897,0.0005269677937283674,-0.008481767026509759,adaptive,0.55,20,masked_mae,8,8,head_supported,head_target_density1
-0.0029622035235930045,5.027106102959867e-05,-0.006941803694273071,released,0.35,20,masked_mae,8,8,head_supported,head_target_density1
0.06907379009271794,0.08929352491488833,0.048494280442631696,adaptive,0.9,20,masked_mae,8,8,head_unsupported,head_target_density1
0.07985727714659273,0.10434115847499482,0.05634903954826149,released,0.9,20,masked_mae,8,8,head_unsupported,head_target_density1
0.00013046770378734654,0.0017631347137799752,-0.0015001162229220325,adaptive,0.5,20,masked_mae,8,8,oral,head_target_density1
-0.00019444211272396582,0.001976205750916751,-0.002249297500360568,released,0.4,20,masked_mae,8,8,oral,head_target_density1
-0.004891707023369876,0.005106844400649695,-0.012878686903564533,adaptive,0.3,20,masked_mae,8,8,torso_outside_head_roi,head_target_density1
0.004844143994555181,0.012540120548305935,-0.002632320093351302,released,0.6,20,masked_mae,8,8,torso_outside_head_roi,head_target_density1
-0.0010300869948148962,0.0031707021065886403,-0.0056343077652690424,adaptive,0.55,20,masked_mae,384,1,background,head_target_density1
0.0022175476055487234,0.006847745305279433,-0.0024070012534389905,released,0.55,20,masked_mae,384,1,background,head_target_density1
0.0044703106855027005,0.007037805422565989,0.0020616437344585445,adaptive,0.8,20,masked_mae,384,1,eyes,head_target_density1
0.00739381684816375,0.010560246978425305,0.004335811028789437,released,0.85,20,masked_mae,384,1,eyes,head_target_density1
-0.009575923117332413,-0.006323499954245462,-0.012997034896319416,adaptive,0.1,20,masked_mae,384,1,flame_supported,head_target_density1
-0.006847759422530991,-0.0037794456421535653,-0.010116118736523991,released,0.25,20,masked_mae,384,1,flame_supported,head_target_density1
0.09206409859439177,0.12703323133429464,0.059548073367324476,adaptive,0.9,20,masked_mae,384,1,flame_unsupported,head_target_density1
0.09690042862339292,0.13257947022484176,0.06420730395378965,released,0.9,20,masked_mae,384,1,flame_unsupported,head_target_density1
0.019798833094287892,0.031985544045797565,0.009364127297964823,adaptive,0.8,20,masked_mae,384,1,foreground,head_target_density1
0.02301797073478328,0.0357281670328013,0.012295437624416889,released,0.85,20,masked_mae,384,1,foreground,head_target_density1
0.01005590392053557,0.016949161279726163,0.003990309522910548,adaptive,0.75,20,masked_mae,384,1,full_frame,head_target_density1
0.013467649352154856,0.020727600141026575,0.007123415041688021,released,0.75,20,masked_mae,384,1,full_frame,head_target_density1
0.033392950277230014,0.04525404268766723,0.022931076127376927,adaptive,1.0,20,masked_mae,384,1,head_foreground,head_target_density1
0.03620667810047957,0.047750913943959174,0.02555871548998046,released,1.0,20,masked_mae,384,1,head_foreground,head_target_density1
0.004008578605315391,0.005272623237129318,0.0027510991851648577,adaptive,0.85,20,masked_mae,384,1,head_supported,head_target_density1
0.005345126260651057,0.0064575031093126725,0.004198149797553721,released,1.0,20,masked_mae,384,1,head_supported,head_target_density1
0.23178270868297585,0.29067239265919204,0.17333355447945298,adaptive,0.95,20,masked_mae,384,1,head_unsupported,head_target_density1
0.25026534706949566,0.30601055188206444,0.1922557288313651,released,1.0,20,masked_mae,384,1,head_unsupported,head_target_density1
-0.0017177099197711557,-0.00027683335969034314,-0.003060793885648219,adaptive,0.35,20,masked_mae,384,1,oral,head_target_density1
1.3636444342580642e-05,0.0018246165964597042,-0.0017982075375827917,released,0.55,20,masked_mae,384,1,oral,head_target_density1
-0.0164455399656808,0.0022208257363889195,-0.03353016039151642,adaptive,0.35,20,masked_mae,384,1,torso_outside_head_roi,head_target_density1
-0.012053481253219157,0.008490980195343686,-0.02946704277032826,released,0.25,20,masked_mae,384,1,torso_outside_head_roi,head_target_density1
-0.0013828362352408016,0.0027672861269171416,-0.006405183933838507,adaptive,0.55,20,masked_mae,384,4,background,head_target_density1
0.005669189300953648,0.011158154562084015,0.00027356679597205296,released,0.75,20,masked_mae,384,4,background,head_target_density1
0.006301661149701579,0.008992651005525681,0.003984873225513808,adaptive,0.9,20,masked_mae,384,4,eyes,head_target_density1
0.008338480196166287,0.011908730359988217,0.00466581697276599,released,0.8,20,masked_mae,384,4,eyes,head_target_density1
-0.011774697940948346,-0.008506983006602293,-0.015056320492535288,adaptive,0.0,20,masked_mae,384,4,flame_supported,head_target_density1
-0.008197936003479372,-0.005241211641774778,-0.011295748083402462,released,0.1,20,masked_mae,384,4,flame_supported,head_target_density1
0.08669021276716136,0.1195679991020402,0.056845567065522296,adaptive,0.95,20,masked_mae,384,4,flame_unsupported,head_target_density1
0.09388603270680085,0.12773653276652633,0.06289805063463369,released,0.95,20,masked_mae,384,4,flame_unsupported,head_target_density1
0.016507724504529725,0.02793514945468933,0.006888259773133462,adaptive,0.75,20,masked_mae,384,4,foreground,head_target_density1
0.020803397331313582,0.033133411708320334,0.011296784099696573,released,0.85,20,masked_mae,384,4,foreground,head_target_density1
0.00827100001638148,0.01442216949056769,0.0033949334478849003,adaptive,0.75,20,masked_mae,384,4,full_frame,head_target_density1
0.01367704102049408,0.01964468876684992,0.008585083687163146,released,1.0,20,masked_mae,384,4,full_frame,head_target_density1
0.03096289257397733,0.04161264837625043,0.021359665288750957,adaptive,1.0,20,masked_mae,384,4,head_foreground,head_target_density1
0.036289230082918386,0.0477029771069703,0.026221636399083117,released,1.0,20,masked_mae,384,4,head_foreground,head_target_density1
0.0024868661500859605,0.0037006840382859812,0.001213073261925214,adaptive,0.85,20,masked_mae,384,4,head_supported,head_target_density1
0.005392987368088836,0.006630351648616676,0.004202889060124621,released,1.0,20,masked_mae,384,4,head_supported,head_target_density1
0.22271567154747246,0.27764056538679094,0.16737430217941077,adaptive,0.95,20,masked_mae,384,4,head_unsupported,head_target_density1
0.25426971132860976,0.3077111278312444,0.19784333458472084,released,1.0,20,masked_mae,384,4,head_unsupported,head_target_density1
-0.0010768029238720305,0.0004783046619162186,-0.0026621729644399892,adaptive,0.4,20,masked_mae,384,4,oral,head_target_density1
0.00038527420847537586,0.0023843168295861208,-0.0016663157042320366,released,0.55,20,masked_mae,384,4,oral,head_target_density1
-0.022729136332029883,-0.005160564726794114,-0.039228710144953285,adaptive,0.15,20,masked_mae,384,4,torso_outside_head_roi,head_target_density1
-0.021847738169646674,-0.0028684593491268423,-0.03861414120390789,released,0.15,20,masked_mae,384,4,torso_outside_head_roi,head_target_density1
-0.0025415751269706873,0.0013919668928994314,-0.007323615402903107,adaptive,0.45,20,masked_mae,384,8,background,head_target_density1
0.003806312821211354,0.008995213194220827,-0.0013712445471287245,released,0.65,20,masked_mae,384,8,background,head_target_density1
0.006890304941646405,0.00981980613980581,0.004205724585364968,adaptive,0.9,20,masked_mae,384,8,eyes,head_target_density1
0.008408157987852882,0.011656092363143493,0.005005110062976701,released,0.85,20,masked_mae,384,8,eyes,head_target_density1
-0.012950885999316208,-0.009449828256099494,-0.016455333520793917,adaptive,0.0,20,masked_mae,384,8,flame_supported,head_target_density1
-0.008685346079975245,-0.005648742116253128,-0.011709139869102025,released,0.15,20,masked_mae,384,8,flame_supported,head_target_density1
0.08407485500093227,0.11479165583004086,0.05462375961855948,adaptive,0.95,20,masked_mae,384,8,flame_unsupported,head_target_density1
0.09259294054559546,0.12565685024133308,0.06089371384214189,released,1.0,20,masked_mae,384,8,flame_unsupported,head_target_density1
0.01498426215053882,0.026065437239181703,0.006328667247786995,adaptive,0.75,20,masked_mae,384,8,foreground,head_target_density1
0.020209357238480566,0.0316299663687308,0.010709899030478344,released,0.8,20,masked_mae,384,8,foreground,head_target_density1
0.00684893976730358,0.012549435444079448,0.002172430699521844,adaptive,0.65,20,masked_mae,384,8,full_frame,head_target_density1
0.01248601088448177,0.018212986957244208,0.007645738856358965,released,0.9,20,masked_mae,384,8,full_frame,head_target_density1
0.029981223505616696,0.04051236728561778,0.020590562279003695,adaptive,1.0,20,masked_mae,384,8,head_foreground,head_target_density1
0.03607037664641767,0.04709250738137528,0.02608826217630508,released,1.0,20,masked_mae,384,8,head_foreground,head_target_density1
0.0019493355884973404,0.0030340679507114324,0.0008316507962927911,adaptive,0.7,20,masked_mae,384,8,head_supported,head_target_density1
0.0052991842275058095,0.006565170526174526,0.004043261339809064,released,1.0,20,masked_mae,384,8,head_supported,head_target_density1
0.21972128959896522,0.2772451018423198,0.1624060131077561,adaptive,0.95,20,masked_mae,384,8,head_unsupported,head_target_density1
0.2534765926821082,0.31223397380296253,0.19379666861705394,released,1.0,20,masked_mae,384,8,head_unsupported,head_target_density1
-0.000144300122219794,0.0015746390453437638,-0.00197821630447461,adaptive,0.4,20,masked_mae,384,8,oral,head_target_density1
0.0003417070183146638,0.002285664617644036,-0.0015711925258473202,released,0.55,20,masked_mae,384,8,oral,head_target_density1
-0.025438929851372243,-0.008690395235101516,-0.041228258853115145,adaptive,0.15,20,masked_mae,384,8,torso_outside_head_roi,head_target_density1
-0.022177747116610833,-0.0040379864748808815,-0.03773016952303755,released,0.15,20,masked_mae,384,8,torso_outside_head_roi,head_target_density1
-0.018488426082368344,-0.006180632088624784,-0.03250795775961808,adaptive,0.2,20,masked_mae,8,1,background,primary_full_target_density1
-0.015624005422805797,-0.0048251167785667015,-0.028700320924302643,released,0.2,20,masked_mae,8,1,background,primary_full_target_density1
-0.0022771851759944227,0.004387516385416505,-0.011280484556702764,adaptive,0.55,20,masked_mae,8,1,eyes,primary_full_target_density1
-0.0052019100348799615,0.0007204208958703727,-0.012677992041312683,released,0.45,20,masked_mae,8,1,eyes,primary_full_target_density1
-0.024433590084968818,-0.016319195076360444,-0.033235811509349046,adaptive,0.05,20,masked_mae,8,1,flame_supported,primary_full_target_density1
-0.02175927222139407,-0.014869301214441131,-0.029736030309843633,released,0.0,20,masked_mae,8,1,flame_supported,primary_full_target_density1
0.22742411384961825,0.29208778266034674,0.16298256798506444,adaptive,0.95,20,masked_mae,8,1,flame_unsupported,primary_full_target_density1
0.2044834365039625,0.2630471462693624,0.14720469844854128,released,0.95,20,masked_mae,8,1,flame_unsupported,primary_full_target_density1
0.04906774119705864,0.07062282208534183,0.026152114466477427,adaptive,0.85,20,masked_mae,8,1,foreground,primary_full_target_density1
0.0444557356449051,0.06413822425062625,0.024001839101675568,released,0.85,20,masked_mae,8,1,foreground,primary_full_target_density1
0.01861006436065849,0.03594934746558529,-7.726460749023114e-05,adaptive,0.75,20,masked_mae,8,1,full_frame,primary_full_target_density1
0.017370798736595652,0.03283001276332491,0.0006705355489408733,released,0.7,20,masked_mae,8,1,full_frame,primary_full_target_density1
-0.008212624435376627,0.002177654309802088,-0.018592591739253518,adaptive,0.4,20,masked_mae,8,1,head_foreground,primary_full_target_density1
-0.009370991654901843,-0.0022796784811914502,-0.01658951496941634,released,0.35,20,masked_mae,8,1,head_foreground,primary_full_target_density1
-0.025330970077242672,-0.01759149694799624,-0.033464543171150045,adaptive,0.05,20,masked_mae,8,1,head_supported,primary_full_target_density1
-0.023040502696623645,-0.017218512724520497,-0.029064788567994444,released,0.05,20,masked_mae,8,1,head_supported,primary_full_target_density1
0.12196977975894004,0.17739931411647697,0.07189026487167337,adaptive,0.85,20,masked_mae,8,1,head_unsupported,primary_full_target_density1
0.09947408471652554,0.14067585444074066,0.06252062446265294,released,0.85,20,masked_mae,8,1,head_unsupported,primary_full_target_density1
-0.01034462033932486,-0.006551286737981929,-0.01424464791477491,adaptive,0.05,20,masked_mae,8,1,oral,primary_full_target_density1
-0.005684689214377074,-0.003150547314816151,-0.008305075924837238,released,0.25,20,masked_mae,8,1,oral,primary_full_target_density1
0.1829132721559932,0.24699198320230525,0.11490809143196136,adaptive,0.85,20,masked_mae,8,1,torso_outside_head_roi,primary_full_target_density1
0.1677153936122351,0.227271644921765,0.10700030698452254,released,0.85,20,masked_mae,8,1,torso_outside_head_roi,primary_full_target_density1
-0.01796440673279269,-0.00456075477909473,-0.033313106218985804,adaptive,0.35,20,masked_mae,8,4,background,primary_full_target_density1
-0.01609064221127884,-0.003959116788446704,-0.030860542012887054,released,0.3,20,masked_mae,8,4,background,primary_full_target_density1
-0.00514380488965493,0.00040440377418710744,-0.012042835986456684,adaptive,0.45,20,masked_mae,8,4,eyes,primary_full_target_density1
-0.006717864838697442,-0.0004357141597470936,-0.014195852116832327,released,0.45,20,masked_mae,8,4,eyes,primary_full_target_density1
-0.02440155908177821,-0.017297329719137708,-0.032163897983722545,adaptive,0.05,20,masked_mae,8,4,flame_supported,primary_full_target_density1
-0.021584585208750437,-0.016051906572388287,-0.02752160584027061,released,0.0,20,masked_mae,8,4,flame_supported,primary_full_target_density1
0.23510441655777298,0.2901936060715649,0.1802539204648819,adaptive,0.95,20,masked_mae,8,4,flame_unsupported,primary_full_target_density1
0.22148473475208513,0.27199060864121066,0.17291940308182818,released,1.0,20,masked_mae,8,4,flame_unsupported,primary_full_target_density1
0.051611305674436815,0.07003971394451039,0.03238792121113824,adaptive,0.9,20,masked_mae,8,4,foreground,primary_full_target_density1
0.049437532262428315,0.06565361889069671,0.03289214609873015,released,0.9,20,masked_mae,8,4,foreground,primary_full_target_density1
0.020892977763798618,0.03650669939850205,0.0037366936355145083,adaptive,0.8,20,masked_mae,8,4,full_frame,primary_full_target_density1
0.02027731781382425,0.03442699287548535,0.0048992696946317535,released,0.75,20,masked_mae,8,4,full_frame,primary_full_target_density1
-0.011031728938078526,-0.0020703348551945966,-0.019927616501322815,adaptive,0.25,20,masked_mae,8,4,head_foreground,primary_full_target_density1
-0.009747530769547725,-0.0025568736489541225,-0.016662607083096536,released,0.25,20,masked_mae,8,4,head_foreground,primary_full_target_density1
-0.027079174164175834,-0.019840757473487174,-0.03459440682868083,adaptive,0.05,20,masked_mae,8,4,head_supported,primary_full_target_density1
-0.024498900014378516,-0.019026911601172158,-0.030258504725827813,released,0.0,20,masked_mae,8,4,head_supported,primary_full_target_density1
0.10745454482231095,0.15323679964209777,0.06692965749742102,adaptive,0.9,20,masked_mae,8,4,head_unsupported,primary_full_target_density1
0.10263314891832509,0.14152501485907718,0.06559006582659828,released,0.85,20,masked_mae,8,4,head_unsupported,primary_full_target_density1
-0.012005745799589723,-0.008522255060911981,-0.015773319926530138,adaptive,0.05,20,masked_mae,8,4,oral,primary_full_target_density1
-0.00803778823412368,-0.004908512615964887,-0.011716538537578688,released,0.15,20,masked_mae,8,4,oral,primary_full_target_density1
0.19795890575518943,0.254581035065098,0.13680967457908977,adaptive,0.9,20,masked_mae,8,4,torso_outside_head_roi,primary_full_target_density1
0.18717776378715284,0.23702730019751173,0.1362863800619415,released,0.95,20,masked_mae,8,4,torso_outside_head_roi,primary_full_target_density1
-0.01679413206256647,-0.003992302622080605,-0.031517542300616985,adaptive,0.45,20,masked_mae,8,8,background,primary_full_target_density1
-0.01546794121968224,-0.003403270713957129,-0.02995771921763297,released,0.3,20,masked_mae,8,8,background,primary_full_target_density1
-0.004099131903450698,0.001379179705636671,-0.011331049971509482,adaptive,0.45,20,masked_mae,8,8,eyes,primary_full_target_density1
-0.0047860235536114825,0.0008525647946730578,-0.011783964683174173,released,0.5,20,masked_mae,8,8,eyes,primary_full_target_density1
-0.02581532014186405,-0.018793882536396817,-0.03298541294323818,adaptive,0.05,20,masked_mae,8,8,flame_supported,primary_full_target_density1
-0.022069649929507988,-0.016494811059098554,-0.027962735333706232,released,0.0,20,masked_mae,8,8,flame_supported,primary_full_target_density1
0.23547564306909224,0.29128805087132176,0.18064328750622763,adaptive,1.0,20,masked_mae,8,8,flame_unsupported,primary_full_target_density1
0.22758742574489613,0.2781502447493734,0.17990248254480165,released,1.0,20,masked_mae,8,8,flame_unsupported,primary_full_target_density1
0.05179083224492407,0.07047736441979721,0.032244213583653335,adaptive,0.9,20,masked_mae,8,8,foreground,primary_full_target_density1
0.05194382563538402,0.06898345893218669,0.035006506824044464,released,0.9,20,masked_mae,8,8,foreground,primary_full_target_density1
0.021082972396503804,0.036857695973882776,0.004340335303140764,adaptive,0.8,20,masked_mae,8,8,full_frame,primary_full_target_density1
0.021496011564053848,0.035631196477798506,0.005706502675236052,released,0.75,20,masked_mae,8,8,full_frame,primary_full_target_density1
-0.012457415620150143,-0.0039059396627651793,-0.020650889152940728,adaptive,0.25,20,masked_mae,8,8,head_foreground,primary_full_target_density1
-0.010624096535067556,-0.0035917425829082306,-0.017470593876477866,released,0.25,20,masked_mae,8,8,head_foreground,primary_full_target_density1
-0.028056207813040246,-0.021384754003504466,-0.034836474991135555,adaptive,0.0,20,masked_mae,8,8,head_supported,primary_full_target_density1
-0.02521512645385533,-0.019888031622468456,-0.030839633613306078,released,0.0,20,masked_mae,8,8,head_supported,primary_full_target_density1
0.10340583255188052,0.14862168278553628,0.06320122424096737,adaptive,0.9,20,masked_mae,8,8,head_unsupported,primary_full_target_density1
0.10039546561593723,0.13945169436618088,0.06466403444136616,released,0.9,20,masked_mae,8,8,head_unsupported,primary_full_target_density1
-0.011069753889914758,-0.007359125268587584,-0.015207930225152395,adaptive,0.1,20,masked_mae,8,8,oral,primary_full_target_density1
-0.006845423017787798,-0.003975203735197553,-0.010046638370743407,released,0.15,20,masked_mae,8,8,oral,primary_full_target_density1
0.19811307112728588,0.255288628037014,0.13818806945243162,adaptive,0.9,20,masked_mae,8,8,torso_outside_head_roi,primary_full_target_density1
0.1945558522228166,0.2459781512435869,0.14294650366358908,released,0.95,20,masked_mae,8,8,torso_outside_head_roi,primary_full_target_density1
-0.030610583022752474,-0.018852154608602928,-0.0427664559217723,adaptive,0.1,20,masked_mae,32,1,background,primary_full_target_density1
-0.029473724372260268,-0.016273703711784025,-0.04439359809153928,released,0.2,20,masked_mae,32,1,background,primary_full_target_density1
-0.0008814891008914819,0.0021014719776530333,-0.003503208102056215,adaptive,0.4,20,masked_mae,32,1,eyes,primary_full_target_density1
-0.0049206798134830846,-0.00015930512048991426,-0.009909694100297104,released,0.35,20,masked_mae,32,1,eyes,primary_full_target_density1
-0.010781750470666842,-0.004840357382966972,-0.016764181485845905,adaptive,0.15,20,masked_mae,32,1,flame_supported,primary_full_target_density1
-0.009116350689119665,-0.0029363323587577837,-0.015698869843201534,released,0.25,20,masked_mae,32,1,flame_supported,primary_full_target_density1
0.34937325249795437,0.41922252712776137,0.27611741527583245,adaptive,0.95,20,masked_mae,32,1,flame_unsupported,primary_full_target_density1
0.3516845697136873,0.4209566002689614,0.27916369125084156,released,0.95,20,masked_mae,32,1,flame_unsupported,primary_full_target_density1
0.09676557002015225,0.12053987400056823,0.07189931512964964,adaptive,0.9,20,masked_mae,32,1,foreground,primary_full_target_density1
0.09827042704101425,0.12125643793285568,0.07298599650295896,released,0.9,20,masked_mae,32,1,foreground,primary_full_target_density1
0.03905706959971446,0.055898043572644655,0.022243486955804907,adaptive,0.85,20,masked_mae,32,1,full_frame,primary_full_target_density1
0.04036045539344716,0.05730905241887978,0.023660095649385694,released,0.8,20,masked_mae,32,1,full_frame,primary_full_target_density1
0.014257348945761184,0.027604781984980228,0.002285634874972956,adaptive,0.65,20,masked_mae,32,1,head_foreground,primary_full_target_density1
0.016204011297955418,0.02959998035426778,0.004272861057521103,released,0.7,20,masked_mae,32,1,head_foreground,primary_full_target_density1
-0.01579839884383384,-0.0112857018835481,-0.020187736142220053,adaptive,0.05,20,masked_mae,32,1,head_supported,primary_full_target_density1
-0.013890797913126345,-0.009670240115630314,-0.018183097556474494,released,0.05,20,masked_mae,32,1,head_supported,primary_full_target_density1
0.22493519806685985,0.29975778847633905,0.1500362052962777,adaptive,0.85,20,masked_mae,32,1,head_unsupported,primary_full_target_density1
0.22598814192486358,0.29772064750168237,0.15442239069628455,released,0.95,20,masked_mae,32,1,head_unsupported,primary_full_target_density1
-0.008817574137060778,-0.005561894674883897,-0.012051575467083167,adaptive,0.1,20,masked_mae,32,1,oral,primary_full_target_density1
-0.004213726431816932,-0.0016518291885464268,-0.006807418821112859,released,0.3,20,masked_mae,32,1,oral,primary_full_target_density1
0.29998392084187325,0.35808519930988936,0.23627314296340315,adaptive,0.95,20,masked_mae,32,1,torso_outside_head_roi,primary_full_target_density1
0.3004019026554388,0.3621289303859615,0.2335057159209158,released,0.95,20,masked_mae,32,1,torso_outside_head_roi,primary_full_target_density1
-0.02780894325597145,-0.016292766910968114,-0.041212813964423514,adaptive,0.15,20,masked_mae,32,4,background,primary_full_target_density1
-0.02839081794260461,-0.014335040147714206,-0.04393413373806505,released,0.2,20,masked_mae,32,4,background,primary_full_target_density1
-0.0014064139700131826,0.001840758812917839,-0.004347731471212961,adaptive,0.4,20,masked_mae,32,4,eyes,primary_full_target_density1
-0.005498932675221323,-0.0006427590341641715,-0.010920306937892685,released,0.35,20,masked_mae,32,4,eyes,primary_full_target_density1
-0.013171562117707545,-0.007043885848795405,-0.01961399426433764,adaptive,0.25,20,masked_mae,32,4,flame_supported,primary_full_target_density1
-0.0112803548638317,-0.004890873668432023,-0.017888221245802402,released,0.3,20,masked_mae,32,4,flame_supported,primary_full_target_density1
0.3500478924041053,0.420252338541225,0.27786492637565907,adaptive,1.0,20,masked_mae,32,4,flame_unsupported,primary_full_target_density1
0.3573502506653614,0.4239950468702014,0.28876392747486285,released,1.0,20,masked_mae,32,4,flame_unsupported,primary_full_target_density1
0.09468916991032551,0.11768418277234954,0.07115745748409025,adaptive,0.9,20,masked_mae,32,4,foreground,primary_full_target_density1
0.0974935099049927,0.11966805302351846,0.0731504590953748,released,0.9,20,masked_mae,32,4,foreground,primary_full_target_density1
0.04038892457855197,0.057155772678287226,0.025423033366628045,adaptive,0.85,20,masked_mae,32,4,full_frame,primary_full_target_density1
0.04145169026048168,0.05837054334259338,0.025231247421685876,released,0.8,20,masked_mae,32,4,full_frame,primary_full_target_density1
0.01068470867984988,0.02369857465040204,-0.0009212966807432634,adaptive,0.55,20,masked_mae,32,4,head_foreground,primary_full_target_density1
0.013792667466527141,0.02637851343828848,0.0018484923661919994,released,0.65,20,masked_mae,32,4,head_foreground,primary_full_target_density1
-0.019337561851309856,-0.015162956516184803,-0.023988306000644333,adaptive,0.0,20,masked_mae,32,4,head_supported,primary_full_target_density1
-0.017443465520437768,-0.01335697040371143,-0.021580230627004753,released,0.0,20,masked_mae,32,4,head_supported,primary_full_target_density1
0.22191986159756755,0.2975299453943731,0.14574047100750007,adaptive,0.9,20,masked_mae,32,4,head_unsupported,primary_full_target_density1
0.23330529396225913,0.30611977805863905,0.16034205985159378,released,0.95,20,masked_mae,32,4,head_unsupported,primary_full_target_density1
-0.011181254644436067,-0.007932267594410763,-0.014894615961359658,adaptive,0.1,20,masked_mae,32,4,oral,primary_full_target_density1
-0.007857951336401176,-0.004906301385128821,-0.010990843179109743,released,0.1,20,masked_mae,32,4,oral,primary_full_target_density1
0.30076129869964663,0.3567274165473088,0.24468544698860248,adaptive,1.0,20,masked_mae,32,4,torso_outside_head_roi,primary_full_target_density1
0.3023202736945744,0.3575630734097664,0.24360174583387237,released,1.0,20,masked_mae,32,4,torso_outside_head_roi,primary_full_target_density1
-0.027819777551970758,-0.015599331347587411,-0.0418890835332221,adaptive,0.15,20,masked_mae,32,8,background,primary_full_target_density1
-0.027577210481478414,-0.01379057326654777,-0.04310766533519358,released,0.2,20,masked_mae,32,8,background,primary_full_target_density1
-0.00031506547450036034,0.0026336946221473096,-0.0031335950920934963,adaptive,0.4,20,masked_mae,32,8,eyes,primary_full_target_density1
-0.004123466110526075,0.0005709713752836349,-0.009589790745972214,released,0.4,20,masked_mae,32,8,eyes,primary_full_target_density1
-0.013084429107887397,-0.007029629318214791,-0.019313576873960944,adaptive,0.2,20,masked_mae,32,8,flame_supported,primary_full_target_density1
-0.011846839123536864,-0.005718419958943597,-0.018112446397047562,released,0.25,20,masked_mae,32,8,flame_supported,primary_full_target_density1
0.3565348695070224,0.42385066287409995,0.28644122765786656,adaptive,1.0,20,masked_mae,32,8,flame_unsupported,primary_full_target_density1
0.3606149024341437,0.4248514869952712,0.2891145356844244,released,1.0,20,masked_mae,32,8,flame_unsupported,primary_full_target_density1
0.09838507595592938,0.12109670276111882,0.07485922582323525,adaptive,0.9,20,masked_mae,32,8,foreground,primary_full_target_density1
0.10013579847323148,0.1219327575578825,0.0763690133998618,released,0.9,20,masked_mae,32,8,foreground,primary_full_target_density1
0.04160284651134266,0.05874983951599911,0.02583823319809434,adaptive,0.85,20,masked_mae,32,8,full_frame,primary_full_target_density1
0.042509270626057125,0.05945043909902353,0.026216003043526018,released,0.8,20,masked_mae,32,8,full_frame,primary_full_target_density1
0.01080410553327062,0.022721015734313406,4.9990211285783365e-05,adaptive,0.6,20,masked_mae,32,8,head_foreground,primary_full_target_density1
0.012908547625583768,0.02541304120507715,0.0017104963603548563,released,0.65,20,masked_mae,32,8,head_foreground,primary_full_target_density1
-0.019228887248630484,-0.015124459761865638,-0.023801414524743422,adaptive,0.0,20,masked_mae,32,8,head_supported,primary_full_target_density1
-0.017826899775512915,-0.013993259671374313,-0.021726967765067738,released,0.0,20,masked_mae,32,8,head_supported,primary_full_target_density1
0.22377092937926876,0.2953773370153972,0.14980455428789474,adaptive,0.9,20,masked_mae,32,8,head_unsupported,primary_full_target_density1
0.22810301898274785,0.298196231679855,0.15657130411069412,released,0.95,20,masked_mae,32,8,head_unsupported,primary_full_target_density1
-0.010792347761386854,-0.0072832601504707346,-0.014600757052340157,adaptive,0.1,20,masked_mae,32,8,oral,primary_full_target_density1
-0.007058105532666653,-0.004409355590142075,-0.00996697122125058,released,0.15,20,masked_mae,32,8,oral,primary_full_target_density1
0.3039204246989862,0.35862221045896003,0.24656196870003955,adaptive,1.0,20,masked_mae,32,8,torso_outside_head_roi,primary_full_target_density1
0.30483029520469657,0.36186006743848514,0.24502789337059125,released,1.0,20,masked_mae,32,8,torso_outside_head_roi,primary_full_target_density1
-0.019302810847600143,-0.013263106933514552,-0.025603968690742256,adaptive,0.1,20,masked_mae,128,1,background,primary_full_target_density1
-0.019207174769832552,-0.009557265727872145,-0.03146245164665302,released,0.25,20,masked_mae,128,1,background,primary_full_target_density1
0.00035481874156090764,0.0034647709061610926,-0.002680253278515077,adaptive,0.45,20,masked_mae,128,1,eyes,primary_full_target_density1
-0.0006164789220797603,0.0022975970239163097,-0.00334233758716332,released,0.5,20,masked_mae,128,1,eyes,primary_full_target_density1
-0.0030950052451124963,0.0018618114973241362,-0.008155182485843338,adaptive,0.5,20,masked_mae,128,1,flame_supported,primary_full_target_density1
-0.0034506205373361874,0.0024746680111989495,-0.009935357096794351,released,0.5,20,masked_mae,128,1,flame_supported,primary_full_target_density1
0.34456561446067047,0.42112923179317,0.2678253820116684,adaptive,1.0,20,masked_mae,128,1,flame_unsupported,primary_full_target_density1
0.3594437833407503,0.43438599125847427,0.27983140096632175,released,1.0,20,masked_mae,128,1,flame_unsupported,primary_full_target_density1
0.10082296613517931,0.12571572103119028,0.07471484933637988,adaptive,0.9,20,masked_mae,128,1,foreground,primary_full_target_density1
0.10542522535147023,0.13188462719594804,0.07820115411117282,released,0.9,20,masked_mae,128,1,foreground,primary_full_target_density1
0.047771735293696625,0.06355971131446901,0.03276664247373482,adaptive,0.9,20,masked_mae,128,1,full_frame,primary_full_target_density1
0.05026073815330626,0.06691965285048943,0.034553748848182804,released,0.95,20,masked_mae,128,1,full_frame,primary_full_target_density1
0.018571210435700862,0.029958659380558753,0.007951294290671778,adaptive,0.7,20,masked_mae,128,1,head_foreground,primary_full_target_density1
0.02005987222617906,0.031170611465412727,0.00922392989865622,released,0.8,20,masked_mae,128,1,head_foreground,primary_full_target_density1
-0.009189089227846479,-0.005340480790884485,-0.01338013063304711,adaptive,0.1,20,masked_mae,128,1,head_supported,primary_full_target_density1
-0.009210009146883599,-0.00475131834079459,-0.014837040777179702,released,0.1,20,masked_mae,128,1,head_supported,primary_full_target_density1
0.22161613316461812,0.2937516063740522,0.1528563921731077,adaptive,0.9,20,masked_mae,128,1,head_unsupported,primary_full_target_density1
0.23587925666925388,0.3051671500612748,0.16886596623983333,released,0.95,20,masked_mae,128,1,head_unsupported,primary_full_target_density1
-0.00635823216356176,-0.0035729712498738415,-0.009453290414519354,adaptive,0.1,20,masked_mae,128,1,oral,primary_full_target_density1
-0.0037120673050299187,-0.001598450905863803,-0.005980201066795779,released,0.2,20,masked_mae,128,1,oral,primary_full_target_density1
0.2982896663826605,0.3628324569107172,0.23086472619336096,adaptive,1.0,20,masked_mae,128,1,torso_outside_head_roi,primary_full_target_density1
0.3114037273706269,0.37702139760474007,0.23996316286688224,released,0.95,20,masked_mae,128,1,torso_outside_head_roi,primary_full_target_density1
-0.02213735766427287,-0.01599609211993229,-0.028835910241904333,adaptive,0.05,20,masked_mae,128,4,background,primary_full_target_density1
-0.02220639047523939,-0.01280488842028337,-0.03275753704549208,released,0.2,20,masked_mae,128,4,background,primary_full_target_density1
-6.868468675110367e-05,0.003206204572393798,-0.0033054869765043013,adaptive,0.55,20,masked_mae,128,4,eyes,primary_full_target_density1
-0.00015601744086600304,0.002364474132726386,-0.002590187803016568,released,0.45,20,masked_mae,128,4,eyes,primary_full_target_density1
-0.006743870438644481,-0.0020425745601205343,-0.011432817223877099,adaptive,0.35,20,masked_mae,128,4,flame_supported,primary_full_target_density1
-0.0050991505989943006,0.00047779305591881484,-0.01059208071426574,released,0.35,20,masked_mae,128,4,flame_supported,primary_full_target_density1
0.3447461199300767,0.42144719707214434,0.2649233869198134,adaptive,1.0,20,masked_mae,128,4,flame_unsupported,primary_full_target_density1
0.36236087484436885,0.4378795025793389,0.28360203688228924,released,1.0,20,masked_mae,128,4,flame_unsupported,primary_full_target_density1
0.0971206511009698,0.12149899320269528,0.07190423459050795,adaptive,0.95,20,masked_mae,128,4,foreground,primary_full_target_density1
0.10407170635578442,0.12798514671625233,0.07918222636862339,released,1.0,20,masked_mae,128,4,foreground,primary_full_target_density1
0.04527647342563661,0.06079065317826822,0.031087090878365125,adaptive,0.9,20,masked_mae,128,4,full_frame,primary_full_target_density1
0.0489332066696647,0.06420762026153976,0.034792208558819086,released,1.0,20,masked_mae,128,4,full_frame,primary_full_target_density1
0.014711444295751538,0.024874584014809936,0.004989129473827253,adaptive,0.65,20,masked_mae,128,4,head_foreground,primary_full_target_density1
0.017680039039826588,0.027404958975842105,0.008638830267843137,released,0.65,20,masked_mae,128,4,head_foreground,primary_full_target_density1
-0.014043937786021827,-0.010678539746503745,-0.01790244336932089,adaptive,0.0,20,masked_mae,128,4,head_supported,primary_full_target_density1
-0.012251089515196793,-0.008395911680110214,-0.016561968526127926,released,0.0,20,masked_mae,128,4,head_supported,primary_full_target_density1
0.2276954152257284,0.29646350521379417,0.16148331516530537,adaptive,0.95,20,masked_mae,128,4,head_unsupported,primary_full_target_density1
0.2406129972827249,0.3059434358134567,0.17531431645728657,released,1.0,20,masked_mae,128,4,head_unsupported,primary_full_target_density1
-0.009033640894515065,-0.005798709509009884,-0.012627811760119343,adaptive,0.1,20,masked_mae,128,4,oral,primary_full_target_density1
-0.005335816905346892,-0.0032712798977692762,-0.007447080283811791,released,0.15,20,masked_mae,128,4,oral,primary_full_target_density1
0.2944680899378679,0.35974707691456864,0.22964228478437082,adaptive,1.0,20,masked_mae,128,4,torso_outside_head_roi,primary_full_target_density1
0.312527045297418,0.3764083532913497,0.24608999696527067,released,1.0,20,masked_mae,128,4,torso_outside_head_roi,primary_full_target_density1
-0.022073254847228486,-0.015482475253520667,-0.02842789685227622,adaptive,0.05,20,masked_mae,128,8,background,primary_full_target_density1
-0.023219683988136126,-0.013828946079045622,-0.033726360245527755,released,0.2,20,masked_mae,128,8,background,primary_full_target_density1
0.001453186110412744,0.004840814718677044,-0.0019481281075905675,adaptive,0.55,20,masked_mae,128,8,eyes,primary_full_target_density1
0.0009190889877976622,0.0033715528024061596,-0.0014359969391154377,released,0.65,20,masked_mae,128,8,eyes,primary_full_target_density1
-0.007309127854863576,-0.002389300984586542,-0.012326626527883975,adaptive,0.35,20,masked_mae,128,8,flame_supported,primary_full_target_density1
-0.005454363801939695,6.444802048874463e-05,-0.010812350942877752,released,0.35,20,masked_mae,128,8,flame_supported,primary_full_target_density1
0.35496067643104184,0.4315747897905057,0.27737628519735297,adaptive,1.0,20,masked_mae,128,8,flame_unsupported,primary_full_target_density1
0.3696806831049475,0.444214928402211,0.2903743536985628,released,1.0,20,masked_mae,128,8,flame_unsupported,primary_full_target_density1
0.10154104895881808,0.12577651524122194,0.07692117757894505,adaptive,1.0,20,masked_mae,128,8,foreground,primary_full_target_density1
0.10769003628695936,0.13131290534920206,0.08203357391533159,released,1.0,20,masked_mae,128,8,foreground,primary_full_target_density1
0.04702379378405484,0.06294611927793828,0.03220603104385119,adaptive,0.9,20,masked_mae,128,8,full_frame,primary_full_target_density1
0.04983466392299658,0.06514587729567231,0.035288739736806095,released,1.0,20,masked_mae,128,8,full_frame,primary_full_target_density1
0.014891969134542781,0.025229914405918492,0.005197424929880899,adaptive,0.65,20,masked_mae,128,8,head_foreground,primary_full_target_density1
0.017757848660846395,0.02727996812926116,0.00873696970461032,released,0.7,20,masked_mae,128,8,head_foreground,primary_full_target_density1
-0.014600855799305113,-0.010889187169115846,-0.018764248815977564,adaptive,0.0,20,masked_mae,128,8,head_supported,primary_full_target_density1
-0.01262387559701808,-0.008618152458456058,-0.017073999625223695,released,0.0,20,masked_mae,128,8,head_supported,primary_full_target_density1
0.23274744232819802,0.2999504983096158,0.16655296922624582,adaptive,0.95,20,masked_mae,128,8,head_unsupported,primary_full_target_density1
0.24653835615938552,0.309750980180427,0.18450786259358068,released,1.0,20,masked_mae,128,8,head_unsupported,primary_full_target_density1
-0.00851590249959749,-0.005143443446666912,-0.01216620616147382,adaptive,0.1,20,masked_mae,128,8,oral,primary_full_target_density1
-0.005118672302079337,-0.0029892304836764217,-0.00726754403309853,released,0.1,20,masked_mae,128,8,oral,primary_full_target_density1
0.3024634059143354,0.3657663556101107,0.23528694251120502,adaptive,1.0,20,masked_mae,128,8,torso_outside_head_roi,primary_full_target_density1
0.31681888011003323,0.3802512396738198,0.24756572322204323,released,1.0,20,masked_mae,128,8,torso_outside_head_roi,primary_full_target_density1
-0.021745114135160937,-0.014146871694121814,-0.03102128709967857,adaptive,0.1,20,masked_mae,384,1,background,primary_full_target_density1
-0.01711675297268235,-0.009325550092551104,-0.027227865325393605,released,0.15,20,masked_mae,384,1,background,primary_full_target_density1
0.0018814664413864001,0.0044401110569813156,-0.000715137913558191,adaptive,0.6,20,masked_mae,384,1,eyes,primary_full_target_density1
-0.0005880623982473059,0.0029512355422632837,-0.0038781549597416347,released,0.4,20,masked_mae,384,1,eyes,primary_full_target_density1
-0.0037561777391078867,0.00127838818246455,-0.008877287769055952,adaptive,0.55,20,masked_mae,384,1,flame_supported,primary_full_target_density1
-0.0020198059808323094,0.0030209997500515945,-0.006852979948059476,released,0.5,20,masked_mae,384,1,flame_supported,primary_full_target_density1
0.3594487619481901,0.4327360904465985,0.28151433238485174,adaptive,1.0,20,masked_mae,384,1,flame_unsupported,primary_full_target_density1
0.3766446412177091,0.4503370916119313,0.3010315809912337,released,1.0,20,masked_mae,384,1,flame_unsupported,primary_full_target_density1
0.10514264353625682,0.1294921540449131,0.07951406309254413,adaptive,0.9,20,masked_mae,384,1,foreground,primary_full_target_density1
0.11120543338874556,0.13636541647065764,0.08524486579858585,released,0.95,20,masked_mae,384,1,foreground,primary_full_target_density1
0.048714976363195835,0.0643189995469254,0.03353497416641118,adaptive,0.85,20,masked_mae,384,1,full_frame,primary_full_target_density1
0.054282477291631506,0.07000013982019726,0.0391523614542997,released,0.95,20,masked_mae,384,1,full_frame,primary_full_target_density1
0.018588444408409517,0.030443142724987896,0.007762861094598917,adaptive,0.7,20,masked_mae,384,1,head_foreground,primary_full_target_density1
0.022029754983041015,0.03258713284049774,0.011982059003627511,released,0.75,20,masked_mae,384,1,head_foreground,primary_full_target_density1
-0.009597507557556617,-0.00573488269278804,-0.01346918559276688,adaptive,0.1,20,masked_mae,384,1,head_supported,primary_full_target_density1
-0.008167822713209144,-0.005012114627120898,-0.011519876429508006,released,0.05,20,masked_mae,384,1,head_supported,primary_full_target_density1
0.22083672187898212,0.2947748388398919,0.14996987636373788,adaptive,0.9,20,masked_mae,384,1,head_unsupported,primary_full_target_density1
0.2455504173968916,0.3103216254932522,0.18211350785553662,released,1.0,20,masked_mae,384,1,head_unsupported,primary_full_target_density1
-0.007069235189451241,-0.004316138276616454,-0.010070532399487523,adaptive,0.15,20,masked_mae,384,1,oral,primary_full_target_density1
-0.006122074612913216,-0.0034210049152765885,-0.008912478371231665,released,0.25,20,masked_mae,384,1,oral,primary_full_target_density1
0.3152576649562228,0.37824305695622534,0.24739878992526987,adaptive,1.0,20,masked_mae,384,1,torso_outside_head_roi,primary_full_target_density1
0.32577410466677004,0.3902411628300339,0.25390587087129396,released,0.95,20,masked_mae,384,1,torso_outside_head_roi,primary_full_target_density1
-0.0220365344377361,-0.015802387270133684,-0.028977862033338415,adaptive,0.05,20,masked_mae,384,4,background,primary_full_target_density1
-0.018453289015940882,-0.012302586846401526,-0.025914854027657242,released,0.05,20,masked_mae,384,4,background,primary_full_target_density1
0.0005689311198032104,0.0032862580761491506,-0.0020531294844690984,adaptive,0.5,20,masked_mae,384,4,eyes,primary_full_target_density1
-0.0005389603677273373,0.0031262587168521265,-0.00442650023806477,released,0.45,20,masked_mae,384,4,eyes,primary_full_target_density1
-0.007925527835324247,-0.0032824909519202994,-0.012673544641501664,adaptive,0.35,20,masked_mae,384,4,flame_supported,primary_full_target_density1
-0.004256028112603597,0.0007910487160437808,-0.009343565321909284,released,0.35,20,masked_mae,384,4,flame_supported,primary_full_target_density1
0.35999129184966117,0.43191653942963887,0.2839405872199914,adaptive,1.0,20,masked_mae,384,4,flame_unsupported,primary_full_target_density1
0.37855701051767776,0.4525836529218321,0.30103239023322903,released,1.0,20,masked_mae,384,4,flame_unsupported,primary_full_target_density1
0.10132738299539357,0.12494496958329311,0.0768297856028241,adaptive,0.95,20,masked_mae,384,4,foreground,primary_full_target_density1
0.10932699195685333,0.13327810479078311,0.08445411195106266,released,1.0,20,masked_mae,384,4,foreground,primary_full_target_density1
0.04737066857523608,0.062264857760419304,0.03308333461715936,adaptive,0.85,20,masked_mae,384,4,full_frame,primary_full_target_density1
0.05346319754261615,0.06907593095242376,0.0385797152031278,released,1.0,20,masked_mae,384,4,full_frame,primary_full_target_density1
0.014244989829085947,0.02458871555360003,0.004576356552911341,adaptive,0.65,20,masked_mae,384,4,head_foreground,primary_full_target_density1
0.020153818873765484,0.02981431170600234,0.010851087387810023,released,0.7,20,masked_mae,384,4,head_foreground,primary_full_target_density1
-0.01515260270636494,-0.01178046617592045,-0.0187137928943256,adaptive,0.0,20,masked_mae,384,4,head_supported,primary_full_target_density1
-0.011435141787400193,-0.008142679547409045,-0.015040391509117585,released,0.0,20,masked_mae,384,4,head_supported,primary_full_target_density1
0.2273333698489778,0.2991061773734323,0.15773663211195263,adaptive,0.95,20,masked_mae,384,4,head_unsupported,primary_full_target_density1
0.2538292392016713,0.3188334028308035,0.190485362866346,released,1.0,20,masked_mae,384,4,head_unsupported,primary_full_target_density1
-0.008209125580630122,-0.005492877234452789,-0.011384865233164015,adaptive,0.1,20,masked_mae,384,4,oral,primary_full_target_density1
-0.007328064255937771,-0.004865730061019205,-0.00990939901320013,released,0.2,20,masked_mae,384,4,oral,primary_full_target_density1
0.31238476251444325,0.3736351377236191,0.2444877118144086,adaptive,1.0,20,masked_mae,384,4,torso_outside_head_roi,primary_full_target_density1
0.3235060809918554,0.3877840229873271,0.25451128742700496,released,1.0,20,masked_mae,384,4,torso_outside_head_roi,primary_full_target_density1
-0.021656455936571263,-0.015236774182516517,-0.028946410683407912,adaptive,0.05,20,masked_mae,384,8,background,primary_full_target_density1
-0.02033685844723463,-0.014164217620730947,-0.028291808722455465,released,0.0,20,masked_mae,384,8,background,primary_full_target_density1
0.0021421355055726023,0.005022711385312591,-0.0006684365255192063,adaptive,0.65,20,masked_mae,384,8,eyes,primary_full_target_density1
-0.0002291919814785246,0.003595526019109284,-0.004053172397903443,released,0.4,20,masked_mae,384,8,eyes,primary_full_target_density1
-0.008236786495736753,-0.003185390118100949,-0.013461408656485908,adaptive,0.35,20,masked_mae,384,8,flame_supported,primary_full_target_density1
-0.005098697436878094,0.00032993030046901646,-0.010548150150878476,released,0.4,20,masked_mae,384,8,flame_supported,primary_full_target_density1
0.3654314395851136,0.43867562072393174,0.288904945571769,adaptive,1.0,20,masked_mae,384,8,flame_unsupported,primary_full_target_density1
0.38527858756733335,0.4588289555346331,0.31079561196301564,released,1.0,20,masked_mae,384,8,flame_unsupported,primary_full_target_density1
0.10441184337530751,0.12849028645647986,0.07998618534116683,adaptive,1.0,20,masked_mae,384,8,foreground,primary_full_target_density1
0.11238629533440554,0.13629374116193826,0.08723612850341363,released,1.0,20,masked_mae,384,8,foreground,primary_full_target_density1
0.04853826623630385,0.06366280007521481,0.03405936791288732,adaptive,0.85,20,masked_mae,384,8,full_frame,primary_full_target_density1
0.05361126976095752,0.06903357067170941,0.03848730173010331,released,1.0,20,masked_mae,384,8,full_frame,primary_full_target_density1
0.013905404676732097,0.023785587271192156,0.004271595821698731,adaptive,0.65,20,masked_mae,384,8,head_foreground,primary_full_target_density1
0.019387904125756462,0.02928113850653203,0.010023453993159234,released,0.7,20,masked_mae,384,8,head_foreground,primary_full_target_density1
-0.015374025793804086,-0.011542839354771083,-0.01966722270115708,adaptive,0.0,20,masked_mae,384,8,head_supported,primary_full_target_density1
-0.012380994587425736,-0.008722344026749287,-0.016458330175666943,released,0.0,20,masked_mae,384,8,head_supported,primary_full_target_density1
0.22796432247301163,0.2981204249266083,0.15799322629675852,adaptive,0.95,20,masked_mae,384,8,head_unsupported,primary_full_target_density1
0.2568119003783148,0.3200522422898702,0.19462348887025038,released,1.0,20,masked_mae,384,8,head_unsupported,primary_full_target_density1
-0.00799246966529201,-0.005062384154708326,-0.011279718855030953,adaptive,0.15,20,masked_mae,384,8,oral,primary_full_target_density1
-0.007538477279129124,-0.004741743103356322,-0.010237825345687283,released,0.2,20,masked_mae,384,8,oral,primary_full_target_density1
0.31571767195010286,0.37680905603182596,0.24839163566734418,adaptive,1.0,20,masked_mae,384,8,torso_outside_head_roi,primary_full_target_density1
0.32775049583641125,0.3919954008434064,0.25943594160592864,released,1.0,20,masked_mae,384,8,torso_outside_head_roi,primary_full_target_density1
-0.011878536677076687,0.0019419748628778431,-0.02681236464264136,adaptive,0.4,20,ssim,8,1,full_frame,full_target_density2
-0.016164299987611305,-0.0020441095992213315,-0.030473881871217755,released,0.35,20,ssim,8,1,full_frame,full_target_density2
-0.018860829779596015,-0.003514506814606244,-0.035005325305868265,adaptive,0.3,20,ssim,8,4,full_frame,full_target_density2
-0.02131929903319387,-0.006584829846114827,-0.035664990797187344,released,0.2,20,ssim,8,4,full_frame,full_target_density2
-0.021551617270424234,-0.005896581565695145,-0.03769250978139182,adaptive,0.25,20,ssim,8,8,full_frame,full_target_density2
-0.02202538968551726,-0.006536813025318463,-0.0375800222016516,released,0.25,20,ssim,8,8,full_frame,full_target_density2
0.008893221084560652,0.01783780128916815,-0.0004866679997316635,adaptive,0.7,20,ssim,384,1,full_frame,full_target_density2
0.01460457390972546,0.02359116558695119,0.005374734099244795,released,0.75,20,ssim,384,1,full_frame,full_target_density2
-0.003130191248474701,0.004686914680130543,-0.010920247260594027,adaptive,0.5,20,ssim,384,4,full_frame,full_target_density2
0.007094049002185021,0.014820192977786086,-0.0005045937848361969,released,0.55,20,ssim,384,4,full_frame,full_target_density2
-0.005217956574190224,0.0030296729522801664,-0.013338048202650863,adaptive,0.45,20,ssim,384,8,full_frame,full_target_density2
0.002036023281869431,0.010380443538583445,-0.006097231936596676,released,0.55,20,ssim,384,8,full_frame,full_target_density2
0.02816932683899287,0.03691515476398524,0.01944530416723515,adaptive,0.9,20,ssim,8,1,full_frame,head_target_density1
0.02646127477997825,0.03506079510209108,0.018081461966392515,released,0.9,20,ssim,8,1,full_frame,head_target_density1
0.02219361188736827,0.032784314256048545,0.011665822330749406,adaptive,0.8,20,ssim,8,4,full_frame,head_target_density1
0.021320263905958696,0.03087713215048566,0.011585412793087243,released,0.85,20,ssim,8,4,full_frame,head_target_density1
0.021756425641831913,0.032467784221683234,0.010744355179014689,adaptive,0.75,20,ssim,8,8,full_frame,head_target_density1
0.02161842123383568,0.031148015349393793,0.011989953030078196,released,0.75,20,ssim,8,8,full_frame,head_target_density1
0.028633720853498995,0.03612056351932032,0.021612364647111717,adaptive,1.0,20,ssim,384,1,full_frame,head_target_density1
0.0412643806210586,0.04997666382807349,0.03277719028027998,released,1.0,20,ssim,384,1,full_frame,head_target_density1
0.02416707150863879,0.03037767566176076,0.017767874972161004,adaptive,0.95,20,ssim,384,4,full_frame,head_target_density1
0.04623198879487586,0.05471055561394402,0.03738248225301505,released,1.0,20,ssim,384,4,full_frame,head_target_density1
0.0201146975159645,0.026670975163579032,0.013337545309747964,adaptive,0.9,20,ssim,384,8,full_frame,head_target_density1
0.042289351991244714,0.05147660601884127,0.03288020016536824,released,1.0,20,ssim,384,8,full_frame,head_target_density1
-0.02677487305232455,-0.00993062205878752,-0.04518359564865626,adaptive,0.3,20,ssim,8,1,full_frame,primary_full_target_density1
-0.0313772326778798,-0.017195538968025264,-0.04644462993191111,released,0.2,20,ssim,8,1,full_frame,primary_full_target_density1
-0.03937021697109395,-0.019878253428773446,-0.05906442723265199,adaptive,0.05,20,ssim,8,4,full_frame,primary_full_target_density1
-0.04167136062275279,-0.02564612553765375,-0.05786595412614668,released,0.1,20,ssim,8,4,full_frame,primary_full_target_density1
-0.04107741607086997,-0.022229910517732304,-0.06102651208639143,adaptive,0.1,20,ssim,8,8,full_frame,primary_full_target_density1
-0.04218105957621617,-0.026147879500474223,-0.05786829060741833,released,0.05,20,ssim,8,8,full_frame,primary_full_target_density1
-0.02587337561306499,-0.00904164110266027,-0.04316216079429501,adaptive,0.35,20,ssim,32,1,full_frame,primary_full_target_density1
-0.015074338586557467,0.002520007563843602,-0.03275512099620842,released,0.35,20,ssim,32,1,full_frame,primary_full_target_density1
-0.03938513949061888,-0.023398191977405232,-0.056111280493664054,adaptive,0.15,20,ssim,32,4,full_frame,primary_full_target_density1
-0.028201408142393282,-0.010341154799768442,-0.04673419801687654,released,0.3,20,ssim,32,4,full_frame,primary_full_target_density1
-0.040717928537300684,-0.024632372189135818,-0.05751651444250631,adaptive,0.2,20,ssim,32,8,full_frame,primary_full_target_density1
-0.029655140709309337,-0.01209366534082663,-0.0477089518042547,released,0.3,20,ssim,32,8,full_frame,primary_full_target_density1
-0.011443073870170692,0.00017835546107516356,-0.023730333145885248,adaptive,0.4,20,ssim,128,1,full_frame,primary_full_target_density1
-0.0008802351497468359,0.013108201314296056,-0.015573766963290315,released,0.55,20,ssim,128,1,full_frame,primary_full_target_density1
-0.030503290304631926,-0.0202626152460774,-0.04183593856904545,adaptive,0.05,20,ssim,128,4,full_frame,primary_full_target_density1
-0.017601309942476665,-0.003758253087148504,-0.03261569104750048,released,0.3,20,ssim,128,4,full_frame,primary_full_target_density1
-0.03028234392404556,-0.019647256052564992,-0.04214641921044814,adaptive,0.1,20,ssim,128,8,full_frame,primary_full_target_density1
-0.01995203409876143,-0.005115586815490636,-0.03572501425054815,released,0.4,20,ssim,128,8,full_frame,primary_full_target_density1
-0.012700063628809797,-0.001079278204235292,-0.024761886409528186,adaptive,0.3,20,ssim,384,1,full_frame,primary_full_target_density1
0.004146846135457358,0.01465382080613856,-0.007445015198595461,released,0.65,20,ssim,384,1,full_frame,primary_full_target_density1
-0.028692670031027386,-0.019201789476880546,-0.039175853417678305,adaptive,0.05,20,ssim,384,4,full_frame,primary_full_target_density1
-0.010102053393017174,0.0001335554897333294,-0.020142762195883412,released,0.35,20,ssim,384,4,full_frame,primary_full_target_density1
-0.030668631976559047,-0.020298693039942344,-0.04187029019530332,adaptive,0.1,20,ssim,384,8,full_frame,primary_full_target_density1
-0.015638351440429698,-0.004033015778376955,-0.027159608237090606,released,0.35,20,ssim,384,8,full_frame,primary_full_target_density1
-0.025311576369374145,-0.013772594691654141,-0.038434724836055534,adaptive,0.05,20,lpips_alex_spatial,8,1,background,full_target_density2
-0.029865246258315846,-0.018741645857388203,-0.04223936484829144,released,0.05,20,lpips_alex_spatial,8,1,background,full_target_density2
-0.011214541905289307,-0.004866723350718592,-0.017831065728081883,adaptive,0.25,20,lpips_alex_spatial,8,1,eyes,full_target_density2
-0.02215696023353306,-0.014579149310966934,-0.029788167996744285,released,0.1,20,lpips_alex_spatial,8,1,eyes,full_target_density2
-0.04705676310801767,-0.03545170413812298,-0.05905698853383599,adaptive,0.05,20,lpips_alex_spatial,8,1,flame_supported,full_target_density2
-0.049036535233837455,-0.03902085321960603,-0.05964547360156312,released,0.0,20,lpips_alex_spatial,8,1,flame_supported,full_target_density2
0.0018997354325671386,0.03412617666196603,-0.03226189070639864,adaptive,0.55,20,lpips_alex_spatial,8,1,flame_unsupported,full_target_density2
-0.006435344678472383,0.022425115781297182,-0.03764264112859919,released,0.45,20,lpips_alex_spatial,8,1,flame_unsupported,full_target_density2
-0.030195000016236227,-0.012192438387678913,-0.04853640732834615,adaptive,0.25,20,lpips_alex_spatial,8,1,foreground,full_target_density2
-0.03414678614312724,-0.01813560567224386,-0.05059636894368121,released,0.15,20,lpips_alex_spatial,8,1,foreground,full_target_density2
-0.027349729881142128,-0.013711303432524451,-0.04251164155250246,adaptive,0.2,20,lpips_alex_spatial,8,1,full_frame,full_target_density2
-0.031932310379428785,-0.018972249084285325,-0.04569694427055716,released,0.15,20,lpips_alex_spatial,8,1,full_frame,full_target_density2
-0.04171131806298672,-0.03187736371225867,-0.05174930087865008,adaptive,0.05,20,lpips_alex_spatial,8,1,head_foreground,full_target_density2
-0.04454639966916907,-0.036099820913636865,-0.05322022939123959,released,0.0,20,lpips_alex_spatial,8,1,head_foreground,full_target_density2
-0.042171524673562354,-0.032582663605237885,-0.05219891201783228,adaptive,0.05,20,lpips_alex_spatial,8,1,head_supported,full_target_density2
-0.04450753469793107,-0.0361140721240486,-0.053090286732279904,released,0.0,20,lpips_alex_spatial,8,1,head_supported,full_target_density2
-0.041841592197169736,-0.029353654582128616,-0.054580612120424234,adaptive,0.05,20,lpips_alex_spatial,8,1,head_unsupported,full_target_density2
-0.048507656771059206,-0.03823057737811377,-0.058624532311364885,released,0.05,20,lpips_alex_spatial,8,1,head_unsupported,full_target_density2
-0.032652691054831796,-0.023215776361975405,-0.04123315526157695,adaptive,0.05,20,lpips_alex_spatial,8,1,oral,full_target_density2
-0.03890006158970167,-0.030198557024460452,-0.047068087320111134,released,0.05,20,lpips_alex_spatial,8,1,oral,full_target_density2
-0.015139473590691222,0.024724770294942706,-0.05947423721683051,adaptive,0.55,20,lpips_alex_spatial,8,1,torso_outside_head_roi,full_target_density2
-0.020420831988072083,0.015223334198334824,-0.05884932030370527,released,0.4,20,lpips_alex_spatial,8,1,torso_outside_head_roi,full_target_density2
-0.018741031557401873,-0.005450950834112978,-0.03306040288079726,adaptive,0.4,20,lpips_alex_spatial,8,4,background,full_target_density2
-0.01916120530643413,-0.0072495493818292445,-0.032575868031523125,released,0.25,20,lpips_alex_spatial,8,4,background,full_target_density2
-0.002329897527690688,0.0042803359197222226,-0.009306858910996177,adaptive,0.5,20,lpips_alex_spatial,8,4,eyes,full_target_density2
-0.006900099491229288,0.0007646453524690705,-0.014670971368979328,released,0.35,20,lpips_alex_spatial,8,4,eyes,full_target_density2
-0.039305482299064894,-0.024576042932660993,-0.05426426897290578,adaptive,0.1,20,lpips_alex_spatial,8,4,flame_supported,full_target_density2
-0.03691498433557877,-0.02461123255367924,-0.04900417597569314,released,0.05,20,lpips_alex_spatial,8,4,flame_supported,full_target_density2
0.007340235227862288,0.03839973675022247,-0.028939901721226496,adaptive,0.7,20,lpips_alex_spatial,8,4,flame_unsupported,full_target_density2
0.004173182462651475,0.031005029740979843,-0.027493083580260584,released,0.65,20,lpips_alex_spatial,8,4,flame_unsupported,full_target_density2
-0.02407249493982056,-0.005427027242289981,-0.04433231658192362,adaptive,0.35,20,lpips_alex_spatial,8,4,foreground,full_target_density2
-0.023003901123287877,-0.00662563084067502,-0.039857172553486586,released,0.35,20,lpips_alex_spatial,8,4,foreground,full_target_density2
-0.021238597365450262,-0.005608427256920451,-0.038311539758253355,adaptive,0.3,20,lpips_alex_spatial,8,4,full_frame,full_target_density2
-0.020989594347877606,-0.007438735804692448,-0.03591842252812439,released,0.4,20,lpips_alex_spatial,8,4,full_frame,full_target_density2
-0.03350518977127605,-0.020965908593788104,-0.04662985459023678,adaptive,0.15,20,lpips_alex_spatial,8,4,head_foreground,full_target_density2
-0.031959770235863744,-0.02133622263578085,-0.042424374485875126,released,0.2,20,lpips_alex_spatial,8,4,head_foreground,full_target_density2
-0.033946193760325996,-0.021628551020700666,-0.04610593161579036,adaptive,0.15,20,lpips_alex_spatial,8,4,head_supported,full_target_density2
-0.03174932575404796,-0.021186538775576687,-0.0420547971550515,released,0.15,20,lpips_alex_spatial,8,4,head_supported,full_target_density2
-0.036692588272182566,-0.018439288717210418,-0.0565750421664838,adaptive,0.25,20,lpips_alex_spatial,8,4,head_unsupported,full_target_density2
-0.03968677911951089,-0.024664135282593775,-0.05482140405649498,released,0.2,20,lpips_alex_spatial,8,4,head_unsupported,full_target_density2
-0.02755244704700326,-0.015400871730326823,-0.03931987156460772,adaptive,0.2,20,lpips_alex_spatial,8,4,oral,full_target_density2
-0.028337060769164802,-0.01827914002015115,-0.03799690493613886,released,0.05,20,lpips_alex_spatial,8,4,oral,full_target_density2
-0.008014422290961448,0.031774132016092166,-0.05520964471216209,adaptive,0.75,20,lpips_alex_spatial,8,4,torso_outside_head_roi,full_target_density2
-0.00859845737039563,0.02485719312886753,-0.04747011228775887,released,0.6,20,lpips_alex_spatial,8,4,torso_outside_head_roi,full_target_density2
-0.015184631225623302,-0.0024929399889768913,-0.03019295344863423,adaptive,0.35,20,lpips_alex_spatial,8,8,background,full_target_density2
-0.016147058628481793,-0.00473703459742838,-0.03020764078143625,released,0.25,20,lpips_alex_spatial,8,8,background,full_target_density2
-0.002869067739407833,0.004135935002962485,-0.009793482653365573,adaptive,0.5,20,lpips_alex_spatial,8,8,eyes,full_target_density2
-0.006529992461145785,0.0008529466729062416,-0.014017620000647978,released,0.4,20,lpips_alex_spatial,8,8,eyes,full_target_density2
-0.037712006160699585,-0.02391293894561858,-0.051670239142280854,adaptive,0.15,20,lpips_alex_spatial,8,8,flame_supported,full_target_density2
-0.03675471554041011,-0.024625236875687954,-0.04882744678783409,released,0.05,20,lpips_alex_spatial,8,8,flame_supported,full_target_density2
0.012538455584178399,0.042431007418278266,-0.022819976885415427,adaptive,0.75,20,lpips_alex_spatial,8,8,flame_unsupported,full_target_density2
0.00878657259412897,0.0345910737763136,-0.021228441077834007,released,0.7,20,lpips_alex_spatial,8,8,flame_unsupported,full_target_density2
-0.021302253073961643,-0.0033302538245936638,-0.04123809634406764,adaptive,0.3,20,lpips_alex_spatial,8,8,foreground,full_target_density2
-0.021638686117737227,-0.005679455850393085,-0.038733678588347795,released,0.35,20,lpips_alex_spatial,8,8,foreground,full_target_density2
-0.018202108325380262,-0.0030898361017693684,-0.03468686126011273,adaptive,0.35,20,lpips_alex_spatial,8,8,full_frame,full_target_density2
-0.0189373440556712,-0.0059448347734166514,-0.033725743032508075,released,0.35,20,lpips_alex_spatial,8,8,full_frame,full_target_density2
-0.03095096870396973,-0.01903005327169899,-0.04302456757166078,adaptive,0.15,20,lpips_alex_spatial,8,8,head_foreground,full_target_density2
-0.030597766784412117,-0.019815331286692942,-0.04145711866656894,released,0.15,20,lpips_alex_spatial,8,8,head_foreground,full_target_density2
-0.03161151684421194,-0.019866063188419034,-0.043467577319228304,adaptive,0.15,20,lpips_alex_spatial,8,8,head_supported,full_target_density2
-0.030680885469472376,-0.020424263477140017,-0.04109186463940077,released,0.15,20,lpips_alex_spatial,8,8,head_supported,full_target_density2
-0.0317867988078624,-0.014327351523086842,-0.050045822723043004,adaptive,0.25,20,lpips_alex_spatial,8,8,head_unsupported,full_target_density2
-0.03634812817322937,-0.021402107382142196,-0.05158022174722517,released,0.15,20,lpips_alex_spatial,8,8,head_unsupported,full_target_density2
-0.026949407626250328,-0.015026152946301007,-0.03849928995287444,adaptive,0.2,20,lpips_alex_spatial,8,8,oral,full_target_density2
-0.02832680617809481,-0.018106369954917014,-0.03783585305733431,released,0.05,20,lpips_alex_spatial,8,8,oral,full_target_density2
-0.004908005874837876,0.03316812643967432,-0.050527235177699685,adaptive,0.65,20,lpips_alex_spatial,8,8,torso_outside_head_roi,full_target_density2
-0.006455645390109116,0.02444172129455339,-0.04216306496656884,released,0.55,20,lpips_alex_spatial,8,8,torso_outside_head_roi,full_target_density2
0.003395469235751265,0.011503060153491684,-0.004279084102817275,adaptive,0.55,20,lpips_alex_spatial,384,1,background,full_target_density2
-6.463340704834786e-05,0.0071487716360410705,-0.007209490271209527,released,0.5,20,lpips_alex_spatial,384,1,background,full_target_density2
0.005371744059603463,0.011907799410873571,-0.00153375703176609,adaptive,0.65,20,lpips_alex_spatial,384,1,eyes,full_target_density2
0.0009308362219267619,0.008587075360112752,-0.007353636506487424,released,0.65,20,lpips_alex_spatial,384,1,eyes,full_target_density2
-0.027275960600849154,-0.017230015601612598,-0.037695762697723824,adaptive,0.15,20,lpips_alex_spatial,384,1,flame_supported,full_target_density2
-0.03250659171366156,-0.022381348706631044,-0.04335670328920741,released,0.05,20,lpips_alex_spatial,384,1,flame_supported,full_target_density2
0.04697143999298249,0.0752902513897414,0.019652836851078128,adaptive,0.85,20,lpips_alex_spatial,384,1,flame_unsupported,full_target_density2
0.04403279535107293,0.06948313688174262,0.018071856092424562,released,0.8,20,lpips_alex_spatial,384,1,flame_unsupported,full_target_density2
-0.0029294445283566187,0.014153216424189667,-0.019108199873816352,adaptive,0.35,20,lpips_alex_spatial,384,1,foreground,full_target_density2
-0.007619528248544711,0.0077682841778025265,-0.02389119827352,released,0.35,20,lpips_alex_spatial,384,1,foreground,full_target_density2
0.0005164496955417264,0.012884253807591634,-0.011315350589943148,adaptive,0.4,20,lpips_alex_spatial,384,1,full_frame,full_target_density2
-0.003549277550214308,0.007689728104061877,-0.014708098004777712,released,0.4,20,lpips_alex_spatial,384,1,full_frame,full_target_density2
-0.022252050220748828,-0.012755751998482103,-0.03169346818417567,adaptive,0.2,20,lpips_alex_spatial,384,1,head_foreground,full_target_density2
-0.028166446620508528,-0.01855645923203246,-0.038395901674889585,released,0.05,20,lpips_alex_spatial,384,1,head_foreground,full_target_density2
-0.023454972623212795,-0.014652027988804264,-0.03256936280372156,adaptive,0.15,20,lpips_alex_spatial,384,1,head_supported,full_target_density2
-0.029593153347094107,-0.020540074159035887,-0.039961833463109775,released,0.05,20,lpips_alex_spatial,384,1,head_supported,full_target_density2
-0.01672620930939952,-0.0035363531542501807,-0.030620280955489253,adaptive,0.15,20,lpips_alex_spatial,384,1,head_unsupported,full_target_density2
-0.02047686799854439,-0.008710682099952939,-0.03246097686515118,released,0.15,20,lpips_alex_spatial,384,1,head_unsupported,full_target_density2
-0.00899077907083319,0.0004734143169595056,-0.019141545072753115,adaptive,0.35,20,lpips_alex_spatial,384,1,oral,full_target_density2
-0.015062616619240216,-0.0036254878969891294,-0.026636181626004056,released,0.3,20,lpips_alex_spatial,384,1,oral,full_target_density2
0.03666551305996185,0.07008267310505434,0.003375805735719019,adaptive,0.8,20,lpips_alex_spatial,384,1,torso_outside_head_roi,full_target_density2
0.03459920016320253,0.06312612256220837,0.003499458082664609,released,0.7,20,lpips_alex_spatial,384,1,torso_outside_head_roi,full_target_density2
0.004389317761446291,0.011826512482831014,-0.002737584136553032,adaptive,0.6,20,lpips_alex_spatial,384,4,background,full_target_density2
0.0003063623578472362,0.006837504533462544,-0.006134096517522667,released,0.55,20,lpips_alex_spatial,384,4,background,full_target_density2
0.00546062475215729,0.012596950229492202,-0.0019366979801588664,adaptive,0.7,20,lpips_alex_spatial,384,4,eyes,full_target_density2
0.00440679836723472,0.01364961214252435,-0.006987963263353728,released,0.6,20,lpips_alex_spatial,384,4,eyes,full_target_density2
-0.027455290713933544,-0.018023306483065264,-0.037324839504291156,adaptive,0.1,20,lpips_alex_spatial,384,4,flame_supported,full_target_density2
-0.03142754797945154,-0.021344925919984235,-0.042123785144340314,released,0.1,20,lpips_alex_spatial,384,4,flame_supported,full_target_density2
0.046650045716778867,0.07508681428058255,0.019255506513040022,adaptive,0.75,20,lpips_alex_spatial,384,4,flame_unsupported,full_target_density2
0.044578031302439064,0.07101538534373884,0.01876717081544865,released,0.8,20,lpips_alex_spatial,384,4,flame_unsupported,full_target_density2
-0.003352474613589533,0.013184228108249386,-0.019056361127969608,adaptive,0.35,20,lpips_alex_spatial,384,4,foreground,full_target_density2
-0.006925673033653606,0.009058981809188274,-0.022823892498847854,released,0.35,20,lpips_alex_spatial,384,4,foreground,full_target_density2
0.0005782053490315728,0.012527770953812238,-0.011007258092404725,adaptive,0.5,20,lpips_alex_spatial,384,4,full_frame,full_target_density2
-0.003090827967509742,0.008412551191884297,-0.0138401726955553,released,0.4,20,lpips_alex_spatial,384,4,full_frame,full_target_density2
-0.022523418746435493,-0.01338467107602355,-0.03180368406822882,adaptive,0.15,20,lpips_alex_spatial,384,4,head_foreground,full_target_density2
-0.026887372436680178,-0.017234528910674833,-0.03677194387670193,released,0.1,20,lpips_alex_spatial,384,4,head_foreground,full_target_density2
-0.024063602633289927,-0.015680047403218995,-0.032734663623847936,adaptive,0.15,20,lpips_alex_spatial,384,4,head_supported,full_target_density2
-0.028513979745875585,-0.019309883897971187,-0.038500967268859265,released,0.05,20,lpips_alex_spatial,384,4,head_supported,full_target_density2
-0.01503063057248968,-0.0008657494555759418,-0.029558529327190646,adaptive,0.25,20,lpips_alex_spatial,384,4,head_unsupported,full_target_density2
-0.01904599131974943,-0.005141916642449848,-0.03281460750758922,released,0.25,20,lpips_alex_spatial,384,4,head_unsupported,full_target_density2
-0.010972189161310153,-0.003183022704013966,-0.01882750627925046,adaptive,0.3,20,lpips_alex_spatial,384,4,oral,full_target_density2
-0.016500899644184146,-0.0054947667717276235,-0.02757558512386737,released,0.25,20,lpips_alex_spatial,384,4,oral,full_target_density2
0.03697992731408533,0.06923918570788132,0.004612199463008026,adaptive,0.65,20,lpips_alex_spatial,384,4,torso_outside_head_roi,full_target_density2
0.03415697274253793,0.06443780570414145,0.0035211356528412384,released,0.7,20,lpips_alex_spatial,384,4,torso_outside_head_roi,full_target_density2
0.008905199020083965,0.016326039826838338,0.0016723918530608653,adaptive,0.7,20,lpips_alex_spatial,384,8,background,full_target_density2
0.0030210836022175128,0.009631689906828415,-0.00350558670433441,released,0.6,20,lpips_alex_spatial,384,8,background,full_target_density2
0.005425308276579634,0.012322782526708273,-0.0018153635607591004,adaptive,0.7,20,lpips_alex_spatial,384,8,eyes,full_target_density2
0.0038557531126007113,0.01372528367284479,-0.00750037651404641,released,0.65,20,lpips_alex_spatial,384,8,eyes,full_target_density2
-0.02589655495921379,-0.015327183910451733,-0.03668167439215728,adaptive,0.1,20,lpips_alex_spatial,384,8,flame_supported,full_target_density2
-0.03175176751961356,-0.020693316663105497,-0.04327438828265926,released,0.15,20,lpips_alex_spatial,384,8,flame_supported,full_target_density2
0.05051244101536841,0.07855006494216774,0.022860798366617082,adaptive,0.8,20,lpips_alex_spatial,384,8,flame_unsupported,full_target_density2
0.04864196290098358,0.07555920126563168,0.021185355216971714,released,0.7,20,lpips_alex_spatial,384,8,flame_unsupported,full_target_density2
-0.0008733428783990873,0.01634083600660044,-0.017253723980490594,adaptive,0.35,20,lpips_alex_spatial,384,8,foreground,full_target_density2
-0.005562148556937213,0.011662353655224568,-0.022220056648993076,released,0.35,20,lpips_alex_spatial,384,8,foreground,full_target_density2
0.003990960843635335,0.01642063321489276,-0.007948319898410276,adaptive,0.5,20,lpips_alex_spatial,384,8,full_frame,full_target_density2
-0.0011483446086123811,0.010879919613465601,-0.012875333219379573,released,0.4,20,lpips_alex_spatial,384,8,full_frame,full_target_density2
-0.019744787005611747,-0.009869051918589881,-0.029579828407153657,adaptive,0.15,20,lpips_alex_spatial,384,8,head_foreground,full_target_density2
-0.025843133987797518,-0.015560573278933836,-0.03665877490550662,released,0.15,20,lpips_alex_spatial,384,8,head_foreground,full_target_density2
-0.021696607489627744,-0.012421592574650187,-0.03161975993979991,adaptive,0.1,20,lpips_alex_spatial,384,8,head_supported,full_target_density2
-0.02797197793800913,-0.017660525362912266,-0.03878684689250234,released,0.15,20,lpips_alex_spatial,384,8,head_supported,full_target_density2
-0.008503521300973729,0.005376356645346777,-0.022273378997730218,adaptive,0.35,20,lpips_alex_spatial,384,8,head_unsupported,full_target_density2
-0.014101818836839804,0.00018695458880791827,-0.028332645076573022,released,0.25,20,lpips_alex_spatial,384,8,head_unsupported,full_target_density2
-0.009515487094268223,-0.001113470679343311,-0.018186016724984266,adaptive,0.25,20,lpips_alex_spatial,384,8,oral,full_target_density2
-0.015251031719455844,-0.004492458228205332,-0.026980588348163193,released,0.25,20,lpips_alex_spatial,384,8,oral,full_target_density2
0.03721681704312792,0.07057548467939675,0.0034601164979994143,adaptive,0.65,20,lpips_alex_spatial,384,8,torso_outside_head_roi,full_target_density2
0.034217356926920975,0.06520928316269939,0.0031013701218702313,released,0.7,20,lpips_alex_spatial,384,8,torso_outside_head_roi,full_target_density2
-0.006987560342399925,0.0012334148852165651,-0.01572547339349443,adaptive,0.4,20,lpips_alex_spatial,8,1,background,head_target_density1
-0.007569824070288865,-0.000502647538951618,-0.015220540752816175,released,0.35,20,lpips_alex_spatial,8,1,background,head_target_density1
0.017686671943257827,0.02352745939559382,0.012002494362565517,adaptive,0.95,20,lpips_alex_spatial,8,1,eyes,head_target_density1
0.015167327170181974,0.021814842427890332,0.007986962392846752,released,0.8,20,lpips_alex_spatial,8,1,eyes,head_target_density1
0.004537632221732424,0.010284220110947428,-0.000740885732164145,adaptive,0.65,20,lpips_alex_spatial,8,1,flame_supported,head_target_density1
-0.000160534509710418,0.0059377974373286836,-0.00625450856849795,released,0.5,20,lpips_alex_spatial,8,1,flame_supported,head_target_density1
0.002457493553188081,0.008716146279081871,-0.003133356648109356,adaptive,0.4,20,lpips_alex_spatial,8,1,flame_unsupported,head_target_density1
0.002031127800626159,0.007416649398008312,-0.0029498319570993793,released,0.6,20,lpips_alex_spatial,8,1,flame_unsupported,head_target_density1
0.004213736937572823,0.009504411770754572,-0.0007591978085014689,adaptive,0.65,20,lpips_alex_spatial,8,1,foreground,head_target_density1
0.0006632056640638817,0.006026667174078002,-0.0048858123903159694,released,0.5,20,lpips_alex_spatial,8,1,foreground,head_target_density1
-0.0009410403894655514,0.004706162346841459,-0.006876468500404631,adaptive,0.45,20,lpips_alex_spatial,8,1,full_frame,head_target_density1
-0.003152906301217667,0.0018763587739947785,-0.008444219428674975,released,0.4,20,lpips_alex_spatial,8,1,full_frame,head_target_density1
0.004155198215653741,0.009959113706960643,-0.0013877207105926909,adaptive,0.65,20,lpips_alex_spatial,8,1,head_foreground,head_target_density1
0.0001442713574737145,0.006393277527587557,-0.00628522960375104,released,0.5,20,lpips_alex_spatial,8,1,head_foreground,head_target_density1
0.004492966158171912,0.01054345896114542,-0.0010985952542086966,adaptive,0.6,20,lpips_alex_spatial,8,1,head_supported,head_target_density1
0.00016562495066232697,0.006597200200528689,-0.0064018933659615715,released,0.4,20,lpips_alex_spatial,8,1,head_supported,head_target_density1
-0.0010245372490350583,0.00471336073018134,-0.006445025906602341,adaptive,0.45,20,lpips_alex_spatial,8,1,head_unsupported,head_target_density1
-0.0019953563294913294,0.003448262814825282,-0.007512068023586723,released,0.45,20,lpips_alex_spatial,8,1,head_unsupported,head_target_density1
0.005178418617838805,0.010897561887282902,-0.0007538515301509575,adaptive,0.6,20,lpips_alex_spatial,8,1,oral,head_target_density1
-0.0017403344814719084,0.0038577998821298946,-0.007414892868035551,released,0.4,20,lpips_alex_spatial,8,1,oral,head_target_density1
0.004011583934550219,0.010956113067358766,-0.0016399296902574628,adaptive,0.55,20,lpips_alex_spatial,8,1,torso_outside_head_roi,head_target_density1
0.001744551359650448,0.0073984180681654224,-0.003052916245811389,released,0.5,20,lpips_alex_spatial,8,1,torso_outside_head_roi,head_target_density1
-0.003640855543592221,0.004221874239421552,-0.012187486915161024,adaptive,0.55,20,lpips_alex_spatial,8,4,background,head_target_density1
-0.004153585462932974,0.0022105673532212397,-0.010663689734775111,released,0.35,20,lpips_alex_spatial,8,4,background,head_target_density1
0.01978178280886807,0.025005561768059896,0.014517001393582205,adaptive,0.95,20,lpips_alex_spatial,8,4,eyes,head_target_density1
0.018343068279314152,0.02438803035722495,0.011446407336338007,released,0.9,20,lpips_alex_spatial,8,4,eyes,head_target_density1
0.00668815285657879,0.012732958489492872,0.0002953617655087773,adaptive,0.65,20,lpips_alex_spatial,8,4,flame_supported,head_target_density1
0.0024707107058879033,0.0088591966496706,-0.004242178166047358,released,0.55,20,lpips_alex_spatial,8,4,flame_supported,head_target_density1
0.004658515677543507,0.012109494526537071,-0.002761099762244724,adaptive,0.55,20,lpips_alex_spatial,8,4,flame_unsupported,head_target_density1
0.0042200734658744635,0.01025688767918466,-0.001852794170058343,released,0.65,20,lpips_alex_spatial,8,4,flame_unsupported,head_target_density1
0.006189268988209433,0.012423405438007603,-0.0005042946293290619,adaptive,0.6,20,lpips_alex_spatial,8,4,foreground,head_target_density1
0.0030372073438896226,0.00928381860353191,-0.0034094278522581057,released,0.5,20,lpips_alex_spatial,8,4,foreground,head_target_density1
0.0016820393153787153,0.00772713344739162,-0.0052032226205036254,adaptive,0.6,20,lpips_alex_spatial,8,4,full_frame,head_target_density1
-0.000352408915511826,0.0049113027652925665,-0.0058707111749602995,released,0.45,20,lpips_alex_spatial,8,4,full_frame,head_target_density1
0.006265614449623766,0.012382779180213474,-0.000251292744069156,adaptive,0.65,20,lpips_alex_spatial,8,4,head_foreground,head_target_density1
0.003048766707493082,0.009383743626960291,-0.0037914444038406976,released,0.6,20,lpips_alex_spatial,8,4,head_foreground,head_target_density1
0.006688283525883698,0.012911752032299299,8.13202185336904e-05,adaptive,0.65,20,lpips_alex_spatial,8,4,head_supported,head_target_density1
0.0031511937902929167,0.009851838751968883,-0.003821942450087819,released,0.6,20,lpips_alex_spatial,8,4,head_supported,head_target_density1
0.00016385390072168882,0.007299828071727198,-0.007762743905596034,adaptive,0.55,20,lpips_alex_spatial,8,4,head_unsupported,head_target_density1
0.00024554937214769646,0.007071569759886168,-0.00678640684032299,released,0.55,20,lpips_alex_spatial,8,4,head_unsupported,head_target_density1
0.004591120613606926,0.008872544287200641,0.0003758714636191162,adaptive,0.75,20,lpips_alex_spatial,8,4,oral,head_target_density1
-0.002168844204754315,0.0032605596559216353,-0.007157989835472702,released,0.35,20,lpips_alex_spatial,8,4,oral,head_target_density1
0.006020080250754814,0.014000341459540962,-0.0015327312902941761,adaptive,0.65,20,lpips_alex_spatial,8,4,torso_outside_head_roi,head_target_density1
0.003320520377325209,0.009783505945845662,-0.0029040232345652122,released,0.65,20,lpips_alex_spatial,8,4,torso_outside_head_roi,head_target_density1
-0.001393641147685129,0.006317189261529149,-0.0096002118571534,adaptive,0.55,20,lpips_alex_spatial,8,8,background,head_target_density1
-0.0018322649119692433,0.004566053914249293,-0.008618542790308723,released,0.5,20,lpips_alex_spatial,8,8,background,head_target_density1
0.02140573570493375,0.027231135725764046,0.01582051880510263,adaptive,0.95,20,lpips_alex_spatial,8,8,eyes,head_target_density1
0.02065914069917092,0.027142125071698817,0.014107364099173634,released,0.95,20,lpips_alex_spatial,8,8,eyes,head_target_density1
0.007185887732591274,0.012773102570405646,0.0009046117783077599,adaptive,0.8,20,lpips_alex_spatial,8,8,flame_supported,head_target_density1
0.002598606614349276,0.008179711135404841,-0.0039411816196880025,released,0.7,20,lpips_alex_spatial,8,8,flame_supported,head_target_density1
0.004561043021604041,0.01180162219734287,-0.0027562285726920677,adaptive,0.6,20,lpips_alex_spatial,8,8,flame_unsupported,head_target_density1
0.0037304869452630647,0.009765068008421442,-0.0019690645646128335,released,0.75,20,lpips_alex_spatial,8,8,flame_unsupported,head_target_density1
0.006376830088969924,0.012197859526982695,-0.00016271613645163973,adaptive,0.75,20,lpips_alex_spatial,8,8,foreground,head_target_density1
0.0028413874688676135,0.008536647844801949,-0.0031461244662706715,released,0.7,20,lpips_alex_spatial,8,8,foreground,head_target_density1
0.0027745837515050662,0.008691867578339263,-0.004202767666026118,adaptive,0.7,20,lpips_alex_spatial,8,8,full_frame,head_target_density1
0.0006185646439011483,0.005471074941096356,-0.004578275153518228,released,0.7,20,lpips_alex_spatial,8,8,full_frame,head_target_density1
0.007095443193477892,0.012641618838977095,0.000496932602161466,adaptive,0.8,20,lpips_alex_spatial,8,8,head_foreground,head_target_density1
0.003732668635433374,0.009397721926934832,-0.0027324263445810083,released,0.7,20,lpips_alex_spatial,8,8,head_foreground,head_target_density1
0.007443822724509196,0.012909201520300373,0.0010715289446534839,adaptive,0.8,20,lpips_alex_spatial,8,8,head_supported,head_target_density1
0.0038123125236629155,0.009495225455627638,-0.0026391142034620785,released,0.7,20,lpips_alex_spatial,8,8,head_supported,head_target_density1
0.0011986004230720763,0.008975469209453659,-0.007160529946653062,adaptive,0.55,20,lpips_alex_spatial,8,8,head_unsupported,head_target_density1
0.0007606369838159897,0.008072541786265453,-0.006567843891468892,released,0.55,20,lpips_alex_spatial,8,8,head_unsupported,head_target_density1
0.007273375313167253,0.012220674579093252,0.0021541261239863283,adaptive,0.75,20,lpips_alex_spatial,8,8,oral,head_target_density1
0.00022545820476626844,0.005270054547176454,-0.00452886328490554,released,0.45,20,lpips_alex_spatial,8,8,oral,head_target_density1
0.00544610996684681,0.013052263322322169,-0.002017131779844306,adaptive,0.65,20,lpips_alex_spatial,8,8,torso_outside_head_roi,head_target_density1
0.001257457672952486,0.008131328503731168,-0.005209843252938894,released,0.65,20,lpips_alex_spatial,8,8,torso_outside_head_roi,head_target_density1
-0.004071703885190713,0.0012270587206696059,-0.009320716319484834,adaptive,0.45,20,lpips_alex_spatial,384,1,background,head_target_density1
-0.005187190427600892,0.002125268444720235,-0.012617060343641417,released,0.45,20,lpips_alex_spatial,384,1,background,head_target_density1
0.004358843576747976,0.010834443638006556,-0.0024601673235891955,adaptive,0.6,20,lpips_alex_spatial,384,1,eyes,head_target_density1
0.0059440320182345355,0.013676300761031377,-0.002100645348301743,released,0.65,20,lpips_alex_spatial,384,1,eyes,head_target_density1
-0.023165283308813865,-0.014723703609444888,-0.0316722463764361,adaptive,0.1,20,lpips_alex_spatial,384,1,flame_supported,head_target_density1
-0.023748947765678922,-0.014961383325777379,-0.03284220611611674,released,0.15,20,lpips_alex_spatial,384,1,flame_supported,head_target_density1
-0.00970484209272435,-0.0007911711943229256,-0.01829343435450381,adaptive,0.35,20,lpips_alex_spatial,384,1,flame_unsupported,head_target_density1
-0.006310409224974464,0.0030922500826652192,-0.015230044962462705,released,0.3,20,lpips_alex_spatial,384,1,flame_unsupported,head_target_density1
-0.018711292167936915,-0.011244767052954916,-0.026362411847352135,adaptive,0.15,20,lpips_alex_spatial,384,1,foreground,head_target_density1
-0.018260229879307453,-0.01047400854302325,-0.026116756487494196,released,0.25,20,lpips_alex_spatial,384,1,foreground,head_target_density1
-0.011882756631095674,-0.006287834798812338,-0.017345228165517104,adaptive,0.2,20,lpips_alex_spatial,384,1,full_frame,head_target_density1
-0.012210414626381604,-0.005527258133475383,-0.018882201754879105,released,0.2,20,lpips_alex_spatial,384,1,full_frame,head_target_density1
-0.020973365760981782,-0.013203907997450585,-0.02903173720247375,adaptive,0.1,20,lpips_alex_spatial,384,1,head_foreground,head_target_density1
-0.021898818526906078,-0.01370067571559767,-0.03037368572613304,released,0.25,20,lpips_alex_spatial,384,1,head_foreground,head_target_density1
-0.022783884779790774,-0.014567528846330209,-0.031004887247831486,adaptive,0.15,20,lpips_alex_spatial,384,1,head_supported,head_target_density1
-0.023882097080394092,-0.015057542624251416,-0.032696277727017234,released,0.2,20,lpips_alex_spatial,384,1,head_supported,head_target_density1
-0.012099549898580685,-0.0040556234240854425,-0.02028663062464036,adaptive,0.3,20,lpips_alex_spatial,384,1,head_unsupported,head_target_density1
-0.011187087335107548,-0.0021728561381139967,-0.020355037614839675,released,0.3,20,lpips_alex_spatial,384,1,head_unsupported,head_target_density1
-0.019731479215729993,-0.010604891127593281,-0.028806924132981495,adaptive,0.2,20,lpips_alex_spatial,384,1,oral,head_target_density1
-0.020959556744973757,-0.01176603922071513,-0.030020702554871267,released,0.15,20,lpips_alex_spatial,384,1,oral,head_target_density1
-0.010882541580308078,3.919049693268722e-05,-0.021289073212931102,adaptive,0.3,20,lpips_alex_spatial,384,1,torso_outside_head_roi,head_target_density1
-0.006404486167615667,0.005561682458547726,-0.017393426428630156,released,0.35,20,lpips_alex_spatial,384,1,torso_outside_head_roi,head_target_density1
0.0016730863785478557,0.007617645620480627,-0.005001748940637002,adaptive,0.7,20,lpips_alex_spatial,384,4,background,head_target_density1
0.0010769928619685897,0.008421056458480077,-0.006732448366290428,released,0.65,20,lpips_alex_spatial,384,4,background,head_target_density1
0.019412728974198306,0.027369605453736554,0.01009825497192265,adaptive,0.85,20,lpips_alex_spatial,384,4,eyes,head_target_density1
0.021610821652428912,0.030877083116804586,0.011338287648643385,released,0.8,20,lpips_alex_spatial,384,4,eyes,head_target_density1
-0.008115873971710343,0.0003042226105373193,-0.01710441813990109,adaptive,0.4,20,lpips_alex_spatial,384,4,flame_supported,head_target_density1
-0.007724064703741008,0.0015928774280352974,-0.017951527975676815,released,0.45,20,lpips_alex_spatial,384,4,flame_supported,head_target_density1
-0.002037761102684435,0.007871464055257554,-0.011497045533204582,adaptive,0.5,20,lpips_alex_spatial,384,4,flame_unsupported,head_target_density1
-0.0008038292387182594,0.009668767544650809,-0.010878118487384124,released,0.5,20,lpips_alex_spatial,384,4,flame_unsupported,head_target_density1
-0.005953056155959889,0.0014083563062730383,-0.013931140692406389,adaptive,0.5,20,lpips_alex_spatial,384,4,foreground,head_target_density1
-0.005489191969237253,0.0031922218330904858,-0.01438866194122619,released,0.5,20,lpips_alex_spatial,384,4,foreground,head_target_density1
-0.0025252111687147872,0.0036291974327288474,-0.009324333017112142,adaptive,0.5,20,lpips_alex_spatial,384,4,full_frame,head_target_density1
-0.0026459915086257542,0.004137126282062711,-0.010359375767471361,released,0.55,20,lpips_alex_spatial,384,4,full_frame,head_target_density1
-0.005535257238042146,0.0026389390581359625,-0.014581519795633392,adaptive,0.55,20,lpips_alex_spatial,384,4,head_foreground,head_target_density1
-0.005455428490904605,0.0035059051808356417,-0.015534253547216886,released,0.55,20,lpips_alex_spatial,384,4,head_foreground,head_target_density1
-0.0070470256153996715,0.0011314194748418258,-0.01635189461176062,adaptive,0.5,20,lpips_alex_spatial,384,4,head_supported,head_target_density1
-0.006934026921445265,0.0021094715136812056,-0.01703946128686115,released,0.5,20,lpips_alex_spatial,384,4,head_supported,head_target_density1
0.0010147919210940076,0.010837026638203977,-0.009402528543460832,adaptive,0.5,20,lpips_alex_spatial,384,4,head_unsupported,head_target_density1
0.0012096213732392855,0.012010458864284576,-0.009759425133371965,released,0.55,20,lpips_alex_spatial,384,4,head_unsupported,head_target_density1
-0.00021722417771202068,0.006202316271359677,-0.006766658313572364,adaptive,0.45,20,lpips_alex_spatial,384,4,oral,head_target_density1
-0.003104623025326317,0.004596242338369701,-0.011249744260283998,released,0.5,20,lpips_alex_spatial,384,4,oral,head_target_density1
-0.005895707171026282,0.004995971116136118,-0.016304371749456252,adaptive,0.4,20,lpips_alex_spatial,384,4,torso_outside_head_roi,head_target_density1
-0.0036418312140420878,0.008543410698162411,-0.015046231628519743,released,0.4,20,lpips_alex_spatial,384,4,torso_outside_head_roi,head_target_density1
0.002417503512995703,0.009149210485533448,-0.0048174297662821495,adaptive,0.65,20,lpips_alex_spatial,384,8,background,head_target_density1
0.003873506108495664,0.012137014371666343,-0.004738027803675294,released,0.65,20,lpips_alex_spatial,384,8,background,head_target_density1
0.020274640456510243,0.028228573561420816,0.011555511130982651,adaptive,0.9,20,lpips_alex_spatial,384,8,eyes,head_target_density1
0.020793153036010974,0.02978828451495878,0.011186787600830632,released,0.75,20,lpips_alex_spatial,384,8,eyes,head_target_density1
-0.007332897778381285,0.00064650191276799,-0.016017582755996303,adaptive,0.5,20,lpips_alex_spatial,384,8,flame_supported,head_target_density1
-0.0073815400195673935,0.0020155669447183226,-0.0176049302258696,released,0.4,20,lpips_alex_spatial,384,8,flame_supported,head_target_density1
-0.0010076936702555384,0.008893713394603006,-0.010093343832233889,adaptive,0.4,20,lpips_alex_spatial,384,8,flame_unsupported,head_target_density1
0.000416914847846972,0.011242842916806549,-0.009618074071615293,released,0.45,20,lpips_alex_spatial,384,8,flame_unsupported,head_target_density1
-0.005107134391427928,0.002466176167738903,-0.01303780374979592,adaptive,0.45,20,lpips_alex_spatial,384,8,foreground,head_target_density1
-0.004976316488967845,0.0038698444265588836,-0.01443054402237398,released,0.4,20,lpips_alex_spatial,384,8,foreground,head_target_density1
-0.0015802478635465965,0.004640271786874485,-0.008403006228920705,adaptive,0.5,20,lpips_alex_spatial,384,8,full_frame,head_target_density1
-0.0008762587200511693,0.006495579659164704,-0.008668753231242644,released,0.6,20,lpips_alex_spatial,384,8,full_frame,head_target_density1
-0.004353145216011374,0.0037870931597336365,-0.013534522915254654,adaptive,0.55,20,lpips_alex_spatial,384,8,head_foreground,head_target_density1
-0.004692182128010358,0.004444476222475786,-0.014611599124184733,released,0.55,20,lpips_alex_spatial,384,8,head_foreground,head_target_density1
-0.005952638276013856,0.0021685133585446752,-0.0150697470605051,adaptive,0.55,20,lpips_alex_spatial,384,8,head_supported,head_target_density1
-0.006316313613175586,0.002902736460155625,-0.016415147960759987,released,0.55,20,lpips_alex_spatial,384,8,head_supported,head_target_density1
0.003645734971581696,0.014084804113745221,-0.007006831269000637,adaptive,0.5,20,lpips_alex_spatial,384,8,head_unsupported,head_target_density1
0.0032481053277459504,0.014381638304462829,-0.008174156519229961,released,0.55,20,lpips_alex_spatial,384,8,head_unsupported,head_target_density1
0.0034007224809868104,0.009613389860190287,-0.002960888199311662,adaptive,0.6,20,lpips_alex_spatial,384,8,oral,head_target_density1
-0.0012368292479876767,0.006200244959129587,-0.009660631502580314,released,0.6,20,lpips_alex_spatial,384,8,oral,head_target_density1
-0.005547686636629695,0.005794343355929007,-0.015549515371888771,adaptive,0.4,20,lpips_alex_spatial,384,8,torso_outside_head_roi,head_target_density1
-0.003418263805163263,0.009775051418320567,-0.01550128045585056,released,0.4,20,lpips_alex_spatial,384,8,torso_outside_head_roi,head_target_density1
-0.024086658794877973,-0.013133424821109756,-0.03541202670051809,adaptive,0.2,20,lpips_alex_spatial,8,1,background,primary_full_target_density1
-0.03313281599220098,-0.0214121227385835,-0.04506887592752296,released,0.15,20,lpips_alex_spatial,8,1,background,primary_full_target_density1
-0.00305598276181934,0.003574756770665703,-0.01065949957167769,adaptive,0.55,20,lpips_alex_spatial,8,1,eyes,primary_full_target_density1
-0.018493448943660278,-0.011177978978324779,-0.02621282567087433,released,0.2,20,lpips_alex_spatial,8,1,eyes,primary_full_target_density1
-0.03192402913018553,-0.020009091144875268,-0.04343811849489929,adaptive,0.2,20,lpips_alex_spatial,8,1,flame_supported,primary_full_target_density1
-0.05607038906047938,-0.044095953000688734,-0.06730571798212406,released,0.0,20,lpips_alex_spatial,8,1,flame_supported,primary_full_target_density1
0.035684776115009184,0.0674099940002419,0.0024178144450991835,adaptive,0.75,20,lpips_alex_spatial,8,1,flame_unsupported,primary_full_target_density1
-0.0038524397707378477,0.02512396696499517,-0.03539027260649616,released,0.5,20,lpips_alex_spatial,8,1,flame_unsupported,primary_full_target_density1
-0.00976863718250372,0.007724773053490856,-0.026400253550565148,adaptive,0.35,20,lpips_alex_spatial,8,1,foreground,primary_full_target_density1
-0.038437851159711975,-0.021838574326409704,-0.055041805102844746,released,0.15,20,lpips_alex_spatial,8,1,foreground,primary_full_target_density1
-0.015931994780833573,-0.0031152040837130832,-0.02903614892652542,adaptive,0.25,20,lpips_alex_spatial,8,1,full_frame,primary_full_target_density1
-0.035817409451905785,-0.022644270259516056,-0.049475298053322944,released,0.15,20,lpips_alex_spatial,8,1,full_frame,primary_full_target_density1
-0.031263330086409157,-0.021390231629042376,-0.041386431573404464,adaptive,0.05,20,lpips_alex_spatial,8,1,head_foreground,primary_full_target_density1
-0.05380156627910687,-0.04357754380507442,-0.06346824287249168,released,0.0,20,lpips_alex_spatial,8,1,head_foreground,primary_full_target_density1
-0.03214937308119562,-0.022181090762807797,-0.04245637217331069,adaptive,0.05,20,lpips_alex_spatial,8,1,head_supported,primary_full_target_density1
-0.054376746194948124,-0.04411433984270003,-0.06418619632394408,released,0.0,20,lpips_alex_spatial,8,1,head_supported,primary_full_target_density1
-0.027218180769632096,-0.014983589062258851,-0.03876908109369564,adaptive,0.2,20,lpips_alex_spatial,8,1,head_unsupported,primary_full_target_density1
-0.0513096255676042,-0.039647559404342926,-0.06278854767648309,released,0.0,20,lpips_alex_spatial,8,1,head_unsupported,primary_full_target_density1
-0.027448980239710662,-0.016842153763851227,-0.03823597369896337,adaptive,0.1,20,lpips_alex_spatial,8,1,oral,primary_full_target_density1
-0.04328698441423653,-0.03418497818939317,-0.052327197694436854,released,0.0,20,lpips_alex_spatial,8,1,oral,primary_full_target_density1
0.03178047503497104,0.06962689505034224,-0.007516140040602462,adaptive,0.7,20,lpips_alex_spatial,8,1,torso_outside_head_roi,primary_full_target_density1
-0.012161370955096928,0.022356944936305165,-0.05143208306374333,released,0.5,20,lpips_alex_spatial,8,1,torso_outside_head_roi,primary_full_target_density1
-0.021820268226330854,-0.00873068574168255,-0.03560639604746977,adaptive,0.2,20,lpips_alex_spatial,8,4,background,primary_full_target_density1
-0.028014712022944654,-0.015088501186410738,-0.04174851853262494,released,0.25,20,lpips_alex_spatial,8,4,background,primary_full_target_density1
-0.0047379528540372525,0.002749241595325236,-0.013545349124701806,adaptive,0.45,20,lpips_alex_spatial,8,4,eyes,primary_full_target_density1
-0.014829117519262455,-0.006516908451774604,-0.02408170065143793,released,0.2,20,lpips_alex_spatial,8,4,eyes,primary_full_target_density1
-0.03447724515526305,-0.02064856248859821,-0.04895929366877115,adaptive,0.2,20,lpips_alex_spatial,8,4,flame_supported,primary_full_target_density1
-0.05348298587447513,-0.0396958460691417,-0.06649147594660028,released,0.1,20,lpips_alex_spatial,8,4,flame_supported,primary_full_target_density1
0.03496902013716567,0.06431082945917864,0.0010355013151982177,adaptive,0.8,20,lpips_alex_spatial,8,4,flame_unsupported,primary_full_target_density1
0.0005344464009796601,0.02758349638979218,-0.02960129204364598,released,0.6,20,lpips_alex_spatial,8,4,flame_unsupported,primary_full_target_density1
-0.012794948627640778,0.004525706327464117,-0.03177551923705574,adaptive,0.4,20,lpips_alex_spatial,8,4,foreground,primary_full_target_density1
-0.03627700309637917,-0.01886731762882608,-0.05360018752664188,released,0.2,20,lpips_alex_spatial,8,4,foreground,primary_full_target_density1
-0.016576598137206616,-0.0024224934622276042,-0.03241022578899853,adaptive,0.35,20,lpips_alex_spatial,8,4,full_frame,primary_full_target_density1
-0.032423654288956626,-0.017835664393241763,-0.047169296084274615,released,0.2,20,lpips_alex_spatial,8,4,full_frame,primary_full_target_density1
-0.03446830895506215,-0.02220109571011574,-0.04682129049232856,adaptive,0.15,20,lpips_alex_spatial,8,4,head_foreground,primary_full_target_density1
-0.05181897448483681,-0.03969022371794522,-0.06389347202374437,released,0.05,20,lpips_alex_spatial,8,4,head_foreground,primary_full_target_density1
-0.03539260835208184,-0.02322760313740754,-0.04776856451506227,adaptive,0.1,20,lpips_alex_spatial,8,4,head_supported,primary_full_target_density1
-0.05232402754056109,-0.040330897271382844,-0.06416424405848332,released,0.0,20,lpips_alex_spatial,8,4,head_supported,primary_full_target_density1
-0.03040679480314796,-0.014931625190560493,-0.046135845692931256,adaptive,0.15,20,lpips_alex_spatial,8,4,head_unsupported,primary_full_target_density1
-0.05113310277576781,-0.03510367627021028,-0.06721313535229163,released,0.1,20,lpips_alex_spatial,8,4,head_unsupported,primary_full_target_density1
-0.03198793394638117,-0.019363542585073144,-0.04434230881875826,adaptive,0.15,20,lpips_alex_spatial,8,4,oral,primary_full_target_density1
-0.04238454016486455,-0.030595003042947277,-0.0546911280686359,released,0.05,20,lpips_alex_spatial,8,4,oral,primary_full_target_density1
0.03380687993637791,0.06969539573060213,-0.009068361093451735,adaptive,0.8,20,lpips_alex_spatial,8,4,torso_outside_head_roi,primary_full_target_density1
-0.004236942243843178,0.029374303125195764,-0.04127054189340238,released,0.6,20,lpips_alex_spatial,8,4,torso_outside_head_roi,primary_full_target_density1
-0.02075156441485413,-0.007674815489738767,-0.03422876083875056,adaptive,0.3,20,lpips_alex_spatial,8,8,background,primary_full_target_density1
-0.024456795615890554,-0.012081354170228542,-0.03790502538862757,released,0.2,20,lpips_alex_spatial,8,8,background,primary_full_target_density1
-0.002697123846149134,0.005184192041483212,-0.010999782861689492,adaptive,0.5,20,lpips_alex_spatial,8,8,eyes,primary_full_target_density1
-0.010712904987903001,-0.0024344762514308975,-0.019490264847095245,released,0.4,20,lpips_alex_spatial,8,8,eyes,primary_full_target_density1
-0.032657957257837524,-0.018374935731570646,-0.046866143717305866,adaptive,0.2,20,lpips_alex_spatial,8,8,flame_supported,primary_full_target_density1
-0.05026169485724332,-0.037104394220663965,-0.06336782620648382,released,0.1,20,lpips_alex_spatial,8,8,flame_supported,primary_full_target_density1
0.038443350315235936,0.06534277281900075,0.007631618719207776,adaptive,0.8,20,lpips_alex_spatial,8,8,flame_unsupported,primary_full_target_density1
0.005710967354956453,0.03171885927472098,-0.02420023816817973,released,0.65,20,lpips_alex_spatial,8,8,flame_unsupported,primary_full_target_density1
-0.010150788222173435,0.007112236972731521,-0.028056103055448905,adaptive,0.45,20,lpips_alex_spatial,8,8,foreground,primary_full_target_density1
-0.0321323703836225,-0.015530303145682099,-0.049692407811802425,released,0.2,20,lpips_alex_spatial,8,8,foreground,primary_full_target_density1
-0.014679767662312576,-0.0008675745336008377,-0.030092098047206948,adaptive,0.4,20,lpips_alex_spatial,8,8,full_frame,primary_full_target_density1
-0.028416542728225906,-0.014437056897264539,-0.04356033477883834,released,0.2,20,lpips_alex_spatial,8,8,full_frame,primary_full_target_density1
-0.03258405140763242,-0.02033690029887078,-0.045458192766228894,adaptive,0.15,20,lpips_alex_spatial,8,8,head_foreground,primary_full_target_density1
-0.04781390303248782,-0.03552862528312889,-0.059184269076728656,released,0.05,20,lpips_alex_spatial,8,8,head_foreground,primary_full_target_density1
-0.03344434142703051,-0.021208019192611022,-0.046153349262253306,adaptive,0.15,20,lpips_alex_spatial,8,8,head_supported,primary_full_target_density1
-0.04834901845379522,-0.03662919271416494,-0.059843242778178894,released,0.05,20,lpips_alex_spatial,8,8,head_supported,primary_full_target_density1
-0.03007252860608629,-0.014480587435796482,-0.047048018943713375,adaptive,0.25,20,lpips_alex_spatial,8,8,head_unsupported,primary_full_target_density1
-0.047727248671934175,-0.03120378825942961,-0.06436836834775544,released,0.05,20,lpips_alex_spatial,8,8,head_unsupported,primary_full_target_density1
-0.028763870554452804,-0.01599215874669819,-0.04151487906878519,adaptive,0.15,20,lpips_alex_spatial,8,8,oral,primary_full_target_density1
-0.039269846551159684,-0.027879602080539214,-0.05053085085013125,released,0.05,20,lpips_alex_spatial,8,8,oral,primary_full_target_density1
0.037641572955627055,0.0706434011177658,-0.0005700770021319693,adaptive,0.8,20,lpips_alex_spatial,8,8,torso_outside_head_roi,primary_full_target_density1
-0.001050380444939647,0.030244992386282223,-0.03753254636937618,released,0.65,20,lpips_alex_spatial,8,8,torso_outside_head_roi,primary_full_target_density1
-0.020104732160975896,-0.010688214948126145,-0.030095816522191052,adaptive,0.15,20,lpips_alex_spatial,32,1,background,primary_full_target_density1
-0.027321175934701448,-0.01741845804280127,-0.037690142079639215,released,0.1,20,lpips_alex_spatial,32,1,background,primary_full_target_density1
-0.011647452417876666,-0.001737862605866095,-0.021020360985981125,adaptive,0.2,20,lpips_alex_spatial,32,1,eyes,primary_full_target_density1
-0.021416195769083535,-0.009196111389155598,-0.034023159615154154,released,0.25,20,lpips_alex_spatial,32,1,eyes,primary_full_target_density1
-0.06202725015019158,-0.05021783273318302,-0.07461819407853167,adaptive,0.0,20,lpips_alex_spatial,32,1,flame_supported,primary_full_target_density1
-0.06518747397678315,-0.05199441122647991,-0.07893523641777489,released,0.0,20,lpips_alex_spatial,32,1,flame_supported,primary_full_target_density1
0.026293042704797202,0.05643997781566461,-0.006631266353868941,adaptive,0.7,20,lpips_alex_spatial,32,1,flame_unsupported,primary_full_target_density1
0.029833574849217857,0.06026026665370701,-0.0027754010362019154,released,0.7,20,lpips_alex_spatial,32,1,flame_unsupported,primary_full_target_density1
-0.03343386085203885,-0.016160581063076364,-0.05084935276916051,adaptive,0.25,20,lpips_alex_spatial,32,1,foreground,primary_full_target_density1
-0.03445751102117507,-0.017372953029280686,-0.05213367457478717,released,0.2,20,lpips_alex_spatial,32,1,foreground,primary_full_target_density1
-0.026722919811934122,-0.01406851886735336,-0.040126351139375155,adaptive,0.1,20,lpips_alex_spatial,32,1,full_frame,primary_full_target_density1
-0.030551402225638867,-0.018264829502541772,-0.04408469300926763,released,0.1,20,lpips_alex_spatial,32,1,full_frame,primary_full_target_density1
-0.05978721712109479,-0.04868190881739867,-0.07147476361004258,adaptive,0.0,20,lpips_alex_spatial,32,1,head_foreground,primary_full_target_density1
-0.06260502433165624,-0.05067650604004839,-0.07517727534188266,released,0.0,20,lpips_alex_spatial,32,1,head_foreground,primary_full_target_density1
-0.061866448894364025,-0.05093119855425266,-0.07306566560511127,adaptive,0.0,20,lpips_alex_spatial,32,1,head_supported,primary_full_target_density1
-0.06521291936355926,-0.05303230467296168,-0.07783178356869869,released,0.0,20,lpips_alex_spatial,32,1,head_supported,primary_full_target_density1
-0.04835745405318364,-0.03333452231363243,-0.06586662058632332,adaptive,0.05,20,lpips_alex_spatial,32,1,head_unsupported,primary_full_target_density1
-0.04515827572666863,-0.03200863866515516,-0.05926552080098338,released,0.0,20,lpips_alex_spatial,32,1,head_unsupported,primary_full_target_density1
-0.05467516501732752,-0.04017058669856963,-0.06904300221640702,adaptive,0.05,20,lpips_alex_spatial,32,1,oral,primary_full_target_density1
-0.05266020143960372,-0.03938462153732909,-0.06594156094300455,released,0.05,20,lpips_alex_spatial,32,1,oral,primary_full_target_density1
0.020853554835510466,0.05632085510585268,-0.018829415552002154,adaptive,0.7,20,lpips_alex_spatial,32,1,torso_outside_head_roi,primary_full_target_density1
0.024217291371759313,0.05813738388639415,-0.012725307152831565,released,0.75,20,lpips_alex_spatial,32,1,torso_outside_head_roi,primary_full_target_density1
-0.01811887900310266,-0.008993267375176741,-0.028060756618114982,adaptive,0.25,20,lpips_alex_spatial,32,4,background,primary_full_target_density1
-0.027162757003694672,-0.016103601749503392,-0.039173042305064146,released,0.15,20,lpips_alex_spatial,32,4,background,primary_full_target_density1
-0.01168848601658243,-0.0010581510457706989,-0.022100531888515244,adaptive,0.2,20,lpips_alex_spatial,32,4,eyes,primary_full_target_density1
-0.021402874163570583,-0.009409238843635202,-0.033995467808121065,released,0.25,20,lpips_alex_spatial,32,4,eyes,primary_full_target_density1
-0.061797317820987976,-0.050400475070736556,-0.07460954196512712,adaptive,0.0,20,lpips_alex_spatial,32,4,flame_supported,primary_full_target_density1
-0.06911241000995604,-0.055014799566665586,-0.08390707551362538,released,0.0,20,lpips_alex_spatial,32,4,flame_supported,primary_full_target_density1
0.027020211581145724,0.054482519732984985,-0.002422683388225721,adaptive,0.65,20,lpips_alex_spatial,32,4,flame_unsupported,primary_full_target_density1
0.024134214035422145,0.054463876000196434,-0.007681281469127384,released,0.7,20,lpips_alex_spatial,32,4,flame_unsupported,primary_full_target_density1
-0.0335818938012463,-0.017525985772189123,-0.04975703244855066,adaptive,0.2,20,lpips_alex_spatial,32,4,foreground,primary_full_target_density1
-0.03964293635024181,-0.021504869391357578,-0.05865229647171566,released,0.2,20,lpips_alex_spatial,32,4,foreground,primary_full_target_density1
-0.026095033135295893,-0.01417289770667544,-0.0386192135787864,adaptive,0.15,20,lpips_alex_spatial,32,4,full_frame,primary_full_target_density1
-0.03337399778944073,-0.019326352727478867,-0.047922256482616256,released,0.2,20,lpips_alex_spatial,32,4,full_frame,primary_full_target_density1
-0.06015851420237116,-0.04852686912885836,-0.07304703579963122,adaptive,0.0,20,lpips_alex_spatial,32,4,head_foreground,primary_full_target_density1
-0.0660434481612107,-0.053022991819659034,-0.08019189969225722,released,0.0,20,lpips_alex_spatial,32,4,head_foreground,primary_full_target_density1
-0.06226172707673906,-0.05113413024912806,-0.07470664754701667,adaptive,0.0,20,lpips_alex_spatial,32,4,head_supported,primary_full_target_density1
-0.06892808933565665,-0.05615198325239611,-0.08308621072243166,released,0.0,20,lpips_alex_spatial,32,4,head_supported,primary_full_target_density1
-0.04874733947019473,-0.03248417923591246,-0.06782064479163762,adaptive,0.05,20,lpips_alex_spatial,32,4,head_unsupported,primary_full_target_density1
-0.04603434745930125,-0.029483038251241822,-0.0629945492224549,released,0.15,20,lpips_alex_spatial,32,4,head_unsupported,primary_full_target_density1
-0.05480757234407814,-0.04188636156326109,-0.06862582013947933,adaptive,0.0,20,lpips_alex_spatial,32,4,oral,primary_full_target_density1
-0.05853635729682947,-0.04533304876206839,-0.07189177783119798,released,0.0,20,lpips_alex_spatial,32,4,oral,primary_full_target_density1
0.023288028572990775,0.05658811475621494,-0.010597740128471977,adaptive,0.7,20,lpips_alex_spatial,32,4,torso_outside_head_roi,primary_full_target_density1
0.017042801617031488,0.051418319971993816,-0.02008314060136524,released,0.65,20,lpips_alex_spatial,32,4,torso_outside_head_roi,primary_full_target_density1
-0.014595608958205313,-0.005508397555040943,-0.02444361702048678,adaptive,0.25,20,lpips_alex_spatial,32,8,background,primary_full_target_density1
-0.02276516850001933,-0.011658735198692713,-0.03443713777224444,released,0.2,20,lpips_alex_spatial,32,8,background,primary_full_target_density1
-0.009871198807261443,-0.00022918587891307808,-0.019861149805237756,adaptive,0.25,20,lpips_alex_spatial,32,8,eyes,primary_full_target_density1
-0.021398600456792788,-0.010001286632507484,-0.03364243505351573,released,0.35,20,lpips_alex_spatial,32,8,eyes,primary_full_target_density1
-0.05849482539029568,-0.045453245764930206,-0.07215514334840818,adaptive,0.05,20,lpips_alex_spatial,32,8,flame_supported,primary_full_target_density1
-0.0665389823542719,-0.052081704478170766,-0.08146845470046994,released,0.0,20,lpips_alex_spatial,32,8,flame_supported,primary_full_target_density1
0.03168935332208654,0.05981840787205111,0.0029656957646019876,adaptive,0.75,20,lpips_alex_spatial,32,8,flame_unsupported,primary_full_target_density1
0.028768812039239894,0.05972819383343938,-0.004250288226106978,released,0.75,20,lpips_alex_spatial,32,8,flame_unsupported,primary_full_target_density1
-0.029102269796576062,-0.012300785713105587,-0.04589536816681145,adaptive,0.25,20,lpips_alex_spatial,32,8,foreground,primary_full_target_density1
-0.03567614273569738,-0.016829704457464605,-0.05472031201086102,released,0.25,20,lpips_alex_spatial,32,8,foreground,primary_full_target_density1
-0.021917518986251973,-0.009514320553381217,-0.034802384159136675,adaptive,0.2,20,lpips_alex_spatial,32,8,full_frame,primary_full_target_density1
-0.029132227180324082,-0.014895007585808315,-0.043542661681706785,released,0.2,20,lpips_alex_spatial,32,8,full_frame,primary_full_target_density1
-0.056334051764085055,-0.043949516148952116,-0.0697433386793578,adaptive,0.0,20,lpips_alex_spatial,32,8,head_foreground,primary_full_target_density1
-0.06283732289705035,-0.04988999963745808,-0.07688768681518672,released,0.0,20,lpips_alex_spatial,32,8,head_foreground,primary_full_target_density1
-0.058475448544995964,-0.04623411043148369,-0.07182979297266555,adaptive,0.0,20,lpips_alex_spatial,32,8,head_supported,primary_full_target_density1
-0.06588869715628302,-0.05280302309372366,-0.07976888793559034,released,0.0,20,lpips_alex_spatial,32,8,head_supported,primary_full_target_density1
-0.04376958682517896,-0.027699634151422334,-0.06261388422561222,adaptive,0.1,20,lpips_alex_spatial,32,8,head_unsupported,primary_full_target_density1
-0.04106261667359953,-0.02531973335198225,-0.05811918031270154,released,0.15,20,lpips_alex_spatial,32,8,head_unsupported,primary_full_target_density1
-0.05246083051859156,-0.039248225146357445,-0.0661021748050263,adaptive,0.0,20,lpips_alex_spatial,32,8,oral,primary_full_target_density1
-0.05651358142180605,-0.042810483631909556,-0.07014532410402594,released,0.0,20,lpips_alex_spatial,32,8,oral,primary_full_target_density1
0.026413446157003855,0.05899994931505553,-0.005938642973957596,adaptive,0.75,20,lpips_alex_spatial,32,8,torso_outside_head_roi,primary_full_target_density1
0.019616495671277618,0.05564425203382577,-0.018107769454874658,released,0.65,20,lpips_alex_spatial,32,8,torso_outside_head_roi,primary_full_target_density1
-0.006914817646814254,0.0016899034363367913,-0.015480615020395636,adaptive,0.35,20,lpips_alex_spatial,128,1,background,primary_full_target_density1
-0.0194379599914963,-0.00982872271559818,-0.030066639933205366,released,0.25,20,lpips_alex_spatial,128,1,background,primary_full_target_density1
-0.002064802351019422,0.007455044429132229,-0.01234440038794023,adaptive,0.55,20,lpips_alex_spatial,128,1,eyes,primary_full_target_density1
-0.014340185845633468,-0.0024883400818939963,-0.0265710997619197,released,0.35,20,lpips_alex_spatial,128,1,eyes,primary_full_target_density1
-0.04342805484016299,-0.03060084858434025,-0.05716751417315607,adaptive,0.05,20,lpips_alex_spatial,128,1,flame_supported,primary_full_target_density1
-0.05268109155062813,-0.04054891843889165,-0.0650199647530089,released,0.05,20,lpips_alex_spatial,128,1,flame_supported,primary_full_target_density1
0.04568237768615985,0.06922643687137692,0.02129298027460479,adaptive,0.85,20,lpips_alex_spatial,128,1,flame_unsupported,primary_full_target_density1
0.044164560889841595,0.06719291419436946,0.020308593447657557,released,0.8,20,lpips_alex_spatial,128,1,flame_unsupported,primary_full_target_density1
-0.014759387757850965,3.3756505895173246e-05,-0.030471211457088594,adaptive,0.4,20,lpips_alex_spatial,128,1,foreground,primary_full_target_density1
-0.02157950563025001,-0.008959361977039495,-0.03472927895765005,released,0.25,20,lpips_alex_spatial,128,1,foreground,primary_full_target_density1
-0.010856150484188302,0.0009111445274574838,-0.02282501681284472,adaptive,0.35,20,lpips_alex_spatial,128,1,full_frame,primary_full_target_density1
-0.020269137853151795,-0.010413983521652449,-0.031165656980239976,released,0.2,20,lpips_alex_spatial,128,1,full_frame,primary_full_target_density1
-0.04239475802966427,-0.028979387015172105,-0.05659254784759875,adaptive,0.05,20,lpips_alex_spatial,128,1,head_foreground,primary_full_target_density1
-0.05161214214825814,-0.03953533096607878,-0.06374379891791401,released,0.05,20,lpips_alex_spatial,128,1,head_foreground,primary_full_target_density1
-0.044260909365819945,-0.03056582123967918,-0.05818257153842399,adaptive,0.05,20,lpips_alex_spatial,128,1,head_supported,primary_full_target_density1
-0.05380451197557168,-0.04152301517799755,-0.06619468481107256,released,0.05,20,lpips_alex_spatial,128,1,head_supported,primary_full_target_density1
-0.033675856967568876,-0.0174283233415456,-0.05158870916616534,adaptive,0.2,20,lpips_alex_spatial,128,1,head_unsupported,primary_full_target_density1
-0.038398617888644224,-0.024150807752807105,-0.05469202796381396,released,0.05,20,lpips_alex_spatial,128,1,head_unsupported,primary_full_target_density1
-0.034805568780893435,-0.017079344102495245,-0.053608775597583744,adaptive,0.1,20,lpips_alex_spatial,128,1,oral,primary_full_target_density1
-0.0372269655439989,-0.022166031401602514,-0.05176173612315849,released,0.1,20,lpips_alex_spatial,128,1,oral,primary_full_target_density1
0.045361672177906,0.07221387968115342,0.017253745884131092,adaptive,0.8,20,lpips_alex_spatial,128,1,torso_outside_head_roi,primary_full_target_density1
0.04482678917842951,0.0701828656666349,0.017270505185660173,released,0.75,20,lpips_alex_spatial,128,1,torso_outside_head_roi,primary_full_target_density1
-0.010337649050901909,-0.002517977945650332,-0.0185962940853309,adaptive,0.25,20,lpips_alex_spatial,128,4,background,primary_full_target_density1
-0.019756756409342165,-0.010320803791870954,-0.029464277970974343,released,0.1,20,lpips_alex_spatial,128,4,background,primary_full_target_density1
-0.007320761761355333,0.002675345732955132,-0.018170669017147225,adaptive,0.5,20,lpips_alex_spatial,128,4,eyes,primary_full_target_density1
-0.013790303638498253,-0.0025712971465909128,-0.025597898745750452,released,0.3,20,lpips_alex_spatial,128,4,eyes,primary_full_target_density1
-0.05064283761569718,-0.03731464577174765,-0.06487401382893247,adaptive,0.0,20,lpips_alex_spatial,128,4,flame_supported,primary_full_target_density1
-0.05682966982669792,-0.044637201696658114,-0.06986483751426183,released,0.0,20,lpips_alex_spatial,128,4,flame_supported,primary_full_target_density1
0.04358286725754647,0.06808711234465419,0.018049861625177792,adaptive,0.75,20,lpips_alex_spatial,128,4,flame_unsupported,primary_full_target_density1
0.045512250880141984,0.06862947019441593,0.02303910018749517,released,0.85,20,lpips_alex_spatial,128,4,flame_unsupported,primary_full_target_density1
-0.02086111427944902,-0.0053145949186720574,-0.03686311162261938,adaptive,0.3,20,lpips_alex_spatial,128,4,foreground,primary_full_target_density1
-0.024732795475658965,-0.0121805067802053,-0.038227036110122736,released,0.25,20,lpips_alex_spatial,128,4,foreground,primary_full_target_density1
-0.015759145737351144,-0.004565518414678669,-0.027617415024311424,adaptive,0.25,20,lpips_alex_spatial,128,4,full_frame,primary_full_target_density1
-0.022137533468976824,-0.012086848136725191,-0.0330209987624946,released,0.1,20,lpips_alex_spatial,128,4,full_frame,primary_full_target_density1
-0.0504831857805559,-0.03607464980110957,-0.06512565889966405,adaptive,0.0,20,lpips_alex_spatial,128,4,head_foreground,primary_full_target_density1
-0.056275894383940574,-0.0443407625676983,-0.06924351562153237,released,0.0,20,lpips_alex_spatial,128,4,head_foreground,primary_full_target_density1
-0.05263142045379976,-0.03901203231186365,-0.06689836594828431,adaptive,0.0,20,lpips_alex_spatial,128,4,head_supported,primary_full_target_density1
-0.058804398235761945,-0.04660566458856409,-0.0716672604826864,released,0.0,20,lpips_alex_spatial,128,4,head_supported,primary_full_target_density1
-0.039086764755131516,-0.021893850610869174,-0.05696765305536629,adaptive,0.15,20,lpips_alex_spatial,128,4,head_unsupported,primary_full_target_density1
-0.03956936422748935,-0.02583750644792018,-0.05578534787865907,released,0.0,20,lpips_alex_spatial,128,4,head_unsupported,primary_full_target_density1
-0.04429581237604863,-0.027600239291279506,-0.06263461438487049,adaptive,0.05,20,lpips_alex_spatial,128,4,oral,primary_full_target_density1
-0.04757262232852951,-0.03307818219617813,-0.06267838472783871,released,0.0,20,lpips_alex_spatial,128,4,oral,primary_full_target_density1
0.044541051733383276,0.0716070550527318,0.016682152850430478,adaptive,0.8,20,lpips_alex_spatial,128,4,torso_outside_head_roi,primary_full_target_density1
0.046648999212789755,0.07044015145470797,0.02209443324900726,released,0.85,20,lpips_alex_spatial,128,4,torso_outside_head_roi,primary_full_target_density1
-0.006182984239325229,0.0024330342075347686,-0.014417371370365438,adaptive,0.35,20,lpips_alex_spatial,128,8,background,primary_full_target_density1
-0.014299513034254871,-0.004448204322902951,-0.02487710323107843,released,0.4,20,lpips_alex_spatial,128,8,background,primary_full_target_density1
-0.005601998669169545,0.004024819125743422,-0.01627100011498897,adaptive,0.6,20,lpips_alex_spatial,128,8,eyes,primary_full_target_density1
-0.010303056549525864,0.0005341292335750309,-0.021901593522435314,released,0.4,20,lpips_alex_spatial,128,8,eyes,primary_full_target_density1
-0.0476048807872443,-0.03365794817092112,-0.06203054398083795,adaptive,0.0,20,lpips_alex_spatial,128,8,flame_supported,primary_full_target_density1
-0.05225810737603909,-0.040546993296896205,-0.06514235981004146,released,0.0,20,lpips_alex_spatial,128,8,flame_supported,primary_full_target_density1
0.04900398899191117,0.07379107059809445,0.02460233439288479,adaptive,0.8,20,lpips_alex_spatial,128,8,flame_unsupported,primary_full_target_density1
0.049858163097410105,0.07312673215362021,0.027178173917805977,released,0.85,20,lpips_alex_spatial,128,8,flame_unsupported,primary_full_target_density1
-0.01638679612900968,-0.0002592530350584417,-0.033156198720761,adaptive,0.3,20,lpips_alex_spatial,128,8,foreground,primary_full_target_density1
-0.01938739774140229,-0.006378284706791261,-0.033477161328866974,released,0.2,20,lpips_alex_spatial,128,8,foreground,primary_full_target_density1
-0.011342249623624805,0.000701305279226002,-0.02371880761924244,adaptive,0.2,20,lpips_alex_spatial,128,8,full_frame,primary_full_target_density1
-0.016604775267762016,-0.006105065568959037,-0.028013898994112423,released,0.15,20,lpips_alex_spatial,128,8,full_frame,primary_full_target_density1
-0.046894409201106275,-0.03267714850747127,-0.061652325689971824,adaptive,0.05,20,lpips_alex_spatial,128,8,head_foreground,primary_full_target_density1
-0.05088136124770719,-0.039258644933298094,-0.06401410825522807,released,0.0,20,lpips_alex_spatial,128,8,head_foreground,primary_full_target_density1
-0.049252624681174056,-0.03536209363880588,-0.06378642557032156,adaptive,0.05,20,lpips_alex_spatial,128,8,head_supported,primary_full_target_density1
-0.053608227359075875,-0.04187232679043909,-0.06662242642422085,released,0.0,20,lpips_alex_spatial,128,8,head_supported,primary_full_target_density1
-0.03358545470764162,-0.017021018425453085,-0.05097678985086772,adaptive,0.25,20,lpips_alex_spatial,128,8,head_unsupported,primary_full_target_density1
-0.03288714616519617,-0.019352992485289402,-0.04847356140167655,released,0.05,20,lpips_alex_spatial,128,8,head_unsupported,primary_full_target_density1
-0.04427266026901491,-0.027441760539825614,-0.06239035892009013,adaptive,0.1,20,lpips_alex_spatial,128,8,oral,primary_full_target_density1
-0.04260593641014689,-0.029368346944154047,-0.05674349282287452,released,0.1,20,lpips_alex_spatial,128,8,oral,primary_full_target_density1
0.048568233404046646,0.0756402739169205,0.021099834869520186,adaptive,0.85,20,lpips_alex_spatial,128,8,torso_outside_head_roi,primary_full_target_density1
0.048391327230896716,0.0718489625876189,0.02459872172334375,released,0.85,20,lpips_alex_spatial,128,8,torso_outside_head_roi,primary_full_target_density1
-0.007432322479353072,0.0017841949095881617,-0.01588071718120141,adaptive,0.4,20,lpips_alex_spatial,384,1,background,primary_full_target_density1
-0.012995634247518217,-0.004126937782626717,-0.022201500082872735,released,0.3,20,lpips_alex_spatial,384,1,background,primary_full_target_density1
-0.003983454840338856,0.0037339472330824314,-0.012286092771878662,adaptive,0.5,20,lpips_alex_spatial,384,1,eyes,primary_full_target_density1
-0.017402155189853604,-0.007642534949290072,-0.02789042088063437,released,0.25,20,lpips_alex_spatial,384,1,eyes,primary_full_target_density1
-0.047738273790098054,-0.035622253965318304,-0.05997373849043081,adaptive,0.05,20,lpips_alex_spatial,384,1,flame_supported,primary_full_target_density1
-0.05602086675891991,-0.04561261081805046,-0.06635494956689217,released,0.0,20,lpips_alex_spatial,384,1,flame_supported,primary_full_target_density1
0.04280540754840455,0.06984598754505876,0.01486746340901614,adaptive,0.75,20,lpips_alex_spatial,384,1,flame_unsupported,primary_full_target_density1
0.04698096133031191,0.0718695004462505,0.02152752049434843,released,0.75,20,lpips_alex_spatial,384,1,flame_unsupported,primary_full_target_density1
-0.018572203494776,-0.002884236965871456,-0.034757831172785275,adaptive,0.35,20,lpips_alex_spatial,384,1,foreground,primary_full_target_density1
-0.023050457132798442,-0.010350476502817648,-0.03591929168492168,released,0.15,20,lpips_alex_spatial,384,1,foreground,primary_full_target_density1
-0.012888152000707975,-0.0006799902070265236,-0.024712016339941984,adaptive,0.3,20,lpips_alex_spatial,384,1,full_frame,primary_full_target_density1
-0.01785269596359947,-0.008375045603939483,-0.027477522981373268,released,0.2,20,lpips_alex_spatial,384,1,full_frame,primary_full_target_density1
-0.04631324345000158,-0.03428767359917544,-0.05864104947726678,adaptive,0.05,20,lpips_alex_spatial,384,1,head_foreground,primary_full_target_density1
-0.05475164147757232,-0.04442757870198627,-0.06468947976254899,released,0.05,20,lpips_alex_spatial,384,1,head_foreground,primary_full_target_density1
-0.04811709329116011,-0.03612086864062257,-0.06018297101618914,adaptive,0.05,20,lpips_alex_spatial,384,1,head_supported,primary_full_target_density1
-0.05720703457490883,-0.046401427389576234,-0.06757854072354404,released,0.05,20,lpips_alex_spatial,384,1,head_supported,primary_full_target_density1
-0.03809775642586184,-0.023506239676557173,-0.05346534733708911,adaptive,0.2,20,lpips_alex_spatial,384,1,head_unsupported,primary_full_target_density1
-0.03928735298193073,-0.027904071880083522,-0.05214814973343411,released,0.0,20,lpips_alex_spatial,384,1,head_unsupported,primary_full_target_density1
-0.043449656730200584,-0.024993630563871362,-0.06278693886367503,adaptive,0.1,20,lpips_alex_spatial,384,1,oral,primary_full_target_density1
-0.04749641947198897,-0.03261377080443871,-0.06204129306547199,released,0.05,20,lpips_alex_spatial,384,1,oral,primary_full_target_density1
0.041289439225996594,0.07110955582289424,0.008854276122875466,adaptive,0.75,20,lpips_alex_spatial,384,1,torso_outside_head_roi,primary_full_target_density1
0.04590553012779723,0.07358392868975575,0.016653820876440215,released,0.7,20,lpips_alex_spatial,384,1,torso_outside_head_roi,primary_full_target_density1
-0.009127984627071862,-0.0009389630776706145,-0.01707407453250249,adaptive,0.3,20,lpips_alex_spatial,384,4,background,primary_full_target_density1
-0.013177097406101467,-0.005537995848303965,-0.020609175335327013,released,0.25,20,lpips_alex_spatial,384,4,background,primary_full_target_density1
-0.008461540522418627,0.00023253504032589428,-0.017318738282544363,adaptive,0.45,20,lpips_alex_spatial,384,4,eyes,primary_full_target_density1
-0.01618193880920599,-0.006610239095405684,-0.02653143362044866,released,0.25,20,lpips_alex_spatial,384,4,eyes,primary_full_target_density1
-0.054556797911629054,-0.04245061223782167,-0.0667431887619129,adaptive,0.0,20,lpips_alex_spatial,384,4,flame_supported,primary_full_target_density1
-0.05774281163873853,-0.04867989428975537,-0.0672789635562631,released,0.0,20,lpips_alex_spatial,384,4,flame_supported,primary_full_target_density1
0.042236737117840685,0.067733567815969,0.016735376297944454,adaptive,0.7,20,lpips_alex_spatial,384,4,flame_unsupported,primary_full_target_density1
0.04775838912489555,0.07183893236776738,0.024112573175409647,released,0.85,20,lpips_alex_spatial,384,4,flame_unsupported,primary_full_target_density1
-0.02404777120958768,-0.009443500571905052,-0.039179687488438454,adaptive,0.3,20,lpips_alex_spatial,384,4,foreground,primary_full_target_density1
-0.024723768956805104,-0.013414675748389218,-0.03634400098263748,released,0.25,20,lpips_alex_spatial,384,4,foreground,primary_full_target_density1
-0.016730855992346087,-0.005562287927823286,-0.027681385937144257,adaptive,0.3,20,lpips_alex_spatial,384,4,full_frame,primary_full_target_density1
-0.01892789324781453,-0.011038066457864655,-0.02709488571264854,released,0.15,20,lpips_alex_spatial,384,4,full_frame,primary_full_target_density1
-0.054227872431257006,-0.04154792445704325,-0.06715886286763761,adaptive,0.0,20,lpips_alex_spatial,384,4,head_foreground,primary_full_target_density1
-0.057411989502027985,-0.048077095522454476,-0.06710704917124755,released,0.0,20,lpips_alex_spatial,384,4,head_foreground,primary_full_target_density1
-0.05625626790660036,-0.043591277639902726,-0.06889380823400167,adaptive,0.0,20,lpips_alex_spatial,384,4,head_supported,primary_full_target_density1
-0.05999883718162088,-0.05039333082609846,-0.06950403223267873,released,0.0,20,lpips_alex_spatial,384,4,head_supported,primary_full_target_density1
-0.0438489896777709,-0.02806482504385817,-0.06010230177133004,adaptive,0.1,20,lpips_alex_spatial,384,4,head_unsupported,primary_full_target_density1
-0.041022696079375365,-0.027524568976469394,-0.055976851850206434,released,0.05,20,lpips_alex_spatial,384,4,head_unsupported,primary_full_target_density1
-0.05230876500109276,-0.03558055848381807,-0.06955130421506339,adaptive,0.05,20,lpips_alex_spatial,384,4,oral,primary_full_target_density1
-0.055139615928457966,-0.04115688134859418,-0.06953800435666165,released,0.0,20,lpips_alex_spatial,384,4,oral,primary_full_target_density1
0.04311521088204381,0.07005163229789571,0.015294538328082936,adaptive,0.75,20,lpips_alex_spatial,384,4,torso_outside_head_roi,primary_full_target_density1
0.04856949464878142,0.07474476977303637,0.022000586652510798,released,0.8,20,lpips_alex_spatial,384,4,torso_outside_head_roi,primary_full_target_density1
-0.005669116334286814,0.002772057647277641,-0.013552743755813062,adaptive,0.35,20,lpips_alex_spatial,384,8,background,primary_full_target_density1
-0.008997024675755295,-0.0006798567788483469,-0.01694161580593635,released,0.3,20,lpips_alex_spatial,384,8,background,primary_full_target_density1
-0.007610757584582836,0.0009279217667906713,-0.01644447564632734,adaptive,0.4,20,lpips_alex_spatial,384,8,eyes,primary_full_target_density1
-0.013535837541128392,-0.003983308282138831,-0.02415541942938551,released,0.3,20,lpips_alex_spatial,384,8,eyes,primary_full_target_density1
-0.05102220733682702,-0.038984221964542175,-0.06323549034227213,adaptive,0.0,20,lpips_alex_spatial,384,8,flame_supported,primary_full_target_density1
-0.055162102461197036,-0.04636419092725713,-0.0645330537797846,released,0.0,20,lpips_alex_spatial,384,8,flame_supported,primary_full_target_density1
0.045785895663013165,0.07141726964994875,0.019716796785947555,adaptive,0.85,20,lpips_alex_spatial,384,8,flame_unsupported,primary_full_target_density1
0.05188415233484278,0.07640272594859582,0.028301729860234805,released,0.85,20,lpips_alex_spatial,384,8,flame_unsupported,primary_full_target_density1
-0.019709311605192438,-0.004517634179427544,-0.034481908376456503,adaptive,0.25,20,lpips_alex_spatial,384,8,foreground,primary_full_target_density1
-0.020938557339167038,-0.008370584723319838,-0.03302042317372227,released,0.25,20,lpips_alex_spatial,384,8,foreground,primary_full_target_density1
-0.012590661012765136,-0.0010928483939532227,-0.023672176690457708,adaptive,0.3,20,lpips_alex_spatial,384,8,full_frame,primary_full_target_density1
-0.014773317590936436,-0.005499611022797494,-0.023682769256365758,released,0.25,20,lpips_alex_spatial,384,8,full_frame,primary_full_target_density1
-0.04994601499136627,-0.03774949926833242,-0.0623216257385377,adaptive,0.0,20,lpips_alex_spatial,384,8,head_foreground,primary_full_target_density1
-0.054211359565544834,-0.04500614195375353,-0.0638936581619636,released,0.0,20,lpips_alex_spatial,384,8,head_foreground,primary_full_target_density1
-0.052187946918827034,-0.039899826730224734,-0.06456066584786507,adaptive,0.0,20,lpips_alex_spatial,384,8,head_supported,primary_full_target_density1
-0.05695311777511565,-0.047868223221214846,-0.06645868123379463,released,0.0,20,lpips_alex_spatial,384,8,head_supported,primary_full_target_density1
-0.03723867113588379,-0.02312784606525417,-0.05193151544075498,adaptive,0.1,20,lpips_alex_spatial,384,8,head_unsupported,primary_full_target_density1
-0.03667654927859148,-0.0241540685562256,-0.051168517500921065,released,0.05,20,lpips_alex_spatial,384,8,head_unsupported,primary_full_target_density1
-0.0510240085873622,-0.03439741554730383,-0.06915724454976377,adaptive,0.1,20,lpips_alex_spatial,384,8,oral,primary_full_target_density1
-0.05202252571689016,-0.03859962958008993,-0.0656230091577922,released,0.05,20,lpips_alex_spatial,384,8,oral,primary_full_target_density1
0.044290144443807904,0.07218098369568499,0.015200183426303438,adaptive,0.8,20,lpips_alex_spatial,384,8,torso_outside_head_roi,primary_full_target_density1
0.05013549985826941,0.0761559445558383,0.024828692625408946,released,0.85,20,lpips_alex_spatial,384,8,torso_outside_head_roi,primary_full_target_density1
