advantage_over_hard_mean,ci_high,ci_low,comparison,fraction_identities_advantage_positive,identity_count,metric,n_id,n_obs,region,training_seed,variant
-0.15045885357820854,2.256956898795677,-1.9431958795094564,adaptive,0.4,20,masked_psnr,8,1,background,0,full_target_density2
-0.2852461026762014,1.9618719042570927,-1.941033063470326,released,0.3,20,masked_psnr,8,1,background,0,full_target_density2
0.04841103877952602,0.44378357050210304,-0.3606627693131667,adaptive,0.5,20,masked_psnr,8,1,eyes,0,full_target_density2
-0.2883188969712675,0.13771389395902633,-0.7637595853377663,released,0.4,20,masked_psnr,8,1,eyes,0,full_target_density2
-1.950480729254536,-1.4177069741797568,-2.5266625061732473,adaptive,0.05,20,masked_psnr,8,1,flame_supported,0,full_target_density2
-1.6340723208129622,-1.012534360142589,-2.304121038847922,released,0.1,20,masked_psnr,8,1,flame_supported,0,full_target_density2
2.6947515496177568,3.6584557467839613,1.6577300288593204,adaptive,0.95,20,masked_psnr,8,1,flame_unsupported,0,full_target_density2
2.957489769874053,3.8901818327953723,2.0569562960405263,released,0.95,20,masked_psnr,8,1,flame_unsupported,0,full_target_density2
1.8338955670379575,2.680674016813537,0.8938115251728783,adaptive,0.85,20,masked_psnr,8,1,foreground,0,full_target_density2
2.0591527682101054,2.903938395337214,1.1699047881340765,released,0.85,20,masked_psnr,8,1,foreground,0,full_target_density2
1.065024476438857,1.9821880822381612,0.0178783587580207,adaptive,0.75,20,masked_psnr,8,1,full_frame,0,full_target_density2
1.230078601182184,2.094737036157576,0.3406784187694569,released,0.7,20,masked_psnr,8,1,full_frame,0,full_target_density2
-0.15129038230976494,0.4388792839942211,-0.7330452547523844,adaptive,0.5,20,masked_psnr,8,1,head_foreground,0,full_target_density2
-0.241438860177612,0.2770810260548257,-0.7893509777422933,released,0.5,20,masked_psnr,8,1,head_foreground,0,full_target_density2
-2.199235127899243,-1.723001765951074,-2.69073535150433,adaptive,0.0,20,masked_psnr,8,1,head_supported,0,full_target_density2
-2.054184095987065,-1.501760066986679,-2.6741126993568427,released,0.05,20,masked_psnr,8,1,head_supported,0,full_target_density2
1.3074193897324684,2.008560471103004,0.6739894386095421,adaptive,0.8,20,masked_psnr,8,1,head_unsupported,0,full_target_density2
1.0064770762577104,1.555823200739929,0.4833696992775793,released,0.8,20,masked_psnr,8,1,head_unsupported,0,full_target_density2
-0.3749064837589744,-0.07182433616656342,-0.6820008066498645,adaptive,0.35,20,masked_psnr,8,1,oral,0,full_target_density2
-0.2390348115273097,0.038482619034964936,-0.5295348693409886,released,0.3,20,masked_psnr,8,1,oral,0,full_target_density2
2.752453298984651,3.9299513841668063,1.4123171674478108,adaptive,0.85,20,masked_psnr,8,1,torso_outside_head_roi,0,full_target_density2
3.166797718974429,4.400165957174897,1.965682201763995,released,0.9,20,masked_psnr,8,1,torso_outside_head_roi,0,full_target_density2
0.20569357676163058,2.6289477142585738,-1.7537686349347976,adaptive,0.5,20,masked_psnr,8,4,background,0,full_target_density2
0.053706712941768854,2.391596057602606,-1.9066695114268273,released,0.45,20,masked_psnr,8,4,background,0,full_target_density2
0.003187505420035386,0.40934581838964224,-0.42334512449104944,adaptive,0.55,20,masked_psnr,8,4,eyes,0,full_target_density2
-0.5761081500519566,-0.054383345465946975,-1.1596806851396246,released,0.45,20,masked_psnr,8,4,eyes,0,full_target_density2
-1.850634279181719,-1.2662791656813028,-2.490733098594909,adaptive,0.05,20,masked_psnr,8,4,flame_supported,0,full_target_density2
-1.6370868545748387,-1.0885878114114607,-2.1905880244651468,released,0.05,20,masked_psnr,8,4,flame_supported,0,full_target_density2
3.0278235636262942,3.845134388229496,2.2703272246158126,adaptive,0.95,20,masked_psnr,8,4,flame_unsupported,0,full_target_density2
3.0188052819418383,3.7264039268084117,2.3674147754765413,released,1.0,20,masked_psnr,8,4,flame_unsupported,0,full_target_density2
2.1056595974006,2.8488778905049768,1.3230289334471315,adaptive,0.95,20,masked_psnr,8,4,foreground,0,full_target_density2
2.1729697839875355,2.8266411852112343,1.491567625201042,released,0.95,20,masked_psnr,8,4,foreground,0,full_target_density2
1.3001060512931866,2.1503205713436744,0.3456949655664384,adaptive,0.8,20,masked_psnr,8,4,full_frame,0,full_target_density2
1.3503604836651164,2.1299499037092957,0.46860987598135245,released,0.8,20,masked_psnr,8,4,full_frame,0,full_target_density2
-0.2815185015978277,0.20398042891074697,-0.8228581754171842,adaptive,0.45,20,masked_psnr,8,4,head_foreground,0,full_target_density2
-0.0949727928560411,0.42356451927911276,-0.6292991594706574,released,0.4,20,masked_psnr,8,4,head_foreground,0,full_target_density2
-2.3333137827116834,-1.7630142672430917,-2.960732245047284,adaptive,0.0,20,masked_psnr,8,4,head_supported,0,full_target_density2
-2.165904298854435,-1.6029114363440073,-2.7956793767128136,released,0.0,20,masked_psnr,8,4,head_supported,0,full_target_density2
0.942481209066439,1.4336850904971359,0.4282026474547318,adaptive,0.75,20,masked_psnr,8,4,head_unsupported,0,full_target_density2
1.1176288577419853,1.6848074395200203,0.5687408544248301,released,0.8,20,masked_psnr,8,4,head_unsupported,0,full_target_density2
-0.3462963821817981,-0.09458929117999275,-0.6181874932830305,adaptive,0.2,20,masked_psnr,8,4,oral,0,full_target_density2
-0.32863654959612276,-0.06239129490679828,-0.6275860909514032,released,0.25,20,masked_psnr,8,4,oral,0,full_target_density2
3.3603964773418715,4.427929966518425,2.2733928834708492,adaptive,0.95,20,masked_psnr,8,4,torso_outside_head_roi,0,full_target_density2
3.227589683993311,4.128477869495628,2.3495821467457656,released,0.95,20,masked_psnr,8,4,torso_outside_head_roi,0,full_target_density2
0.2328156520801108,2.4678140088864726,-1.6950946083036202,adaptive,0.5,20,masked_psnr,8,8,background,0,full_target_density2
-0.03123518931891578,2.0909900661048053,-1.8004274580807027,released,0.4,20,masked_psnr,8,8,background,0,full_target_density2
0.012747396723579918,0.403366853522698,-0.3951983297984534,adaptive,0.6,20,masked_psnr,8,8,eyes,0,full_target_density2
-0.3720583255689597,0.08582678852774697,-0.8954562341827031,released,0.45,20,masked_psnr,8,8,eyes,0,full_target_density2
-1.9787022219649593,-1.3746062136062414,-2.593728021683041,adaptive,0.05,20,masked_psnr,8,8,flame_supported,0,full_target_density2
-1.4875234782975766,-0.8706788859269827,-2.0869405006017137,released,0.2,20,masked_psnr,8,8,flame_supported,0,full_target_density2
3.014827001258528,3.7988219944179575,2.3197571598273754,adaptive,1.0,20,masked_psnr,8,8,flame_unsupported,0,full_target_density2
3.2680648338829372,4.0177621190980535,2.5948457412572714,released,1.0,20,masked_psnr,8,8,flame_unsupported,0,full_target_density2
2.088760878975183,2.8102489897416443,1.3450795287444457,adaptive,0.95,20,masked_psnr,8,8,foreground,0,full_target_density2
2.432795145012146,3.152559783757011,1.7338851186692916,released,0.95,20,masked_psnr,8,8,foreground,0,full_target_density2
1.2766912920331834,2.1226117001989997,0.35684831110914017,adaptive,0.8,20,masked_psnr,8,8,full_frame,0,full_target_density2
1.5458737681193413,2.385150719226053,0.6788640477734009,released,0.8,20,masked_psnr,8,8,full_frame,0,full_target_density2
-0.31523773656071236,0.19996815670835416,-0.8754247764366558,adaptive,0.45,20,masked_psnr,8,8,head_foreground,0,full_target_density2
0.03340448095663797,0.5478006759167124,-0.5013951191782268,released,0.45,20,masked_psnr,8,8,head_foreground,0,full_target_density2
-2.4250331471814897,-1.8454124088593673,-3.030645097071235,adaptive,0.05,20,masked_psnr,8,8,head_supported,0,full_target_density2
-2.1061948746085895,-1.5128415175895182,-2.765135523266432,released,0.0,20,masked_psnr,8,8,head_supported,0,full_target_density2
0.8608887327066241,1.3892661590729594,0.32868028455296566,adaptive,0.75,20,masked_psnr,8,8,head_unsupported,0,full_target_density2
1.2490259510798558,1.7959064120370212,0.7199498129423155,released,0.85,20,masked_psnr,8,8,head_unsupported,0,full_target_density2
-0.3591995426372597,-0.07596757087850665,-0.6694027125910633,adaptive,0.25,20,masked_psnr,8,8,oral,0,full_target_density2
-0.23882598799448065,0.055734831412683594,-0.5536414144579,released,0.35,20,masked_psnr,8,8,oral,0,full_target_density2
3.30325585497402,4.25665430933437,2.3106529541122347,adaptive,0.95,20,masked_psnr,8,8,torso_outside_head_roi,0,full_target_density2
3.575482335971344,4.525397369229958,2.66689128523015,released,1.0,20,masked_psnr,8,8,torso_outside_head_roi,0,full_target_density2
-1.0362992927770633,0.3410111372647503,-2.0644063238016495,adaptive,0.2,20,masked_psnr,384,1,background,0,full_target_density2
-1.3211839382080304,-0.38464448144839053,-2.262333108633968,released,0.2,20,masked_psnr,384,1,background,0,full_target_density2
0.1687263641899607,0.46677507569685395,-0.13640009107258186,adaptive,0.55,20,masked_psnr,384,1,eyes,0,full_target_density2
-0.3562713587451718,-0.07702256222805089,-0.651011243788988,released,0.25,20,masked_psnr,384,1,eyes,0,full_target_density2
0.22077770523745405,0.7047751937364475,-0.31751890085194406,adaptive,0.65,20,masked_psnr,384,1,flame_supported,0,full_target_density2
0.1071482632933817,0.5463195189691981,-0.3448100963026319,released,0.55,20,masked_psnr,384,1,flame_supported,0,full_target_density2
6.4433002410325715,7.643113065739868,5.172993163346796,adaptive,1.0,20,masked_psnr,384,1,flame_unsupported,0,full_target_density2
6.515906981964719,7.568229052565689,5.447033431529961,released,1.0,20,masked_psnr,384,1,flame_unsupported,0,full_target_density2
5.022378776395082,6.026462144317102,3.9405334430426913,adaptive,1.0,20,masked_psnr,384,1,foreground,0,full_target_density2
5.020151813587195,5.930800734466181,4.0362489075670025,released,1.0,20,masked_psnr,384,1,foreground,0,full_target_density2
3.4215946516632,4.110732136476067,2.6869667364490097,adaptive,0.95,20,masked_psnr,384,1,full_frame,0,full_target_density2
3.4474556290237204,4.109121265196989,2.7566689876641126,released,0.95,20,masked_psnr,384,1,full_frame,0,full_target_density2
2.1122942451062903,2.9427316395447725,1.3081724648978337,adaptive,0.85,20,masked_psnr,384,1,head_foreground,0,full_target_density2
2.227153597978739,2.9885161340603665,1.4896328562332342,released,0.9,20,masked_psnr,384,1,head_foreground,0,full_target_density2
-0.3261061863514828,-0.028706495425242,-0.6450453303087361,adaptive,0.35,20,masked_psnr,384,1,head_supported,0,full_target_density2
-0.4238228372770495,-0.1851863286375362,-0.6816519165877768,released,0.3,20,masked_psnr,384,1,head_supported,0,full_target_density2
4.11777931154983,5.49602318496892,2.73800114372701,adaptive,0.9,20,masked_psnr,384,1,head_unsupported,0,full_target_density2
4.449349270216699,5.718242121174761,3.279195673797649,released,1.0,20,masked_psnr,384,1,head_unsupported,0,full_target_density2
-0.3459590265725659,-0.09763713278116044,-0.6157254307913625,adaptive,0.3,20,masked_psnr,384,1,oral,0,full_target_density2
-0.26382659385310275,0.013546130809403749,-0.5586565339024613,released,0.45,20,masked_psnr,384,1,oral,0,full_target_density2
7.173107573326443,8.466681999567266,5.788595551227005,adaptive,1.0,20,masked_psnr,384,1,torso_outside_head_roi,0,full_target_density2
6.967835605914006,8.184481154086534,5.658337725080355,released,1.0,20,masked_psnr,384,1,torso_outside_head_roi,0,full_target_density2
-1.4431871534712641,-0.07424026849850453,-2.541090172864862,adaptive,0.2,20,masked_psnr,384,4,background,0,full_target_density2
-1.7862735084219987,-0.5343841561297905,-3.001119579960899,released,0.1,20,masked_psnr,384,4,background,0,full_target_density2
0.037761415885103136,0.37415079373591836,-0.2955558520891179,adaptive,0.45,20,masked_psnr,384,4,eyes,0,full_target_density2
-0.3737276570206431,0.020027420185574192,-0.7433688397288537,released,0.2,20,masked_psnr,384,4,eyes,0,full_target_density2
0.07876915989863686,0.5845057195898697,-0.4801509168765345,adaptive,0.55,20,masked_psnr,384,4,flame_supported,0,full_target_density2
0.10391699180455563,0.5874782054673863,-0.3928320414822825,released,0.6,20,masked_psnr,384,4,flame_supported,0,full_target_density2
6.597595283605017,7.715233119312884,5.461637789355023,adaptive,1.0,20,masked_psnr,384,4,flame_unsupported,0,full_target_density2
6.685275176942819,7.706559924811077,5.644450268473203,released,1.0,20,masked_psnr,384,4,flame_unsupported,0,full_target_density2
5.211301464238799,6.156904403188211,4.20112024637106,adaptive,1.0,20,masked_psnr,384,4,foreground,0,full_target_density2
5.285244828439266,6.164151611134341,4.301027085497568,released,1.0,20,masked_psnr,384,4,foreground,0,full_target_density2
3.3874143417965654,4.044252162699039,2.6922831719621234,adaptive,1.0,20,masked_psnr,384,4,full_frame,0,full_target_density2
3.3954299067840226,4.043943683907276,2.7218643317532765,released,1.0,20,masked_psnr,384,4,full_frame,0,full_target_density2
2.3325680366460646,3.2202374064136583,1.46430225466036,adaptive,0.85,20,masked_psnr,384,4,head_foreground,0,full_target_density2
2.501624482014038,3.282597701631524,1.7130838361359635,released,0.9,20,masked_psnr,384,4,head_foreground,0,full_target_density2
-0.6153709194821045,-0.32365510165058914,-0.9534742523951092,adaptive,0.1,20,masked_psnr,384,4,head_supported,0,full_target_density2
-0.5814949271884483,-0.305371419658736,-0.8891103087838477,released,0.2,20,masked_psnr,384,4,head_supported,0,full_target_density2
4.391475875862879,5.734385955161209,3.024018659779194,adaptive,0.9,20,masked_psnr,384,4,head_unsupported,0,full_target_density2
4.642353852973812,5.790958629047977,3.518956776299986,released,1.0,20,masked_psnr,384,4,head_unsupported,0,full_target_density2
-0.46577228863141773,-0.2604996292449626,-0.6959360078868481,adaptive,0.15,20,masked_psnr,384,4,oral,0,full_target_density2
-0.45719669679896435,-0.2811517835329211,-0.6340533990868507,released,0.1,20,masked_psnr,384,4,oral,0,full_target_density2
7.20071939121498,8.433251522525795,5.973802586423948,adaptive,1.0,20,masked_psnr,384,4,torso_outside_head_roi,0,full_target_density2
7.116900799304181,8.228002237094767,5.913286759682423,released,1.0,20,masked_psnr,384,4,torso_outside_head_roi,0,full_target_density2
-1.5393456459243877,-0.31597656757462655,-2.5668807106869305,adaptive,0.15,20,masked_psnr,384,8,background,0,full_target_density2
-2.219795848445417,-1.1407276321929076,-3.3925856466979605,released,0.1,20,masked_psnr,384,8,background,0,full_target_density2
0.11272945176089326,0.5062214465994699,-0.29858492641519513,adaptive,0.6,20,masked_psnr,384,8,eyes,0,full_target_density2
-0.25038753924082346,0.15017020245115112,-0.6526813883003482,released,0.4,20,masked_psnr,384,8,eyes,0,full_target_density2
0.043584266380232696,0.565710299148676,-0.5248314643342437,adaptive,0.55,20,masked_psnr,384,8,flame_supported,0,full_target_density2
0.06509021157383384,0.6131212516617296,-0.4847440986354471,released,0.6,20,masked_psnr,384,8,flame_supported,0,full_target_density2
6.743700893677705,7.832138355763971,5.617727092126158,adaptive,1.0,20,masked_psnr,384,8,flame_unsupported,0,full_target_density2
6.8315682511057405,7.875738744919415,5.783291842734064,released,1.0,20,masked_psnr,384,8,flame_unsupported,0,full_target_density2
5.337496797342615,6.282842904710371,4.317031458947005,adaptive,1.0,20,masked_psnr,384,8,foreground,0,full_target_density2
5.415229079590214,6.3274237655889864,4.458822942667701,released,1.0,20,masked_psnr,384,8,foreground,0,full_target_density2
3.429402472461715,4.119213691262718,2.7182228809299036,adaptive,1.0,20,masked_psnr,384,8,full_frame,0,full_target_density2
3.3142450823552094,4.000199061951762,2.607174455568264,released,1.0,20,masked_psnr,384,8,full_frame,0,full_target_density2
2.3263103154564524,3.173503375715194,1.4592429290576296,adaptive,0.8,20,masked_psnr,384,8,head_foreground,0,full_target_density2
2.4877229221060135,3.2627274877295247,1.7142312250268827,released,0.9,20,masked_psnr,384,8,head_foreground,0,full_target_density2
-0.6632539455920233,-0.3599671566732653,-1.0003812407256714,adaptive,0.1,20,masked_psnr,384,8,head_supported,0,full_target_density2
-0.6385343611076383,-0.32587847355420935,-0.9834172125160876,released,0.25,20,masked_psnr,384,8,head_supported,0,full_target_density2
4.421856119822084,5.777254926810567,3.124100060243801,adaptive,0.9,20,masked_psnr,384,8,head_unsupported,0,full_target_density2
4.7337917859361225,5.833018456829015,3.6008103243777407,released,1.0,20,masked_psnr,384,8,head_unsupported,0,full_target_density2
-0.5176316825351253,-0.3145092341367567,-0.7405402982026728,adaptive,0.05,20,masked_psnr,384,8,oral,0,full_target_density2
-0.48387237532137756,-0.2985149596618487,-0.6850053877814208,released,0.15,20,masked_psnr,384,8,oral,0,full_target_density2
7.347774374847131,8.519741012606369,6.152224683981671,adaptive,1.0,20,masked_psnr,384,8,torso_outside_head_roi,0,full_target_density2
7.2647719886202236,8.457249663858308,6.042452765863023,released,1.0,20,masked_psnr,384,8,torso_outside_head_roi,0,full_target_density2
2.2122149991193694,4.71414917970785,0.5702297176572393,adaptive,0.75,20,masked_psnr,8,1,background,0,head_target_density1
1.3793015653100231,3.734869180345631,-0.17661360550903726,released,0.7,20,masked_psnr,8,1,background,0,head_target_density1
0.2037323963021322,0.5732535183148887,-0.14859624880572064,adaptive,0.6,20,masked_psnr,8,1,eyes,0,head_target_density1
0.46570308910555996,0.7869826536342521,0.1728740089670814,released,0.65,20,masked_psnr,8,1,eyes,0,head_target_density1
-1.241655048495549,-0.8424054679084695,-1.66554425571703,adaptive,0.1,20,masked_psnr,8,1,flame_supported,0,head_target_density1
-0.9630611671152357,-0.6510036332333041,-1.267603228884177,released,0.15,20,masked_psnr,8,1,flame_supported,0,head_target_density1
0.2801638727401737,0.4997153271358193,0.12753457469855903,adaptive,0.85,20,masked_psnr,8,1,flame_unsupported,0,head_target_density1
0.39525848604800407,0.601318280243599,0.250034641388307,released,1.0,20,masked_psnr,8,1,flame_unsupported,0,head_target_density1
0.06840802640418184,0.20596433570867853,-0.032066099186297777,adaptive,0.45,20,masked_psnr,8,1,foreground,0,head_target_density1
0.20508961821378846,0.3504013007877131,0.1002363565389481,released,0.8,20,masked_psnr,8,1,foreground,0,head_target_density1
0.11591453163001901,0.24370946069711225,0.010987981063246322,adaptive,0.6,20,masked_psnr,8,1,full_frame,0,head_target_density1
0.18989983151447803,0.3548320809379622,0.052953023274141836,released,0.75,20,masked_psnr,8,1,full_frame,0,head_target_density1
0.4936846922199116,0.8004491459336012,0.1976089430986043,adaptive,0.8,20,masked_psnr,8,1,head_foreground,0,head_target_density1
0.6136663925382734,0.9083794107814545,0.3300554532589467,released,0.8,20,masked_psnr,8,1,head_foreground,0,head_target_density1
-0.461449480830633,0.017687689521744588,-1.1415278515158434,adaptive,0.5,20,masked_psnr,8,1,head_supported,0,head_target_density1
-0.5243938425858243,-0.16877836942309363,-0.9634513835050065,released,0.2,20,masked_psnr,8,1,head_supported,0,head_target_density1
0.8728190613965614,1.3614030747319321,0.4161031412667667,adaptive,0.85,20,masked_psnr,8,1,head_unsupported,0,head_target_density1
1.1588891847351301,1.5966013844946698,0.7481906290450011,released,0.95,20,masked_psnr,8,1,head_unsupported,0,head_target_density1
-0.16522848689974,0.14800365318359898,-0.49422914025324177,adaptive,0.45,20,masked_psnr,8,1,oral,0,head_target_density1
0.18854033942810347,0.47474313039778365,-0.09715019034326026,released,0.55,20,masked_psnr,8,1,oral,0,head_target_density1
-0.07631926906050542,0.08636235677831323,-0.21635544285116762,adaptive,0.3,20,masked_psnr,8,1,torso_outside_head_roi,0,head_target_density1
0.04086174760828516,0.16865777945597293,-0.0763817504888149,released,0.45,20,masked_psnr,8,1,torso_outside_head_roi,0,head_target_density1
2.682946585131678,5.217648983323765,0.7512184895445414,adaptive,0.75,20,masked_psnr,8,4,background,0,head_target_density1
1.8018634539758929,4.235880976228576,-0.11540343139529494,released,0.75,20,masked_psnr,8,4,background,0,head_target_density1
-0.23992762032194914,0.15782654130346024,-0.6633379839784412,adaptive,0.45,20,masked_psnr,8,4,eyes,0,head_target_density1
0.37232888203999737,0.7367801465108127,0.009004111950335226,released,0.55,20,masked_psnr,8,4,eyes,0,head_target_density1
-1.467274613360558,-0.9930194602941484,-1.9698633952654543,adaptive,0.05,20,masked_psnr,8,4,flame_supported,0,head_target_density1
-1.0586722849112686,-0.6885786032829168,-1.4288867974690893,released,0.15,20,masked_psnr,8,4,flame_supported,0,head_target_density1
0.3441226967272778,0.5850632765225413,0.17429879681544394,adaptive,0.9,20,masked_psnr,8,4,flame_unsupported,0,head_target_density1
0.4512636703193678,0.6987711913117508,0.2800194960195826,released,1.0,20,masked_psnr,8,4,flame_unsupported,0,head_target_density1
0.10088033699124868,0.2697987687953968,-0.02571640438698627,adaptive,0.55,20,masked_psnr,8,4,foreground,0,head_target_density1
0.2560553920293277,0.43553763161803316,0.12054725219506307,released,0.9,20,masked_psnr,8,4,foreground,0,head_target_density1
0.10976745843766116,0.2636497755358467,-0.052324948561080914,adaptive,0.7,20,masked_psnr,8,4,full_frame,0,head_target_density1
0.2112827234654527,0.36455208176502657,0.05712919124152972,released,0.75,20,masked_psnr,8,4,full_frame,0,head_target_density1
0.5613199990691182,0.8942526968287955,0.23871904391491863,adaptive,0.75,20,masked_psnr,8,4,head_foreground,0,head_target_density1
0.7369794412114065,1.0871630501187732,0.42575229399593073,released,0.8,20,masked_psnr,8,4,head_foreground,0,head_target_density1
-0.742233229802454,-0.12851453913917493,-1.571629489523638,adaptive,0.4,20,masked_psnr,8,4,head_supported,0,head_target_density1
-0.6613312690504245,-0.1744067309522686,-1.2244833493379128,released,0.4,20,masked_psnr,8,4,head_supported,0,head_target_density1
1.0458069372299685,1.5415099251462998,0.6101235311384241,adaptive,0.85,20,masked_psnr,8,4,head_unsupported,0,head_target_density1
1.3732380845854597,1.8667548836928687,0.9365123883642852,released,0.95,20,masked_psnr,8,4,head_unsupported,0,head_target_density1
-0.37401886155217223,-0.14936618484343206,-0.6102261627112213,adaptive,0.25,20,masked_psnr,8,4,oral,0,head_target_density1
0.07252015302320913,0.3705816128021459,-0.20920748173100195,released,0.45,20,masked_psnr,8,4,oral,0,head_target_density1
-0.07134583192097599,0.08833958858639401,-0.20882601815415033,adaptive,0.3,20,masked_psnr,8,4,torso_outside_head_roi,0,head_target_density1
0.06396963404435205,0.20589837343886022,-0.06015730458914023,released,0.45,20,masked_psnr,8,4,torso_outside_head_roi,0,head_target_density1
2.487343238532314,4.908250456496649,0.6661384514279548,adaptive,0.75,20,masked_psnr,8,8,background,0,head_target_density1
1.5903998283350445,3.7959098030645406,-0.021018577014192828,released,0.75,20,masked_psnr,8,8,background,0,head_target_density1
-0.12029942838994412,0.2938913724171671,-0.5496146537627352,adaptive,0.4,20,masked_psnr,8,8,eyes,0,head_target_density1
0.5575321150943113,0.9789406796743175,0.14382773128610724,released,0.6,20,masked_psnr,8,8,eyes,0,head_target_density1
-1.6332070442378346,-1.1565966686632922,-2.1525817069292508,adaptive,0.05,20,masked_psnr,8,8,flame_supported,0,head_target_density1
-1.1465188572445326,-0.7861055030815778,-1.5037701230745038,released,0.05,20,masked_psnr,8,8,flame_supported,0,head_target_density1
0.31919456446608563,0.5399413865998348,0.16325571303519698,adaptive,0.9,20,masked_psnr,8,8,flame_unsupported,0,head_target_density1
0.4306621229139008,0.6687547029590449,0.26437592602646937,released,1.0,20,masked_psnr,8,8,flame_unsupported,0,head_target_density1
0.06127517130792337,0.21634204872151738,-0.06225061019963001,adaptive,0.5,20,masked_psnr,8,8,foreground,0,head_target_density1
0.2280985761737421,0.3975917093432197,0.09742655713555103,released,0.8,20,masked_psnr,8,8,foreground,0,head_target_density1
0.07858126096932097,0.23182615105487833,-0.0768142564450791,adaptive,0.65,20,masked_psnr,8,8,full_frame,0,head_target_density1
0.1866406138557722,0.3490083733492008,0.034113431653840995,released,0.75,20,masked_psnr,8,8,full_frame,0,head_target_density1
0.49511151262438313,0.8480463478811993,0.1396446302572703,adaptive,0.75,20,masked_psnr,8,8,head_foreground,0,head_target_density1
0.6998559773167659,1.048539985648767,0.3603107563471257,released,0.8,20,masked_psnr,8,8,head_foreground,0,head_target_density1
-0.8172178898274398,-0.16867189345688632,-1.6481324894339282,adaptive,0.4,20,masked_psnr,8,8,head_supported,0,head_target_density1
-0.7303166583919294,-0.2308901423000378,-1.3359369658385116,released,0.35,20,masked_psnr,8,8,head_supported,0,head_target_density1
0.9695426068920359,1.4660046895177914,0.5229549562327638,adaptive,0.85,20,masked_psnr,8,8,head_unsupported,0,head_target_density1
1.327875519653274,1.826983555194927,0.8865137888184561,released,0.9,20,masked_psnr,8,8,head_unsupported,0,head_target_density1
-0.2754248765167732,-0.03685013245407505,-0.5233309158427754,adaptive,0.3,20,masked_psnr,8,8,oral,0,head_target_density1
0.062100441233177685,0.3352638010245547,-0.1961524470084397,released,0.45,20,masked_psnr,8,8,oral,0,head_target_density1
-0.10860945987889659,0.03527507513036098,-0.2361838085359102,adaptive,0.3,20,masked_psnr,8,8,torso_outside_head_roi,0,head_target_density1
0.03967226257783163,0.16084863102099442,-0.07029152564449086,released,0.45,20,masked_psnr,8,8,torso_outside_head_roi,0,head_target_density1
-0.9413123531811142,-0.16106579524364767,-1.7502154336871985,adaptive,0.4,20,masked_psnr,384,1,background,0,head_target_density1
0.5572800412916696,1.629039820082787,-0.48446371885144157,released,0.7,20,masked_psnr,384,1,background,0,head_target_density1
0.6224757779120231,0.8852141860134385,0.36730745922031555,adaptive,0.9,20,masked_psnr,384,1,eyes,0,head_target_density1
0.865917306380924,1.2915867800578609,0.46491904565517606,released,0.85,20,masked_psnr,384,1,eyes,0,head_target_density1
-1.4353592939460609,-1.048734580467111,-1.8175796715175245,adaptive,0.05,20,masked_psnr,384,1,flame_supported,0,head_target_density1
-1.0964287606003005,-0.719024559931632,-1.47758568681361,released,0.1,20,masked_psnr,384,1,flame_supported,0,head_target_density1
1.1065627939240716,1.5681119907555487,0.6915950454033563,adaptive,0.9,20,masked_psnr,384,1,flame_unsupported,0,head_target_density1
1.0683702119607699,1.5182751072734992,0.6876385858002758,released,0.9,20,masked_psnr,384,1,flame_unsupported,0,head_target_density1
0.6904527847404769,1.0988789987866658,0.3341548647587017,adaptive,0.75,20,masked_psnr,384,1,foreground,0,head_target_density1
0.7159443060786026,1.1374751238043914,0.38235370980958183,released,0.8,20,masked_psnr,384,1,foreground,0,head_target_density1
0.49007510079679895,0.8611615719527975,0.1731851731685975,adaptive,0.65,20,masked_psnr,384,1,full_frame,0,head_target_density1
0.7153306828887819,1.083050413406374,0.3919839518062229,released,0.9,20,masked_psnr,384,1,full_frame,0,head_target_density1
2.9524383235142,3.7912929655441197,2.1836714015915235,adaptive,1.0,20,masked_psnr,384,1,head_foreground,0,head_target_density1
3.1553182748780895,3.983060398548759,2.3859317657558052,released,1.0,20,masked_psnr,384,1,head_foreground,0,head_target_density1
0.39882209111570893,0.553377923572731,0.25429046326664445,adaptive,0.95,20,masked_psnr,384,1,head_supported,0,head_target_density1
0.5959120795353151,0.7572703376609723,0.4283191332887601,released,0.95,20,masked_psnr,384,1,head_supported,0,head_target_density1
4.538637910796345,5.652713804462922,3.4276214545572024,adaptive,0.95,20,masked_psnr,384,1,head_unsupported,0,head_target_density1
4.895078759850753,6.0008620434896285,3.7991659334690935,released,1.0,20,masked_psnr,384,1,head_unsupported,0,head_target_density1
-0.06503059107893136,0.18528124606553462,-0.3052898575770348,adaptive,0.4,20,masked_psnr,384,1,oral,0,head_target_density1
0.05402267532143803,0.29129043254572806,-0.19104971283660319,released,0.6,20,masked_psnr,384,1,oral,0,head_target_density1
0.028943864884205327,0.2962748474476775,-0.19921207305938327,adaptive,0.35,20,masked_psnr,384,1,torso_outside_head_roi,0,head_target_density1
0.014502194348049668,0.25832668449211393,-0.19865786227123633,released,0.3,20,masked_psnr,384,1,torso_outside_head_roi,0,head_target_density1
-1.1985722602869082,-0.23240707325641685,-2.218361781923978,adaptive,0.4,20,masked_psnr,384,4,background,0,head_target_density1
0.6409686785567764,1.793334131866258,-0.5909815134667153,released,0.7,20,masked_psnr,384,4,background,0,head_target_density1
0.831357466141284,1.1198798427534173,0.5561677868791239,adaptive,0.95,20,masked_psnr,384,4,eyes,0,head_target_density1
0.9638247943541609,1.4630475144703277,0.4940232544706116,released,0.8,20,masked_psnr,384,4,eyes,0,head_target_density1
-1.7354417187231292,-1.3281945731676494,-2.1328778369638988,adaptive,0.05,20,masked_psnr,384,4,flame_supported,0,head_target_density1
-1.434066994144202,-1.0258756832812637,-1.8298139031772527,released,0.1,20,masked_psnr,384,4,flame_supported,0,head_target_density1
1.0434625002710045,1.467279758202974,0.6642932218330809,adaptive,0.95,20,masked_psnr,384,4,flame_unsupported,0,head_target_density1
1.0103009362804531,1.4199877839137378,0.6585805452231476,released,0.95,20,masked_psnr,384,4,flame_unsupported,0,head_target_density1
0.6216750385375359,1.0075985040134057,0.2837471598229756,adaptive,0.75,20,masked_psnr,384,4,foreground,0,head_target_density1
0.6312983226937756,1.014910176301186,0.321477717181507,released,0.75,20,masked_psnr,384,4,foreground,0,head_target_density1
0.4008485035764453,0.7372191805060296,0.12075463735052797,adaptive,0.65,20,masked_psnr,384,4,full_frame,0,head_target_density1
0.6425252093475584,0.9538609648584725,0.3927095144712226,released,0.95,20,masked_psnr,384,4,full_frame,0,head_target_density1
2.812850391390014,3.6047927450377917,2.0542009493954105,adaptive,1.0,20,masked_psnr,384,4,head_foreground,0,head_target_density1
3.3239884770277675,4.145308417320947,2.5534648986677353,released,1.0,20,masked_psnr,384,4,head_foreground,0,head_target_density1
0.24226255888167056,0.4103593723658754,0.07008567367353698,adaptive,0.7,20,masked_psnr,384,4,head_supported,0,head_target_density1
0.6166497035578784,0.8194086046684883,0.375831102965837,released,0.95,20,masked_psnr,384,4,head_supported,0,head_target_density1
4.098117597945805,5.131880075997938,3.053772844209142,adaptive,0.95,20,masked_psnr,384,4,head_unsupported,0,head_target_density1
4.862305633380952,5.878471430180894,3.863963049633782,released,1.0,20,masked_psnr,384,4,head_unsupported,0,head_target_density1
0.09281592364644364,0.39757830657432364,-0.2080567924261658,adaptive,0.55,20,masked_psnr,384,4,oral,0,head_target_density1
0.07756488761150634,0.3627654563339579,-0.19505808438162192,released,0.6,20,masked_psnr,384,4,oral,0,head_target_density1
-0.049791511939162716,0.20074915143639013,-0.26488504692491305,adaptive,0.35,20,masked_psnr,384,4,torso_outside_head_roi,0,head_target_density1
-0.13613900440794208,0.08009192240534913,-0.3207375842358473,released,0.25,20,masked_psnr,384,4,torso_outside_head_roi,0,head_target_density1
-1.449971949752901,-0.5069519206532827,-2.4882076462082323,adaptive,0.25,20,masked_psnr,384,8,background,0,head_target_density1
0.23941945694776337,1.401249131405983,-0.9443639997352006,released,0.65,20,masked_psnr,384,8,background,0,head_target_density1
0.8216963137169314,1.146179121191489,0.5006053996975247,adaptive,0.85,20,masked_psnr,384,8,eyes,0,head_target_density1
0.8467355897055636,1.2430947433613315,0.44456250218876603,released,0.8,20,masked_psnr,384,8,eyes,0,head_target_density1
-1.8626361578355506,-1.4247393040694503,-2.2864701519323254,adaptive,0.05,20,masked_psnr,384,8,flame_supported,0,head_target_density1
-1.4736463115352154,-1.078907876588309,-1.8690178502534496,released,0.1,20,masked_psnr,384,8,flame_supported,0,head_target_density1
0.9842778426051204,1.3868904758107234,0.6187033656916285,adaptive,0.9,20,masked_psnr,384,8,flame_unsupported,0,head_target_density1
0.9778443018524318,1.3618101311228714,0.636910968333361,released,0.95,20,masked_psnr,384,8,flame_unsupported,0,head_target_density1
0.5687510345480443,0.933668125232919,0.26069665640209255,adaptive,0.75,20,masked_psnr,384,8,foreground,0,head_target_density1
0.611019326883931,0.9760483111023953,0.312946067405723,released,0.75,20,masked_psnr,384,8,foreground,0,head_target_density1
0.3085405259181341,0.612737869775509,0.04406593303189129,adaptive,0.6,20,masked_psnr,384,8,full_frame,0,head_target_density1
0.5874055724683147,0.8820325629927487,0.34315568701931803,released,0.95,20,masked_psnr,384,8,full_frame,0,head_target_density1
2.756562606888129,3.4994749517696233,1.9977390258401042,adaptive,1.0,20,masked_psnr,384,8,head_foreground,0,head_target_density1
3.375730225972034,4.198686713987181,2.5682861687533918,released,1.0,20,masked_psnr,384,8,head_foreground,0,head_target_density1
0.16479764747299494,0.3339593198568349,-0.010670551468202913,adaptive,0.65,20,masked_psnr,384,8,head_supported,0,head_target_density1
0.6146510343550213,0.8256963904468303,0.3786014721480516,released,0.95,20,masked_psnr,384,8,head_supported,0,head_target_density1
4.005982049144437,4.989466062754434,2.977914176511007,adaptive,0.95,20,masked_psnr,384,8,head_unsupported,0,head_target_density1
4.901235995829166,5.9388287802416935,3.846940501549944,released,1.0,20,masked_psnr,384,8,head_unsupported,0,head_target_density1
0.18284733948141732,0.45913101495498415,-0.10113148329620338,adaptive,0.5,20,masked_psnr,384,8,oral,0,head_target_density1
0.0829471533762323,0.35341444306412256,-0.17126555611227678,released,0.45,20,masked_psnr,384,8,oral,0,head_target_density1
-0.09120351554470019,0.13803440192425767,-0.28409853507180105,adaptive,0.3,20,masked_psnr,384,8,torso_outside_head_roi,0,head_target_density1
-0.14380962313119633,0.05642425948854135,-0.3226165065686087,released,0.25,20,masked_psnr,384,8,torso_outside_head_roi,0,head_target_density1
-0.716969191514633,2.005794300178173,-2.817186083120508,adaptive,0.3,20,masked_psnr,8,1,background,0,primary_full_target_density1
-0.46163542963656223,2.1294854495884374,-2.3318576914840876,released,0.3,20,masked_psnr,8,1,background,0,primary_full_target_density1
0.22864648615693223,0.7891968682861965,-0.45207771858502555,adaptive,0.65,20,masked_psnr,8,1,eyes,0,primary_full_target_density1
-0.9144661259074246,-0.16171714646258045,-1.738130209094028,released,0.35,20,masked_psnr,8,1,eyes,0,primary_full_target_density1
-1.6651210812629629,-1.093094770060095,-2.259940759127074,adaptive,0.05,20,masked_psnr,8,1,flame_supported,0,primary_full_target_density1
-1.5093882612062128,-1.0011213646450223,-2.070658369996458,released,0.1,20,masked_psnr,8,1,flame_supported,0,primary_full_target_density1
2.9535031675246275,3.9298919155977456,1.9263548708558504,adaptive,0.95,20,masked_psnr,8,1,flame_unsupported,0,primary_full_target_density1
2.807976666489565,3.7405947792299608,1.8672278333806873,released,0.95,20,masked_psnr,8,1,flame_unsupported,0,primary_full_target_density1
1.9486217682910525,2.7867593158483537,1.0303449555703348,adaptive,0.9,20,masked_psnr,8,1,foreground,0,primary_full_target_density1
1.8566458624621691,2.637889148807364,1.007940505964458,released,0.9,20,masked_psnr,8,1,foreground,0,primary_full_target_density1
1.1323164078428036,2.0111153468087966,0.13486215730744983,adaptive,0.8,20,masked_psnr,8,1,full_frame,0,primary_full_target_density1
1.0810899847821633,1.9512777997240864,0.14037349410020034,released,0.75,20,masked_psnr,8,1,full_frame,0,primary_full_target_density1
0.10529415632648745,0.7403275409519912,-0.5634068043102046,adaptive,0.55,20,masked_psnr,8,1,head_foreground,0,primary_full_target_density1
0.008061880295601842,0.5129552536527457,-0.5190680489143801,released,0.55,20,masked_psnr,8,1,head_foreground,0,primary_full_target_density1
-2.041066308466361,-1.4911487043907292,-2.641785999100936,adaptive,0.0,20,masked_psnr,8,1,head_supported,0,primary_full_target_density1
-2.019117118047323,-1.5546999407082585,-2.571738844904697,released,0.0,20,masked_psnr,8,1,head_supported,0,primary_full_target_density1
1.9624089125789763,3.1958728939649923,0.9183978894839562,adaptive,0.8,20,masked_psnr,8,1,head_unsupported,0,primary_full_target_density1
1.7016164836052645,2.5247870605036065,0.924349862404232,released,0.85,20,masked_psnr,8,1,head_unsupported,0,primary_full_target_density1
-0.6740261373144305,-0.35190314886013363,-1.0013535405161682,adaptive,0.2,20,masked_psnr,8,1,oral,0,primary_full_target_density1
-0.6450649084214783,-0.3786818642316434,-0.9001623291060565,released,0.2,20,masked_psnr,8,1,oral,0,primary_full_target_density1
2.8632400026197145,4.123408726190428,1.568005544814016,adaptive,0.85,20,masked_psnr,8,1,torso_outside_head_roi,0,primary_full_target_density1
2.7775429283254227,3.964754755274169,1.5493624726243937,released,0.9,20,masked_psnr,8,1,torso_outside_head_roi,0,primary_full_target_density1
-0.46865053969918613,1.9473669601816745,-2.511411830407028,adaptive,0.4,20,masked_psnr,8,4,background,0,primary_full_target_density1
-0.017161856974785027,2.448682144442245,-2.057474891968436,released,0.35,20,masked_psnr,8,4,background,0,primary_full_target_density1
0.012489480394051001,0.4894137690940466,-0.5217722365104455,adaptive,0.5,20,masked_psnr,8,4,eyes,0,primary_full_target_density1
-1.014774441811736,-0.24444565780608377,-1.8393930068442392,released,0.35,20,masked_psnr,8,4,eyes,0,primary_full_target_density1
-1.825113590000305,-1.1722639707597757,-2.5003541241237746,adaptive,0.1,20,masked_psnr,8,4,flame_supported,0,primary_full_target_density1
-1.6725971765886243,-1.1626027108280474,-2.2104130213806346,released,0.0,20,masked_psnr,8,4,flame_supported,0,primary_full_target_density1
2.8540917290414276,3.5801439386349956,2.1169587907216747,adaptive,0.95,20,masked_psnr,8,4,flame_unsupported,0,primary_full_target_density1
2.973268226328717,3.644558076961341,2.301929065880045,released,0.95,20,masked_psnr,8,4,flame_unsupported,0,primary_full_target_density1
1.9116974541511058,2.626122947149945,1.1179644818558665,adaptive,0.9,20,masked_psnr,8,4,foreground,0,primary_full_target_density1
2.0227639323615114,2.6441787182774927,1.3413381506847457,released,0.95,20,masked_psnr,8,4,foreground,0,primary_full_target_density1
1.121317685228746,1.9108943403440986,0.21020276091514398,adaptive,0.75,20,masked_psnr,8,4,full_frame,0,primary_full_target_density1
1.228093276435395,1.9645572294344766,0.4010487947346818,released,0.8,20,masked_psnr,8,4,full_frame,0,primary_full_target_density1
-0.15987916214029516,0.44717651324357294,-0.783842190414444,adaptive,0.5,20,masked_psnr,8,4,head_foreground,0,primary_full_target_density1
-0.055168364706265474,0.4766898354586457,-0.6073253813995493,released,0.5,20,masked_psnr,8,4,head_foreground,0,primary_full_target_density1
-2.4512145588647085,-1.7963537230697895,-3.164011699470863,adaptive,0.0,20,masked_psnr,8,4,head_supported,0,primary_full_target_density1
-2.4286592559839266,-1.8768718839520855,-3.090341561253009,released,0.0,20,masked_psnr,8,4,head_supported,0,primary_full_target_density1
1.5015230696001336,2.6445441958386873,0.6032038438496405,adaptive,0.8,20,masked_psnr,8,4,head_unsupported,0,primary_full_target_density1
1.6267497074183042,2.374596678513888,0.940186531818992,released,0.9,20,masked_psnr,8,4,head_unsupported,0,primary_full_target_density1
-0.9428543571969825,-0.5957296223432997,-1.3019900117523018,adaptive,0.1,20,masked_psnr,8,4,oral,0,primary_full_target_density1
-0.9013703454982055,-0.5058803198064348,-1.3470324898959243,released,0.2,20,masked_psnr,8,4,oral,0,primary_full_target_density1
2.8921745822853,3.9050554185561266,1.8221168350195678,adaptive,0.9,20,masked_psnr,8,4,torso_outside_head_roi,0,primary_full_target_density1
3.0674967269010396,3.9650806169749875,2.1208920280623635,released,0.95,20,masked_psnr,8,4,torso_outside_head_roi,0,primary_full_target_density1
-0.4263372503193416,1.6644326263005988,-2.296596459162992,adaptive,0.4,20,masked_psnr,8,8,background,0,primary_full_target_density1
-0.001829990562074091,2.2862752673786413,-1.9053557372176566,released,0.45,20,masked_psnr,8,8,background,0,primary_full_target_density1
0.09267898743486738,0.5612410246084969,-0.47340944844972177,adaptive,0.65,20,masked_psnr,8,8,eyes,0,primary_full_target_density1
-0.8859459926388746,-0.1953616730059401,-1.6504428568449363,released,0.4,20,masked_psnr,8,8,eyes,0,primary_full_target_density1
-2.00270031166228,-1.362600998713201,-2.650960810031381,adaptive,0.15,20,masked_psnr,8,8,flame_supported,0,primary_full_target_density1
-1.7104748615653527,-1.167765626223567,-2.26858103463626,released,0.1,20,masked_psnr,8,8,flame_supported,0,primary_full_target_density1
2.7951638690803753,3.5189759462880503,2.094694046546893,adaptive,0.95,20,masked_psnr,8,8,flame_unsupported,0,primary_full_target_density1
3.0879029943578464,3.8327301468289052,2.397982042406601,released,0.95,20,masked_psnr,8,8,flame_unsupported,0,primary_full_target_density1
1.839693571729547,2.534528736573222,1.0945765816405113,adaptive,0.9,20,masked_psnr,8,8,foreground,0,primary_full_target_density1
2.1279280261815905,2.8045118889305356,1.4577214729737304,released,0.95,20,masked_psnr,8,8,foreground,0,primary_full_target_density1
1.108886797782731,1.9151841179340225,0.19919308049155027,adaptive,0.75,20,masked_psnr,8,8,full_frame,0,primary_full_target_density1
1.3239054938826869,2.133940547360721,0.42853511290056073,released,0.8,20,masked_psnr,8,8,full_frame,0,primary_full_target_density1
-0.25028822082530144,0.3213067857079255,-0.8566792772336591,adaptive,0.45,20,masked_psnr,8,8,head_foreground,0,primary_full_target_density1
-0.07343992407825546,0.44026771250890495,-0.6084025385779015,released,0.55,20,masked_psnr,8,8,head_foreground,0,primary_full_target_density1
-2.636128946957423,-2.0130410328970663,-3.3079175176325166,adaptive,0.0,20,masked_psnr,8,8,head_supported,0,primary_full_target_density1
-2.554212742841904,-1.970605704033993,-3.1958263584322384,released,0.0,20,masked_psnr,8,8,head_supported,0,primary_full_target_density1
1.4616167064721253,2.562288706335986,0.5595931514936666,adaptive,0.8,20,masked_psnr,8,8,head_unsupported,0,primary_full_target_density1
1.6381933555539878,2.3676446343245146,0.9536125334606079,released,0.9,20,masked_psnr,8,8,head_unsupported,0,primary_full_target_density1
-0.8603846969658806,-0.5067281161393621,-1.2019384088434995,adaptive,0.15,20,masked_psnr,8,8,oral,0,primary_full_target_density1
-0.8029701341139202,-0.4201864342594416,-1.2374956568538824,released,0.2,20,masked_psnr,8,8,oral,0,primary_full_target_density1
2.7766131891490655,3.723056612111442,1.7551929227523073,adaptive,0.85,20,masked_psnr,8,8,torso_outside_head_roi,0,primary_full_target_density1
3.257034530949847,4.1921615405908,2.2661407834177605,released,0.95,20,masked_psnr,8,8,torso_outside_head_roi,0,primary_full_target_density1
-2.9827032754447123,-1.4497296048474937,-4.561859147811724,adaptive,0.1,20,masked_psnr,32,1,background,0,primary_full_target_density1
-2.3621045978945014,-0.23028617627507567,-4.245025631472787,released,0.2,20,masked_psnr,32,1,background,0,primary_full_target_density1
0.03865745788744555,0.4021898140993975,-0.2368378358603926,adaptive,0.4,20,masked_psnr,32,1,eyes,0,primary_full_target_density1
-0.442299974557673,0.095403784901334,-0.9971385582179231,released,0.35,20,masked_psnr,32,1,eyes,0,primary_full_target_density1
-0.4243536797646044,0.16302572153547457,-1.0161033384104914,adaptive,0.45,20,masked_psnr,32,1,flame_supported,0,primary_full_target_density1
-0.4398985445216791,0.16916416272701573,-1.0768647333723365,released,0.45,20,masked_psnr,32,1,flame_supported,0,primary_full_target_density1
5.721241703799569,6.866210546525769,4.507914127240611,adaptive,0.9,20,masked_psnr,32,1,flame_unsupported,0,primary_full_target_density1
6.023467429192854,7.1330714237488095,4.837921369788017,released,0.95,20,masked_psnr,32,1,flame_unsupported,0,primary_full_target_density1
4.231632680474656,5.172907249376294,3.1629831299493794,adaptive,0.9,20,masked_psnr,32,1,foreground,0,primary_full_target_density1
4.398016512496747,5.3186089090718145,3.3497905507488617,released,0.95,20,masked_psnr,32,1,foreground,0,primary_full_target_density1
2.3166299292026062,3.1845828159464333,1.3678980175319584,adaptive,0.85,20,masked_psnr,32,1,full_frame,0,primary_full_target_density1
2.4671662912475654,3.338006981145012,1.551132175963701,released,0.9,20,masked_psnr,32,1,full_frame,0,primary_full_target_density1
1.7945916446835675,2.806902418265043,0.7766442908122286,adaptive,0.8,20,masked_psnr,32,1,head_foreground,0,primary_full_target_density1
1.7920758739255753,2.7308339227906058,0.9040003140100109,released,0.8,20,masked_psnr,32,1,head_foreground,0,primary_full_target_density1
-1.1661331093307772,-0.7472143227298271,-1.5819461530834806,adaptive,0.05,20,masked_psnr,32,1,head_supported,0,primary_full_target_density1
-1.1879101822143012,-0.7788802400672217,-1.6402399953199651,released,0.1,20,masked_psnr,32,1,head_supported,0,primary_full_target_density1
4.570005328127136,6.146793615868345,2.9826794541108423,adaptive,0.8,20,masked_psnr,32,1,head_unsupported,0,primary_full_target_density1
4.5969108196676345,6.174424742163713,3.1481229792943326,released,0.9,20,masked_psnr,32,1,head_unsupported,0,primary_full_target_density1
-0.9311771604178956,-0.5777239022232376,-1.2890091311903276,adaptive,0.1,20,masked_psnr,32,1,oral,0,primary_full_target_density1
-0.27644098189230276,0.012292335686075472,-0.5787238390666983,released,0.35,20,masked_psnr,32,1,oral,0,primary_full_target_density1
5.862644830848646,6.963299116830721,4.587140456512672,adaptive,0.95,20,masked_psnr,32,1,torso_outside_head_roi,0,primary_full_target_density1
6.1824383211305,7.380969358639135,4.837712840176771,released,0.95,20,masked_psnr,32,1,torso_outside_head_roi,0,primary_full_target_density1
-2.584030984094503,-0.8904447122946246,-4.244272314119336,adaptive,0.2,20,masked_psnr,32,4,background,0,primary_full_target_density1
-1.9240823944604621,0.4975073628939037,-3.9891664060760683,released,0.25,20,masked_psnr,32,4,background,0,primary_full_target_density1
0.07878925085133126,0.4680817657903337,-0.2377096170877834,adaptive,0.5,20,masked_psnr,32,4,eyes,0,primary_full_target_density1
-0.49628764125939834,0.07047368439486006,-1.0988648944925463,released,0.35,20,masked_psnr,32,4,eyes,0,primary_full_target_density1
-0.4950577464760821,0.17468763440063836,-1.1481640846393646,adaptive,0.35,20,masked_psnr,32,4,flame_supported,0,primary_full_target_density1
-0.46183209173951134,0.2241602910972085,-1.1651619953495103,released,0.4,20,masked_psnr,32,4,flame_supported,0,primary_full_target_density1
5.588904577884603,6.668447041313366,4.399012170179191,adaptive,0.95,20,masked_psnr,32,4,flame_unsupported,0,primary_full_target_density1
6.104398587111012,7.087395363712819,5.02470390187683,released,1.0,20,masked_psnr,32,4,flame_unsupported,0,primary_full_target_density1
4.195555510019461,5.0816323446091705,3.2089952191263533,adaptive,0.9,20,masked_psnr,32,4,foreground,0,primary_full_target_density1
4.5472010905495335,5.443776265333002,3.543376640140566,released,0.95,20,masked_psnr,32,4,foreground,0,primary_full_target_density1
2.442887261108445,3.2396968811722044,1.6143935210852045,adaptive,0.85,20,masked_psnr,32,4,full_frame,0,primary_full_target_density1
2.670299765577024,3.5190001676328233,1.8080354746480738,released,0.85,20,masked_psnr,32,4,full_frame,0,primary_full_target_density1
1.613851037661107,2.624631773444189,0.6290672785902801,adaptive,0.75,20,masked_psnr,32,4,head_foreground,0,primary_full_target_density1
1.865826499342376,2.84824120859152,0.8560334512358845,released,0.7,20,masked_psnr,32,4,head_foreground,0,primary_full_target_density1
-1.5050842955300305,-1.0208425577065392,-2.0282194499781867,adaptive,0.05,20,masked_psnr,32,4,head_supported,0,primary_full_target_density1
-1.4701517138664324,-0.996599871739322,-1.9690631864019494,released,0.15,20,masked_psnr,32,4,head_supported,0,primary_full_target_density1
4.168687571707001,5.6591768973318,2.629476863945471,adaptive,0.8,20,masked_psnr,32,4,head_unsupported,0,primary_full_target_density1
4.586365945180398,6.113303461255162,3.0496955775817463,released,0.85,20,masked_psnr,32,4,head_unsupported,0,primary_full_target_density1
-1.353982346879128,-0.954069499572007,-1.7556914120329459,adaptive,0.05,20,masked_psnr,32,4,oral,0,primary_full_target_density1
-0.6292407312199757,-0.29499099648695276,-0.9624023557470771,released,0.25,20,masked_psnr,32,4,oral,0,primary_full_target_density1
5.9675674844850795,6.903027019017845,5.002391849877275,adaptive,1.0,20,masked_psnr,32,4,torso_outside_head_roi,0,primary_full_target_density1
6.271075875928642,7.204425902724695,5.217853793798559,released,1.0,20,masked_psnr,32,4,torso_outside_head_roi,0,primary_full_target_density1
-2.315082617824364,-0.37136997244736114,-4.073359145195306,adaptive,0.2,20,masked_psnr,32,8,background,0,primary_full_target_density1
-1.9603803774941784,0.3012050918815138,-3.8747384690039044,released,0.25,20,masked_psnr,32,8,background,0,primary_full_target_density1
0.21538344949648333,0.5354536941727417,-0.05681396408281939,adaptive,0.65,20,masked_psnr,32,8,eyes,0,primary_full_target_density1
-0.3123589333305771,0.2266907656626196,-0.9011180958170347,released,0.35,20,masked_psnr,32,8,eyes,0,primary_full_target_density1
-0.4815947199993825,0.15119325012667248,-1.1123243996531127,adaptive,0.4,20,masked_psnr,32,8,flame_supported,0,primary_full_target_density1
-0.49248474127703074,0.1990738033102745,-1.1812824099328578,released,0.35,20,masked_psnr,32,8,flame_supported,0,primary_full_target_density1
5.662068675636808,6.672007702504415,4.565798586870635,adaptive,0.95,20,masked_psnr,32,8,flame_unsupported,0,primary_full_target_density1
6.117977436782626,7.059652504273405,5.083424543833664,released,1.0,20,masked_psnr,32,8,flame_unsupported,0,primary_full_target_density1
4.3029272202485185,5.192143451694109,3.344327310101025,adaptive,0.9,20,masked_psnr,32,8,foreground,0,primary_full_target_density1
4.619300553411767,5.491519224794154,3.6581588280099626,released,0.95,20,masked_psnr,32,8,foreground,0,primary_full_target_density1
2.531356397091334,3.3574489494927477,1.693279680181734,adaptive,0.85,20,masked_psnr,32,8,full_frame,0,primary_full_target_density1
2.712719116382768,3.5902254084386995,1.81621423987724,released,0.8,20,masked_psnr,32,8,full_frame,0,primary_full_target_density1
1.6388387465160839,2.513189303018702,0.7371390127695008,adaptive,0.75,20,masked_psnr,32,8,head_foreground,0,primary_full_target_density1
1.824782370655766,2.778475285598982,0.8448504857875418,released,0.75,20,masked_psnr,32,8,head_foreground,0,primary_full_target_density1
-1.525078200477826,-1.0901035446491243,-1.9990941902860615,adaptive,0.05,20,masked_psnr,32,8,head_supported,0,primary_full_target_density1
-1.513472164943842,-1.0450343451670272,-1.9952613390518825,released,0.1,20,masked_psnr,32,8,head_supported,0,primary_full_target_density1
4.151069661216196,5.557006810501835,2.7450463427989584,adaptive,0.85,20,masked_psnr,32,8,head_unsupported,0,primary_full_target_density1
4.410079450845617,5.867666725055526,2.9612130110332693,released,0.9,20,masked_psnr,32,8,head_unsupported,0,primary_full_target_density1
-1.3481552010691042,-0.9157289252907667,-1.8198135222252172,adaptive,0.05,20,masked_psnr,32,8,oral,0,primary_full_target_density1
-0.5960140939202516,-0.30005913582568106,-0.8886331292872338,released,0.25,20,masked_psnr,32,8,oral,0,primary_full_target_density1
5.993979775605792,6.978367730394546,4.977026623317323,adaptive,1.0,20,masked_psnr,32,8,torso_outside_head_roi,0,primary_full_target_density1
6.313332779849193,7.291651743558175,5.280680252378968,released,1.0,20,masked_psnr,32,8,torso_outside_head_roi,0,primary_full_target_density1
-2.0614046502364394,-1.2634799350543633,-2.8488952611571627,adaptive,0.1,20,masked_psnr,128,1,background,0,primary_full_target_density1
-1.611898952726369,-0.40105471215884675,-2.7293251755933,released,0.25,20,masked_psnr,128,1,background,0,primary_full_target_density1
0.12220619393053855,0.5337777026379902,-0.270666847057377,adaptive,0.5,20,masked_psnr,128,1,eyes,0,primary_full_target_density1
-0.13186716727647402,0.2805074211004007,-0.5247590079907672,released,0.55,20,masked_psnr,128,1,eyes,0,primary_full_target_density1
0.17356734494704334,0.6799159823276131,-0.3258453345501825,adaptive,0.45,20,masked_psnr,128,1,flame_supported,0,primary_full_target_density1
0.11247767912780056,0.5954879048111079,-0.3878782291682664,released,0.5,20,masked_psnr,128,1,flame_supported,0,primary_full_target_density1
5.894050454845093,7.225941185920588,4.569114495847271,adaptive,1.0,20,masked_psnr,128,1,flame_unsupported,0,primary_full_target_density1
6.299662703117875,7.570533731992698,4.998086814470777,released,1.0,20,masked_psnr,128,1,flame_unsupported,0,primary_full_target_density1
4.494724372787403,5.551248719091779,3.4271473928909315,adaptive,1.0,20,masked_psnr,128,1,foreground,0,primary_full_target_density1
4.780662410435629,5.812292219713284,3.6946812869327714,released,1.0,20,masked_psnr,128,1,foreground,0,primary_full_target_density1
2.9122100222324585,3.6384394062468903,2.1341518824576293,adaptive,0.9,20,masked_psnr,128,1,full_frame,0,primary_full_target_density1
3.1850611770942754,3.873688107997355,2.440958653304638,released,1.0,20,masked_psnr,128,1,full_frame,0,primary_full_target_density1
1.9412608782893692,2.6810469380348576,1.204263845792335,adaptive,0.8,20,masked_psnr,128,1,head_foreground,0,primary_full_target_density1
2.1414828013559752,2.906808886107862,1.417904607079616,released,0.85,20,masked_psnr,128,1,head_foreground,0,primary_full_target_density1
-0.6601113823502167,-0.3523302538363646,-0.9818480495351561,adaptive,0.15,20,masked_psnr,128,1,head_supported,0,primary_full_target_density1
-0.6890552408500134,-0.3638349354547931,-1.0981483880139544,released,0.15,20,masked_psnr,128,1,head_supported,0,primary_full_target_density1
4.2758623941332505,5.799607547438544,2.854475676053914,adaptive,0.9,20,masked_psnr,128,1,head_unsupported,0,primary_full_target_density1
4.707328936213911,6.142552415318827,3.380916087066741,released,1.0,20,masked_psnr,128,1,head_unsupported,0,primary_full_target_density1
-0.5245104035414041,-0.20945002620297293,-0.8410798373175825,adaptive,0.3,20,masked_psnr,128,1,oral,0,primary_full_target_density1
-0.18103516259000987,0.08363928819826165,-0.4327156548203545,released,0.35,20,masked_psnr,128,1,oral,0,primary_full_target_density1
6.259642080184145,7.672690868870111,4.842963815724668,adaptive,1.0,20,masked_psnr,128,1,torso_outside_head_roi,0,primary_full_target_density1
6.599567057742365,7.910093793525473,5.232888899062184,released,1.0,20,masked_psnr,128,1,torso_outside_head_roi,0,primary_full_target_density1
-2.5706697730820274,-1.3871767709012268,-3.729796006872956,adaptive,0.05,20,masked_psnr,128,4,background,0,primary_full_target_density1
-2.0209640133565094,-0.14643974746666247,-3.53087909419738,released,0.15,20,masked_psnr,128,4,background,0,primary_full_target_density1
0.20448379640869857,0.6469502607070897,-0.23907889285102457,adaptive,0.6,20,masked_psnr,128,4,eyes,0,primary_full_target_density1
0.027853634523579095,0.3729211247150827,-0.31018504463112373,released,0.45,20,masked_psnr,128,4,eyes,0,primary_full_target_density1
0.025236331827808732,0.5709549642099693,-0.5098182363602941,adaptive,0.45,20,masked_psnr,128,4,flame_supported,0,primary_full_target_density1
0.05746051318937369,0.5728718237087509,-0.443500206762165,released,0.4,20,masked_psnr,128,4,flame_supported,0,primary_full_target_density1
5.941365587938572,7.248809242855236,4.621144378993114,adaptive,1.0,20,masked_psnr,128,4,flame_unsupported,0,primary_full_target_density1
6.269401516466591,7.501433228950673,5.032131405620707,released,1.0,20,masked_psnr,128,4,flame_unsupported,0,primary_full_target_density1
4.545467548513096,5.587320197740164,3.483237703888276,adaptive,0.95,20,masked_psnr,128,4,foreground,0,primary_full_target_density1
4.8385639937734854,5.795131522306917,3.8355279647553426,released,1.0,20,masked_psnr,128,4,foreground,0,primary_full_target_density1
2.7399296830248288,3.488143322991338,1.995976915584724,adaptive,0.9,20,masked_psnr,128,4,full_frame,0,primary_full_target_density1
2.9863891794230493,3.6655949123015468,2.3033350539944175,released,1.0,20,masked_psnr,128,4,full_frame,0,primary_full_target_density1
1.9938926727647863,2.72132635241487,1.2593794267745964,adaptive,0.85,20,masked_psnr,128,4,head_foreground,0,primary_full_target_density1
2.223498280943807,2.9416318683303153,1.520796252176001,released,0.9,20,masked_psnr,128,4,head_foreground,0,primary_full_target_density1
-1.0269637868032233,-0.6874998643114162,-1.4048126234540763,adaptive,0.0,20,masked_psnr,128,4,head_supported,0,primary_full_target_density1
-0.9980162338123828,-0.6022248826254941,-1.4318521824111685,released,0.05,20,masked_psnr,128,4,head_supported,0,primary_full_target_density1
4.4147014177879464,5.799451821153848,3.1229142702328394,adaptive,0.95,20,masked_psnr,128,4,head_unsupported,0,primary_full_target_density1
4.793302661576485,6.107771759704558,3.5641523832468294,released,1.0,20,masked_psnr,128,4,head_unsupported,0,primary_full_target_density1
-0.8609481871177422,-0.5465177155491937,-1.1793726591157505,adaptive,0.1,20,masked_psnr,128,4,oral,0,primary_full_target_density1
-0.38261200930178685,-0.08963585290183611,-0.6623380968337397,released,0.3,20,masked_psnr,128,4,oral,0,primary_full_target_density1
6.250950582144833,7.64533697267187,4.806177318559537,adaptive,1.0,20,masked_psnr,128,4,torso_outside_head_roi,0,primary_full_target_density1
6.537386731255594,7.831004400326684,5.178083891148742,released,1.0,20,masked_psnr,128,4,torso_outside_head_roi,0,primary_full_target_density1
-2.375414459172196,-0.850050094313828,-3.7413924399129095,adaptive,0.05,20,masked_psnr,128,8,background,0,primary_full_target_density1
-2.0912595752980843,-0.3810033248401957,-3.5893676428391443,released,0.15,20,masked_psnr,128,8,background,0,primary_full_target_density1
0.35415736805787484,0.8163606781599464,-0.09607994735705762,adaptive,0.65,20,masked_psnr,128,8,eyes,0,primary_full_target_density1
0.13358670620414373,0.49983101517749456,-0.23901712346778609,released,0.45,20,masked_psnr,128,8,eyes,0,primary_full_target_density1
-0.026672107822787082,0.5060828955704353,-0.5635948906761523,adaptive,0.45,20,masked_psnr,128,8,flame_supported,0,primary_full_target_density1
0.04734324774264644,0.56632692587232,-0.4609875220086871,released,0.45,20,masked_psnr,128,8,flame_supported,0,primary_full_target_density1
6.1797179297058475,7.464552558651047,4.880498600238927,adaptive,1.0,20,masked_psnr,128,8,flame_unsupported,0,primary_full_target_density1
6.377436063883515,7.586714643746828,5.134710968940502,released,1.0,20,masked_psnr,128,8,flame_unsupported,0,primary_full_target_density1
4.7441782658116125,5.77696886526448,3.688046733519589,adaptive,1.0,20,masked_psnr,128,8,foreground,0,primary_full_target_density1
4.952286622580672,5.919354756192165,3.9703776842873855,released,1.0,20,masked_psnr,128,8,foreground,0,primary_full_target_density1
2.8390219708534685,3.6136856180362575,2.07310912587199,adaptive,0.9,20,masked_psnr,128,8,full_frame,0,primary_full_target_density1
3.055043693397407,3.726288085295281,2.3549187677659917,released,1.0,20,masked_psnr,128,8,full_frame,0,primary_full_target_density1
2.054139569369982,2.8119667786875087,1.3181072952434607,adaptive,0.85,20,masked_psnr,128,8,head_foreground,0,primary_full_target_density1
2.24327088923059,2.9447072645228083,1.5510640627896197,released,0.9,20,masked_psnr,128,8,head_foreground,0,primary_full_target_density1
-1.1084297340214158,-0.7548841907859606,-1.4943888845125977,adaptive,0.0,20,masked_psnr,128,8,head_supported,0,primary_full_target_density1
-1.0152673963435688,-0.6140682262435856,-1.4677475799210091,released,0.05,20,masked_psnr,128,8,head_supported,0,primary_full_target_density1
4.5908631312536805,5.958391939724566,3.2912452144652753,adaptive,0.95,20,masked_psnr,128,8,head_unsupported,0,primary_full_target_density1
4.84597576456165,6.107459116183318,3.646707968088617,released,1.0,20,masked_psnr,128,8,head_unsupported,0,primary_full_target_density1
-0.8162120747724246,-0.5032706509991391,-1.1480776843888958,adaptive,0.1,20,masked_psnr,128,8,oral,0,primary_full_target_density1
-0.3742035304771122,-0.0906905559180062,-0.6417204483401472,released,0.3,20,masked_psnr,128,8,oral,0,primary_full_target_density1
6.456006398831488,7.883945762956562,5.010313379497041,adaptive,1.0,20,masked_psnr,128,8,torso_outside_head_roi,0,primary_full_target_density1
6.621707900990943,7.907107124208864,5.270672211938628,released,1.0,20,masked_psnr,128,8,torso_outside_head_roi,0,primary_full_target_density1
-2.3105822930891007,-1.2617878419892468,-3.3942890390250327,adaptive,0.15,20,masked_psnr,384,1,background,0,primary_full_target_density1
-2.3634610108586878,-1.3922808197594094,-3.4059661610240015,released,0.15,20,masked_psnr,384,1,background,0,primary_full_target_density1
0.2380862416343552,0.5486254770535068,-0.05745569366820718,adaptive,0.6,20,masked_psnr,384,1,eyes,0,primary_full_target_density1
-0.07268601231149194,0.27282621054801387,-0.3886833284988745,released,0.4,20,masked_psnr,384,1,eyes,0,primary_full_target_density1
0.23516518804583156,0.7341703069145095,-0.2673806486449875,adaptive,0.55,20,masked_psnr,384,1,flame_supported,0,primary_full_target_density1
0.36167624500261064,0.8888242811855089,-0.17287986679797585,released,0.65,20,masked_psnr,384,1,flame_supported,0,primary_full_target_density1
6.363049416869728,7.618129052813456,5.075672261614459,adaptive,1.0,20,masked_psnr,384,1,flame_unsupported,0,primary_full_target_density1
6.897385766122755,8.065151738975576,5.676408162276873,released,1.0,20,masked_psnr,384,1,flame_unsupported,0,primary_full_target_density1
4.847270129703224,5.843109136565078,3.7724168472394335,adaptive,1.0,20,masked_psnr,384,1,foreground,0,primary_full_target_density1
5.233941941071793,6.213670124030561,4.155220204218935,released,1.0,20,masked_psnr,384,1,foreground,0,primary_full_target_density1
3.089079997413213,3.796179670800904,2.3195502209919634,adaptive,0.95,20,masked_psnr,384,1,full_frame,0,primary_full_target_density1
3.469510975517386,4.194420388540096,2.723349766492741,released,1.0,20,masked_psnr,384,1,full_frame,0,primary_full_target_density1
2.1401471162917423,3.0263898552255606,1.2682943557126503,adaptive,0.8,20,masked_psnr,384,1,head_foreground,0,primary_full_target_density1
2.492587182601634,3.280227480977723,1.7306035367019184,released,0.95,20,masked_psnr,384,1,head_foreground,0,primary_full_target_density1
-0.5743174341279127,-0.24251256180717648,-0.8936288927675187,adaptive,0.15,20,masked_psnr,384,1,head_supported,0,primary_full_target_density1
-0.4656361414108218,-0.19329140382389717,-0.7619455630403037,released,0.15,20,masked_psnr,384,1,head_supported,0,primary_full_target_density1
4.472634209649568,6.033540002140158,2.969425921682156,adaptive,0.9,20,masked_psnr,384,1,head_unsupported,0,primary_full_target_density1
5.119039585322091,6.451636387918115,3.8525981646429575,released,1.0,20,masked_psnr,384,1,head_unsupported,0,primary_full_target_density1
-0.6334314156362189,-0.3635941140669372,-0.8987013035937168,adaptive,0.15,20,masked_psnr,384,1,oral,0,primary_full_target_density1
-0.27110206604939274,-0.002626174660495714,-0.5486199386437213,released,0.4,20,masked_psnr,384,1,oral,0,primary_full_target_density1
6.882911999968857,8.224513678884644,5.4535674420534805,adaptive,1.0,20,masked_psnr,384,1,torso_outside_head_roi,0,primary_full_target_density1
7.284003902527429,8.699304587655742,5.792424121994714,released,0.95,20,masked_psnr,384,1,torso_outside_head_roi,0,primary_full_target_density1
-2.4614749200346577,-1.4677693542389183,-3.5256445837866237,adaptive,0.1,20,masked_psnr,384,4,background,0,primary_full_target_density1
-2.569686128125365,-1.6025456603966741,-3.674810555087287,released,0.1,20,masked_psnr,384,4,background,0,primary_full_target_density1
0.10246055413855579,0.45651926136670073,-0.2195814267880383,adaptive,0.5,20,masked_psnr,384,4,eyes,0,primary_full_target_density1
-0.18140960464367595,0.20374036126417744,-0.5646595241831208,released,0.4,20,masked_psnr,384,4,eyes,0,primary_full_target_density1
0.021832500081432026,0.5610406299778472,-0.5053584028372894,adaptive,0.5,20,masked_psnr,384,4,flame_supported,0,primary_full_target_density1
0.24099126994656972,0.8121078093954645,-0.3251472705767631,released,0.55,20,masked_psnr,384,4,flame_supported,0,primary_full_target_density1
6.202800182124528,7.434905986267953,4.907815402411686,adaptive,1.0,20,masked_psnr,384,4,flame_unsupported,0,primary_full_target_density1
6.810414831481763,7.959279419002527,5.560770718253616,released,1.0,20,masked_psnr,384,4,flame_unsupported,0,primary_full_target_density1
4.7706370541681205,5.74617430539757,3.68777999706801,adaptive,1.0,20,masked_psnr,384,4,foreground,0,primary_full_target_density1
5.259463791135846,6.206742352602134,4.206831818143899,released,1.0,20,masked_psnr,384,4,foreground,0,primary_full_target_density1
2.99612667813866,3.6748670368948817,2.281991979355931,adaptive,0.95,20,masked_psnr,384,4,full_frame,0,primary_full_target_density1
3.4072412838133346,4.111282538182089,2.686884938260574,released,1.0,20,masked_psnr,384,4,full_frame,0,primary_full_target_density1
2.1359799342549715,3.04433763374566,1.255156941743222,adaptive,0.75,20,masked_psnr,384,4,head_foreground,0,primary_full_target_density1
2.578504660904848,3.4019680954631553,1.772023869786065,released,0.9,20,masked_psnr,384,4,head_foreground,0,primary_full_target_density1
-1.01627997685054,-0.6688839507626396,-1.3883266560226932,adaptive,0.05,20,masked_psnr,384,4,head_supported,0,primary_full_target_density1
-0.8246210122224898,-0.4751244688433531,-1.2071180990750603,released,0.25,20,masked_psnr,384,4,head_supported,0,primary_full_target_density1
4.5488290085684415,6.069367827949776,3.061613990103676,adaptive,0.95,20,masked_psnr,384,4,head_unsupported,0,primary_full_target_density1
5.257672784358587,6.5465191299058105,3.9919420522203306,released,1.0,20,masked_psnr,384,4,head_unsupported,0,primary_full_target_density1
-0.8405974523768901,-0.5693478302181167,-1.1188496378517752,adaptive,0.1,20,masked_psnr,384,4,oral,0,primary_full_target_density1
-0.5151085102031366,-0.2586379702206317,-0.7682073683050871,released,0.2,20,masked_psnr,384,4,oral,0,primary_full_target_density1
6.6395615767358205,7.906639590279301,5.243049211666912,adaptive,1.0,20,masked_psnr,384,4,torso_outside_head_roi,0,primary_full_target_density1
7.100559195628556,8.411863926651064,5.650339911918686,released,1.0,20,masked_psnr,384,4,torso_outside_head_roi,0,primary_full_target_density1
-2.2913986067755525,-1.2451296839552095,-3.290575182939359,adaptive,0.05,20,masked_psnr,384,8,background,0,primary_full_target_density1
-2.752284412179635,-1.8814490713684546,-3.7764975276474773,released,0.05,20,masked_psnr,384,8,background,0,primary_full_target_density1
0.2915154266688747,0.6680787663883777,-0.06669949186385765,adaptive,0.6,20,masked_psnr,384,8,eyes,0,primary_full_target_density1
-0.13178095129867023,0.2772487358401669,-0.5316599168946368,released,0.35,20,masked_psnr,384,8,eyes,0,primary_full_target_density1
-0.025766459138894325,0.5569513196848352,-0.5917334222440912,adaptive,0.45,20,masked_psnr,384,8,flame_supported,0,primary_full_target_density1
0.13439048715099994,0.7259862718396924,-0.46732735988823687,released,0.55,20,masked_psnr,384,8,flame_supported,0,primary_full_target_density1
6.364386350329838,7.613428053857092,5.08837017993681,adaptive,1.0,20,masked_psnr,384,8,flame_unsupported,0,primary_full_target_density1
6.997693586937027,8.143520513045736,5.816915713384818,released,1.0,20,masked_psnr,384,8,flame_unsupported,0,primary_full_target_density1
4.9056628342851445,5.879834841615338,3.8456926984888096,adaptive,1.0,20,masked_psnr,384,8,foreground,0,primary_full_target_density1
5.390491773486163,6.350455782441697,4.327452500868263,released,1.0,20,masked_psnr,384,8,foreground,0,primary_full_target_density1
3.0697505572040567,3.7672752396667146,2.3521087464378674,adaptive,0.9,20,masked_psnr,384,8,full_frame,0,primary_full_target_density1
3.359685172561135,4.088769056955651,2.5937730709431848,released,0.95,20,masked_psnr,384,8,full_frame,0,primary_full_target_density1
2.145605396531878,3.0106607576566384,1.2699465971450172,adaptive,0.8,20,masked_psnr,384,8,head_foreground,0,primary_full_target_density1
2.554020110818971,3.3664638312891313,1.7471711051319132,released,0.9,20,masked_psnr,384,8,head_foreground,0,primary_full_target_density1
-1.0762371947529834,-0.6837134986680594,-1.5017007321551,adaptive,0.1,20,masked_psnr,384,8,head_supported,0,primary_full_target_density1
-0.9542769076166537,-0.561874565696716,-1.3633920527865488,released,0.1,20,masked_psnr,384,8,head_supported,0,primary_full_target_density1
4.644552133757463,6.090160541512446,3.1966019308708113,adaptive,0.95,20,masked_psnr,384,8,head_unsupported,0,primary_full_target_density1
5.372919257748553,6.631700513198649,4.1226179559511555,released,1.0,20,masked_psnr,384,8,head_unsupported,0,primary_full_target_density1
-0.859088642847697,-0.5678235570885755,-1.1419487533678558,adaptive,0.1,20,masked_psnr,384,8,oral,0,primary_full_target_density1
-0.5930358713580131,-0.3591620392783499,-0.8442136024823174,released,0.15,20,masked_psnr,384,8,oral,0,primary_full_target_density1
6.745639716435721,8.081832821875114,5.386084309741369,adaptive,1.0,20,masked_psnr,384,8,torso_outside_head_roi,0,primary_full_target_density1
7.240863921361947,8.59319599183717,5.78961827075277,released,1.0,20,masked_psnr,384,8,torso_outside_head_roi,0,primary_full_target_density1
-0.3664450430254784,1.8104098885789872,-1.9934353164913485,adaptive,0.4,20,masked_psnr,8,1,background,1,full_target_density2
-0.09024569676184271,1.985317797299447,-1.6347761566639147,released,0.4,20,masked_psnr,8,1,background,1,full_target_density2
0.2406972000266025,0.7776207916618979,-0.26243481641432287,adaptive,0.55,20,masked_psnr,8,1,eyes,1,full_target_density2
-0.05237099279787536,0.4530126906293679,-0.5977442695360314,released,0.55,20,masked_psnr,8,1,eyes,1,full_target_density2
-1.8428067171063198,-1.2929590345109827,-2.4329552113006856,adaptive,0.1,20,masked_psnr,8,1,flame_supported,1,full_target_density2
-1.9842173570232908,-1.2714743716778127,-2.706010780656349,released,0.1,20,masked_psnr,8,1,flame_supported,1,full_target_density2
2.886638544314806,3.8178924700391255,1.9072041451343353,adaptive,0.95,20,masked_psnr,8,1,flame_unsupported,1,full_target_density2
2.7378817586432707,3.785688445375984,1.666268758622326,released,0.95,20,masked_psnr,8,1,flame_unsupported,1,full_target_density2
1.9805429339523912,2.785557576297086,1.0301064960332904,adaptive,0.9,20,masked_psnr,8,1,foreground,1,full_target_density2
1.8418849556880985,2.7674624858978576,0.8307978208712127,released,0.85,20,masked_psnr,8,1,foreground,1,full_target_density2
1.1853329436517857,2.036298492661804,0.1763995617522069,adaptive,0.75,20,masked_psnr,8,1,full_frame,1,full_target_density2
1.1935357626358054,2.0896965955759104,0.25206550267612804,released,0.75,20,masked_psnr,8,1,full_frame,1,full_target_density2
-0.05247134286485915,0.5257461311661715,-0.6094301925748337,adaptive,0.5,20,masked_psnr,8,1,head_foreground,1,full_target_density2
-0.47367896857389563,0.02448760093099947,-0.9931388390453926,released,0.45,20,masked_psnr,8,1,head_foreground,1,full_target_density2
-2.14214323896372,-1.6644064173440027,-2.6206638380334355,adaptive,0.0,20,masked_psnr,8,1,head_supported,1,full_target_density2
-2.388463357301318,-1.808572620546568,-2.9971558528167397,released,0.05,20,masked_psnr,8,1,head_supported,1,full_target_density2
1.5246865004302577,2.1592266303125216,0.9230863292677294,adaptive,0.85,20,masked_psnr,8,1,head_unsupported,1,full_target_density2
0.8130298301679192,1.3309888994157224,0.2761691220772679,released,0.85,20,masked_psnr,8,1,head_unsupported,1,full_target_density2
-0.3178562728394894,-0.06344614449702833,-0.5944402034978992,adaptive,0.25,20,masked_psnr,8,1,oral,1,full_target_density2
-0.24659032717869867,0.041094221633886,-0.528433855801859,released,0.4,20,masked_psnr,8,1,oral,1,full_target_density2
3.0087727707223104,4.154525336537011,1.6845381110645135,adaptive,0.85,20,masked_psnr,8,1,torso_outside_head_roi,1,full_target_density2
2.9690875280856384,4.302266729337568,1.5985416786697204,released,0.85,20,masked_psnr,8,1,torso_outside_head_roi,1,full_target_density2
-0.3441918877469069,1.8901589274159656,-2.155044028455249,adaptive,0.4,20,masked_psnr,8,4,background,1,full_target_density2
0.3321747412142006,2.413173014244142,-1.4464815232388601,released,0.5,20,masked_psnr,8,4,background,1,full_target_density2
-0.014989665794085205,0.5078430614328034,-0.48866088518929746,adaptive,0.5,20,masked_psnr,8,4,eyes,1,full_target_density2
-0.02983508740491736,0.36452541478134337,-0.45054212354022055,released,0.5,20,masked_psnr,8,4,eyes,1,full_target_density2
-1.7597337870817917,-1.1912014034775096,-2.369891893397195,adaptive,0.05,20,masked_psnr,8,4,flame_supported,1,full_target_density2
-2.0474698909490527,-1.452184229075281,-2.6606726710455924,released,0.1,20,masked_psnr,8,4,flame_supported,1,full_target_density2
3.1535690372411063,3.9984802296720545,2.405898219048877,adaptive,0.95,20,masked_psnr,8,4,flame_unsupported,1,full_target_density2
2.8140680977057366,3.4992576549643384,2.1972266320353304,released,1.0,20,masked_psnr,8,4,flame_unsupported,1,full_target_density2
2.1909045352921517,2.923548839097239,1.4193234184025987,adaptive,0.95,20,masked_psnr,8,4,foreground,1,full_target_density2
1.8867631280502604,2.4955066048917782,1.2365985531648231,released,0.95,20,masked_psnr,8,4,foreground,1,full_target_density2
1.363093186089245,2.21779616490875,0.45595475669697016,adaptive,0.8,20,masked_psnr,8,4,full_frame,1,full_target_density2
1.2045124378202654,1.9394522340612041,0.4005029405553478,released,0.85,20,masked_psnr,8,4,full_frame,1,full_target_density2
-0.02036941398651111,0.4964062110459801,-0.5776955989623067,adaptive,0.5,20,masked_psnr,8,4,head_foreground,1,full_target_density2
-0.6278436672640467,-0.12060960221880349,-1.1720699865214137,released,0.3,20,masked_psnr,8,4,head_foreground,1,full_target_density2
-2.2919712530261265,-1.7580875129607765,-2.842793316874473,adaptive,0.0,20,masked_psnr,8,4,head_supported,1,full_target_density2
-2.5755005787757255,-1.9682064418448655,-3.2302315441105094,released,0.0,20,masked_psnr,8,4,head_supported,1,full_target_density2
1.4675525315539892,1.9903678090062524,0.922549828626792,adaptive,0.85,20,masked_psnr,8,4,head_unsupported,1,full_target_density2
0.44385154284285094,0.9517792021723306,-0.023491908486626942,released,0.65,20,masked_psnr,8,4,head_unsupported,1,full_target_density2
-0.4786878521947703,-0.2456546677593334,-0.7446276007367769,adaptive,0.25,20,masked_psnr,8,4,oral,1,full_target_density2
-0.2097832220630657,0.04904417601631853,-0.47701737092831936,released,0.5,20,masked_psnr,8,4,oral,1,full_target_density2
3.3661384221384667,4.3675583960418125,2.337750361545783,adaptive,0.9,20,masked_psnr,8,4,torso_outside_head_roi,1,full_target_density2
3.126095521964346,3.911111349603473,2.326757810136169,released,0.95,20,masked_psnr,8,4,torso_outside_head_roi,1,full_target_density2
-0.5002018802466054,1.4482362456204703,-2.2178277890282136,adaptive,0.4,20,masked_psnr,8,8,background,1,full_target_density2
0.33392644683112566,2.2839446802405847,-1.4046647815670776,released,0.5,20,masked_psnr,8,8,background,1,full_target_density2
0.01597414294733266,0.5013291385751432,-0.45880191173282164,adaptive,0.5,20,masked_psnr,8,8,eyes,1,full_target_density2
0.0806079003142008,0.49832747693924295,-0.3654179722466755,released,0.6,20,masked_psnr,8,8,eyes,1,full_target_density2
-1.8181857440617428,-1.2576468275048307,-2.413908233826252,adaptive,0.05,20,masked_psnr,8,8,flame_supported,1,full_target_density2
-1.9364164028165454,-1.3397743185427986,-2.504493407207628,released,0.1,20,masked_psnr,8,8,flame_supported,1,full_target_density2
3.272003987495997,4.109505533415731,2.5363397912055246,adaptive,1.0,20,masked_psnr,8,8,flame_unsupported,1,full_target_density2
3.0271410153037617,3.692351655656927,2.4024275153625343,released,1.0,20,masked_psnr,8,8,flame_unsupported,1,full_target_density2
2.2888138717904845,3.04197065667662,1.513012694866897,adaptive,0.95,20,masked_psnr,8,8,foreground,1,full_target_density2
2.103747647417264,2.7113542606106633,1.5123269222262783,released,0.95,20,masked_psnr,8,8,foreground,1,full_target_density2
1.3905043835326183,2.249684100840355,0.4643147921111718,adaptive,0.8,20,masked_psnr,8,8,full_frame,1,full_target_density2
1.37330142424487,2.100107327090161,0.6146986901576977,released,0.85,20,masked_psnr,8,8,full_frame,1,full_target_density2
-0.0364641156765817,0.47218880701032423,-0.5889129296535459,adaptive,0.45,20,masked_psnr,8,8,head_foreground,1,full_target_density2
-0.5329123724004298,-0.039588355086258915,-1.0239586797479912,released,0.3,20,masked_psnr,8,8,head_foreground,1,full_target_density2
-2.3846077332831674,-1.8537861212869875,-2.928652656612669,adaptive,0.0,20,masked_psnr,8,8,head_supported,1,full_target_density2
-2.560581092387456,-1.9688786028898828,-3.1580335714258347,released,0.0,20,masked_psnr,8,8,head_supported,1,full_target_density2
1.4541628472795,2.0263336948935584,0.8752935517555226,adaptive,0.8,20,masked_psnr,8,8,head_unsupported,1,full_target_density2
0.5528338291934665,1.0600701656713714,0.06445439269212204,released,0.7,20,masked_psnr,8,8,head_unsupported,1,full_target_density2
-0.439866175175459,-0.19459710625574647,-0.731310429190016,adaptive,0.2,20,masked_psnr,8,8,oral,1,full_target_density2
-0.12973840737792025,0.10669624039985734,-0.40307464841721313,released,0.5,20,masked_psnr,8,8,oral,1,full_target_density2
3.5184277525530367,4.5473084855943275,2.5174643770611413,adaptive,0.9,20,masked_psnr,8,8,torso_outside_head_roi,1,full_target_density2
3.4416176149234623,4.253652526250908,2.677298121826149,released,1.0,20,masked_psnr,8,8,torso_outside_head_roi,1,full_target_density2
-0.9190503378635659,0.6008334244014982,-2.1120878639513734,adaptive,0.25,20,masked_psnr,384,1,background,1,full_target_density2
-1.059977330239517,-0.3389788477184611,-1.7540019890040799,released,0.2,20,masked_psnr,384,1,background,1,full_target_density2
0.0725018733842802,0.3760295412471674,-0.24678520930361117,adaptive,0.6,20,masked_psnr,384,1,eyes,1,full_target_density2
-0.27305684375241485,0.12997489700189518,-0.6680729633996262,released,0.35,20,masked_psnr,384,1,eyes,1,full_target_density2
0.1630633553109843,0.6569845102865135,-0.3692390655653212,adaptive,0.55,20,masked_psnr,384,1,flame_supported,1,full_target_density2
0.10877563430340746,0.5523333539725459,-0.35583967304607284,released,0.5,20,masked_psnr,384,1,flame_supported,1,full_target_density2
6.55986903916166,7.81658064275429,5.270826565352509,adaptive,1.0,20,masked_psnr,384,1,flame_unsupported,1,full_target_density2
6.467029469098153,7.617040107649732,5.293057384749369,released,1.0,20,masked_psnr,384,1,flame_unsupported,1,full_target_density2
5.103944932756283,6.125284838549599,4.001310399957723,adaptive,1.0,20,masked_psnr,384,1,foreground,1,full_target_density2
5.00752440086268,5.97531907782889,3.9890453164030775,released,1.0,20,masked_psnr,384,1,foreground,1,full_target_density2
3.4840756365862604,4.150468134164893,2.745289541762088,adaptive,1.0,20,masked_psnr,384,1,full_frame,1,full_target_density2
3.5064114240208726,4.135041071458001,2.8167216103565895,released,1.0,20,masked_psnr,384,1,full_frame,1,full_target_density2
2.108387101016432,2.9818111614837925,1.2495383194528997,adaptive,0.85,20,masked_psnr,384,1,head_foreground,1,full_target_density2
2.310832808897126,3.0619045167105114,1.58240270132764,released,0.9,20,masked_psnr,384,1,head_foreground,1,full_target_density2
-0.418391707621056,-0.11990596679469342,-0.7503152311489998,adaptive,0.25,20,masked_psnr,384,1,head_supported,1,full_target_density2
-0.44601716925417917,-0.19504575435486082,-0.7117997226756368,released,0.25,20,masked_psnr,384,1,head_supported,1,full_target_density2
4.149283997163623,5.603121439984973,2.7966766681656354,adaptive,0.9,20,masked_psnr,384,1,head_unsupported,1,full_target_density2
4.647428282421122,5.843479418229082,3.5254787987628746,released,1.0,20,masked_psnr,384,1,head_unsupported,1,full_target_density2
-0.35426108015407287,-0.045564532684375,-0.6949881750521176,adaptive,0.4,20,masked_psnr,384,1,oral,1,full_target_density2
-0.20611445602815728,0.09840181988328556,-0.5248045048908352,released,0.4,20,masked_psnr,384,1,oral,1,full_target_density2
7.371976328259807,8.663038365187015,6.068637301869053,adaptive,1.0,20,masked_psnr,384,1,torso_outside_head_roi,1,full_target_density2
6.896293154864784,8.221305026483435,5.52516357691647,released,1.0,20,masked_psnr,384,1,torso_outside_head_roi,1,full_target_density2
-1.5550524712704505,-0.07485685203614013,-2.876116827356987,adaptive,0.2,20,masked_psnr,384,4,background,1,full_target_density2
-1.58459382818072,-0.6235381261555015,-2.506757930508719,released,0.15,20,masked_psnr,384,4,background,1,full_target_density2
-0.11571625102862644,0.2188792418417286,-0.46722897900386384,adaptive,0.5,20,masked_psnr,384,4,eyes,1,full_target_density2
-0.21752065980353966,0.2294672845020615,-0.660529168423178,released,0.35,20,masked_psnr,384,4,eyes,1,full_target_density2
0.21106269743815495,0.6854246752350102,-0.3058486681096443,adaptive,0.55,20,masked_psnr,384,4,flame_supported,1,full_target_density2
0.33394698511192644,0.7829568278810786,-0.129079902568112,released,0.65,20,masked_psnr,384,4,flame_supported,1,full_target_density2
6.657459929769239,7.771205674648376,5.529409393153601,adaptive,1.0,20,masked_psnr,384,4,flame_unsupported,1,full_target_density2
6.783788753511644,7.8618753014974905,5.689231107265573,released,1.0,20,masked_psnr,384,4,flame_unsupported,1,full_target_density2
5.330352149950665,6.227875346440637,4.338635507092856,adaptive,1.0,20,masked_psnr,384,4,foreground,1,full_target_density2
5.4290643835257,6.304503387562055,4.428559440286077,released,1.0,20,masked_psnr,384,4,foreground,1,full_target_density2
3.4227056550290937,4.084734967726701,2.739978738991148,adaptive,1.0,20,masked_psnr,384,4,full_frame,1,full_target_density2
3.5683378724447556,4.1794937919702555,2.9502236325957734,released,1.0,20,masked_psnr,384,4,full_frame,1,full_target_density2
2.3904650225856354,3.300418517344923,1.4842297900445474,adaptive,0.85,20,masked_psnr,384,4,head_foreground,1,full_target_density2
2.7715281462417347,3.584634293378136,1.973935603627635,released,0.9,20,masked_psnr,384,4,head_foreground,1,full_target_density2
-0.5586318873524473,-0.2747284005097864,-0.8825635921657528,adaptive,0.1,20,masked_psnr,384,4,head_supported,1,full_target_density2
-0.3987706545743098,-0.16758666169932185,-0.6663603561750348,released,0.25,20,masked_psnr,384,4,head_supported,1,full_target_density2
4.393450995322907,5.8008053016904695,3.013564978828498,adaptive,0.9,20,masked_psnr,384,4,head_unsupported,1,full_target_density2
4.986842643551699,6.1646470230559425,3.8166611046999726,released,1.0,20,masked_psnr,384,4,head_unsupported,1,full_target_density2
-0.4888567289239189,-0.2183899896407714,-0.7853353684684475,adaptive,0.2,20,masked_psnr,384,4,oral,1,full_target_density2
-0.374582809488162,-0.12927619230495208,-0.6283071513138114,released,0.25,20,masked_psnr,384,4,oral,1,full_target_density2
7.388152695581515,8.485831611312523,6.210337954248541,adaptive,1.0,20,masked_psnr,384,4,torso_outside_head_roi,1,full_target_density2
7.203921613656064,8.376065154258272,6.039470553589612,released,1.0,20,masked_psnr,384,4,torso_outside_head_roi,1,full_target_density2
-1.6549506507872702,-0.33270831739282714,-2.8501282133647083,adaptive,0.2,20,masked_psnr,384,8,background,1,full_target_density2
-2.0227905690804633,-1.1014966017459202,-2.962436207513941,released,0.15,20,masked_psnr,384,8,background,1,full_target_density2
0.019789854952189677,0.3683062047759853,-0.35295458099545485,adaptive,0.5,20,masked_psnr,384,8,eyes,1,full_target_density2
-0.06566020728735467,0.3462158074557024,-0.5127729258822785,released,0.55,20,masked_psnr,384,8,eyes,1,full_target_density2
0.179160263745751,0.6718276228626948,-0.33470034194403336,adaptive,0.5,20,masked_psnr,384,8,flame_supported,1,full_target_density2
0.2730550267399569,0.7698993578900604,-0.21947223100622143,released,0.55,20,masked_psnr,384,8,flame_supported,1,full_target_density2
6.8355018682658795,7.92295029824118,5.686991622344315,adaptive,1.0,20,masked_psnr,384,8,flame_unsupported,1,full_target_density2
6.980027819043187,8.0713712093573,5.897999628244985,released,1.0,20,masked_psnr,384,8,flame_unsupported,1,full_target_density2
5.4821934519648305,6.400000392604216,4.478549918773482,adaptive,1.0,20,masked_psnr,384,8,foreground,1,full_target_density2
5.59325299427512,6.519150643529293,4.613039626714219,released,1.0,20,masked_psnr,384,8,foreground,1,full_target_density2
3.483024307794526,4.164854199559058,2.76146320570089,adaptive,1.0,20,masked_psnr,384,8,full_frame,1,full_target_density2
3.4946457913626703,4.111157117447553,2.862181931043967,released,1.0,20,masked_psnr,384,8,full_frame,1,full_target_density2
2.413878507349232,3.3112401864676864,1.5099696001240845,adaptive,0.85,20,masked_psnr,384,8,head_foreground,1,full_target_density2
2.7845438103845814,3.591846180699934,1.9616280968726028,released,0.9,20,masked_psnr,384,8,head_foreground,1,full_target_density2
-0.612881210184008,-0.316479367610589,-0.9458649364743525,adaptive,0.1,20,masked_psnr,384,8,head_supported,1,full_target_density2
-0.46005633769104237,-0.18403146352681188,-0.747899195216786,released,0.25,20,masked_psnr,384,8,head_supported,1,full_target_density2
4.476292442324056,5.8702872316908685,3.11728568992039,adaptive,0.9,20,masked_psnr,384,8,head_unsupported,1,full_target_density2
5.089083864468984,6.249592353141696,3.976753248687861,released,1.0,20,masked_psnr,384,8,head_unsupported,1,full_target_density2
-0.5791877330233577,-0.30339469097095617,-0.8759107878054393,adaptive,0.15,20,masked_psnr,384,8,oral,1,full_target_density2
-0.42564582438970133,-0.18105510873782188,-0.6817522493277249,released,0.35,20,masked_psnr,384,8,oral,1,full_target_density2
7.549072968634948,8.693543453725026,6.393276728119702,adaptive,1.0,20,masked_psnr,384,8,torso_outside_head_roi,1,full_target_density2
7.377189103975764,8.541830085706934,6.181532247327796,released,1.0,20,masked_psnr,384,8,torso_outside_head_roi,1,full_target_density2
1.35212756270029,3.7491335374379573,-0.30832476570910905,adaptive,0.5,20,masked_psnr,8,1,background,1,head_target_density1
1.7861217380236938,4.15545023464685,0.0074474007400231025,released,0.75,20,masked_psnr,8,1,background,1,head_target_density1
0.8705706852827519,1.2258283921687265,0.604225010685248,adaptive,0.95,20,masked_psnr,8,1,eyes,1,head_target_density1
0.38179650692964806,0.8025411300781466,0.01643532309993855,released,0.55,20,masked_psnr,8,1,eyes,1,head_target_density1
-1.2366703657843232,-0.8817164037605963,-1.5993006213597785,adaptive,0.05,20,masked_psnr,8,1,flame_supported,1,head_target_density1
-0.8609294076591896,-0.524647144042016,-1.2085336987762205,released,0.15,20,masked_psnr,8,1,flame_supported,1,head_target_density1
0.3464966999830013,0.6166563177806379,0.1439462137645447,adaptive,0.85,20,masked_psnr,8,1,flame_unsupported,1,head_target_density1
0.43090489871103055,0.6898175935252239,0.23451658074937431,released,0.95,20,masked_psnr,8,1,flame_unsupported,1,head_target_density1
0.11589746169943242,0.3164836126494844,-0.0511689387326344,adaptive,0.6,20,masked_psnr,8,1,foreground,1,head_target_density1
0.23837618283985643,0.43260913426447306,0.07250134818135383,released,0.75,20,masked_psnr,8,1,foreground,1,head_target_density1
0.03670894575479675,0.20994227283135972,-0.137693279626821,adaptive,0.55,20,masked_psnr,8,1,full_frame,1,head_target_density1
0.21923543816296806,0.40136330605241993,0.029028067017150758,released,0.8,20,masked_psnr,8,1,full_frame,1,head_target_density1
0.3612606050758841,0.8511864910980954,-0.09387678286754363,adaptive,0.55,20,masked_psnr,8,1,head_foreground,1,head_target_density1
0.29169685997182615,0.7103729768978755,-0.1247237078660124,released,0.6,20,masked_psnr,8,1,head_foreground,1,head_target_density1
-0.7288407847081103,-0.2521285045999032,-1.2405123133721219,adaptive,0.3,20,masked_psnr,8,1,head_supported,1,head_target_density1
-0.7813022293619712,-0.3314220920090347,-1.308574482880823,released,0.25,20,masked_psnr,8,1,head_supported,1,head_target_density1
0.8475267675782516,1.4851418705726298,0.26136722178239624,adaptive,0.75,20,masked_psnr,8,1,head_unsupported,1,head_target_density1
0.7766771271822741,1.3815031897526773,0.22233910613282165,released,0.75,20,masked_psnr,8,1,head_unsupported,1,head_target_density1
0.1935983278258071,0.5192115954848998,-0.1365706354911189,adaptive,0.6,20,masked_psnr,8,1,oral,1,head_target_density1
0.3021528234715811,0.5507972109202383,0.05086272747181949,released,0.75,20,masked_psnr,8,1,oral,1,head_target_density1
-0.023491390383190702,0.09037749640720905,-0.12649741548544538,adaptive,0.3,20,masked_psnr,8,1,torso_outside_head_roi,1,head_target_density1
0.17826649595559368,0.2940126863199338,0.06968100929951437,released,0.7,20,masked_psnr,8,1,torso_outside_head_roi,1,head_target_density1
2.035607660599791,4.543600371710257,0.034329407608667935,adaptive,0.6,20,masked_psnr,8,4,background,1,head_target_density1
2.414670437883461,4.750427482606527,0.41146783152941274,released,0.75,20,masked_psnr,8,4,background,1,head_target_density1
0.7519569212276019,1.1092172801904139,0.42714550695857717,adaptive,0.85,20,masked_psnr,8,4,eyes,1,head_target_density1
0.5718113656234586,0.9364834909837116,0.22256216188879846,released,0.8,20,masked_psnr,8,4,eyes,1,head_target_density1
-1.439025135557117,-1.0277256510146746,-1.8778365871585316,adaptive,0.05,20,masked_psnr,8,4,flame_supported,1,head_target_density1
-1.026536189257469,-0.6409256910629878,-1.4565357809190607,released,0.15,20,masked_psnr,8,4,flame_supported,1,head_target_density1
0.37353082447457764,0.6011122808486898,0.20725649184917583,adaptive,0.95,20,masked_psnr,8,4,flame_unsupported,1,head_target_density1
0.4949619720755053,0.7620508822010336,0.2983121468811184,released,1.0,20,masked_psnr,8,4,flame_unsupported,1,head_target_density1
0.13351834311616137,0.3045646677910296,-0.0038613278434236945,adaptive,0.6,20,masked_psnr,8,4,foreground,1,head_target_density1
0.2879247809874297,0.4752178540658049,0.1379939383360604,released,0.8,20,masked_psnr,8,4,foreground,1,head_target_density1
0.053027623199262484,0.21882067749650327,-0.11173312946592637,adaptive,0.55,20,masked_psnr,8,4,full_frame,1,head_target_density1
0.2724205749175229,0.42900731770623707,0.11605121082243121,released,0.8,20,masked_psnr,8,4,full_frame,1,head_target_density1
0.46607113072292494,0.8520055863342889,0.09990953306014262,adaptive,0.6,20,masked_psnr,8,4,head_foreground,1,head_target_density1
0.4343893392023507,0.8697544469131113,0.023152289071992883,released,0.55,20,masked_psnr,8,4,head_foreground,1,head_target_density1
-0.9328061514320105,-0.3670102060122431,-1.5609566854049877,adaptive,0.2,20,masked_psnr,8,4,head_supported,1,head_target_density1
-0.9991082537512568,-0.46137750571100156,-1.6731410534142799,released,0.15,20,masked_psnr,8,4,head_supported,1,head_target_density1
1.041620385733168,1.545771242158522,0.5786290707098067,adaptive,0.75,20,masked_psnr,8,4,head_unsupported,1,head_target_density1
1.0868276929340468,1.7268234305340449,0.543034256021918,released,0.85,20,masked_psnr,8,4,head_unsupported,1,head_target_density1
0.1260943700592579,0.43132251290150103,-0.1742343175196792,adaptive,0.6,20,masked_psnr,8,4,oral,1,head_target_density1
-0.09543551392816436,0.20228278689897067,-0.40816013008745355,released,0.45,20,masked_psnr,8,4,oral,1,head_target_density1
-0.04450365517085293,0.07223185638444353,-0.1466095625916443,adaptive,0.25,20,masked_psnr,8,4,torso_outside_head_roi,1,head_target_density1
0.1927835568604095,0.3423248091953243,0.06801936182990691,released,0.75,20,masked_psnr,8,4,torso_outside_head_roi,1,head_target_density1
2.0907500378986286,4.556794890558082,0.1551593469532182,adaptive,0.65,20,masked_psnr,8,8,background,1,head_target_density1
2.4041298275016962,4.590823703820477,0.536465831577175,released,0.75,20,masked_psnr,8,8,background,1,head_target_density1
0.883741235294161,1.2248567541061262,0.5701287278440766,adaptive,0.95,20,masked_psnr,8,8,eyes,1,head_target_density1
0.6681114585611667,1.0709052445381948,0.3091050063415731,released,0.7,20,masked_psnr,8,8,eyes,1,head_target_density1
-1.471778254519804,-1.0637457941392048,-1.8956544447466501,adaptive,0.0,20,masked_psnr,8,8,flame_supported,1,head_target_density1
-1.0528023300300708,-0.6835328087775654,-1.4845408435076564,released,0.0,20,masked_psnr,8,8,flame_supported,1,head_target_density1
0.37507355196633674,0.6240138276205504,0.20008437469718124,adaptive,0.95,20,masked_psnr,8,8,flame_unsupported,1,head_target_density1
0.4830557740229283,0.7490408098613809,0.29283394749918507,released,1.0,20,masked_psnr,8,8,flame_unsupported,1,head_target_density1
0.12804943211466108,0.3059287126753137,-0.009237023963103544,adaptive,0.6,20,masked_psnr,8,8,foreground,1,head_target_density1
0.2743703011281092,0.45472578855508744,0.1303088744629147,released,0.8,20,masked_psnr,8,8,foreground,1,head_target_density1
0.054596192394969066,0.23010412082711673,-0.11840186075676988,adaptive,0.6,20,masked_psnr,8,8,full_frame,1,head_target_density1
0.26127728115417975,0.42656319160639294,0.09787626863353777,released,0.75,20,masked_psnr,8,8,full_frame,1,head_target_density1
0.47318131716257394,0.8977488134057793,0.08907075481202441,adaptive,0.6,20,masked_psnr,8,8,head_foreground,1,head_target_density1
0.43230898000101153,0.8675397857824969,0.024153188633297976,released,0.6,20,masked_psnr,8,8,head_foreground,1,head_target_density1
-0.9229261927481021,-0.33086917206488164,-1.5743649812973342,adaptive,0.2,20,masked_psnr,8,8,head_supported,1,head_target_density1
-0.9835173726221088,-0.42179342806027165,-1.7017006083660173,released,0.2,20,masked_psnr,8,8,head_supported,1,head_target_density1
1.002124704444247,1.5366301237657682,0.5244806662806448,adaptive,0.7,20,masked_psnr,8,8,head_unsupported,1,head_target_density1
1.054306850400691,1.6720653122692524,0.5107781951257343,released,0.85,20,masked_psnr,8,8,head_unsupported,1,head_target_density1
0.26673870721402526,0.5535298627552306,-0.045731946316517606,adaptive,0.75,20,masked_psnr,8,8,oral,1,head_target_density1
-0.10912745769751861,0.19878003445515358,-0.43625827305311793,released,0.45,20,masked_psnr,8,8,oral,1,head_target_density1
-0.05167166891762698,0.05303911233736311,-0.15007039901061361,adaptive,0.3,20,masked_psnr,8,8,torso_outside_head_roi,1,head_target_density1
0.16914659308070712,0.28848257663607263,0.0674179390999257,released,0.75,20,masked_psnr,8,8,torso_outside_head_roi,1,head_target_density1
0.00802707182758633,0.9528294653315569,-0.9230333998764342,adaptive,0.55,20,masked_psnr,384,1,background,1,head_target_density1
0.6189284035086762,1.8185691896710843,-0.6792654899599976,released,0.65,20,masked_psnr,384,1,background,1,head_target_density1
0.5006547984758744,0.9062973101272737,0.10822087702774029,adaptive,0.7,20,masked_psnr,384,1,eyes,1,head_target_density1
0.819069916238897,1.3215866441361366,0.29887548551832466,released,0.8,20,masked_psnr,384,1,eyes,1,head_target_density1
-1.8818386115656616,-1.4067133446449522,-2.3576710579753763,adaptive,0.05,20,masked_psnr,384,1,flame_supported,1,head_target_density1
-1.175112876854799,-0.8239319168818369,-1.5279940768790572,released,0.05,20,masked_psnr,384,1,flame_supported,1,head_target_density1
0.9456771552581114,1.3393217034022737,0.592004823033431,adaptive,0.9,20,masked_psnr,384,1,flame_unsupported,1,head_target_density1
1.0455597389686484,1.487544646960747,0.6555027802978827,released,0.9,20,masked_psnr,384,1,flame_unsupported,1,head_target_density1
0.4622300695590673,0.8162580834273153,0.1653777807047581,adaptive,0.7,20,masked_psnr,384,1,foreground,1,head_target_density1
0.6719092609793169,1.0701478027828244,0.34309582951077194,released,0.8,20,masked_psnr,384,1,foreground,1,head_target_density1
0.38971082672683593,0.7195802235594485,0.10594399675443633,adaptive,0.7,20,masked_psnr,384,1,full_frame,1,head_target_density1
0.6352290496980768,1.0112238253805437,0.3209020405743856,released,0.85,20,masked_psnr,384,1,full_frame,1,head_target_density1
2.8199831155484696,3.627939894477065,2.0705185456814523,adaptive,1.0,20,masked_psnr,384,1,head_foreground,1,head_target_density1
3.1443191536849953,3.9540094941903505,2.36639342146464,released,1.0,20,masked_psnr,384,1,head_foreground,1,head_target_density1
0.3858711952462032,0.5225675010256995,0.23634472741414408,adaptive,0.85,20,masked_psnr,384,1,head_supported,1,head_target_density1
0.586221000284367,0.7636595217984222,0.38733045704442143,released,0.95,20,masked_psnr,384,1,head_supported,1,head_target_density1
4.289495995486403,5.4503427450532,3.1379772831379347,adaptive,0.95,20,masked_psnr,384,1,head_unsupported,1,head_target_density1
4.852662445068274,5.975225765146615,3.714227619099248,released,0.95,20,masked_psnr,384,1,head_unsupported,1,head_target_density1
-0.03100192410647402,0.20858068070308586,-0.25105093893148833,adaptive,0.4,20,masked_psnr,384,1,oral,1,head_target_density1
0.23807809692657375,0.5197512944168917,-0.03548181540491045,released,0.65,20,masked_psnr,384,1,oral,1,head_target_density1
-0.2460402350143999,-0.03138274526799522,-0.4392550616429626,adaptive,0.2,20,masked_psnr,384,1,torso_outside_head_roi,1,head_target_density1
-0.04741290949612844,0.20104515733783665,-0.24861516905754305,released,0.25,20,masked_psnr,384,1,torso_outside_head_roi,1,head_target_density1
-0.42057721442171686,0.6238421846415908,-1.4831469975445712,adaptive,0.5,20,masked_psnr,384,4,background,1,head_target_density1
0.8287516717714464,2.216533531440041,-0.6722185757197892,released,0.8,20,masked_psnr,384,4,background,1,head_target_density1
0.6583112694648436,0.9771448185628118,0.3645902918381033,adaptive,0.75,20,masked_psnr,384,4,eyes,1,head_target_density1
1.0237790018917505,1.5331868569825466,0.520259134597743,released,0.8,20,masked_psnr,384,4,eyes,1,head_target_density1
-2.2898409397162,-1.7786636294175269,-2.7995351634033594,adaptive,0.05,20,masked_psnr,384,4,flame_supported,1,head_target_density1
-1.5881145079835064,-1.1895646872894772,-1.966342750384538,released,0.05,20,masked_psnr,384,4,flame_supported,1,head_target_density1
0.867717736823649,1.2377160542507217,0.5421403912000936,adaptive,0.9,20,masked_psnr,384,4,flame_unsupported,1,head_target_density1
1.016555495792651,1.4570915210378197,0.6484348649681414,released,0.9,20,masked_psnr,384,4,flame_unsupported,1,head_target_density1
0.36156883672083223,0.6850339116167912,0.088601381239538,adaptive,0.65,20,masked_psnr,384,4,foreground,1,head_target_density1
0.6057645214391266,1.005570318619995,0.28098229993776347,released,0.75,20,masked_psnr,384,4,foreground,1,head_target_density1
0.25434584678325095,0.5348122543812666,0.021646407713827844,adaptive,0.6,20,masked_psnr,384,4,full_frame,1,head_target_density1
0.5927145475104001,0.9177936107561562,0.3345387000561621,released,0.95,20,masked_psnr,384,4,full_frame,1,head_target_density1
2.7090379520098553,3.514778585479681,2.001367357960026,adaptive,1.0,20,masked_psnr,384,4,head_foreground,1,head_target_density1
3.3127988383455196,4.146040696404229,2.4996969425877924,released,1.0,20,masked_psnr,384,4,head_foreground,1,head_target_density1
0.16063972541061117,0.38410036078427545,-0.10968055225655154,adaptive,0.75,20,masked_psnr,384,4,head_supported,1,head_target_density1
0.5492364844168673,0.7471697663716859,0.3068974239341922,released,0.95,20,masked_psnr,384,4,head_supported,1,head_target_density1
3.999417271249212,5.087221949737173,2.89077442351431,adaptive,0.95,20,masked_psnr,384,4,head_unsupported,1,head_target_density1
4.872687733336557,5.961720895888126,3.7562537349964895,released,1.0,20,masked_psnr,384,4,head_unsupported,1,head_target_density1
-0.034697900807642054,0.22480260279326508,-0.2868794576985495,adaptive,0.45,20,masked_psnr,384,4,oral,1,head_target_density1
0.20483312317746522,0.506319542644552,-0.08800432047050649,released,0.55,20,masked_psnr,384,4,oral,1,head_target_density1
-0.3661660180369187,-0.17243893182979173,-0.5412927100150335,adaptive,0.2,20,masked_psnr,384,4,torso_outside_head_roi,1,head_target_density1
-0.18105556797347297,0.05038944790188529,-0.3678207510268747,released,0.2,20,masked_psnr,384,4,torso_outside_head_roi,1,head_target_density1
-0.48769385166640095,0.3806156226372664,-1.4295891942984145,adaptive,0.55,20,masked_psnr,384,8,background,1,head_target_density1
0.41163135312446864,1.699084685519191,-0.9262463973720884,released,0.7,20,masked_psnr,384,8,background,1,head_target_density1
0.7472532574749474,1.1419610179450943,0.3896787655833944,adaptive,0.8,20,masked_psnr,384,8,eyes,1,head_target_density1
1.0479326683570427,1.5277350664295106,0.5762153258813674,released,0.85,20,masked_psnr,384,8,eyes,1,head_target_density1
-2.4600192468383404,-1.8773941353155599,-3.0322107779713607,adaptive,0.05,20,masked_psnr,384,8,flame_supported,1,head_target_density1
-1.6700011307481986,-1.2660632033847374,-2.067192712801605,released,0.05,20,masked_psnr,384,8,flame_supported,1,head_target_density1
0.8088709220681082,1.161124914797061,0.4968640196728233,adaptive,0.9,20,masked_psnr,384,8,flame_unsupported,1,head_target_density1
0.9727727641904422,1.407590627689341,0.592606976822773,released,0.9,20,masked_psnr,384,8,flame_unsupported,1,head_target_density1
0.2992990354019264,0.6141938794227405,0.03571416430455387,adaptive,0.6,20,masked_psnr,384,8,foreground,1,head_target_density1
0.5721443597759113,0.9443490884442298,0.2584262663162206,released,0.7,20,masked_psnr,384,8,foreground,1,head_target_density1
0.1914628771155472,0.4648488054774835,-0.0398742601661861,adaptive,0.45,20,masked_psnr,384,8,full_frame,1,head_target_density1
0.5240277187771519,0.8400432066646482,0.2585527864512639,released,0.85,20,masked_psnr,384,8,full_frame,1,head_target_density1
2.5976491203705896,3.3509386233551024,1.8709172914550598,adaptive,1.0,20,masked_psnr,384,8,head_foreground,1,head_target_density1
3.309333013013446,4.174743016824474,2.455318068647094,released,1.0,20,masked_psnr,384,8,head_foreground,1,head_target_density1
0.11113598324308072,0.3278882708586299,-0.15008272334101072,adaptive,0.75,20,masked_psnr,384,8,head_supported,1,head_target_density1
0.5290554569088091,0.753668324537721,0.24774826269055564,released,0.95,20,masked_psnr,384,8,head_supported,1,head_target_density1
3.790328478017456,4.881818672470544,2.7088168568182875,adaptive,0.95,20,masked_psnr,384,8,head_unsupported,1,head_target_density1
4.846999729702594,5.997954430473969,3.653935597657679,released,1.0,20,masked_psnr,384,8,head_unsupported,1,head_target_density1
0.018860889590859388,0.2530244914150006,-0.2145400735546727,adaptive,0.45,20,masked_psnr,384,8,oral,1,head_target_density1
0.14190112496712287,0.41441890874158843,-0.13293573259711994,released,0.65,20,masked_psnr,384,8,oral,1,head_target_density1
-0.4149202025823434,-0.21791899689725572,-0.6001743035785063,adaptive,0.2,20,masked_psnr,384,8,torso_outside_head_roi,1,head_target_density1
-0.1924691616960767,0.036489822087586624,-0.38191640535637095,released,0.2,20,masked_psnr,384,8,torso_outside_head_roi,1,head_target_density1
-1.0026843195986626,1.7398253694707995,-3.046744963098324,adaptive,0.2,20,masked_psnr,8,1,background,1,primary_full_target_density1
-0.40041031269190563,2.1772384024509384,-2.280048941017323,released,0.25,20,masked_psnr,8,1,background,1,primary_full_target_density1
-0.3122441601682039,0.4364494546942561,-1.132029703379442,adaptive,0.45,20,masked_psnr,8,1,eyes,1,primary_full_target_density1
-0.14093764359971592,0.41751997269911384,-0.8150365711386838,released,0.5,20,masked_psnr,8,1,eyes,1,primary_full_target_density1
-1.7160343938999758,-1.0651299477418485,-2.4181024325710037,adaptive,0.15,20,masked_psnr,8,1,flame_supported,1,primary_full_target_density1
-1.4851113580184943,-0.9118209826788408,-2.096820976213058,released,0.15,20,masked_psnr,8,1,flame_supported,1,primary_full_target_density1
2.917633404068405,3.8244463620659275,1.9402088345242918,adaptive,0.95,20,masked_psnr,8,1,flame_unsupported,1,primary_full_target_density1
2.7264503075892037,3.6105347294451113,1.8352489293189291,released,0.95,20,masked_psnr,8,1,flame_unsupported,1,primary_full_target_density1
1.9360198785626896,2.778058729008918,0.9957513940484847,adaptive,0.9,20,masked_psnr,8,1,foreground,1,primary_full_target_density1
1.8235692949547044,2.5938520871302257,0.9758847756494506,released,0.9,20,masked_psnr,8,1,foreground,1,primary_full_target_density1
0.9937659880109916,1.915296993558005,-0.06798957621014219,adaptive,0.8,20,masked_psnr,8,1,full_frame,1,primary_full_target_density1
1.054578367808241,1.8519100263089414,0.18895835115609663,released,0.8,20,masked_psnr,8,1,full_frame,1,primary_full_target_density1
0.13337788168866593,0.831111410738846,-0.5863320093120761,adaptive,0.55,20,masked_psnr,8,1,head_foreground,1,primary_full_target_density1
-0.11320229378011648,0.370850600946462,-0.65080181306768,released,0.5,20,masked_psnr,8,1,head_foreground,1,primary_full_target_density1
-2.1125471771607662,-1.4323798126821345,-2.8684780874109803,adaptive,0.05,20,masked_psnr,8,1,head_supported,1,primary_full_target_density1
-2.0762085938492376,-1.6102819680659608,-2.570407732107035,released,0.0,20,masked_psnr,8,1,head_supported,1,primary_full_target_density1
2.0301311159227957,3.250146749663807,0.9387971836176152,adaptive,0.85,20,masked_psnr,8,1,head_unsupported,1,primary_full_target_density1
1.4677735117875723,2.221191445874288,0.7849141957418765,released,0.85,20,masked_psnr,8,1,head_unsupported,1,primary_full_target_density1
-0.9248251868329799,-0.5319000303435781,-1.3175040283157848,adaptive,0.15,20,masked_psnr,8,1,oral,1,primary_full_target_density1
-0.247179007320009,0.04210873146092922,-0.5201042990736353,released,0.25,20,masked_psnr,8,1,oral,1,primary_full_target_density1
2.8196143836958485,4.015456160144437,1.5020598711530777,adaptive,0.85,20,masked_psnr,8,1,torso_outside_head_roi,1,primary_full_target_density1
2.751372414906938,3.8764368553655304,1.5731215793353128,released,0.9,20,masked_psnr,8,1,torso_outside_head_roi,1,primary_full_target_density1
-0.8464372902321738,1.7586413638864693,-2.9458963803880858,adaptive,0.3,20,masked_psnr,8,4,background,1,primary_full_target_density1
-0.3012831018133756,2.217597089182368,-2.195039453541269,released,0.25,20,masked_psnr,8,4,background,1,primary_full_target_density1
-0.46282340914741527,0.19042615767976456,-1.1803219375634832,adaptive,0.4,20,masked_psnr,8,4,eyes,1,primary_full_target_density1
-0.06594992271271476,0.5054731985505628,-0.7099052298193226,released,0.65,20,masked_psnr,8,4,eyes,1,primary_full_target_density1
-1.6919430629156094,-1.0638739288881405,-2.3661565382976315,adaptive,0.15,20,masked_psnr,8,4,flame_supported,1,primary_full_target_density1
-1.5157962623470609,-1.037381205955643,-2.0034804418114764,released,0.1,20,masked_psnr,8,4,flame_supported,1,primary_full_target_density1
3.2178155505265797,3.9734682964394765,2.4930430644588695,adaptive,0.95,20,masked_psnr,8,4,flame_unsupported,1,primary_full_target_density1
2.84118099405812,3.4928116075704656,2.248818434821719,released,1.0,20,masked_psnr,8,4,flame_unsupported,1,primary_full_target_density1
2.1947908033868986,2.903858076760982,1.4209418117644488,adaptive,0.95,20,masked_psnr,8,4,foreground,1,primary_full_target_density1
1.9494346996104415,2.5337777510681834,1.3316595383128755,released,0.95,20,masked_psnr,8,4,foreground,1,primary_full_target_density1
1.2111848422644413,2.0607403466464023,0.27378658388923777,adaptive,0.8,20,masked_psnr,8,4,full_frame,1,primary_full_target_density1
1.1428607330882468,1.882734521598937,0.30417010456183435,released,0.8,20,masked_psnr,8,4,full_frame,1,primary_full_target_density1
0.01781993087533511,0.5988436698935369,-0.5846108784016965,adaptive,0.6,20,masked_psnr,8,4,head_foreground,1,primary_full_target_density1
-0.08643088374629349,0.41820928324020384,-0.6009034103047826,released,0.5,20,masked_psnr,8,4,head_foreground,1,primary_full_target_density1
-2.3993549319960232,-1.7037822173593098,-3.2222875879311976,adaptive,0.05,20,masked_psnr,8,4,head_supported,1,primary_full_target_density1
-2.260834229198835,-1.7473266136233532,-2.823167900939892,released,0.0,20,masked_psnr,8,4,head_supported,1,primary_full_target_density1
1.8424068818629595,2.855783522232104,1.0202726567690543,adaptive,0.85,20,masked_psnr,8,4,head_unsupported,1,primary_full_target_density1
1.42277021564689,2.1364634553533017,0.7755548681253871,released,0.85,20,masked_psnr,8,4,head_unsupported,1,primary_full_target_density1
-1.0952221472928476,-0.6959204233182885,-1.4722855358245888,adaptive,0.15,20,masked_psnr,8,4,oral,1,primary_full_target_density1
-0.512014394508267,-0.18394676384070388,-0.8332724575662396,released,0.3,20,masked_psnr,8,4,oral,1,primary_full_target_density1
3.2899235746511395,4.346755678838344,2.1827201196907726,adaptive,0.9,20,masked_psnr,8,4,torso_outside_head_roi,1,primary_full_target_density1
2.905776203385286,3.7241332870037525,2.0825856570206267,released,0.95,20,masked_psnr,8,4,torso_outside_head_roi,1,primary_full_target_density1
-0.7065448670281238,1.7579618614143877,-2.7485582517597553,adaptive,0.4,20,masked_psnr,8,8,background,1,primary_full_target_density1
-0.15047658714911485,2.2219624434039384,-1.9741308283349572,released,0.25,20,masked_psnr,8,8,background,1,primary_full_target_density1
-0.38099394226678884,0.244479083835321,-1.089438544872781,adaptive,0.45,20,masked_psnr,8,8,eyes,1,primary_full_target_density1
0.08986472333426895,0.6225252272969928,-0.5114533553969404,released,0.7,20,masked_psnr,8,8,eyes,1,primary_full_target_density1
-1.841275572329721,-1.1800506654574048,-2.514392461688006,adaptive,0.15,20,masked_psnr,8,8,flame_supported,1,primary_full_target_density1
-1.5501116342387622,-1.0272854974738899,-2.061773056537817,released,0.1,20,masked_psnr,8,8,flame_supported,1,primary_full_target_density1
3.242171995929767,3.983170732413465,2.548144349594743,adaptive,1.0,20,masked_psnr,8,8,flame_unsupported,1,primary_full_target_density1
2.9634299225700995,3.6016466111006955,2.388378264250923,released,1.0,20,masked_psnr,8,8,flame_unsupported,1,primary_full_target_density1
2.2105379990830607,2.9287678431742994,1.4574652835718545,adaptive,0.95,20,masked_psnr,8,8,foreground,1,primary_full_target_density1
2.061741314787065,2.657000093825806,1.4678509130378687,released,0.95,20,masked_psnr,8,8,foreground,1,primary_full_target_density1
1.239448032324805,2.114192117795594,0.22621241876337111,adaptive,0.8,20,masked_psnr,8,8,full_frame,1,primary_full_target_density1
1.2550325405626745,1.9942915227593663,0.42536575591858045,released,0.8,20,masked_psnr,8,8,full_frame,1,primary_full_target_density1
-0.08252488654083345,0.49033669313633277,-0.657068953020184,adaptive,0.55,20,masked_psnr,8,8,head_foreground,1,primary_full_target_density1
-0.13348882773134713,0.35582145412650684,-0.6197407151715175,released,0.55,20,masked_psnr,8,8,head_foreground,1,primary_full_target_density1
-2.593580444153833,-1.9100710740291507,-3.3824468702718353,adaptive,0.0,20,masked_psnr,8,8,head_supported,1,primary_full_target_density1
-2.4069855162487825,-1.8879543633471156,-2.9492373018929596,released,0.0,20,masked_psnr,8,8,head_supported,1,primary_full_target_density1
1.7452869478653859,2.7703585127420136,0.9117204664235578,adaptive,0.85,20,masked_psnr,8,8,head_unsupported,1,primary_full_target_density1
1.3751192206381968,2.0854131030810574,0.7549645198189935,released,0.85,20,masked_psnr,8,8,head_unsupported,1,primary_full_target_density1
-1.028394738317711,-0.6067856593043089,-1.463687438739761,adaptive,0.2,20,masked_psnr,8,8,oral,1,primary_full_target_density1
-0.433271102125361,-0.10131736094837236,-0.7631082261226081,released,0.3,20,masked_psnr,8,8,oral,1,primary_full_target_density1
3.3578414290229412,4.384315244978412,2.305914242448033,adaptive,0.9,20,masked_psnr,8,8,torso_outside_head_roi,1,primary_full_target_density1
3.1259064150702454,3.952305450878447,2.3438285728591977,released,1.0,20,masked_psnr,8,8,torso_outside_head_roi,1,primary_full_target_density1
-2.1905933020649018,0.45511527489352377,-4.297181082652933,adaptive,0.1,20,masked_psnr,32,1,background,1,primary_full_target_density1
-2.8587017116624116,-1.1954776158486444,-4.596911083187731,released,0.25,20,masked_psnr,32,1,background,1,primary_full_target_density1
0.03239002318748572,0.43928711792663533,-0.31860401135686883,adaptive,0.6,20,masked_psnr,32,1,eyes,1,primary_full_target_density1
-0.5510108415031457,-0.06871015007514995,-1.0512270558021042,released,0.3,20,masked_psnr,32,1,eyes,1,primary_full_target_density1
-0.5513660231410833,0.07279536910789358,-1.2081562459258937,adaptive,0.45,20,masked_psnr,32,1,flame_supported,1,primary_full_target_density1
-0.39945616336039746,0.15209432797042702,-1.0041105560187358,released,0.5,20,masked_psnr,32,1,flame_supported,1,primary_full_target_density1
5.6243599095775245,6.633728542119125,4.519096625799738,adaptive,0.95,20,masked_psnr,32,1,flame_unsupported,1,primary_full_target_density1
5.753042771260713,6.764616030900245,4.671018298830631,released,0.95,20,masked_psnr,32,1,flame_unsupported,1,primary_full_target_density1
4.1039041238560685,4.956820257168936,3.1264770303995983,adaptive,0.9,20,masked_psnr,32,1,foreground,1,primary_full_target_density1
4.251324098961417,5.100069608089458,3.2898737538833607,released,0.9,20,masked_psnr,32,1,foreground,1,primary_full_target_density1
2.2905341055103583,3.112068249507877,1.4239263376197018,adaptive,0.9,20,masked_psnr,32,1,full_frame,1,primary_full_target_density1
2.324434621254343,3.0865844350465785,1.4812061898538194,released,0.85,20,masked_psnr,32,1,full_frame,1,primary_full_target_density1
1.503585316092622,2.384043364408094,0.5699050997673162,adaptive,0.75,20,masked_psnr,32,1,head_foreground,1,primary_full_target_density1
1.8299245984156343,2.779570361822753,0.9280292163576713,released,0.8,20,masked_psnr,32,1,head_foreground,1,primary_full_target_density1
-1.3361268552547916,-0.8597148206647849,-1.8578977349838472,adaptive,0.15,20,masked_psnr,32,1,head_supported,1,primary_full_target_density1
-1.1696564602072412,-0.7760884176619244,-1.6274663588668412,released,0.05,20,masked_psnr,32,1,head_supported,1,primary_full_target_density1
4.098370393862541,5.533636220914296,2.6337849166273024,adaptive,0.85,20,masked_psnr,32,1,head_unsupported,1,primary_full_target_density1
4.618766255632346,6.082278157881799,3.1502466321315534,released,0.95,20,masked_psnr,32,1,head_unsupported,1,primary_full_target_density1
-0.6197639200601218,-0.2854813859686471,-0.955926107129638,adaptive,0.15,20,masked_psnr,32,1,oral,1,primary_full_target_density1
-0.6036728507404993,-0.28633249052059434,-0.9021963721541355,released,0.2,20,masked_psnr,32,1,oral,1,primary_full_target_density1
5.945039187243914,6.955498743569037,4.856202278213895,adaptive,1.0,20,masked_psnr,32,1,torso_outside_head_roi,1,primary_full_target_density1
5.818164169649997,6.840517049331633,4.661733845833779,released,0.95,20,masked_psnr,32,1,torso_outside_head_roi,1,primary_full_target_density1
-2.5536250802364746,-0.4371235866328614,-4.380737308098629,adaptive,0.1,20,masked_psnr,32,4,background,1,primary_full_target_density1
-2.8084286943542276,-1.0022794302268578,-4.581308368991811,released,0.25,20,masked_psnr,32,4,background,1,primary_full_target_density1
-0.03159315651468049,0.3504739930829588,-0.37756268824374567,adaptive,0.5,20,masked_psnr,32,4,eyes,1,primary_full_target_density1
-0.6342727264345029,-0.17927829605613405,-1.1145621764568032,released,0.2,20,masked_psnr,32,4,eyes,1,primary_full_target_density1
-0.5910291943838736,0.08817663790776649,-1.2709048910621783,adaptive,0.4,20,masked_psnr,32,4,flame_supported,1,primary_full_target_density1
-0.4015088610155114,0.19911734161340897,-1.004366668583061,released,0.45,20,masked_psnr,32,4,flame_supported,1,primary_full_target_density1
5.727120033441193,6.735838649752474,4.621151923768738,adaptive,0.95,20,masked_psnr,32,4,flame_unsupported,1,primary_full_target_density1
5.918399483013857,6.768112719503285,4.929020028080364,released,0.95,20,masked_psnr,32,4,flame_unsupported,1,primary_full_target_density1
4.2426762836239575,5.085152838401566,3.2889905142276783,adaptive,0.9,20,masked_psnr,32,4,foreground,1,primary_full_target_density1
4.431746656642371,5.217306609756193,3.5463888083665935,released,0.95,20,masked_psnr,32,4,foreground,1,primary_full_target_density1
2.3809288430414943,3.175378003323182,1.5702348869154028,adaptive,0.85,20,masked_psnr,32,4,full_frame,1,primary_full_target_density1
2.433806436798559,3.1669035458402064,1.6545299436966234,released,0.9,20,masked_psnr,32,4,full_frame,1,primary_full_target_density1
1.6581099900354999,2.6377721067222017,0.6760805682856723,adaptive,0.75,20,masked_psnr,32,4,head_foreground,1,primary_full_target_density1
2.026095088429103,2.9567719642752954,1.0826497268184867,released,0.8,20,masked_psnr,32,4,head_foreground,1,primary_full_target_density1
-1.5550321848413247,-1.1104072349050769,-2.080707111060013,adaptive,0.0,20,masked_psnr,32,4,head_supported,1,primary_full_target_density1
-1.4166480119294942,-0.9854571488406143,-1.884027626674834,released,0.05,20,masked_psnr,32,4,head_supported,1,primary_full_target_density1
4.261582819595721,5.72849866821705,2.7292896521659356,adaptive,0.85,20,masked_psnr,32,4,head_unsupported,1,primary_full_target_density1
4.823370676322663,6.147444285856744,3.4834139688195673,released,0.95,20,masked_psnr,32,4,head_unsupported,1,primary_full_target_density1
-0.7481699936133848,-0.4420996820633501,-1.0852112122864974,adaptive,0.15,20,masked_psnr,32,4,oral,1,primary_full_target_density1
-0.9743898759711653,-0.6010954628121086,-1.3212054790115146,released,0.15,20,masked_psnr,32,4,oral,1,primary_full_target_density1
6.022829419290363,6.941307232606603,5.022619510553392,adaptive,1.0,20,masked_psnr,32,4,torso_outside_head_roi,1,primary_full_target_density1
5.915636038698093,6.7155885023677575,5.0059699443046135,released,1.0,20,masked_psnr,32,4,torso_outside_head_roi,1,primary_full_target_density1
-2.23262848533022,0.2352011964997117,-4.160731835139076,adaptive,0.2,20,masked_psnr,32,8,background,1,primary_full_target_density1
-2.777518055518663,-0.9133788986447158,-4.490093250719155,released,0.25,20,masked_psnr,32,8,background,1,primary_full_target_density1
0.023595722307533862,0.35964960843896315,-0.3076685269699508,adaptive,0.45,20,masked_psnr,32,8,eyes,1,primary_full_target_density1
-0.47711391127030556,-0.01224236183440782,-0.9606089685265259,released,0.45,20,masked_psnr,32,8,eyes,1,primary_full_target_density1
-0.6313572615177308,0.008386578578318666,-1.2693554713028385,adaptive,0.4,20,masked_psnr,32,8,flame_supported,1,primary_full_target_density1
-0.44224178983689066,0.11876593654256243,-0.9924713690329626,released,0.35,20,masked_psnr,32,8,flame_supported,1,primary_full_target_density1
5.80112158242657,6.766766740101644,4.706472778071976,adaptive,0.95,20,masked_psnr,32,8,flame_unsupported,1,primary_full_target_density1
5.971923628819184,6.850453317894056,4.980316786539265,released,0.95,20,masked_psnr,32,8,flame_unsupported,1,primary_full_target_density1
4.362923290717335,5.195506866330728,3.3865623925746564,adaptive,0.9,20,masked_psnr,32,8,foreground,1,primary_full_target_density1
4.5219109033515945,5.352871764515609,3.6029338356573306,released,0.95,20,masked_psnr,32,8,foreground,1,primary_full_target_density1
2.471433434593412,3.297356149336183,1.6294494951947671,adaptive,0.85,20,masked_psnr,32,8,full_frame,1,primary_full_target_density1
2.4668641551839365,3.2166292228298747,1.6539265321695156,released,0.85,20,masked_psnr,32,8,full_frame,1,primary_full_target_density1
1.6671868211948186,2.63580458655844,0.7255008147654393,adaptive,0.75,20,masked_psnr,32,8,head_foreground,1,primary_full_target_density1
2.001731126202718,2.9774861582351426,1.0552881429308316,released,0.8,20,masked_psnr,32,8,head_foreground,1,primary_full_target_density1
-1.625304183053086,-1.1515971253167867,-2.125596057067683,adaptive,0.05,20,masked_psnr,32,8,head_supported,1,primary_full_target_density1
-1.4525110124246967,-1.048793631251397,-1.83814251661911,released,0.05,20,masked_psnr,32,8,head_supported,1,primary_full_target_density1
4.242816788593509,5.68344778537975,2.75226356404428,adaptive,0.85,20,masked_psnr,32,8,head_unsupported,1,primary_full_target_density1
4.701198476716919,6.0765402716440935,3.3440773830836004,released,0.95,20,masked_psnr,32,8,head_unsupported,1,primary_full_target_density1
-0.7835467139818305,-0.4679638695003109,-1.12210520723423,adaptive,0.2,20,masked_psnr,32,8,oral,1,primary_full_target_density1
-0.9210904359463935,-0.5730898205448657,-1.2582787805709916,released,0.15,20,masked_psnr,32,8,oral,1,primary_full_target_density1
6.058318419945467,6.956907871316577,5.099244710956023,adaptive,1.0,20,masked_psnr,32,8,torso_outside_head_roi,1,primary_full_target_density1
5.963341906443286,6.817482637549473,5.036516743121429,released,1.0,20,masked_psnr,32,8,torso_outside_head_roi,1,primary_full_target_density1
-2.388076466559872,-1.366299903699304,-3.4329136937856157,adaptive,0.1,20,masked_psnr,128,1,background,1,primary_full_target_density1
-2.2599439315036634,-1.2045688186680914,-3.2550691014015776,released,0.1,20,masked_psnr,128,1,background,1,primary_full_target_density1
0.002973669837159143,0.3681759893501326,-0.37267338304788156,adaptive,0.55,20,masked_psnr,128,1,eyes,1,primary_full_target_density1
-0.030805071590357967,0.24753344398035462,-0.300274125062602,released,0.45,20,masked_psnr,128,1,eyes,1,primary_full_target_density1
0.17325525203628356,0.6715169234565821,-0.31686937509095575,adaptive,0.5,20,masked_psnr,128,1,flame_supported,1,primary_full_target_density1
0.1127028247709326,0.7036870659805871,-0.496956872734753,released,0.5,20,masked_psnr,128,1,flame_supported,1,primary_full_target_density1
6.015522652803043,7.257243762022377,4.738904911993989,adaptive,1.0,20,masked_psnr,128,1,flame_unsupported,1,primary_full_target_density1
6.384467674810475,7.683832688541075,5.027335120239483,released,0.95,20,masked_psnr,128,1,flame_unsupported,1,primary_full_target_density1
4.593481517844458,5.566463967896341,3.5366897896495817,adaptive,0.95,20,masked_psnr,128,1,foreground,1,primary_full_target_density1
4.821692265027616,5.848059250392529,3.6535737257432244,released,0.95,20,masked_psnr,128,1,foreground,1,primary_full_target_density1
2.8741321426835755,3.620247478087866,2.096449830183468,adaptive,0.9,20,masked_psnr,128,1,full_frame,1,primary_full_target_density1
3.0899893879535734,3.8672851246896465,2.297131578400966,released,0.9,20,masked_psnr,128,1,full_frame,1,primary_full_target_density1
2.0437220767489834,2.843861382447984,1.2535917052603194,adaptive,0.9,20,masked_psnr,128,1,head_foreground,1,primary_full_target_density1
2.183405705977479,2.9520369579727412,1.397774746268932,released,0.85,20,masked_psnr,128,1,head_foreground,1,primary_full_target_density1
-0.6598508750535769,-0.39335758733745957,-0.9154701794888267,adaptive,0.1,20,masked_psnr,128,1,head_supported,1,primary_full_target_density1
-0.7114036188009825,-0.30793168115688485,-1.1571799245585463,released,0.3,20,masked_psnr,128,1,head_supported,1,primary_full_target_density1
4.365646902363744,5.80138423042723,2.9113627473175128,adaptive,0.9,20,masked_psnr,128,1,head_unsupported,1,primary_full_target_density1
4.798387406909742,6.185381581881122,3.46777446114746,released,0.95,20,masked_psnr,128,1,head_unsupported,1,primary_full_target_density1
-0.3434974237972101,-0.02781296846884512,-0.6559953245808139,adaptive,0.4,20,masked_psnr,128,1,oral,1,primary_full_target_density1
-0.09632169660361338,0.14322412929108072,-0.33967391054303037,released,0.45,20,masked_psnr,128,1,oral,1,primary_full_target_density1
6.373418670371137,7.7187091471818245,5.014287867706346,adaptive,1.0,20,masked_psnr,128,1,torso_outside_head_roi,1,primary_full_target_density1
6.75217016645537,8.164704012235012,5.330461799045637,released,0.95,20,masked_psnr,128,1,torso_outside_head_roi,1,primary_full_target_density1
-2.386896985644019,-1.096535250025,-3.5695922496238257,adaptive,0.05,20,masked_psnr,128,4,background,1,primary_full_target_density1
-2.2766195555319473,-1.152708474778753,-3.4512031411521766,released,0.2,20,masked_psnr,128,4,background,1,primary_full_target_density1
-0.008956983710266542,0.3080976161505176,-0.3401402843603642,adaptive,0.55,20,masked_psnr,128,4,eyes,1,primary_full_target_density1
0.03854703765546983,0.29432534240469704,-0.2086888340476539,released,0.5,20,masked_psnr,128,4,eyes,1,primary_full_target_density1
-0.08299285174757323,0.467824595626179,-0.6229655389647133,adaptive,0.4,20,masked_psnr,128,4,flame_supported,1,primary_full_target_density1
0.06674603484086408,0.7001956873749778,-0.5537924169619923,released,0.5,20,masked_psnr,128,4,flame_supported,1,primary_full_target_density1
5.87926277507019,7.074709468083487,4.643790656654707,adaptive,1.0,20,masked_psnr,128,4,flame_unsupported,1,primary_full_target_density1
6.351586861032236,7.65908852756121,4.996899906950471,released,1.0,20,masked_psnr,128,4,flame_unsupported,1,primary_full_target_density1
4.514424674829941,5.476460485154774,3.5170361310656895,adaptive,0.95,20,masked_psnr,128,4,foreground,1,primary_full_target_density1
4.883703919355712,5.935127270812865,3.7747427647538965,released,1.0,20,masked_psnr,128,4,foreground,1,primary_full_target_density1
2.741969067446768,3.459627411206695,2.0130357713477323,adaptive,0.95,20,masked_psnr,128,4,full_frame,1,primary_full_target_density1
3.0666817914103204,3.792203377946398,2.338914095538104,released,1.0,20,masked_psnr,128,4,full_frame,1,primary_full_target_density1
1.974943316895954,2.726126705194194,1.1874508954004006,adaptive,0.85,20,masked_psnr,128,4,head_foreground,1,primary_full_target_density1
2.2014684883127273,2.9655038481585474,1.445443804294588,released,0.8,20,masked_psnr,128,4,head_foreground,1,primary_full_target_density1
-1.1301150123034152,-0.8167724419551805,-1.461567116380648,adaptive,0.0,20,masked_psnr,128,4,head_supported,1,primary_full_target_density1
-1.021108116384069,-0.5677265158869484,-1.4949668061220802,released,0.25,20,masked_psnr,128,4,head_supported,1,primary_full_target_density1
4.395947352229001,5.735277183406669,3.0334390582208544,adaptive,0.9,20,masked_psnr,128,4,head_unsupported,1,primary_full_target_density1
4.766720418572223,6.1014516268501415,3.449355282879608,released,1.0,20,masked_psnr,128,4,head_unsupported,1,primary_full_target_density1
-0.6465462353765545,-0.30446990831766757,-0.9993730357132274,adaptive,0.2,20,masked_psnr,128,4,oral,1,primary_full_target_density1
-0.3527336775750191,-0.0021038875416962474,-0.6849964596350924,released,0.3,20,masked_psnr,128,4,oral,1,primary_full_target_density1
6.172783993230024,7.428392687605793,4.82278883645783,adaptive,1.0,20,masked_psnr,128,4,torso_outside_head_roi,1,primary_full_target_density1
6.72845473915523,8.135042061857156,5.27360288463342,released,1.0,20,masked_psnr,128,4,torso_outside_head_roi,1,primary_full_target_density1
-2.2650085653330962,-0.7009205182322533,-3.6062425611906836,adaptive,0.05,20,masked_psnr,128,8,background,1,primary_full_target_density1
-2.438683838360199,-1.2427855718389211,-3.6578673505244272,released,0.15,20,masked_psnr,128,8,background,1,primary_full_target_density1
0.08285969106844196,0.3929166386307854,-0.24378886841467456,adaptive,0.5,20,masked_psnr,128,8,eyes,1,primary_full_target_density1
0.1579043208464274,0.4210677279299138,-0.10616505467503427,released,0.6,20,masked_psnr,128,8,eyes,1,primary_full_target_density1
-0.11945179390039913,0.4405371130824138,-0.6562250517226571,adaptive,0.4,20,masked_psnr,128,8,flame_supported,1,primary_full_target_density1
0.06651239699694181,0.6930436030209546,-0.5595721772585108,released,0.45,20,masked_psnr,128,8,flame_supported,1,primary_full_target_density1
6.209950481133392,7.435188554386675,4.943685235528449,adaptive,1.0,20,masked_psnr,128,8,flame_unsupported,1,primary_full_target_density1
6.568129464512859,7.863905112529363,5.250763878167017,released,1.0,20,masked_psnr,128,8,flame_unsupported,1,primary_full_target_density1
4.774038357554158,5.761072561763214,3.7446487412375244,adaptive,1.0,20,masked_psnr,128,8,foreground,1,primary_full_target_density1
5.0798973270746455,6.135947715562951,3.9899176870801547,released,1.0,20,masked_psnr,128,8,foreground,1,primary_full_target_density1
2.8474699706328597,3.5604610975116096,2.095877133036093,adaptive,0.95,20,masked_psnr,128,8,full_frame,1,primary_full_target_density1
3.0834870380613353,3.7952521230405285,2.3154436029506615,released,1.0,20,masked_psnr,128,8,full_frame,1,primary_full_target_density1
2.0160772929422217,2.8215698835908682,1.1949695020655955,adaptive,0.85,20,masked_psnr,128,8,head_foreground,1,primary_full_target_density1
2.250341962972848,3.001932940365586,1.4920525491261891,released,0.9,20,masked_psnr,128,8,head_foreground,1,primary_full_target_density1
-1.1999775564474147,-0.8686631300132354,-1.536714871559369,adaptive,0.05,20,masked_psnr,128,8,head_supported,1,primary_full_target_density1
-1.043906266561349,-0.603676197733876,-1.5027872556244903,released,0.15,20,masked_psnr,128,8,head_supported,1,primary_full_target_density1
4.534060225612053,5.951135198164536,3.1420680494687216,adaptive,0.9,20,masked_psnr,128,8,head_unsupported,1,primary_full_target_density1
4.89779930836008,6.186389214891873,3.6810389816388653,released,1.0,20,masked_psnr,128,8,head_unsupported,1,primary_full_target_density1
-0.6563747628965866,-0.30105830253322446,-1.0285341335560836,adaptive,0.3,20,masked_psnr,128,8,oral,1,primary_full_target_density1
-0.36417059980774874,-0.03379751719852463,-0.6765889768790975,released,0.35,20,masked_psnr,128,8,oral,1,primary_full_target_density1
6.497154154166083,7.80846442175035,5.172891011774883,adaptive,1.0,20,masked_psnr,128,8,torso_outside_head_roi,1,primary_full_target_density1
6.904564329436536,8.307199773310582,5.401013328997033,released,1.0,20,masked_psnr,128,8,torso_outside_head_roi,1,primary_full_target_density1
-1.8337071957213074,0.342473097991505,-3.4728085439176284,adaptive,0.15,20,masked_psnr,384,1,background,1,primary_full_target_density1
-1.8388705037887498,-1.0020023780837137,-2.767030791181297,released,0.15,20,masked_psnr,384,1,background,1,primary_full_target_density1
0.34541725057602124,0.6520173261153397,0.0435047082430745,adaptive,0.75,20,masked_psnr,384,1,eyes,1,primary_full_target_density1
-0.14576027799846222,0.23341483261255047,-0.5248836014514108,released,0.45,20,masked_psnr,384,1,eyes,1,primary_full_target_density1
0.12443200287530018,0.5996032403146448,-0.35783163739604307,adaptive,0.55,20,masked_psnr,384,1,flame_supported,1,primary_full_target_density1
0.1442492878656087,0.6750971256490209,-0.3670662567507664,released,0.45,20,masked_psnr,384,1,flame_supported,1,primary_full_target_density1
6.2853799152583205,7.5558162190888645,4.905037872034041,adaptive,1.0,20,masked_psnr,384,1,flame_unsupported,1,primary_full_target_density1
6.741005221442753,7.900207338163686,5.522718173823462,released,1.0,20,masked_psnr,384,1,flame_unsupported,1,primary_full_target_density1
4.770731158634565,5.7915226317657815,3.6549095644640333,adaptive,0.9,20,masked_psnr,384,1,foreground,1,primary_full_target_density1
5.071841656831172,6.061391087458197,4.015844441751475,released,1.0,20,masked_psnr,384,1,foreground,1,primary_full_target_density1
2.9607480608704657,3.696422019322649,2.17401751110724,adaptive,0.9,20,masked_psnr,384,1,full_frame,1,primary_full_target_density1
3.4579502123056782,4.187168921315787,2.6902782005245514,released,0.95,20,masked_psnr,384,1,full_frame,1,primary_full_target_density1
2.025047660824528,2.8365784618912215,1.195249183040969,adaptive,0.8,20,masked_psnr,384,1,head_foreground,1,primary_full_target_density1
2.2171453627591045,3.0346423647125804,1.4766871562176065,released,0.9,20,masked_psnr,384,1,head_foreground,1,primary_full_target_density1
-0.7015906920809988,-0.42141191422174895,-0.9955546936394503,adaptive,0.1,20,masked_psnr,384,1,head_supported,1,primary_full_target_density1
-0.712954611339131,-0.38174490046831994,-1.0614313369218074,released,0.15,20,masked_psnr,384,1,head_supported,1,primary_full_target_density1
4.4289133130421705,6.0584248881416665,2.8775303695919927,adaptive,0.9,20,masked_psnr,384,1,head_unsupported,1,primary_full_target_density1
4.903543390483366,6.216937394208965,3.6412898163306355,released,1.0,20,masked_psnr,384,1,head_unsupported,1,primary_full_target_density1
-0.48399462934039034,-0.2373427617259329,-0.7296310622715687,adaptive,0.25,20,masked_psnr,384,1,oral,1,primary_full_target_density1
-0.4680733364568086,-0.16815419057549688,-0.7800511627519295,released,0.3,20,masked_psnr,384,1,oral,1,primary_full_target_density1
6.761898781691933,8.102965412160888,5.342135458928944,adaptive,0.95,20,masked_psnr,384,1,torso_outside_head_roi,1,primary_full_target_density1
7.177340486935227,8.499050451724644,5.715302626286139,released,0.95,20,masked_psnr,384,1,torso_outside_head_roi,1,primary_full_target_density1
-2.209414408553885,-0.31784956321013663,-3.725984081298488,adaptive,0.05,20,masked_psnr,384,4,background,1,primary_full_target_density1
-2.2509339739436744,-1.406670329645467,-3.1668999286505795,released,0.1,20,masked_psnr,384,4,background,1,primary_full_target_density1
0.19525969014138464,0.4877235333717002,-0.07559200133024023,adaptive,0.65,20,masked_psnr,384,4,eyes,1,primary_full_target_density1
0.036314412738211385,0.3966448242914713,-0.3133656584694002,released,0.45,20,masked_psnr,384,4,eyes,1,primary_full_target_density1
-0.05125764421877976,0.42390686447029774,-0.532818992479857,adaptive,0.45,20,masked_psnr,384,4,flame_supported,1,primary_full_target_density1
0.19637862650793467,0.7321533173792898,-0.3304210438126057,released,0.55,20,masked_psnr,384,4,flame_supported,1,primary_full_target_density1
6.217683416656806,7.49000615665517,4.925974151007363,adaptive,1.0,20,masked_psnr,384,4,flame_unsupported,1,primary_full_target_density1
6.684917254468826,7.908354332951806,5.438665481851512,released,1.0,20,masked_psnr,384,4,flame_unsupported,1,primary_full_target_density1
4.76149401274057,5.729409452506424,3.686805557186658,adaptive,0.95,20,masked_psnr,384,4,foreground,1,primary_full_target_density1
5.156930001985998,6.11800395301956,4.065377462055253,released,1.0,20,masked_psnr,384,4,foreground,1,primary_full_target_density1
2.8802962478858687,3.576033528928135,2.1531420207487653,adaptive,0.95,20,masked_psnr,384,4,full_frame,1,primary_full_target_density1
3.3893928618112854,4.079005047492101,2.659509939428009,released,1.0,20,masked_psnr,384,4,full_frame,1,primary_full_target_density1
2.047113776157496,2.8659464030561446,1.2420010564973734,adaptive,0.75,20,masked_psnr,384,4,head_foreground,1,primary_full_target_density1
2.4267826225221087,3.1889130159209618,1.6918091115850993,released,0.85,20,masked_psnr,384,4,head_foreground,1,primary_full_target_density1
-1.133913838322074,-0.8146351395014766,-1.477879540217368,adaptive,0.0,20,masked_psnr,384,4,head_supported,1,primary_full_target_density1
-0.9013197878992365,-0.5367397524511742,-1.2769048355044856,released,0.1,20,masked_psnr,384,4,head_supported,1,primary_full_target_density1
4.542991413554587,6.046362206065175,3.0583240606576187,adaptive,0.9,20,masked_psnr,384,4,head_unsupported,1,primary_full_target_density1
5.078968920995921,6.35352842574075,3.850123754025997,released,1.0,20,masked_psnr,384,4,head_unsupported,1,primary_full_target_density1
-0.6165771503564083,-0.3643727090965713,-0.8666283190834432,adaptive,0.15,20,masked_psnr,384,4,oral,1,primary_full_target_density1
-0.6011654997662031,-0.3039743335515278,-0.9185305575796119,released,0.2,20,masked_psnr,384,4,oral,1,primary_full_target_density1
6.596004466522868,7.952531172238468,5.23534938218818,adaptive,1.0,20,masked_psnr,384,4,torso_outside_head_roi,1,primary_full_target_density1
7.044347278678449,8.368653512846793,5.593028228106712,released,1.0,20,masked_psnr,384,4,torso_outside_head_roi,1,primary_full_target_density1
-2.120588003381169,-0.3524103216132793,-3.5620170024707045,adaptive,0.05,20,masked_psnr,384,8,background,1,primary_full_target_density1
-2.370580077144942,-1.5072832339312743,-3.338551974130985,released,0.15,20,masked_psnr,384,8,background,1,primary_full_target_density1
0.33256774242554243,0.6045394894389595,0.05819312032523192,adaptive,0.7,20,masked_psnr,384,8,eyes,1,primary_full_target_density1
0.07411974182657186,0.4344107807096094,-0.29703020679564157,released,0.55,20,masked_psnr,384,8,eyes,1,primary_full_target_density1
-0.10391047579253962,0.41387297838210446,-0.611394106555989,adaptive,0.45,20,masked_psnr,384,8,flame_supported,1,primary_full_target_density1
0.15925054036429104,0.7223756572096419,-0.37565495507747987,released,0.55,20,masked_psnr,384,8,flame_supported,1,primary_full_target_density1
6.305331921920996,7.55418576905393,4.9809949139005285,adaptive,1.0,20,masked_psnr,384,8,flame_unsupported,1,primary_full_target_density1
6.839049770795623,8.023218699700333,5.6068646845780545,released,1.0,20,masked_psnr,384,8,flame_unsupported,1,primary_full_target_density1
4.859615987191323,5.861812408219417,3.7607598527529036,adaptive,0.95,20,masked_psnr,384,8,foreground,1,primary_full_target_density1
5.28618717012506,6.278761587379453,4.2430439943046405,released,1.0,20,masked_psnr,384,8,foreground,1,primary_full_target_density1
2.94112222832193,3.65532050763019,2.2125861365122583,adaptive,0.9,20,masked_psnr,384,8,full_frame,1,primary_full_target_density1
3.3610379926518923,4.048197575912813,2.6168360491852174,released,0.95,20,masked_psnr,384,8,full_frame,1,primary_full_target_density1
2.0316309646340107,2.8477951200404514,1.2234524340155013,adaptive,0.75,20,masked_psnr,384,8,head_foreground,1,primary_full_target_density1
2.3917187159533277,3.1613199526754094,1.6315581947446998,released,0.85,20,masked_psnr,384,8,head_foreground,1,primary_full_target_density1
-1.2049447538795859,-0.8467886896096151,-1.6100191606049679,adaptive,0.0,20,masked_psnr,384,8,head_supported,1,primary_full_target_density1
-0.9718086432242863,-0.6016413822017159,-1.366550259623663,released,0.05,20,masked_psnr,384,8,head_supported,1,primary_full_target_density1
4.564955338160805,6.10181348647796,3.087591604935791,adaptive,0.9,20,masked_psnr,384,8,head_unsupported,1,primary_full_target_density1
5.1251841577551405,6.348298894576348,3.9318112399038365,released,1.0,20,masked_psnr,384,8,head_unsupported,1,primary_full_target_density1
-0.6690076670466661,-0.3958988979174595,-0.9385353340598382,adaptive,0.2,20,masked_psnr,384,8,oral,1,primary_full_target_density1
-0.6283328889714335,-0.305451915223879,-0.9450864563152489,released,0.2,20,masked_psnr,384,8,oral,1,primary_full_target_density1
6.654965771692275,8.030860005768789,5.236512516432543,adaptive,1.0,20,masked_psnr,384,8,torso_outside_head_roi,1,primary_full_target_density1
7.164092467474639,8.509943495570695,5.721119584498751,released,1.0,20,masked_psnr,384,8,torso_outside_head_roi,1,primary_full_target_density1
-0.6157710481928154,1.5115710635993371,-2.275475876829771,adaptive,0.35,20,masked_psnr,8,1,background,2,full_target_density2
-0.5502266411528984,1.412156413687912,-2.111254837815723,released,0.4,20,masked_psnr,8,1,background,2,full_target_density2
-0.37102957591620156,0.03566057582598936,-0.7838869443761022,adaptive,0.3,20,masked_psnr,8,1,eyes,2,full_target_density2
-0.40776479926942083,-0.044051165983148254,-0.8101001946729641,released,0.35,20,masked_psnr,8,1,eyes,2,full_target_density2
-1.7682336489098254,-1.1945020516180322,-2.381772855846659,adaptive,0.1,20,masked_psnr,8,1,flame_supported,2,full_target_density2
-1.7692872798039545,-1.181622615742244,-2.419608377012117,released,0.05,20,masked_psnr,8,1,flame_supported,2,full_target_density2
2.8373680382601854,3.8528679130041734,1.7771418261589107,adaptive,0.9,20,masked_psnr,8,1,flame_unsupported,2,full_target_density2
2.6518214681789574,3.6191524004579576,1.6195806905675538,released,0.9,20,masked_psnr,8,1,flame_unsupported,2,full_target_density2
1.9450829577775295,2.8481238022552304,0.9827093039134333,adaptive,0.9,20,masked_psnr,8,1,foreground,2,full_target_density2
1.8156699686673208,2.677597211248974,0.8580159079467116,released,0.85,20,masked_psnr,8,1,foreground,2,full_target_density2
1.0706000326611813,2.0177019404894434,0.00368701007683001,adaptive,0.8,20,masked_psnr,8,1,full_frame,2,full_target_density2
0.979259272320442,1.8436405347189442,0.005044343566727549,released,0.8,20,masked_psnr,8,1,full_frame,2,full_target_density2
-0.1003968830376741,0.406708180662191,-0.6645900553219606,adaptive,0.55,20,masked_psnr,8,1,head_foreground,2,full_target_density2
-0.3170014360486932,0.18996632004587058,-0.8606329066056505,released,0.4,20,masked_psnr,8,1,head_foreground,2,full_target_density2
-2.0827421329022413,-1.6064105570353078,-2.6027155630654684,adaptive,0.0,20,masked_psnr,8,1,head_supported,2,full_target_density2
-2.125577202002085,-1.6076773150212733,-2.6874566449107196,released,0.05,20,masked_psnr,8,1,head_supported,2,full_target_density2
1.332905063618163,1.8862875899469018,0.7526660754634493,adaptive,0.85,20,masked_psnr,8,1,head_unsupported,2,full_target_density2
0.9880364145449446,1.50509013473765,0.4784094513335855,released,0.9,20,masked_psnr,8,1,head_unsupported,2,full_target_density2
-0.405714378476441,-0.1460569873736567,-0.6749535944601975,adaptive,0.15,20,masked_psnr,8,1,oral,2,full_target_density2
-0.4169947114035354,-0.12629228293482286,-0.735327775091492,released,0.35,20,masked_psnr,8,1,oral,2,full_target_density2
2.9625569856902048,4.254287460951956,1.587152249088814,adaptive,0.85,20,masked_psnr,8,1,torso_outside_head_roi,2,full_target_density2
2.8018213530624982,4.040448315993006,1.468743843943989,released,0.85,20,masked_psnr,8,1,torso_outside_head_roi,2,full_target_density2
-0.4205787946525231,1.6371201746640263,-2.2206735819949954,adaptive,0.4,20,masked_psnr,8,4,background,2,full_target_density2
-0.6066282017037652,1.382222638703798,-2.2377721622358733,released,0.4,20,masked_psnr,8,4,background,2,full_target_density2
-0.64153271183542,-0.24270858975421525,-1.0882814848687008,adaptive,0.35,20,masked_psnr,8,4,eyes,2,full_target_density2
-0.7990021549003978,-0.30697959875151976,-1.3140879813622632,released,0.35,20,masked_psnr,8,4,eyes,2,full_target_density2
-1.6296808359377004,-1.138641732224552,-2.163013691292357,adaptive,0.05,20,masked_psnr,8,4,flame_supported,2,full_target_density2
-1.7169637301888294,-1.2002600998872197,-2.257345032571682,released,0.05,20,masked_psnr,8,4,flame_supported,2,full_target_density2
3.2872601544941125,4.088417062038039,2.5297868550658724,adaptive,1.0,20,masked_psnr,8,4,flame_unsupported,2,full_target_density2
3.074640582009147,3.7377799656298323,2.4512794866650522,released,1.0,20,masked_psnr,8,4,flame_unsupported,2,full_target_density2
2.347996013993344,3.0636498658219002,1.5855343435314928,adaptive,0.95,20,masked_psnr,8,4,foreground,2,full_target_density2
2.1972052126163737,2.818939085237973,1.5606108706536903,released,0.95,20,masked_psnr,8,4,foreground,2,full_target_density2
1.3804393848871663,2.2927355124497857,0.35423712584091005,adaptive,0.8,20,masked_psnr,8,4,full_frame,2,full_target_density2
1.2740394608542964,2.0705456995443488,0.375959267437493,released,0.75,20,masked_psnr,8,4,full_frame,2,full_target_density2
0.05747635410124587,0.5990413000859875,-0.5386953935073653,adaptive,0.5,20,masked_psnr,8,4,head_foreground,2,full_target_density2
-0.08406304238338755,0.4531824876931646,-0.6281704340749155,released,0.4,20,masked_psnr,8,4,head_foreground,2,full_target_density2
-2.028391432146693,-1.5530420137684045,-2.567548817686278,adaptive,0.0,20,masked_psnr,8,4,head_supported,2,full_target_density2
-2.182383730241266,-1.6257749595782665,-2.791745851058744,released,0.0,20,masked_psnr,8,4,head_supported,2,full_target_density2
1.3795107823699844,1.9630369680440052,0.7982219887937385,adaptive,0.85,20,masked_psnr,8,4,head_unsupported,2,full_target_density2
1.1747434757890098,1.7398775371543571,0.6414876988328977,released,0.75,20,masked_psnr,8,4,head_unsupported,2,full_target_density2
-0.571873392128165,-0.31398053806164977,-0.8452627162209431,adaptive,0.15,20,masked_psnr,8,4,oral,2,full_target_density2
-0.5433308215270104,-0.2445956454912178,-0.8487245339679702,released,0.15,20,masked_psnr,8,4,oral,2,full_target_density2
3.572424285738401,4.601583825932859,2.5706977655391396,adaptive,0.95,20,masked_psnr,8,4,torso_outside_head_roi,2,full_target_density2
3.309458614760912,4.170106993929562,2.4481989679108596,released,0.9,20,masked_psnr,8,4,torso_outside_head_roi,2,full_target_density2
-0.6743285462576926,1.274791074931112,-2.369919100848468,adaptive,0.3,20,masked_psnr,8,8,background,2,full_target_density2
-0.7898285204745342,1.0391106499062355,-2.350822474294049,released,0.3,20,masked_psnr,8,8,background,2,full_target_density2
-0.5161703710833985,-0.13077282094244097,-0.9374130703865197,adaptive,0.35,20,masked_psnr,8,8,eyes,2,full_target_density2
-0.6173493983175995,-0.2162385981489217,-1.0429247160176083,released,0.35,20,masked_psnr,8,8,eyes,2,full_target_density2
-1.632032633389781,-1.0907313023329457,-2.203785489014956,adaptive,0.15,20,masked_psnr,8,8,flame_supported,2,full_target_density2
-1.6121634741065294,-1.0443909159757077,-2.173757654074797,released,0.15,20,masked_psnr,8,8,flame_supported,2,full_target_density2
3.437733661404221,4.276465014757363,2.650431374893235,adaptive,1.0,20,masked_psnr,8,8,flame_unsupported,2,full_target_density2
3.256358514389033,3.9392941171947475,2.624915008556172,released,1.0,20,masked_psnr,8,8,flame_unsupported,2,full_target_density2
2.4990846569235723,3.277033842133073,1.6971166953247523,adaptive,0.95,20,masked_psnr,8,8,foreground,2,full_target_density2
2.3920653717503946,3.0323614961628147,1.7216726375593774,released,0.95,20,masked_psnr,8,8,foreground,2,full_target_density2
1.470413109971377,2.4458026219442313,0.4060108765980263,adaptive,0.8,20,masked_psnr,8,8,full_frame,2,full_target_density2
1.4082102711502844,2.2381678494124384,0.48277122579022136,released,0.8,20,masked_psnr,8,8,full_frame,2,full_target_density2
0.11601291280687676,0.6572243352239482,-0.4785112145658486,adaptive,0.55,20,masked_psnr,8,8,head_foreground,2,full_target_density2
-0.028233230709854153,0.5019389899518085,-0.5450577146204425,released,0.45,20,masked_psnr,8,8,head_foreground,2,full_target_density2
-2.0724150555785394,-1.596809099987534,-2.5769111567798917,adaptive,0.0,20,masked_psnr,8,8,head_supported,2,full_target_density2
-2.143523733849169,-1.5787114726395997,-2.7515650418473525,released,0.0,20,masked_psnr,8,8,head_supported,2,full_target_density2
1.4370951055598316,2.0710439000132035,0.8048804652546717,adaptive,0.8,20,masked_psnr,8,8,head_unsupported,2,full_target_density2
1.1603520130091352,1.6881865364083863,0.6541291865113842,released,0.8,20,masked_psnr,8,8,head_unsupported,2,full_target_density2
-0.567252421479958,-0.2949153825663745,-0.8699146281088738,adaptive,0.25,20,masked_psnr,8,8,oral,2,full_target_density2
-0.46821965176253555,-0.11941070732474804,-0.8142197526826553,released,0.2,20,masked_psnr,8,8,oral,2,full_target_density2
3.7699338682738306,4.875172256615596,2.672033211865929,adaptive,0.95,20,masked_psnr,8,8,torso_outside_head_roi,2,full_target_density2
3.5688412314373386,4.511360645496008,2.646761326659924,released,0.95,20,masked_psnr,8,8,torso_outside_head_roi,2,full_target_density2
-1.752671424142438,-0.3499314128427298,-2.9503013285735666,adaptive,0.15,20,masked_psnr,384,1,background,2,full_target_density2
-1.7110439530512767,-0.9587472261736322,-2.451480707018313,released,0.2,20,masked_psnr,384,1,background,2,full_target_density2
0.26035755651178166,0.5889914594390219,-0.06865499572573189,adaptive,0.6,20,masked_psnr,384,1,eyes,2,full_target_density2
-0.03736103868528904,0.4118729445199866,-0.47407077253114294,released,0.6,20,masked_psnr,384,1,eyes,2,full_target_density2
0.08563325257208527,0.5586026901479175,-0.41416854541578246,adaptive,0.5,20,masked_psnr,384,1,flame_supported,2,full_target_density2
0.09065275780954521,0.48885650025141913,-0.3533685062392417,released,0.6,20,masked_psnr,384,1,flame_supported,2,full_target_density2
6.64931591087948,7.962890165726097,5.312155333812484,adaptive,1.0,20,masked_psnr,384,1,flame_unsupported,2,full_target_density2
6.388317789133898,7.445895543920508,5.310074085436997,released,1.0,20,masked_psnr,384,1,flame_unsupported,2,full_target_density2
5.124057441945048,6.177806306987961,3.965168526713445,adaptive,1.0,20,masked_psnr,384,1,foreground,2,full_target_density2
4.960661367118296,5.869212797038113,3.9891577665137756,released,1.0,20,masked_psnr,384,1,foreground,2,full_target_density2
3.235419311336866,3.9902510779132596,2.433417549956905,adaptive,0.95,20,masked_psnr,384,1,full_frame,2,full_target_density2
3.275513036531392,3.9294008380932657,2.5631871366873558,released,0.95,20,masked_psnr,384,1,full_frame,2,full_target_density2
2.14447171527247,3.0456003660194946,1.260764880781176,adaptive,0.8,20,masked_psnr,384,1,head_foreground,2,full_target_density2
2.2098819706064097,2.9451731814040305,1.514119921580955,released,0.9,20,masked_psnr,384,1,head_foreground,2,full_target_density2
-0.43311991999084487,-0.1516343276606727,-0.7213791097905543,adaptive,0.2,20,masked_psnr,384,1,head_supported,2,full_target_density2
-0.4423691473418684,-0.18861545425046417,-0.7031726511610675,released,0.35,20,masked_psnr,384,1,head_supported,2,full_target_density2
4.235069571927543,5.738813258423458,2.7437544851783473,adaptive,0.85,20,masked_psnr,384,1,head_unsupported,2,full_target_density2
4.362857685296384,5.5563623527661745,3.2917176153863177,released,1.0,20,masked_psnr,384,1,head_unsupported,2,full_target_density2
-0.3172370466957499,-0.038140212182108044,-0.6117280216848489,adaptive,0.3,20,masked_psnr,384,1,oral,2,full_target_density2
-0.22476676877484927,0.079480019122821,-0.5449384332358599,released,0.4,20,masked_psnr,384,1,oral,2,full_target_density2
7.315756153460974,8.640560535454004,5.8915183157473905,adaptive,1.0,20,masked_psnr,384,1,torso_outside_head_roi,2,full_target_density2
6.835053665262703,8.050487896746915,5.572730561723933,released,1.0,20,masked_psnr,384,1,torso_outside_head_roi,2,full_target_density2
-2.123369899433146,-0.935069808048906,-3.2656252548134113,adaptive,0.1,20,masked_psnr,384,4,background,2,full_target_density2
-2.1187601240517853,-1.389311037253993,-2.8935187774241866,released,0.05,20,masked_psnr,384,4,background,2,full_target_density2
0.2477426449283863,0.5758805699507197,-0.08849369843345357,adaptive,0.6,20,masked_psnr,384,4,eyes,2,full_target_density2
0.03447621206782721,0.46334472378252456,-0.38847738708747875,released,0.5,20,masked_psnr,384,4,eyes,2,full_target_density2
0.006398872042585246,0.450884842236842,-0.4700625043398096,adaptive,0.5,20,masked_psnr,384,4,flame_supported,2,full_target_density2
0.21682414469375882,0.624795173888858,-0.2218721493073581,released,0.7,20,masked_psnr,384,4,flame_supported,2,full_target_density2
6.76045813817943,8.01286453986221,5.503890325680551,adaptive,1.0,20,masked_psnr,384,4,flame_unsupported,2,full_target_density2
6.683579253666113,7.610294200802933,5.729183118482274,released,1.0,20,masked_psnr,384,4,flame_unsupported,2,full_target_density2
5.304724136164809,6.286353405024869,4.250106412029203,adaptive,1.0,20,masked_psnr,384,4,foreground,2,full_target_density2
5.318202349297717,6.120931618066959,4.439396264348988,released,1.0,20,masked_psnr,384,4,foreground,2,full_target_density2
3.229586097836884,3.926792200848436,2.503754547922434,adaptive,0.95,20,masked_psnr,384,4,full_frame,2,full_target_density2
3.35282178160249,4.003870767611679,2.6575621505290625,released,1.0,20,masked_psnr,384,4,full_frame,2,full_target_density2
2.343323371217913,3.250460746055736,1.4248018577159305,adaptive,0.8,20,masked_psnr,384,4,head_foreground,2,full_target_density2
2.619968288025331,3.3857573018761054,1.8393057131283543,released,0.9,20,masked_psnr,384,4,head_foreground,2,full_target_density2
-0.7164856021878359,-0.46975308775690333,-0.9891691618045059,adaptive,0.05,20,masked_psnr,384,4,head_supported,2,full_target_density2
-0.46789641554594824,-0.24823681916792503,-0.7285692399095419,released,0.2,20,masked_psnr,384,4,head_supported,2,full_target_density2
4.46259046317846,5.9213247756159335,3.013438418733518,adaptive,0.9,20,masked_psnr,384,4,head_unsupported,2,full_target_density2
4.748462211304661,5.803565373567626,3.7123001842733143,released,1.0,20,masked_psnr,384,4,head_unsupported,2,full_target_density2
-0.40762793837427813,-0.21355169313704353,-0.6088118987436654,adaptive,0.25,20,masked_psnr,384,4,oral,2,full_target_density2
-0.4593838664927315,-0.21786573031135334,-0.7134237622911375,released,0.25,20,masked_psnr,384,4,oral,2,full_target_density2
7.366899033632012,8.57007234309743,6.112843090151284,adaptive,1.0,20,masked_psnr,384,4,torso_outside_head_roi,2,full_target_density2
7.033354443554491,8.070583559743907,5.970060438604943,released,1.0,20,masked_psnr,384,4,torso_outside_head_roi,2,full_target_density2
-2.096581450593626,-0.8627849982471848,-3.2026752610588396,adaptive,0.1,20,masked_psnr,384,8,background,2,full_target_density2
-2.6015811141774483,-1.8854271519230044,-3.3819782895844384,released,0.05,20,masked_psnr,384,8,background,2,full_target_density2
0.3519660487815418,0.7333868029727048,-0.04265363802870425,adaptive,0.7,20,masked_psnr,384,8,eyes,2,full_target_density2
0.09228222272042093,0.4988966102592302,-0.31719183464143536,released,0.6,20,masked_psnr,384,8,eyes,2,full_target_density2
-0.05291194704598441,0.40312710687272457,-0.5627121278303979,adaptive,0.5,20,masked_psnr,384,8,flame_supported,2,full_target_density2
0.17965613675199005,0.6402763941129082,-0.3017465639093062,released,0.6,20,masked_psnr,384,8,flame_supported,2,full_target_density2
6.86892930113256,8.100081652548347,5.651645607586804,adaptive,1.0,20,masked_psnr,384,8,flame_unsupported,2,full_target_density2
6.891686610444057,7.831880838110117,5.945284275988644,released,1.0,20,masked_psnr,384,8,flame_unsupported,2,full_target_density2
5.413127654764791,6.403975000200087,4.343169252901815,adaptive,1.0,20,masked_psnr,384,8,foreground,2,full_target_density2
5.491442116843407,6.338563857475057,4.594037940630634,released,1.0,20,masked_psnr,384,8,foreground,2,full_target_density2
3.2685740865385875,4.032202085133509,2.5083563501955046,adaptive,0.95,20,masked_psnr,384,8,full_frame,2,full_target_density2
3.2386591304566976,3.9073803341435567,2.5107751345423477,released,0.95,20,masked_psnr,384,8,full_frame,2,full_target_density2
2.3326596150848062,3.2369779585929077,1.4335526306297899,adaptive,0.8,20,masked_psnr,384,8,head_foreground,2,full_target_density2
2.628855326989286,3.4161109475650333,1.858024700041899,released,0.9,20,masked_psnr,384,8,head_foreground,2,full_target_density2
-0.7835448154562356,-0.5250227701883983,-1.06443577919999,adaptive,0.1,20,masked_psnr,384,8,head_supported,2,full_target_density2
-0.5075871547136727,-0.2517244432362169,-0.7832152623763831,released,0.25,20,masked_psnr,384,8,head_supported,2,full_target_density2
4.457828890421353,5.873323694394281,3.0834669023015695,adaptive,0.9,20,masked_psnr,384,8,head_unsupported,2,full_target_density2
4.804457566293727,5.873592280079165,3.768164496101617,released,1.0,20,masked_psnr,384,8,head_unsupported,2,full_target_density2
-0.4964551787071727,-0.2981994975009591,-0.7133542288081739,adaptive,0.2,20,masked_psnr,384,8,oral,2,full_target_density2
-0.49254015929673967,-0.2401181637081853,-0.758956325819137,released,0.3,20,masked_psnr,384,8,oral,2,full_target_density2
7.453662951907765,8.73921259359312,6.173119777845941,adaptive,1.0,20,masked_psnr,384,8,torso_outside_head_roi,2,full_target_density2
7.223446779207289,8.307149245402222,6.086469916163277,released,1.0,20,masked_psnr,384,8,torso_outside_head_roi,2,full_target_density2
1.3921060566415595,3.7946897556974952,-0.15287651551176226,adaptive,0.5,20,masked_psnr,8,1,background,2,head_target_density1
1.1165026047274458,3.4473290343657523,-0.3645109961732697,released,0.6,20,masked_psnr,8,1,background,2,head_target_density1
0.6592283844831144,0.9287676351674976,0.40378576428888435,adaptive,0.8,20,masked_psnr,8,1,eyes,2,head_target_density1
0.8978655583174697,1.143978822797975,0.6569084893280585,released,0.9,20,masked_psnr,8,1,eyes,2,head_target_density1
-0.8656443886056053,-0.6216460083864503,-1.1252245394569886,adaptive,0.05,20,masked_psnr,8,1,flame_supported,2,head_target_density1
-1.0048006282442365,-0.6895925430939823,-1.3208018161309507,released,0.1,20,masked_psnr,8,1,flame_supported,2,head_target_density1
0.3617808986788281,0.6181049335228894,0.16169457527313516,adaptive,0.95,20,masked_psnr,8,1,flame_unsupported,2,head_target_density1
0.3966320950123818,0.6049953781267504,0.2337231239746587,released,0.95,20,masked_psnr,8,1,flame_unsupported,2,head_target_density1
0.19001587730639122,0.3645013056423822,0.05073881873559189,adaptive,0.9,20,masked_psnr,8,1,foreground,2,head_target_density1
0.19508618127875305,0.35394536856381975,0.06599118359765868,released,0.8,20,masked_psnr,8,1,foreground,2,head_target_density1
0.14010343017127602,0.2831585367186304,-0.00487441971565533,adaptive,0.75,20,masked_psnr,8,1,full_frame,2,head_target_density1
0.15623377710632327,0.29475331487974915,0.015798432664272846,released,0.7,20,masked_psnr,8,1,full_frame,2,head_target_density1
0.40028176982095715,0.8043621830152269,0.02204104149884155,adaptive,0.75,20,masked_psnr,8,1,head_foreground,2,head_target_density1
0.3856766498115448,0.7919346102126326,0.0010175851190020251,released,0.65,20,masked_psnr,8,1,head_foreground,2,head_target_density1
-0.46133915994734587,-0.049444346798819275,-0.9833924209141486,adaptive,0.4,20,masked_psnr,8,1,head_supported,2,head_target_density1
-0.6369597530960927,-0.2537221333253433,-1.0996518900540515,released,0.2,20,masked_psnr,8,1,head_supported,2,head_target_density1
0.7429783568745959,1.3090818025272664,0.2104176518519547,adaptive,0.85,20,masked_psnr,8,1,head_unsupported,2,head_target_density1
0.8585012268836654,1.4385266211013188,0.3239662796001698,released,0.8,20,masked_psnr,8,1,head_unsupported,2,head_target_density1
0.20143569631609087,0.42168319653789665,-0.018219527076524307,adaptive,0.7,20,masked_psnr,8,1,oral,2,head_target_density1
0.1424655734411088,0.4074690396345064,-0.11330949541152195,released,0.55,20,masked_psnr,8,1,oral,2,head_target_density1
0.07465709101322242,0.1709919336693233,-0.0008314486766958526,adaptive,0.65,20,masked_psnr,8,1,torso_outside_head_roi,2,head_target_density1
0.0973757432695189,0.21807621622010012,-0.016519626056211455,released,0.55,20,masked_psnr,8,1,torso_outside_head_roi,2,head_target_density1
1.931158869319043,4.492719482330913,-0.16306964182794326,adaptive,0.65,20,masked_psnr,8,4,background,2,head_target_density1
1.6077143147562503,4.163750527453569,-0.47515771912842136,released,0.7,20,masked_psnr,8,4,background,2,head_target_density1
0.8238293831220996,1.2400416083793742,0.47793577658794945,adaptive,0.95,20,masked_psnr,8,4,eyes,2,head_target_density1
1.112922409369044,1.531440432413021,0.724409460765135,released,0.85,20,masked_psnr,8,4,eyes,2,head_target_density1
-1.0818004336745808,-0.6904669192476022,-1.485537502817621,adaptive,0.05,20,masked_psnr,8,4,flame_supported,2,head_target_density1
-1.1418596837986597,-0.7226031468620076,-1.5799075213372664,released,0.1,20,masked_psnr,8,4,flame_supported,2,head_target_density1
0.41956037819178604,0.6517564299500554,0.2527113157056335,adaptive,0.95,20,masked_psnr,8,4,flame_unsupported,2,head_target_density1
0.4750875700484463,0.7209791777101479,0.3008544817916678,released,1.0,20,masked_psnr,8,4,flame_unsupported,2,head_target_density1
0.2267648980778978,0.3829504223411938,0.1040587696827409,adaptive,0.8,20,masked_psnr,8,4,foreground,2,head_target_density1
0.2556256155948107,0.42557653064493156,0.1250861443133816,released,0.8,20,masked_psnr,8,4,foreground,2,head_target_density1
0.1901759233778189,0.3310206101701154,0.05127917347399305,adaptive,0.7,20,masked_psnr,8,4,full_frame,2,head_target_density1
0.19307613809250354,0.313146635450467,0.07795183467210016,released,0.65,20,masked_psnr,8,4,full_frame,2,head_target_density1
0.5226974810278893,0.9197890917394369,0.16735518852882084,adaptive,0.65,20,masked_psnr,8,4,head_foreground,2,head_target_density1
0.5321499200341037,0.9717736050904616,0.13167744993723887,released,0.5,20,masked_psnr,8,4,head_foreground,2,head_target_density1
-0.7917179218810786,-0.15767530066954896,-1.5298479339708864,adaptive,0.35,20,masked_psnr,8,4,head_supported,2,head_target_density1
-0.9008653700363644,-0.3144136012936887,-1.5461805808195825,released,0.25,20,masked_psnr,8,4,head_supported,2,head_target_density1
1.0925510673388579,1.6364690838290228,0.6061623618048328,adaptive,0.9,20,masked_psnr,8,4,head_unsupported,2,head_target_density1
1.1730004863778518,1.7752964811981946,0.6137140708915597,released,0.9,20,masked_psnr,8,4,head_unsupported,2,head_target_density1
0.12438786747741908,0.3458047287737338,-0.10693082759184322,adaptive,0.6,20,masked_psnr,8,4,oral,2,head_target_density1
-0.04003061846318765,0.20046399308160404,-0.2678476951218677,released,0.5,20,masked_psnr,8,4,oral,2,head_target_density1
0.09093428210988982,0.17554071155863865,0.009592487826138361,adaptive,0.7,20,masked_psnr,8,4,torso_outside_head_roi,2,head_target_density1
0.1314340583062276,0.2628158761138777,0.00742020277036652,released,0.7,20,masked_psnr,8,4,torso_outside_head_roi,2,head_target_density1
1.9649045522370456,4.414011761477636,0.09180510951836064,adaptive,0.7,20,masked_psnr,8,8,background,2,head_target_density1
1.697257616887675,4.044520307541316,-0.1222555339056751,released,0.7,20,masked_psnr,8,8,background,2,head_target_density1
0.8775589686581243,1.332775122183319,0.49919429546931005,adaptive,0.95,20,masked_psnr,8,8,eyes,2,head_target_density1
1.2367244447459411,1.708995204029739,0.8000093353552249,released,0.9,20,masked_psnr,8,8,eyes,2,head_target_density1
-1.0974645359212944,-0.7596096670348716,-1.4626952182496662,adaptive,0.0,20,masked_psnr,8,8,flame_supported,2,head_target_density1
-1.178238741240976,-0.792809500555819,-1.6090264459939723,released,0.05,20,masked_psnr,8,8,flame_supported,2,head_target_density1
0.3960215742069117,0.6193244785687891,0.2281775440929333,adaptive,0.95,20,masked_psnr,8,8,flame_unsupported,2,head_target_density1
0.4583570425778182,0.7023772013286942,0.28297573925030467,released,1.0,20,masked_psnr,8,8,flame_unsupported,2,head_target_density1
0.20574970090897,0.36120097790813654,0.08326919490651007,adaptive,0.8,20,masked_psnr,8,8,foreground,2,head_target_density1
0.23827613366462125,0.3960003516061938,0.10861846716900321,released,0.8,20,masked_psnr,8,8,foreground,2,head_target_density1
0.17582567138309724,0.31596034559380987,0.03294283648934291,adaptive,0.7,20,masked_psnr,8,8,full_frame,2,head_target_density1
0.19755410885815888,0.3171334522519916,0.07863492788266066,released,0.65,20,masked_psnr,8,8,full_frame,2,head_target_density1
0.5347492887255902,0.9640315634436363,0.14999082903534064,adaptive,0.7,20,masked_psnr,8,8,head_foreground,2,head_target_density1
0.5410026916113118,1.0053077036768046,0.1277299155634231,released,0.6,20,masked_psnr,8,8,head_foreground,2,head_target_density1
-0.7669327520314422,-0.1486045684598421,-1.5060631908211803,adaptive,0.35,20,masked_psnr,8,8,head_supported,2,head_target_density1
-0.9107175506118252,-0.35077446778222177,-1.5867098462115985,released,0.25,20,masked_psnr,8,8,head_supported,2,head_target_density1
1.0623736184780153,1.6284757179685956,0.5521650153017741,adaptive,0.85,20,masked_psnr,8,8,head_unsupported,2,head_target_density1
1.1809542048591744,1.8193656308895498,0.5972671261828106,released,0.7,20,masked_psnr,8,8,head_unsupported,2,head_target_density1
0.20059788157239405,0.407141089551429,-0.010085697149463432,adaptive,0.65,20,masked_psnr,8,8,oral,2,head_target_density1
0.022374500046759494,0.28221060432790823,-0.21704205233591176,released,0.45,20,masked_psnr,8,8,oral,2,head_target_density1
0.06382313630901706,0.15278174209497714,-0.012469742065083082,adaptive,0.65,20,masked_psnr,8,8,torso_outside_head_roi,2,head_target_density1
0.10069676907094674,0.20584059934746002,-0.0036039124984538168,released,0.6,20,masked_psnr,8,8,torso_outside_head_roi,2,head_target_density1
0.23683128627961914,1.3236655330939378,-0.8173338375080189,adaptive,0.65,20,masked_psnr,384,1,background,2,head_target_density1
-0.3292709957940045,0.8364994817301926,-1.5077724615387007,released,0.4,20,masked_psnr,384,1,background,2,head_target_density1
0.23140238335747423,0.5113958226055856,-0.045382972398641176,adaptive,0.65,20,masked_psnr,384,1,eyes,2,head_target_density1
0.8081012573388096,1.1639321893601875,0.44587591681974365,released,0.8,20,masked_psnr,384,1,eyes,2,head_target_density1
-1.1875413756018818,-0.8602143022903508,-1.5039142364292313,adaptive,0.05,20,masked_psnr,384,1,flame_supported,2,head_target_density1
-1.4428831748554045,-1.0594706798271274,-1.8391221960294266,released,0.0,20,masked_psnr,384,1,flame_supported,2,head_target_density1
0.9444083624376365,1.352151049797082,0.5898478819344493,adaptive,0.9,20,masked_psnr,384,1,flame_unsupported,2,head_target_density1
0.9965630943568069,1.4129857878756598,0.6502087419818224,released,0.95,20,masked_psnr,384,1,flame_unsupported,2,head_target_density1
0.584069993383286,0.9582704038225656,0.2794868613907959,adaptive,0.8,20,masked_psnr,384,1,foreground,2,head_target_density1
0.5791371061581969,0.9757372687007474,0.25956336353155,released,0.8,20,masked_psnr,384,1,foreground,2,head_target_density1
0.46577849506693897,0.8225739269131749,0.1468600118322633,adaptive,0.75,20,masked_psnr,384,1,full_frame,2,head_target_density1
0.46148170488255225,0.8624633261771468,0.1098933212965172,released,0.7,20,masked_psnr,384,1,full_frame,2,head_target_density1
2.7308178501921985,3.577024087494121,1.9650900194955288,adaptive,1.0,20,masked_psnr,384,1,head_foreground,2,head_target_density1
3.148499240198738,3.939500952592543,2.3682691692575752,released,0.95,20,masked_psnr,384,1,head_foreground,2,head_target_density1
0.3385850098622319,0.5135956189328369,0.16540689060902541,adaptive,0.8,20,masked_psnr,384,1,head_supported,2,head_target_density1
0.5291698939737776,0.6977097434075922,0.36052684536390717,released,0.85,20,masked_psnr,384,1,head_supported,2,head_target_density1
4.271614431932131,5.437974748112437,3.211913932477501,adaptive,1.0,20,masked_psnr,384,1,head_unsupported,2,head_target_density1
4.957933881893672,6.016440473424001,3.8833708696138474,released,1.0,20,masked_psnr,384,1,head_unsupported,2,head_target_density1
-0.049221614242171086,0.1394776562204204,-0.24397227294088467,adaptive,0.5,20,masked_psnr,384,1,oral,2,head_target_density1
0.1775448869812415,0.4475574546840256,-0.10000742430750892,released,0.55,20,masked_psnr,384,1,oral,2,head_target_density1
-0.07449177408645276,0.11501567501512207,-0.23154123672520982,adaptive,0.3,20,masked_psnr,384,1,torso_outside_head_roi,2,head_target_density1
-0.16640533573420807,0.05577767010643633,-0.34939290105279425,released,0.25,20,masked_psnr,384,1,torso_outside_head_roi,2,head_target_density1
-0.2443936205993169,0.6708222223742384,-1.15562985495631,adaptive,0.45,20,masked_psnr,384,4,background,2,head_target_density1
-0.31816993378787,0.9136151854773971,-1.5486704619701452,released,0.55,20,masked_psnr,384,4,background,2,head_target_density1
0.5380247511824944,0.8968079545644442,0.24756356992424672,adaptive,0.8,20,masked_psnr,384,4,eyes,2,head_target_density1
0.9416098455438556,1.3035484000022177,0.5671582859665166,released,0.8,20,masked_psnr,384,4,eyes,2,head_target_density1
-1.4877190900648807,-1.1197253295105285,-1.8483660059233564,adaptive,0.05,20,masked_psnr,384,4,flame_supported,2,head_target_density1
-1.6805278311055076,-1.3029114491216864,-2.057009245655951,released,0.0,20,masked_psnr,384,4,flame_supported,2,head_target_density1
0.8999229185269814,1.2755678433231203,0.5753221062231664,adaptive,0.95,20,masked_psnr,384,4,flame_unsupported,2,head_target_density1
1.0028058203019778,1.4082942498983007,0.6483190538846143,released,1.0,20,masked_psnr,384,4,flame_unsupported,2,head_target_density1
0.5265670885612241,0.8829987921663816,0.23663349728999766,adaptive,0.75,20,masked_psnr,384,4,foreground,2,head_target_density1
0.5632751401936229,0.946796930049328,0.2585688209242794,released,0.8,20,masked_psnr,384,4,foreground,2,head_target_density1
0.3887341414887734,0.723318623785576,0.11509719089757862,adaptive,0.7,20,masked_psnr,384,4,full_frame,2,head_target_density1
0.4578467147360391,0.8032785373692183,0.1770331538716883,released,0.75,20,masked_psnr,384,4,full_frame,2,head_target_density1
2.7006563634614698,3.52049404610013,1.9428524838242685,adaptive,1.0,20,masked_psnr,384,4,head_foreground,2,head_target_density1
3.373019588655416,4.201423425021253,2.618088944800474,released,1.0,20,masked_psnr,384,4,head_foreground,2,head_target_density1
0.1687545523699338,0.39259531349236115,-0.0944409673105531,adaptive,0.7,20,masked_psnr,384,4,head_supported,2,head_target_density1
0.5550446171021916,0.7174186804986606,0.3888454167916054,released,0.9,20,masked_psnr,384,4,head_supported,2,head_target_density1
4.044360079367528,5.103036958647793,3.0295125850519633,adaptive,1.0,20,masked_psnr,384,4,head_unsupported,2,head_target_density1
5.018944954763168,6.015034262884425,4.028045956325525,released,1.0,20,masked_psnr,384,4,head_unsupported,2,head_target_density1
-0.06889964692695934,0.11186025440603627,-0.24482162254630524,adaptive,0.4,20,masked_psnr,384,4,oral,2,head_target_density1
0.08398711719093885,0.38221557806505385,-0.2144524637845384,released,0.6,20,masked_psnr,384,4,oral,2,head_target_density1
-0.17234190844327432,0.012579059093481004,-0.32342538941357146,adaptive,0.15,20,masked_psnr,384,4,torso_outside_head_roi,2,head_target_density1
-0.2648773036321761,-0.04278264566571452,-0.44379457088437385,released,0.15,20,masked_psnr,384,4,torso_outside_head_roi,2,head_target_density1
-0.4201804031518397,0.4318108380571228,-1.278737169277292,adaptive,0.45,20,masked_psnr,384,8,background,2,head_target_density1
-0.702674617647595,0.32091038809336725,-1.7893412317396624,released,0.45,20,masked_psnr,384,8,background,2,head_target_density1
0.5699049018999057,0.8707747024360796,0.3104465649897604,adaptive,0.85,20,masked_psnr,384,8,eyes,2,head_target_density1
0.9528852287459587,1.283888907700569,0.6177580271403313,released,0.85,20,masked_psnr,384,8,eyes,2,head_target_density1
-1.5464294361720365,-1.1541849235646584,-1.9323881114433876,adaptive,0.05,20,masked_psnr,384,8,flame_supported,2,head_target_density1
-1.743826030080402,-1.3388262452057407,-2.144917180394238,released,0.0,20,masked_psnr,384,8,flame_supported,2,head_target_density1
0.8536343194531977,1.2268382302143597,0.5405640457411716,adaptive,0.95,20,masked_psnr,384,8,flame_unsupported,2,head_target_density1
0.9408142126465255,1.353798007905668,0.6008033509458439,released,1.0,20,masked_psnr,384,8,flame_unsupported,2,head_target_density1
0.4998470135257061,0.8384693760642536,0.22599894657501324,adaptive,0.75,20,masked_psnr,384,8,foreground,2,head_target_density1
0.5232228624432164,0.8910826092206341,0.2197475285170775,released,0.75,20,masked_psnr,384,8,foreground,2,head_target_density1
0.33531525757818986,0.6695214472374718,0.054994886577952255,adaptive,0.6,20,masked_psnr,384,8,full_frame,2,head_target_density1
0.3606019300556987,0.7001472402845766,0.06635743251033592,released,0.7,20,masked_psnr,384,8,full_frame,2,head_target_density1
2.6625600971421415,3.4609483806406227,1.9093383810861964,adaptive,0.95,20,masked_psnr,384,8,head_foreground,2,head_target_density1
3.304022079250571,4.122461860682942,2.50926442140052,released,1.0,20,masked_psnr,384,8,head_foreground,2,head_target_density1
0.15023665514974738,0.3746094799813209,-0.12052034095971227,adaptive,0.75,20,masked_psnr,384,8,head_supported,2,head_target_density1
0.5653084944093001,0.7185706049249705,0.41322598921280895,released,1.0,20,masked_psnr,384,8,head_supported,2,head_target_density1
3.924931937784084,4.972397415748776,2.920582972696981,adaptive,1.0,20,masked_psnr,384,8,head_unsupported,2,head_target_density1
4.814548640325862,5.864317906099928,3.7603817275187432,released,1.0,20,masked_psnr,384,8,head_unsupported,2,head_target_density1
0.052918329666698585,0.2312308151345359,-0.12469892334385997,adaptive,0.55,20,masked_psnr,384,8,oral,2,head_target_density1
0.12411912020309365,0.3728095322878213,-0.1165641351518563,released,0.5,20,masked_psnr,384,8,oral,2,head_target_density1
-0.18071669188116724,-0.012385403328262124,-0.3169279809214756,adaptive,0.15,20,masked_psnr,384,8,torso_outside_head_roi,2,head_target_density1
-0.2650589935649191,-0.04993881163550217,-0.43739748409465934,released,0.15,20,masked_psnr,384,8,torso_outside_head_roi,2,head_target_density1
-1.2096344900228997,1.5943322276562928,-3.445435653644509,adaptive,0.3,20,masked_psnr,8,1,background,2,primary_full_target_density1
-1.2613457704736004,1.1364773623966942,-3.120801034305301,released,0.15,20,masked_psnr,8,1,background,2,primary_full_target_density1
-0.13608427852737287,0.4530213625942346,-0.8491953615456654,adaptive,0.55,20,masked_psnr,8,1,eyes,2,primary_full_target_density1
-0.2888129642777342,0.2701544897486569,-0.9844857967764326,released,0.5,20,masked_psnr,8,1,eyes,2,primary_full_target_density1
-1.8441181364999983,-1.1914527970028392,-2.512023654613978,adaptive,0.1,20,masked_psnr,8,1,flame_supported,2,primary_full_target_density1
-1.7463234536912176,-1.2054352346273176,-2.3667466982127445,released,0.0,20,masked_psnr,8,1,flame_supported,2,primary_full_target_density1
2.8920729529301696,3.8880721593750778,1.857311623633771,adaptive,0.95,20,masked_psnr,8,1,flame_unsupported,2,primary_full_target_density1
2.4183650275624786,3.2678024611800245,1.49398556112815,released,0.9,20,masked_psnr,8,1,flame_unsupported,2,primary_full_target_density1
1.8474572575293835,2.7465722394431884,0.8959895095852923,adaptive,0.85,20,masked_psnr,8,1,foreground,2,primary_full_target_density1
1.5064907445059448,2.2905150163732726,0.6273795477431352,released,0.9,20,masked_psnr,8,1,foreground,2,primary_full_target_density1
0.90424587821975,1.935458133479058,-0.2475575518182052,adaptive,0.75,20,masked_psnr,8,1,full_frame,2,primary_full_target_density1
0.6548189022065114,1.503993110299272,-0.3808837208239205,released,0.75,20,masked_psnr,8,1,full_frame,2,primary_full_target_density1
-0.0781891626593116,0.5700065316634365,-0.7580805728285724,adaptive,0.5,20,masked_psnr,8,1,head_foreground,2,primary_full_target_density1
-0.18935445367782872,0.3087933878876191,-0.7410891041375917,released,0.5,20,masked_psnr,8,1,head_foreground,2,primary_full_target_density1
-2.339781103425191,-1.7525363642550367,-2.9759801546821842,adaptive,0.0,20,masked_psnr,8,1,head_supported,2,primary_full_target_density1
-2.228826769369699,-1.7536972548883305,-2.740767912494446,released,0.0,20,masked_psnr,8,1,head_supported,2,primary_full_target_density1
1.8012657711675313,2.905312438232421,0.7666637372953586,adaptive,0.85,20,masked_psnr,8,1,head_unsupported,2,primary_full_target_density1
1.4558853623202732,2.2397171958929967,0.6880156323457822,released,0.85,20,masked_psnr,8,1,head_unsupported,2,primary_full_target_density1
-0.8315913168415886,-0.48422356307888614,-1.189234421565637,adaptive,0.1,20,masked_psnr,8,1,oral,2,primary_full_target_density1
-0.469935731835724,-0.1975376880983638,-0.7469782973889962,released,0.2,20,masked_psnr,8,1,oral,2,primary_full_target_density1
2.78424829379624,4.059039902642847,1.4190652047203094,adaptive,0.85,20,masked_psnr,8,1,torso_outside_head_roi,2,primary_full_target_density1
2.2372814723677257,3.351972125449404,0.9931162205898395,released,0.85,20,masked_psnr,8,1,torso_outside_head_roi,2,primary_full_target_density1
-0.8189159940150412,1.7082117804280128,-3.004461896719908,adaptive,0.4,20,masked_psnr,8,4,background,2,primary_full_target_density1
-0.8988044245410618,1.516526160555719,-2.8758053806044117,released,0.25,20,masked_psnr,8,4,background,2,primary_full_target_density1
-0.5596106828466165,-0.04291981389813072,-1.1177530565919043,adaptive,0.35,20,masked_psnr,8,4,eyes,2,primary_full_target_density1
-0.6626358699190019,-0.059887906992132374,-1.3622276452445174,released,0.5,20,masked_psnr,8,4,eyes,2,primary_full_target_density1
-1.8292042098173735,-1.2118667195240276,-2.5096695911128974,adaptive,0.15,20,masked_psnr,8,4,flame_supported,2,primary_full_target_density1
-1.7672350012984641,-1.2479757895496242,-2.366571673937633,released,0.0,20,masked_psnr,8,4,flame_supported,2,primary_full_target_density1
2.8766819839060322,3.597211844535568,2.1770347747378,adaptive,0.95,20,masked_psnr,8,4,flame_unsupported,2,primary_full_target_density1
2.742833313908741,3.4260541377263376,2.088611998948203,released,0.95,20,masked_psnr,8,4,flame_unsupported,2,primary_full_target_density1
1.891779194931696,2.5736080275084223,1.1284664146128909,adaptive,0.9,20,masked_psnr,8,4,foreground,2,primary_full_target_density1
1.7918805930417065,2.442869418797553,1.0645441838533953,released,0.9,20,masked_psnr,8,4,foreground,2,primary_full_target_density1
0.9727662079038014,1.8635335940585873,-0.07146316798859562,adaptive,0.8,20,masked_psnr,8,4,full_frame,2,primary_full_target_density1
0.8850081364554768,1.708816953615461,-0.04426379940664717,released,0.8,20,masked_psnr,8,4,full_frame,2,primary_full_target_density1
-0.24835584508873057,0.36026892233030405,-0.9085827714318584,adaptive,0.5,20,masked_psnr,8,4,head_foreground,2,primary_full_target_density1
-0.14269928386668704,0.42126251845022816,-0.7329732455554229,released,0.55,20,masked_psnr,8,4,head_foreground,2,primary_full_target_density1
-2.493722366065394,-1.902690356640444,-3.1839602600625696,adaptive,0.0,20,masked_psnr,8,4,head_supported,2,primary_full_target_density1
-2.426614466980297,-1.9048811854636363,-3.0624690266960313,released,0.0,20,masked_psnr,8,4,head_supported,2,primary_full_target_density1
1.3838044944224877,2.3838457364443455,0.5214276593367136,adaptive,0.8,20,masked_psnr,8,4,head_unsupported,2,primary_full_target_density1
1.481225130886564,2.2039530023004175,0.7850158135348358,released,0.85,20,masked_psnr,8,4,head_unsupported,2,primary_full_target_density1
-0.9601067980309999,-0.6564266799479256,-1.2467416030534593,adaptive,0.1,20,masked_psnr,8,4,oral,2,primary_full_target_density1
-0.7084000158729422,-0.35631103101538236,-1.0667764692271595,released,0.2,20,masked_psnr,8,4,oral,2,primary_full_target_density1
2.887785122011985,3.8580350831196895,1.8377680767638704,adaptive,0.9,20,masked_psnr,8,4,torso_outside_head_roi,2,primary_full_target_density1
2.7045815699853692,3.6081465435752413,1.7589712640784543,released,0.9,20,masked_psnr,8,4,torso_outside_head_roi,2,primary_full_target_density1
-0.9316656681595488,1.355623864640422,-2.95342495520499,adaptive,0.4,20,masked_psnr,8,8,background,2,primary_full_target_density1
-0.9759575461622314,1.29931957934744,-2.9471747347140993,released,0.25,20,masked_psnr,8,8,background,2,primary_full_target_density1
-0.43427173985960915,0.052737754145968,-1.0019116620513526,adaptive,0.4,20,masked_psnr,8,8,eyes,2,primary_full_target_density1
-0.4108261854961343,0.11300617394730685,-1.0122789270788155,released,0.45,20,masked_psnr,8,8,eyes,2,primary_full_target_density1
-2.036347046137217,-1.4205331997097341,-2.699194149829797,adaptive,0.15,20,masked_psnr,8,8,flame_supported,2,primary_full_target_density1
-1.798534573194355,-1.248100570802247,-2.416321404828315,released,0.05,20,masked_psnr,8,8,flame_supported,2,primary_full_target_density1
2.947055978874663,3.6847890001182066,2.2401925675134877,adaptive,0.95,20,masked_psnr,8,8,flame_unsupported,2,primary_full_target_density1
2.8259078272321974,3.5222833876639474,2.1548486138648477,released,0.95,20,masked_psnr,8,8,flame_unsupported,2,primary_full_target_density1
1.9153173781144806,2.6036139730970684,1.1314245273512193,adaptive,0.9,20,masked_psnr,8,8,foreground,2,primary_full_target_density1
1.8845339566668506,2.548073712637234,1.1536686757504346,released,0.9,20,masked_psnr,8,8,foreground,2,primary_full_target_density1
0.9883820981531706,1.8967824244658693,-0.06571866109386527,adaptive,0.8,20,masked_psnr,8,8,full_frame,2,primary_full_target_density1
0.9368612979726834,1.7794255038577762,-0.08228355873439076,released,0.8,20,masked_psnr,8,8,full_frame,2,primary_full_target_density1
-0.31840928063095575,0.26441983770453104,-0.9325280864844948,adaptive,0.5,20,masked_psnr,8,8,head_foreground,2,primary_full_target_density1
-0.1623201968722113,0.37438053498715806,-0.733092137811871,released,0.55,20,masked_psnr,8,8,head_foreground,2,primary_full_target_density1
-2.67738339305377,-2.1007971424482164,-3.3344064492533603,adaptive,0.0,20,masked_psnr,8,8,head_supported,2,primary_full_target_density1
-2.526509765099175,-2.0286908939832857,-3.0973529250825713,released,0.0,20,masked_psnr,8,8,head_supported,2,primary_full_target_density1
1.3176287332096062,2.255019223577341,0.49425645279606634,adaptive,0.85,20,masked_psnr,8,8,head_unsupported,2,primary_full_target_density1
1.4508794367266178,2.1848325179287222,0.7627592668823697,released,0.9,20,masked_psnr,8,8,head_unsupported,2,primary_full_target_density1
-0.8925989657664755,-0.5673973067863709,-1.2154910681190918,adaptive,0.2,20,masked_psnr,8,8,oral,2,primary_full_target_density1
-0.599284813685968,-0.3008597734638133,-0.9157592193996767,released,0.15,20,masked_psnr,8,8,oral,2,primary_full_target_density1
2.946554381643219,3.9466645340170987,1.9180639931641457,adaptive,0.9,20,masked_psnr,8,8,torso_outside_head_roi,2,primary_full_target_density1
2.8341495308827804,3.7929232141249627,1.8270469728744678,released,0.9,20,masked_psnr,8,8,torso_outside_head_roi,2,primary_full_target_density1
-3.1794116642846753,-1.8528104930863405,-4.550547741383038,adaptive,0.15,20,masked_psnr,32,1,background,2,primary_full_target_density1
-2.376497342228822,-0.45009157770891584,-4.26820535606948,released,0.25,20,masked_psnr,32,1,background,2,primary_full_target_density1
-0.2737871010832221,0.03723633347733163,-0.6181119182309041,adaptive,0.45,20,masked_psnr,32,1,eyes,2,primary_full_target_density1
-0.5495200297255327,-0.10850101757022007,-0.997149114046518,released,0.4,20,masked_psnr,32,1,eyes,2,primary_full_target_density1
-0.478412553903558,0.15645167452829062,-1.1359365202224674,adaptive,0.4,20,masked_psnr,32,1,flame_supported,2,primary_full_target_density1
-0.5551198964066184,0.11171000230876799,-1.2118371877220795,released,0.35,20,masked_psnr,32,1,flame_supported,2,primary_full_target_density1
5.717072485330177,6.853005611817062,4.479982216206765,adaptive,0.95,20,masked_psnr,32,1,flame_unsupported,2,primary_full_target_density1
5.473417313184489,6.615819149039175,4.247191548465283,released,0.95,20,masked_psnr,32,1,flame_unsupported,2,primary_full_target_density1
4.200653748515573,5.141606484256053,3.184026948195785,adaptive,0.9,20,masked_psnr,32,1,foreground,2,primary_full_target_density1
4.055228768162651,5.050235389975459,2.9817984923692507,released,0.9,20,masked_psnr,32,1,foreground,2,primary_full_target_density1
2.2278066998780717,3.1103613032603263,1.299948611274956,adaptive,0.8,20,masked_psnr,32,1,full_frame,2,primary_full_target_density1
2.3053252003523808,3.1893061922470034,1.335062311445065,released,0.85,20,masked_psnr,32,1,full_frame,2,primary_full_target_density1
1.7201631181609383,2.7595519341265926,0.753816244031418,adaptive,0.75,20,masked_psnr,32,1,head_foreground,2,primary_full_target_density1
1.4892773320739343,2.4969215305609187,0.5542422168562573,released,0.75,20,masked_psnr,32,1,head_foreground,2,primary_full_target_density1
-1.232985758435417,-0.7266912715808068,-1.8174520587066902,adaptive,0.05,20,masked_psnr,32,1,head_supported,2,primary_full_target_density1
-1.343255527260102,-0.8668628219584725,-1.820683508848739,released,0.1,20,masked_psnr,32,1,head_supported,2,primary_full_target_density1
4.4161763569460675,5.914960348556948,2.953406538538177,adaptive,0.9,20,masked_psnr,32,1,head_unsupported,2,primary_full_target_density1
4.0283830404894285,5.558755994628554,2.583241799671152,released,0.9,20,masked_psnr,32,1,head_unsupported,2,primary_full_target_density1
-0.6961706666530523,-0.39054277626183304,-0.9923773722110916,adaptive,0.1,20,masked_psnr,32,1,oral,2,primary_full_target_density1
-0.07893636021478194,0.21642157623991795,-0.3690445394273673,released,0.45,20,masked_psnr,32,1,oral,2,primary_full_target_density1
5.909895191619894,7.022549007339366,4.621548582515028,adaptive,0.95,20,masked_psnr,32,1,torso_outside_head_roi,2,primary_full_target_density1
5.767396177276148,7.028179292362481,4.365091144280831,released,0.95,20,masked_psnr,32,1,torso_outside_head_roi,2,primary_full_target_density1
-2.5750053812517293,-0.7334248997930661,-4.280127333466957,adaptive,0.25,20,masked_psnr,32,4,background,2,primary_full_target_density1
-2.0988753363094736,0.45535958911416363,-4.262571336506331,released,0.25,20,masked_psnr,32,4,background,2,primary_full_target_density1
-0.4647072912156247,-0.0760022414716606,-0.8835408151411641,adaptive,0.25,20,masked_psnr,32,4,eyes,2,primary_full_target_density1
-0.5541571956772682,-0.027327844225945544,-1.1355514202042956,released,0.4,20,masked_psnr,32,4,eyes,2,primary_full_target_density1
-0.6874973332200848,0.029513749090926175,-1.4084669715345963,adaptive,0.35,20,masked_psnr,32,4,flame_supported,2,primary_full_target_density1
-0.7264572648912422,0.02813496123105087,-1.4900966475897524,released,0.35,20,masked_psnr,32,4,flame_supported,2,primary_full_target_density1
5.760866891421303,6.727318908434797,4.705515044201678,adaptive,0.95,20,masked_psnr,32,4,flame_unsupported,2,primary_full_target_density1
5.516777343924001,6.497613166878665,4.467277084767001,released,0.95,20,masked_psnr,32,4,flame_unsupported,2,primary_full_target_density1
4.259956803055305,5.1399184074039335,3.3225739932620986,adaptive,0.9,20,masked_psnr,32,4,foreground,2,primary_full_target_density1
4.1014115703761345,5.030466437029502,3.0501022931314674,released,0.9,20,masked_psnr,32,4,foreground,2,primary_full_target_density1
2.400366377125213,3.2428062063769634,1.542850813104225,adaptive,0.85,20,masked_psnr,32,4,full_frame,2,primary_full_target_density1
2.3723541649390243,3.3130453041157857,1.3809623132039135,released,0.8,20,masked_psnr,32,4,full_frame,2,primary_full_target_density1
1.5998583429646434,2.5833137419790453,0.6380094788608996,adaptive,0.7,20,masked_psnr,32,4,head_foreground,2,primary_full_target_density1
1.4624054236452522,2.4368439764438325,0.5042066312492275,released,0.75,20,masked_psnr,32,4,head_foreground,2,primary_full_target_density1
-1.7006878772669858,-1.1408798047143471,-2.373225877914822,adaptive,0.0,20,masked_psnr,32,4,head_supported,2,primary_full_target_density1
-1.7896996158322938,-1.247912227269609,-2.3499275004865363,released,0.0,20,masked_psnr,32,4,head_supported,2,primary_full_target_density1
4.189670845509302,5.671187092330231,2.700865591947402,adaptive,0.85,20,masked_psnr,32,4,head_unsupported,2,primary_full_target_density1
4.005360519926054,5.425498931322901,2.6196290526245334,released,0.85,20,masked_psnr,32,4,head_unsupported,2,primary_full_target_density1
-0.9560263164826266,-0.6630619237076216,-1.2557300703266994,adaptive,0.05,20,masked_psnr,32,4,oral,2,primary_full_target_density1
-0.4196295461474392,-0.12564912000491696,-0.7129601220296811,released,0.2,20,masked_psnr,32,4,oral,2,primary_full_target_density1
6.033922624747245,6.876800030288841,5.138857448275696,adaptive,1.0,20,masked_psnr,32,4,torso_outside_head_roi,2,primary_full_target_density1
5.784381538934202,6.792915444588985,4.653953563109399,released,0.95,20,masked_psnr,32,4,torso_outside_head_roi,2,primary_full_target_density1
-2.5303273584699335,-0.6098347552505268,-4.288556528061554,adaptive,0.2,20,masked_psnr,32,8,background,2,primary_full_target_density1
-1.995039885534132,0.25975994404250324,-4.00578567433601,released,0.3,20,masked_psnr,32,8,background,2,primary_full_target_density1
-0.30111578001971234,0.08430605520265352,-0.7149174536058631,adaptive,0.35,20,masked_psnr,32,8,eyes,2,primary_full_target_density1
-0.39843238690442373,0.11821007584654838,-0.9509934924027267,released,0.45,20,masked_psnr,32,8,eyes,2,primary_full_target_density1
-0.6441554222060437,0.020621131840763512,-1.3354142553832964,adaptive,0.4,20,masked_psnr,32,8,flame_supported,2,primary_full_target_density1
-0.7854762316604574,-0.04067694350602126,-1.5150275639843658,released,0.3,20,masked_psnr,32,8,flame_supported,2,primary_full_target_density1
5.909652766428825,6.874914013950571,4.85623114438672,adaptive,1.0,20,masked_psnr,32,8,flame_unsupported,2,primary_full_target_density1
5.561688542370382,6.519860389604726,4.506935399124112,released,0.95,20,masked_psnr,32,8,flame_unsupported,2,primary_full_target_density1
4.44636367418903,5.340896920383061,3.47780389543529,adaptive,0.9,20,masked_psnr,32,8,foreground,2,primary_full_target_density1
4.192348776131154,5.110121559908988,3.153441018936389,released,0.9,20,masked_psnr,32,8,foreground,2,primary_full_target_density1
2.473750505355466,3.357905738062301,1.6098172519664309,adaptive,0.8,20,masked_psnr,32,8,full_frame,2,primary_full_target_density1
2.461767999716014,3.3441101670592803,1.4719101022787455,released,0.85,20,masked_psnr,32,8,full_frame,2,primary_full_target_density1
1.6697458969601495,2.606079554142738,0.7438833560438866,adaptive,0.75,20,masked_psnr,32,8,head_foreground,2,primary_full_target_density1
1.4444030568563295,2.4109595126527497,0.4931773235710828,released,0.75,20,masked_psnr,32,8,head_foreground,2,primary_full_target_density1
-1.6916484201247914,-1.1816802549313015,-2.2821144521015113,adaptive,0.0,20,masked_psnr,32,8,head_supported,2,primary_full_target_density1
-1.8651137529165083,-1.3159148132671994,-2.427402711070079,released,0.0,20,masked_psnr,32,8,head_supported,2,primary_full_target_density1
4.204956696609353,5.584248970796889,2.789910534210525,adaptive,0.95,20,masked_psnr,32,8,head_unsupported,2,primary_full_target_density1
3.936699828149689,5.327249968320885,2.565977562550885,released,0.9,20,masked_psnr,32,8,head_unsupported,2,primary_full_target_density1
-0.9381034716413259,-0.6202252957134212,-1.2498835619098199,adaptive,0.15,20,masked_psnr,32,8,oral,2,primary_full_target_density1
-0.4198185692345822,-0.14153942218602433,-0.6947984018988155,released,0.2,20,masked_psnr,32,8,oral,2,primary_full_target_density1
6.178871201191916,7.107242649844957,5.198784692624949,adaptive,1.0,20,masked_psnr,32,8,torso_outside_head_roi,2,primary_full_target_density1
5.816110031822204,6.845785331200439,4.7102138648525695,released,0.95,20,masked_psnr,32,8,torso_outside_head_roi,2,primary_full_target_density1
-2.0358993290814267,-1.2139390619864392,-2.94289814812562,adaptive,0.15,20,masked_psnr,128,1,background,2,primary_full_target_density1
-1.530560632645525,-0.39033072490174414,-2.6605185360873653,released,0.25,20,masked_psnr,128,1,background,2,primary_full_target_density1
-0.046175762222856596,0.3107955056893436,-0.3977988593965661,adaptive,0.5,20,masked_psnr,128,1,eyes,2,primary_full_target_density1
-0.12313353218412981,0.21335932905553517,-0.4563207887057252,released,0.45,20,masked_psnr,128,1,eyes,2,primary_full_target_density1
0.17839308021475428,0.6634313604854735,-0.28621204265315936,adaptive,0.5,20,masked_psnr,128,1,flame_supported,2,primary_full_target_density1
0.11506034216146058,0.7062345565556122,-0.4657328611548333,released,0.5,20,masked_psnr,128,1,flame_supported,2,primary_full_target_density1
5.69738170609105,7.075536728621682,4.333226376545779,adaptive,1.0,20,masked_psnr,128,1,flame_unsupported,2,primary_full_target_density1
6.246459897921044,7.586425061603592,4.9054719830836095,released,1.0,20,masked_psnr,128,1,flame_unsupported,2,primary_full_target_density1
4.352472256174224,5.373204260686746,3.249983947543165,adaptive,0.9,20,masked_psnr,128,1,foreground,2,primary_full_target_density1
4.734450484619624,5.814590503779338,3.6151811685872373,released,0.95,20,masked_psnr,128,1,foreground,2,primary_full_target_density1
2.85102163928358,3.5344435779562025,2.121096442709085,adaptive,0.95,20,masked_psnr,128,1,full_frame,2,primary_full_target_density1
3.1229345761748943,3.932258604809477,2.30193739819717,released,0.95,20,masked_psnr,128,1,full_frame,2,primary_full_target_density1
1.983133718917642,2.8304029305742713,1.1473897211191213,adaptive,0.75,20,masked_psnr,128,1,head_foreground,2,primary_full_target_density1
2.0882307499166486,2.9287244627173745,1.2808950106779897,released,0.8,20,masked_psnr,128,1,head_foreground,2,primary_full_target_density1
-0.650734757686463,-0.33507654920592084,-0.988885460093709,adaptive,0.1,20,masked_psnr,128,1,head_supported,2,primary_full_target_density1
-0.6941242847337893,-0.32906684893760224,-1.1162986846816791,released,0.2,20,masked_psnr,128,1,head_supported,2,primary_full_target_density1
4.3534192016184825,5.864882703253278,2.8546566503813167,adaptive,0.9,20,masked_psnr,128,1,head_unsupported,2,primary_full_target_density1
4.659053043793438,6.10543534692533,3.2750920414466185,released,0.95,20,masked_psnr,128,1,head_unsupported,2,primary_full_target_density1
-0.785049090228639,-0.4668431788697886,-1.1237003203698774,adaptive,0.2,20,masked_psnr,128,1,oral,2,primary_full_target_density1
-0.30266926980526615,0.014055310669196412,-0.6435776695129254,released,0.4,20,masked_psnr,128,1,oral,2,primary_full_target_density1
6.0316778272509035,7.460920702862905,4.566307640483406,adaptive,0.95,20,masked_psnr,128,1,torso_outside_head_roi,2,primary_full_target_density1
6.567323675260819,7.931611751509322,5.16271510148495,released,1.0,20,masked_psnr,128,1,torso_outside_head_roi,2,primary_full_target_density1
-2.2527639726549684,-1.1257567544973597,-3.378497675520886,adaptive,0.15,20,masked_psnr,128,4,background,2,primary_full_target_density1
-1.7996413808811318,0.021605770058636443,-3.495577632150476,released,0.25,20,masked_psnr,128,4,background,2,primary_full_target_density1
-0.12914540903173766,0.2285888145073146,-0.4901695467161133,adaptive,0.5,20,masked_psnr,128,4,eyes,2,primary_full_target_density1
0.06366302402834947,0.36526496079870047,-0.25360074919841696,released,0.55,20,masked_psnr,128,4,eyes,2,primary_full_target_density1
0.0805886237825952,0.5573566618545767,-0.39239090537147564,adaptive,0.4,20,masked_psnr,128,4,flame_supported,2,primary_full_target_density1
0.029435791913591736,0.6163298611127493,-0.542204226374849,released,0.45,20,masked_psnr,128,4,flame_supported,2,primary_full_target_density1
5.620342624586458,7.011837878331837,4.214717798527362,adaptive,1.0,20,masked_psnr,128,4,flame_unsupported,2,primary_full_target_density1
6.266111718284252,7.531074046705119,4.91883454356106,released,1.0,20,masked_psnr,128,4,flame_unsupported,2,primary_full_target_density1
4.331077177827554,5.373974160752516,3.240255967016975,adaptive,0.95,20,masked_psnr,128,4,foreground,2,primary_full_target_density1
4.819401655931506,5.860516532059175,3.723460229439542,released,1.0,20,masked_psnr,128,4,foreground,2,primary_full_target_density1
2.664884896735778,3.348897773636792,1.9476996227008168,adaptive,0.95,20,masked_psnr,128,4,full_frame,2,primary_full_target_density1
2.9936736562468815,3.721006781452346,2.280709739300265,released,1.0,20,masked_psnr,128,4,full_frame,2,primary_full_target_density1
1.990631660213817,2.777581469520459,1.196150963292243,adaptive,0.8,20,masked_psnr,128,4,head_foreground,2,primary_full_target_density1
2.140870220551886,2.9283617510607765,1.3727192699113138,released,0.85,20,masked_psnr,128,4,head_foreground,2,primary_full_target_density1
-0.9622153032470798,-0.6319285501021232,-1.371353803498044,adaptive,0.05,20,masked_psnr,128,4,head_supported,2,primary_full_target_density1
-1.0160064550291252,-0.5482272868406879,-1.5254175364438738,released,0.15,20,masked_psnr,128,4,head_supported,2,primary_full_target_density1
4.3138932389565845,5.636091891393512,2.975407116783351,adaptive,0.95,20,masked_psnr,128,4,head_unsupported,2,primary_full_target_density1
4.633665679955854,5.981004735857192,3.3770844770199955,released,1.0,20,masked_psnr,128,4,head_unsupported,2,primary_full_target_density1
-1.0268902299564895,-0.6561465862281431,-1.4056687216666588,adaptive,0.1,20,masked_psnr,128,4,oral,2,primary_full_target_density1
-0.522535120432031,-0.2676674087479897,-0.7910102092986633,released,0.1,20,masked_psnr,128,4,oral,2,primary_full_target_density1
5.91474522509519,7.406127832422872,4.434939218242715,adaptive,1.0,20,masked_psnr,128,4,torso_outside_head_roi,2,primary_full_target_density1
6.640447527426126,7.9524556269529985,5.2098314572865645,released,1.0,20,masked_psnr,128,4,torso_outside_head_roi,2,primary_full_target_density1
-2.044896656678019,-0.7019916771044504,-3.3151523381029637,adaptive,0.15,20,masked_psnr,128,8,background,2,primary_full_target_density1
-1.8635767087585247,0.14484852189844455,-3.6977850758804403,released,0.2,20,masked_psnr,128,8,background,2,primary_full_target_density1
0.07853051957081636,0.44555154623003607,-0.29675678104030856,adaptive,0.65,20,masked_psnr,128,8,eyes,2,primary_full_target_density1
0.2138530087544744,0.5173547423945007,-0.11035990717485583,released,0.6,20,masked_psnr,128,8,eyes,2,primary_full_target_density1
0.05535309367199215,0.5422816288727847,-0.4298504366557932,adaptive,0.45,20,masked_psnr,128,8,flame_supported,2,primary_full_target_density1
0.015794315541266358,0.596248820037113,-0.555078202437806,released,0.45,20,masked_psnr,128,8,flame_supported,2,primary_full_target_density1
5.762965622276913,7.12400817841554,4.385587952607274,adaptive,1.0,20,masked_psnr,128,8,flame_unsupported,2,primary_full_target_density1
6.42105008755248,7.6725273668621945,5.076216375541927,released,1.0,20,masked_psnr,128,8,flame_unsupported,2,primary_full_target_density1
4.479402425257852,5.549361418129218,3.4228083485893,adaptive,0.95,20,masked_psnr,128,8,foreground,2,primary_full_target_density1
4.967545642765226,5.965035363086056,3.8911027401454357,released,1.0,20,masked_psnr,128,8,foreground,2,primary_full_target_density1
2.7615855708644634,3.444850829165247,2.0359684502191264,adaptive,0.95,20,masked_psnr,128,8,full_frame,2,primary_full_target_density1
3.0203532170979215,3.7525578937592567,2.2918890190983983,released,1.0,20,masked_psnr,128,8,full_frame,2,primary_full_target_density1
2.041180791392346,2.8302057527488467,1.2698103839138928,adaptive,0.85,20,masked_psnr,128,8,head_foreground,2,primary_full_target_density1
2.2021201096435816,2.9584303657053663,1.4768544307297702,released,0.9,20,masked_psnr,128,8,head_foreground,2,primary_full_target_density1
-1.0187792819346042,-0.6319801014133957,-1.4765063568094108,adaptive,0.05,20,masked_psnr,128,8,head_supported,2,primary_full_target_density1
-1.0491920921435514,-0.6027589315953191,-1.5638706753517997,released,0.15,20,masked_psnr,128,8,head_supported,2,primary_full_target_density1
4.421575596183418,5.741964437331196,3.1210116186763224,adaptive,0.95,20,masked_psnr,128,8,head_unsupported,2,primary_full_target_density1
4.817473260784903,6.092543090522425,3.598217670242034,released,1.0,20,masked_psnr,128,8,head_unsupported,2,primary_full_target_density1
-0.9664805205777688,-0.5766460525133105,-1.3704298469712326,adaptive,0.2,20,masked_psnr,128,8,oral,2,primary_full_target_density1
-0.5062391612756267,-0.27279677061139296,-0.7609662130835128,released,0.15,20,masked_psnr,128,8,oral,2,primary_full_target_density1
6.035755656910543,7.5017428749791994,4.554497603937121,adaptive,1.0,20,masked_psnr,128,8,torso_outside_head_roi,2,primary_full_target_density1
6.748707975495212,8.108330131090705,5.303389694421989,released,1.0,20,masked_psnr,128,8,torso_outside_head_roi,2,primary_full_target_density1
-1.8568197924759082,-0.14539198342938875,-3.253453436557313,adaptive,0.1,20,masked_psnr,384,1,background,2,primary_full_target_density1
-2.147691769836155,-1.0625419180755353,-3.402514888401647,released,0.15,20,masked_psnr,384,1,background,2,primary_full_target_density1
0.07160809856019305,0.41041827529985436,-0.2815524011883987,adaptive,0.6,20,masked_psnr,384,1,eyes,2,primary_full_target_density1
-0.13385547147702095,0.3118417408602752,-0.6093415927075219,released,0.45,20,masked_psnr,384,1,eyes,2,primary_full_target_density1
-0.0511901630166105,0.49310597312471766,-0.573604091706948,adaptive,0.5,20,masked_psnr,384,1,flame_supported,2,primary_full_target_density1
0.22543722903052066,0.7962473960746501,-0.35344561018612164,released,0.5,20,masked_psnr,384,1,flame_supported,2,primary_full_target_density1
6.050327909422898,7.219033652861988,4.81795045636484,adaptive,1.0,20,masked_psnr,384,1,flame_unsupported,2,primary_full_target_density1
6.920265816113412,8.187970131754103,5.589071583099952,released,1.0,20,masked_psnr,384,1,flame_unsupported,2,primary_full_target_density1
4.555793910908457,5.52364833881462,3.493983464799515,adaptive,0.95,20,masked_psnr,384,1,foreground,2,primary_full_target_density1
5.181070956470771,6.197391510897487,4.108542903985201,released,0.95,20,masked_psnr,384,1,foreground,2,primary_full_target_density1
2.8859338276764417,3.6161854527278123,2.081615453894905,adaptive,0.95,20,masked_psnr,384,1,full_frame,2,primary_full_target_density1
3.371677135040609,4.090142227007666,2.6090190674721576,released,1.0,20,masked_psnr,384,1,full_frame,2,primary_full_target_density1
1.7997156621226296,2.6248979983099203,0.9835125565136563,adaptive,0.75,20,masked_psnr,384,1,head_foreground,2,primary_full_target_density1
2.2354580189267055,3.0295442184303822,1.510104971060526,released,0.95,20,masked_psnr,384,1,head_foreground,2,primary_full_target_density1
-0.8772577478495005,-0.508992108778211,-1.2150481027467526,adaptive,0.1,20,masked_psnr,384,1,head_supported,2,primary_full_target_density1
-0.6471242396436764,-0.3069038878734725,-1.0313863937719712,released,0.35,20,masked_psnr,384,1,head_supported,2,primary_full_target_density1
4.169706043451413,5.672551272208795,2.747610997909971,adaptive,0.9,20,masked_psnr,384,1,head_unsupported,2,primary_full_target_density1
4.882680961479599,6.285768692255172,3.567656922157214,released,1.0,20,masked_psnr,384,1,head_unsupported,2,primary_full_target_density1
-0.7663818984799473,-0.42390211323287136,-1.1161852559369954,adaptive,0.15,20,masked_psnr,384,1,oral,2,primary_full_target_density1
-0.7210903338219321,-0.39010196149218584,-1.0577977246322785,released,0.2,20,masked_psnr,384,1,oral,2,primary_full_target_density1
6.576347020256667,7.8952071126226135,5.190618780377473,adaptive,1.0,20,masked_psnr,384,1,torso_outside_head_roi,2,primary_full_target_density1
7.394604931053107,8.771182482917807,5.910492528830749,released,0.95,20,masked_psnr,384,1,torso_outside_head_roi,2,primary_full_target_density1
-1.8448970070514712,0.14430557252746673,-3.26253905754262,adaptive,0.05,20,masked_psnr,384,4,background,2,primary_full_target_density1
-2.492778419474495,-1.4431685032325712,-3.7012326128805477,released,0.1,20,masked_psnr,384,4,background,2,primary_full_target_density1
-0.05209974416870189,0.28805942702902343,-0.3803862449085793,adaptive,0.55,20,masked_psnr,384,4,eyes,2,primary_full_target_density1
0.013224928015662663,0.47827880331730493,-0.4744486805827637,released,0.5,20,masked_psnr,384,4,eyes,2,primary_full_target_density1
-0.3419247427059364,0.15532143801037354,-0.8384024459847179,adaptive,0.4,20,masked_psnr,384,4,flame_supported,2,primary_full_target_density1
0.08025590038876267,0.6937278893116956,-0.5274944546733543,released,0.5,20,masked_psnr,384,4,flame_supported,2,primary_full_target_density1
6.054466779357439,7.157239366713122,4.888882773485664,adaptive,1.0,20,masked_psnr,384,4,flame_unsupported,2,primary_full_target_density1
6.850921519963417,8.064218957079442,5.597911319422217,released,1.0,20,masked_psnr,384,4,flame_unsupported,2,primary_full_target_density1
4.573358160853523,5.463718042385307,3.621042718983128,adaptive,0.95,20,masked_psnr,384,4,foreground,2,primary_full_target_density1
5.220434597703884,6.195954548657445,4.15704451653469,released,1.0,20,masked_psnr,384,4,foreground,2,primary_full_target_density1
2.854148224240572,3.5389480087104466,2.11331757845383,adaptive,0.9,20,masked_psnr,384,4,full_frame,2,primary_full_target_density1
3.3099749754200722,4.04912951248963,2.5596688992241834,released,1.0,20,masked_psnr,384,4,full_frame,2,primary_full_target_density1
1.7376366434437327,2.491260595721542,0.9932869738618485,adaptive,0.85,20,masked_psnr,384,4,head_foreground,2,primary_full_target_density1
2.372370261504643,3.1485485500663706,1.597505002088276,released,0.85,20,masked_psnr,384,4,head_foreground,2,primary_full_target_density1
-1.4220704644053823,-1.0989453164121428,-1.7669842638674402,adaptive,0.0,20,masked_psnr,384,4,head_supported,2,primary_full_target_density1
-0.9581379445618508,-0.5720403940319781,-1.3553497366295626,released,0.1,20,masked_psnr,384,4,head_supported,2,primary_full_target_density1
4.27326759388138,5.680986869255966,2.9471827571019817,adaptive,0.9,20,masked_psnr,384,4,head_unsupported,2,primary_full_target_density1
5.02270311872889,6.315877046745223,3.8148717377531263,released,1.0,20,masked_psnr,384,4,head_unsupported,2,primary_full_target_density1
-0.911602392581283,-0.5956882478882518,-1.2397708486496652,adaptive,0.1,20,masked_psnr,384,4,oral,2,primary_full_target_density1
-0.8345474457693454,-0.5145624300921294,-1.143986288054361,released,0.15,20,masked_psnr,384,4,oral,2,primary_full_target_density1
6.538364848477409,7.74727591275854,5.221853684181506,adaptive,1.0,20,masked_psnr,384,4,torso_outside_head_roi,2,primary_full_target_density1
7.133253550762342,8.503793327387067,5.699869273141965,released,1.0,20,masked_psnr,384,4,torso_outside_head_roi,2,primary_full_target_density1
-1.9518974898424581,-0.351151270028467,-3.155804580400522,adaptive,0.05,20,masked_psnr,384,8,background,2,primary_full_target_density1
-2.55038658904897,-1.4925952204329838,-3.722832258977355,released,0.1,20,masked_psnr,384,8,background,2,primary_full_target_density1
0.08335072934209134,0.45082417802421787,-0.27251702261645977,adaptive,0.6,20,masked_psnr,384,8,eyes,2,primary_full_target_density1
0.04635566573133261,0.5080236997030564,-0.46324730865872776,released,0.55,20,masked_psnr,384,8,eyes,2,primary_full_target_density1
-0.34879402479880034,0.1895315242214057,-0.86562551985899,adaptive,0.45,20,masked_psnr,384,8,flame_supported,2,primary_full_target_density1
0.03695907619075154,0.6747308155274434,-0.5943408248630787,released,0.45,20,masked_psnr,384,8,flame_supported,2,primary_full_target_density1
6.124369201892964,7.231460091961994,4.988890919605372,adaptive,1.0,20,masked_psnr,384,8,flame_unsupported,2,primary_full_target_density1
6.986346057499387,8.163118873385482,5.790539954185244,released,1.0,20,masked_psnr,384,8,flame_unsupported,2,primary_full_target_density1
4.66687513234422,5.580505221904986,3.702210561527662,adaptive,1.0,20,masked_psnr,384,8,foreground,2,primary_full_target_density1
5.339816884202639,6.329380650515943,4.274361152243039,released,1.0,20,masked_psnr,384,8,foreground,2,primary_full_target_density1
2.9025440322592275,3.6076405513887817,2.1498607540926304,adaptive,0.9,20,masked_psnr,384,8,full_frame,2,primary_full_target_density1
3.3104518895904436,4.048037118667506,2.5491025348332275,released,1.0,20,masked_psnr,384,8,full_frame,2,primary_full_target_density1
1.709162616728119,2.4501560877728603,0.9639834672601677,adaptive,0.85,20,masked_psnr,384,8,head_foreground,2,primary_full_target_density1
2.3301343899627955,3.108197085627811,1.5725525317216291,released,0.85,20,masked_psnr,384,8,head_foreground,2,primary_full_target_density1
-1.4383920733847009,-1.069786682198347,-1.8265108735833158,adaptive,0.0,20,masked_psnr,384,8,head_supported,2,primary_full_target_density1
-1.0229984545087072,-0.6066946397598187,-1.4590566940197525,released,0.05,20,masked_psnr,384,8,head_supported,2,primary_full_target_density1
4.216216621600788,5.616703736686517,2.911232115130025,adaptive,0.95,20,masked_psnr,384,8,head_unsupported,2,primary_full_target_density1
5.044148983172894,6.272149393938244,3.8716769621536815,released,1.0,20,masked_psnr,384,8,head_unsupported,2,primary_full_target_density1
-0.8700679129705765,-0.527534710773368,-1.209156977830122,adaptive,0.2,20,masked_psnr,384,8,oral,2,primary_full_target_density1
-0.8669833846635306,-0.5684903632651899,-1.1503869055736236,released,0.15,20,masked_psnr,384,8,oral,2,primary_full_target_density1
6.598645051570524,7.802789681919002,5.295362825385414,adaptive,1.0,20,masked_psnr,384,8,torso_outside_head_roi,2,primary_full_target_density1
7.245029116425698,8.628957545037789,5.813633514952868,released,1.0,20,masked_psnr,384,8,torso_outside_head_roi,2,primary_full_target_density1
-0.012370863056522154,0.00046552457899363465,-0.028498342430518797,adaptive,0.45,20,masked_mae,8,1,background,0,full_target_density2
-0.01225768979356089,-0.0018212170907762404,-0.023693201070000235,released,0.45,20,masked_mae,8,1,background,0,full_target_density2
0.00010223236628401598,0.003817200826106636,-0.003787353634572239,adaptive,0.45,20,masked_mae,8,1,eyes,0,full_target_density2
-0.0024070516719499513,0.001863400703339448,-0.007271430636353271,released,0.45,20,masked_mae,8,1,eyes,0,full_target_density2
-0.022269467202727124,-0.015518248526410462,-0.029670107375895788,adaptive,0.05,20,masked_mae,8,1,flame_supported,0,full_target_density2
-0.019975143899512243,-0.013334157616482264,-0.027083846536065513,released,0.05,20,masked_mae,8,1,flame_supported,0,full_target_density2
0.20961818530450776,0.27437645834937263,0.1411790776687411,adaptive,0.95,20,masked_mae,8,1,flame_unsupported,0,full_target_density2
0.21452331832371385,0.2743061197021077,0.15671500236347188,released,0.95,20,masked_mae,8,1,flame_unsupported,0,full_target_density2
0.04631597998014625,0.06801176988480383,0.023011506568062973,adaptive,0.85,20,masked_mae,8,1,foreground,0,full_target_density2
0.04987691562940809,0.0698876982936576,0.029439849506687724,released,0.85,20,masked_mae,8,1,foreground,0,full_target_density2
0.01981218103722577,0.037668847160421924,0.0016994416700813245,adaptive,0.75,20,masked_mae,8,1,full_frame,0,full_target_density2
0.02203638440086729,0.03752735247150128,0.006437766734526788,released,0.7,20,masked_mae,8,1,full_frame,0,full_target_density2
-0.008772879491961613,-0.0016583546732342773,-0.01595918786831323,adaptive,0.4,20,masked_mae,8,1,head_foreground,0,full_target_density2
-0.010136309044649332,-0.0037858006194547247,-0.016651316603887203,released,0.3,20,masked_mae,8,1,head_foreground,0,full_target_density2
-0.02038080235157927,-0.015245673285590108,-0.02584000727520934,adaptive,0.05,20,masked_mae,8,1,head_supported,0,full_target_density2
-0.019704759920774872,-0.01445127153299546,-0.025269746316406858,released,0.0,20,masked_mae,8,1,head_supported,0,full_target_density2
0.07939573575871692,0.1179435859405953,0.04172290139959081,adaptive,0.8,20,masked_mae,8,1,head_unsupported,0,full_target_density2
0.06332756268192073,0.09089591319588407,0.0354935244694789,released,0.8,20,masked_mae,8,1,head_unsupported,0,full_target_density2
-0.00384249900064976,-0.0008846708948118247,-0.007002755696607967,adaptive,0.35,20,masked_mae,8,1,oral,0,full_target_density2
-0.0030590049159927076,-0.0005511012733921364,-0.006059693263911844,released,0.3,20,masked_mae,8,1,oral,0,full_target_density2
0.1726437572812084,0.2356705886176342,0.10535031919107528,adaptive,0.85,20,masked_mae,8,1,torso_outside_head_roi,0,full_target_density2
0.183956225842984,0.24325590537028755,0.12557409742713957,released,0.9,20,masked_mae,8,1,torso_outside_head_roi,0,full_target_density2
-0.011719012816802191,0.0013070694848979281,-0.026695792222459797,adaptive,0.55,20,masked_mae,8,4,background,0,full_target_density2
-0.012167247487664871,-0.00022962718380491312,-0.026947753097123488,released,0.5,20,masked_mae,8,4,background,0,full_target_density2
-0.0005967394386364733,0.003209247087833772,-0.004736218945798499,adaptive,0.55,20,masked_mae,8,4,eyes,0,full_target_density2
-0.00591567711283668,-0.0006949974857086549,-0.011451473339203993,released,0.4,20,masked_mae,8,4,eyes,0,full_target_density2
-0.019574470155668322,-0.013790901004022046,-0.02657643704011454,adaptive,0.05,20,masked_mae,8,4,flame_supported,0,full_target_density2
-0.01763228136032379,-0.012862393467172715,-0.0226717051937701,released,0.0,20,masked_mae,8,4,flame_supported,0,full_target_density2
0.23035294516225213,0.28250485516245394,0.17937243621987628,adaptive,0.95,20,masked_mae,8,4,flame_unsupported,0,full_target_density2
0.22616187167609883,0.27777558631533594,0.17757229663951632,released,1.0,20,masked_mae,8,4,flame_unsupported,0,full_target_density2
0.05391549950921202,0.07058357221258203,0.036092659409906525,adaptive,0.95,20,masked_mae,8,4,foreground,0,full_target_density2
0.055329992814460036,0.07314815506926738,0.03819351448086702,released,0.95,20,masked_mae,8,4,foreground,0,full_target_density2
0.02488802609036448,0.039734791619061766,0.00862984060255949,adaptive,0.8,20,masked_mae,8,4,full_frame,0,full_target_density2
0.025433683970086173,0.040242468187631636,0.009849164004825032,released,0.75,20,masked_mae,8,4,full_frame,0,full_target_density2
-0.009149601428798304,-0.0027318746292462563,-0.01572716219528845,adaptive,0.3,20,masked_mae,8,4,head_foreground,0,full_target_density2
-0.006726483221704124,-2.247852554762007e-05,-0.012961189412388325,released,0.35,20,masked_mae,8,4,head_foreground,0,full_target_density2
-0.019394254877342865,-0.014638761146196609,-0.02430560056046093,adaptive,0.0,20,masked_mae,8,4,head_supported,0,full_target_density2
-0.018118758244432147,-0.013878021833152081,-0.02242308012330424,released,0.0,20,masked_mae,8,4,head_supported,0,full_target_density2
0.06550011512959127,0.09587197877452733,0.0342583828967019,adaptive,0.75,20,masked_mae,8,4,head_unsupported,0,full_target_density2
0.07320702849044762,0.10434995066667815,0.04283750576429202,released,0.8,20,masked_mae,8,4,head_unsupported,0,full_target_density2
-0.0035610177196224307,-0.0012714771377731195,-0.006167480806763887,adaptive,0.25,20,masked_mae,8,4,oral,0,full_target_density2
-0.003819527468724452,-0.001438414053073071,-0.006527110106432366,released,0.25,20,masked_mae,8,4,oral,0,full_target_density2
0.20203348730383291,0.25343581960890604,0.14863368290336826,adaptive,0.95,20,masked_mae,8,4,torso_outside_head_roi,0,full_target_density2
0.19329377154122993,0.24290133141418851,0.14477699253022533,released,0.95,20,masked_mae,8,4,torso_outside_head_roi,0,full_target_density2
-0.011389082313545042,0.0011154039838291024,-0.0259417957892372,adaptive,0.5,20,masked_mae,8,8,background,0,full_target_density2
-0.012160608670866463,-0.00020176633415736563,-0.026236510023523653,released,0.5,20,masked_mae,8,8,background,0,full_target_density2
0.00016525393852303145,0.004241468883580852,-0.004216625428764656,adaptive,0.6,20,masked_mae,8,8,eyes,0,full_target_density2
-0.003788203976253914,0.000951514033720537,-0.009117643060100792,released,0.4,20,masked_mae,8,8,eyes,0,full_target_density2
-0.020545341078789768,-0.014750410474628115,-0.027132492618424677,adaptive,0.05,20,masked_mae,8,8,flame_supported,0,full_target_density2
-0.016424220451776248,-0.01168470754814686,-0.021211385326070722,released,0.1,20,masked_mae,8,8,flame_supported,0,full_target_density2
0.22936406120877084,0.28072330043464677,0.1809000418244169,adaptive,1.0,20,masked_mae,8,8,flame_unsupported,0,full_target_density2
0.23919110878938174,0.2907355971442027,0.19086521657998257,released,1.0,20,masked_mae,8,8,flame_unsupported,0,full_target_density2
0.05396723680389674,0.071312269625608,0.036710928303178084,adaptive,0.95,20,masked_mae,8,8,foreground,0,full_target_density2
0.06079340093191058,0.0788589354769501,0.04359265873082904,released,0.95,20,masked_mae,8,8,foreground,0,full_target_density2
0.024655434811786142,0.0399241262184077,0.008681945802071404,adaptive,0.8,20,masked_mae,8,8,full_frame,0,full_target_density2
0.028033133631660823,0.04308825936152305,0.01263692307265806,released,0.75,20,masked_mae,8,8,full_frame,0,full_target_density2
-0.010088556174918231,-0.0033519121516434715,-0.016372758171025292,adaptive,0.25,20,masked_mae,8,8,head_foreground,0,full_target_density2
-0.005731234889171134,0.0006628264570248545,-0.01175516243564247,released,0.4,20,masked_mae,8,8,head_foreground,0,full_target_density2
-0.019858742917241136,-0.015166442597133088,-0.02440368292470684,adaptive,0.0,20,masked_mae,8,8,head_supported,0,full_target_density2
-0.017512608071552558,-0.0132826870279868,-0.02183607297189956,released,0.0,20,masked_mae,8,8,head_supported,0,full_target_density2
0.06037537391351254,0.09276473073120425,0.028490566407006958,adaptive,0.75,20,masked_mae,8,8,head_unsupported,0,full_target_density2
0.07920321994155996,0.1095104974730433,0.05033507918573673,released,0.9,20,masked_mae,8,8,head_unsupported,0,full_target_density2
-0.0035546767545766795,-0.001001198433509749,-0.0065173570807419735,adaptive,0.3,20,masked_mae,8,8,oral,0,full_target_density2
-0.0030099426311844006,-0.0006268328615883836,-0.005847231897678476,released,0.4,20,masked_mae,8,8,oral,0,full_target_density2
0.20090987006637534,0.2518709632182072,0.14954943335294293,adaptive,0.95,20,masked_mae,8,8,torso_outside_head_roi,0,full_target_density2
0.20716448051956737,0.2556379773920596,0.15820321190411515,released,1.0,20,masked_mae,8,8,torso_outside_head_roi,0,full_target_density2
-0.01354152323420508,-0.006782050573988861,-0.021963369880954417,adaptive,0.2,20,masked_mae,384,1,background,0,full_target_density2
-0.013706025567768357,-0.00493838967839118,-0.026575715020700233,released,0.25,20,masked_mae,384,1,background,0,full_target_density2
0.001094485277217433,0.0037173694184104004,-0.0014298760521930462,adaptive,0.55,20,masked_mae,384,1,eyes,0,full_target_density2
-0.00258375173191976,0.0004188610849530802,-0.00567787785830884,released,0.25,20,masked_mae,384,1,eyes,0,full_target_density2
-0.0022601283010005627,0.0023229108546222585,-0.007312388851147656,adaptive,0.5,20,masked_mae,384,1,flame_supported,0,full_target_density2
-0.0028398900481815563,0.0014625032049954399,-0.007390343895029535,released,0.45,20,masked_mae,384,1,flame_supported,0,full_target_density2
0.35959859768050706,0.42943254000872777,0.28633148596649194,adaptive,1.0,20,masked_mae,384,1,flame_unsupported,0,full_target_density2
0.36226383122080097,0.42991718702298676,0.29164538211299484,released,1.0,20,masked_mae,384,1,flame_unsupported,0,full_target_density2
0.10638917257867656,0.1300981938652267,0.08223657714827845,adaptive,1.0,20,masked_mae,384,1,foreground,0,full_target_density2
0.10607211991817785,0.12927754011964765,0.08125234797368096,released,1.0,20,masked_mae,384,1,foreground,0,full_target_density2
0.05306483738092117,0.06737111790936232,0.038567061618099474,adaptive,0.95,20,masked_mae,384,1,full_frame,0,full_target_density2
0.052751131310607456,0.06753234823609328,0.03860056033511182,released,0.95,20,masked_mae,384,1,full_frame,0,full_target_density2
0.01994427443460823,0.03016320543712119,0.010215090141772432,adaptive,0.75,20,masked_mae,384,1,head_foreground,0,full_target_density2
0.021103548048696436,0.030742811404751928,0.01207765296137232,released,0.85,20,masked_mae,384,1,head_foreground,0,full_target_density2
-0.004429650503525613,-0.0013796731322254026,-0.007673245040499745,adaptive,0.2,20,masked_mae,384,1,head_supported,0,full_target_density2
-0.004868825252323831,-0.002057512319100045,-0.007880745387739386,released,0.25,20,masked_mae,384,1,head_supported,0,full_target_density2
0.1976473262172491,0.2626209356394903,0.13431834793170802,adaptive,0.9,20,masked_mae,384,1,head_unsupported,0,full_target_density2
0.21123699141906166,0.2712516559710533,0.1558507078548538,released,1.0,20,masked_mae,384,1,head_unsupported,0,full_target_density2
-0.0034921684021283874,-0.0009874038948770236,-0.0060435355510995055,adaptive,0.3,20,masked_mae,384,1,oral,0,full_target_density2
-0.0035226013922246627,-0.0008441305907634149,-0.006463867008993182,released,0.4,20,masked_mae,384,1,oral,0,full_target_density2
0.3154087667170223,0.3731874276168001,0.2529589294146495,adaptive,1.0,20,masked_mae,384,1,torso_outside_head_roi,0,full_target_density2
0.31153808641452285,0.36929932109510666,0.2479592998822305,released,1.0,20,masked_mae,384,1,torso_outside_head_roi,0,full_target_density2
-0.01565332031443794,-0.009116148526923714,-0.022683021814369174,adaptive,0.2,20,masked_mae,384,4,background,0,full_target_density2
-0.017059398751585634,-0.009741543272605561,-0.026152356221189704,released,0.15,20,masked_mae,384,4,background,0,full_target_density2
0.00012914208410922285,0.003212697415271344,-0.0027107945768191847,adaptive,0.5,20,masked_mae,384,4,eyes,0,full_target_density2
-0.003055184107642409,0.0009888412205929478,-0.007057507094942852,released,0.3,20,masked_mae,384,4,eyes,0,full_target_density2
-0.0040950277306772125,4.672999680884011e-06,-0.008541848336538437,adaptive,0.4,20,masked_mae,384,4,flame_supported,0,full_target_density2
-0.0033101838492929,0.0005878942233889032,-0.007510948667093028,released,0.4,20,masked_mae,384,4,flame_supported,0,full_target_density2
0.3696374053612865,0.43723447574751745,0.3022826546111633,adaptive,1.0,20,masked_mae,384,4,flame_unsupported,0,full_target_density2
0.3733445445283017,0.43857573761924784,0.3040146854543159,released,1.0,20,masked_mae,384,4,flame_unsupported,0,full_target_density2
0.10693547475198892,0.1293914712925633,0.084530235731648,adaptive,1.0,20,masked_mae,384,4,foreground,0,full_target_density2
0.10793060966709342,0.13014840849593545,0.08550926750864542,released,1.0,20,masked_mae,384,4,foreground,0,full_target_density2
0.05307220662264127,0.06731174480775501,0.039396988428903344,adaptive,1.0,20,masked_mae,384,4,full_frame,0,full_target_density2
0.0529879139638801,0.06713091832300848,0.0391466515730892,released,1.0,20,masked_mae,384,4,full_frame,0,full_target_density2
0.019897136575054125,0.03009616251775742,0.010399889026348011,adaptive,0.75,20,masked_mae,384,4,head_foreground,0,full_target_density2
0.0218172612103422,0.03170525835486015,0.012569262354347403,released,0.8,20,masked_mae,384,4,head_foreground,0,full_target_density2
-0.00679443173635739,-0.004206088931154505,-0.009589637860523484,adaptive,0.1,20,masked_mae,384,4,head_supported,0,full_target_density2
-0.006067384148550225,-0.003583371486969737,-0.008691650600892876,released,0.1,20,masked_mae,384,4,head_supported,0,full_target_density2
0.21333465095343218,0.2805513426760161,0.1504381883639206,adaptive,0.9,20,masked_mae,384,4,head_unsupported,0,full_target_density2
0.22628488189632723,0.28538446257524225,0.1677941455080009,released,1.0,20,masked_mae,384,4,head_unsupported,0,full_target_density2
-0.0043825215782087356,-0.0022328785911904137,-0.006758247613738696,adaptive,0.3,20,masked_mae,384,4,oral,0,full_target_density2
-0.004774047434437079,-0.0029899941720512952,-0.006744030983793959,released,0.15,20,masked_mae,384,4,oral,0,full_target_density2
0.31686424448774064,0.3721082391816763,0.25780529589276946,adaptive,1.0,20,masked_mae,384,4,torso_outside_head_roi,0,full_target_density2
0.31671044569150575,0.37152157157182186,0.25624992665077506,released,1.0,20,masked_mae,384,4,torso_outside_head_roi,0,full_target_density2
-0.016352437164946842,-0.0097908675528211,-0.023659904936999158,adaptive,0.15,20,masked_mae,384,8,background,0,full_target_density2
-0.0204241651443168,-0.012690879209541516,-0.030282074192880145,released,0.1,20,masked_mae,384,8,background,0,full_target_density2
0.0010174783651492408,0.004672545230296964,-0.002594591854488001,adaptive,0.6,20,masked_mae,384,8,eyes,0,full_target_density2
-0.001820222925666792,0.002035151509808476,-0.00594150137662324,released,0.4,20,masked_mae,384,8,eyes,0,full_target_density2
-0.004541812016525548,-0.00033426997572233994,-0.009368304241741041,adaptive,0.4,20,masked_mae,384,8,flame_supported,0,full_target_density2
-0.003981094005048191,0.00022838580224716502,-0.008355887551826983,released,0.35,20,masked_mae,384,8,flame_supported,0,full_target_density2
0.3755583905819257,0.4422206469266167,0.30697131034816316,adaptive,1.0,20,masked_mae,384,8,flame_unsupported,0,full_target_density2
0.3804872825351027,0.4467823008053509,0.31056676701063907,released,1.0,20,masked_mae,384,8,flame_unsupported,0,full_target_density2
0.11012022593952027,0.13264808807571152,0.08705948633835722,adaptive,1.0,20,masked_mae,384,8,foreground,0,full_target_density2
0.11131571683240309,0.1340978389281189,0.08817828823974774,released,1.0,20,masked_mae,384,8,foreground,0,full_target_density2
0.05392273932824402,0.06879964568140184,0.03958415531234824,adaptive,0.95,20,masked_mae,384,8,full_frame,0,full_target_density2
0.052781970495785466,0.06736471251169326,0.038826169944428786,released,0.95,20,masked_mae,384,8,full_frame,0,full_target_density2
0.019385538025647145,0.028747247271499562,0.010363598791198386,adaptive,0.8,20,masked_mae,384,8,head_foreground,0,full_target_density2
0.021353205809520364,0.031057904103371402,0.012429164808170152,released,0.75,20,masked_mae,384,8,head_foreground,0,full_target_density2
-0.00725043184911765,-0.004640572756959991,-0.010092531032483915,adaptive,0.05,20,masked_mae,384,8,head_supported,0,full_target_density2
-0.006728145466657678,-0.004150841703607051,-0.009547429388076952,released,0.05,20,masked_mae,384,8,head_supported,0,full_target_density2
0.2151448953439435,0.2798897862485245,0.15110073345915032,adaptive,0.9,20,masked_mae,384,8,head_unsupported,0,full_target_density2
0.23017601220733463,0.2890485570878765,0.1728499647823499,released,1.0,20,masked_mae,384,8,head_unsupported,0,full_target_density2
-0.0048276910905105915,-0.0024526950275534187,-0.0074934315703231395,adaptive,0.25,20,masked_mae,384,8,oral,0,full_target_density2
-0.004889453599168462,-0.0028997677918617838,-0.007134619999751018,released,0.2,20,masked_mae,384,8,oral,0,full_target_density2
0.32132263527851174,0.37544932301021633,0.2626313066821156,adaptive,1.0,20,masked_mae,384,8,torso_outside_head_roi,0,full_target_density2
0.32151823003618885,0.37925111169096803,0.26242169094786066,released,1.0,20,masked_mae,384,8,torso_outside_head_roi,0,full_target_density2
0.007365313201099263,0.010008000880153214,0.004771749986526948,adaptive,0.85,20,masked_mae,8,1,background,0,head_target_density1
0.00493948604017264,0.008020479093126618,0.0018296800260585388,released,0.8,20,masked_mae,8,1,background,0,head_target_density1
0.0020368073958812547,0.005246937704653188,-0.0010509857576778327,adaptive,0.7,20,masked_mae,8,1,eyes,0,head_target_density1
0.004356291201732856,0.007304455727198053,0.0017526982130867431,released,0.8,20,masked_mae,8,1,eyes,0,head_target_density1
-0.0064391901059951216,-0.0030268151176249397,-0.010557767395822641,adaptive,0.15,20,masked_mae,8,1,flame_supported,0,head_target_density1
-0.004205976430882241,-0.001997315382760113,-0.006412778076279439,released,0.25,20,masked_mae,8,1,flame_supported,0,head_target_density1
0.02430825375919349,0.03510915955630485,0.01511303391573583,adaptive,0.85,20,masked_mae,8,1,flame_unsupported,0,head_target_density1
0.03508976670805586,0.04488469606731306,0.025646509995566585,released,1.0,20,masked_mae,8,1,flame_unsupported,0,head_target_density1
0.0026731071553132203,0.00490347898400011,0.0005551733032267886,adaptive,0.7,20,masked_mae,8,1,foreground,0,head_target_density1
0.006784379041592058,0.009272919165041086,0.004452085025184064,released,1.0,20,masked_mae,8,1,foreground,0,head_target_density1
0.004709208140641579,0.006700727225188567,0.0028642027054256174,adaptive,0.85,20,masked_mae,8,1,full_frame,0,head_target_density1
0.0057518000984604686,0.007993087693726338,0.003378745706437467,released,0.85,20,masked_mae,8,1,full_frame,0,head_target_density1
0.007929802317804305,0.011827710740511563,0.00361303851051392,adaptive,0.9,20,masked_mae,8,1,head_foreground,0,head_target_density1
0.009691772242830864,0.012691588278287959,0.006586660075519657,released,0.85,20,masked_mae,8,1,head_foreground,0,head_target_density1
0.00011841364835454942,0.00387375505220151,-0.005443238426207106,adaptive,0.8,20,masked_mae,8,1,head_supported,0,head_target_density1
0.00028765629442486194,0.0024126927999545155,-0.002170086912586618,released,0.55,20,masked_mae,8,1,head_supported,0,head_target_density1
0.059526737515860996,0.08013602611326072,0.0382238884141912,adaptive,0.85,20,masked_mae,8,1,head_unsupported,0,head_target_density1
0.07815988212091521,0.09730310093827697,0.05740881356623424,released,0.95,20,masked_mae,8,1,head_unsupported,0,head_target_density1
-0.002304817404749148,0.0002518502795339231,-0.004789532951293046,adaptive,0.3,20,masked_mae,8,1,oral,0,head_target_density1
0.0015234822916480543,0.0037562670868830053,-0.0006496410763271884,released,0.6,20,masked_mae,8,1,oral,0,head_target_density1
-0.012002078209796232,0.0013599348411070583,-0.022962478547014022,adaptive,0.3,20,masked_mae,8,1,torso_outside_head_roi,0,head_target_density1
-0.002042160229293806,0.0069934979408098705,-0.010478943122232366,released,0.4,20,masked_mae,8,1,torso_outside_head_roi,0,head_target_density1
0.007419707892340503,0.011900178736312876,0.0023679014940890682,adaptive,0.8,20,masked_mae,8,4,background,0,head_target_density1
0.005162997740579179,0.009083849653362253,0.0009015809678396662,released,0.75,20,masked_mae,8,4,background,0,head_target_density1
-0.0017899421300999925,0.0017603397927552058,-0.0054096350032909754,adaptive,0.45,20,masked_mae,8,4,eyes,0,head_target_density1
0.004002466368776001,0.007064478952169399,0.0010190189845286398,released,0.75,20,masked_mae,8,4,eyes,0,head_target_density1
-0.009315980494877113,-0.005289514597735288,-0.014251232461362005,adaptive,0.1,20,masked_mae,8,4,flame_supported,0,head_target_density1
-0.00513664218805618,-0.0025955006007005493,-0.007688789696549264,released,0.2,20,masked_mae,8,4,flame_supported,0,head_target_density1
0.02817825930894688,0.038556713589091324,0.018557332337558238,adaptive,0.9,20,masked_mae,8,4,flame_unsupported,0,head_target_density1
0.03860856728364492,0.049775615416693515,0.028284167886238533,released,1.0,20,masked_mae,8,4,flame_unsupported,0,head_target_density1
0.0015872980355576146,0.0038707709791048817,-0.0005768474597023652,adaptive,0.55,20,masked_mae,8,4,foreground,0,head_target_density1
0.007112884416572492,0.009861119286933145,0.004610717349243502,released,0.95,20,masked_mae,8,4,foreground,0,head_target_density1
0.0041180409839987366,0.006714002811054877,0.0013816712973203167,adaptive,0.8,20,masked_mae,8,4,full_frame,0,head_target_density1
0.005986767728138229,0.00843129589291642,0.003463150945084145,released,0.8,20,masked_mae,8,4,full_frame,0,head_target_density1
0.006372669126209157,0.010428201571933388,0.0014505936693850205,adaptive,0.85,20,masked_mae,8,4,head_foreground,0,head_target_density1
0.009872865752440224,0.01303139268088909,0.0066005229085358205,released,0.95,20,masked_mae,8,4,head_foreground,0,head_target_density1
-0.0030612249559841685,0.0012193806473055388,-0.009153360630839727,adaptive,0.6,20,masked_mae,8,4,head_supported,0,head_target_density1
-0.0010479304595836676,0.001244717057889534,-0.0038206342857905447,released,0.65,20,masked_mae,8,4,head_supported,0,head_target_density1
0.069350770033973,0.09043285700011311,0.04847511268893467,adaptive,0.95,20,masked_mae,8,4,head_unsupported,0,head_target_density1
0.09070076607188728,0.11194901648308724,0.06969311336229163,released,0.95,20,masked_mae,8,4,head_unsupported,0,head_target_density1
-0.00414660797959591,-0.0020907115269897096,-0.0061749125149409495,adaptive,0.15,20,masked_mae,8,4,oral,0,head_target_density1
0.0006132506375160155,0.0031493076275465005,-0.001826178363838737,released,0.5,20,masked_mae,8,4,oral,0,head_target_density1
-0.011507202417762827,-0.00027432488228041794,-0.02116209039629607,adaptive,0.25,20,masked_mae,8,4,torso_outside_head_roi,0,head_target_density1
-0.00043153652613504845,0.007393508922371612,-0.008352801898295684,released,0.5,20,masked_mae,8,4,torso_outside_head_roi,0,head_target_density1
0.007233485716660458,0.01128148557588772,0.0028334849602010227,adaptive,0.8,20,masked_mae,8,8,background,0,head_target_density1
0.004970401826011649,0.008735524859280759,0.0010541811415665239,released,0.75,20,masked_mae,8,8,background,0,head_target_density1
-0.00034483292607788256,0.003567581153531316,-0.004348141689428454,adaptive,0.45,20,masked_mae,8,8,eyes,0,head_target_density1
0.005939983817246554,0.009536262565134743,0.0024458330699535327,released,0.7,20,masked_mae,8,8,eyes,0,head_target_density1
-0.011184050219633602,-0.006815992483761414,-0.01670875048061049,adaptive,0.05,20,masked_mae,8,8,flame_supported,0,head_target_density1
-0.0063039890153480825,-0.0037381247970191237,-0.009079044094665267,released,0.15,20,masked_mae,8,8,flame_supported,0,head_target_density1
0.027400165677564918,0.037309648918294185,0.018297933545178422,adaptive,0.9,20,masked_mae,8,8,flame_unsupported,0,head_target_density1
0.03842202591053471,0.05040353889316946,0.027913483642272443,released,1.0,20,masked_mae,8,8,flame_unsupported,0,head_target_density1
-0.00016401562456842684,0.0018903203568098924,-0.002267083844173215,adaptive,0.5,20,masked_mae,8,8,foreground,0,head_target_density1
0.006039777803143107,0.008453516018650934,0.00351077206923517,released,0.95,20,masked_mae,8,8,foreground,0,head_target_density1
0.0031534930844327527,0.0054209937426176824,0.0007434085198553046,adaptive,0.8,20,masked_mae,8,8,full_frame,0,head_target_density1
0.0053736025378817555,0.00760910567138101,0.0028952128830410095,released,0.8,20,masked_mae,8,8,full_frame,0,head_target_density1
0.0047686761101688934,0.00955073187353047,-0.0014272328086158508,adaptive,0.8,20,masked_mae,8,8,head_foreground,0,head_target_density1
0.008965277535336085,0.012268827569386027,0.005275818035401954,released,0.9,20,masked_mae,8,8,head_foreground,0,head_target_density1
-0.004147098607518964,0.0006494608817774294,-0.011274922905382567,adaptive,0.55,20,masked_mae,8,8,head_supported,0,head_target_density1
-0.0018863651835180108,0.0007327305274702097,-0.005059450446021719,released,0.55,20,masked_mae,8,8,head_supported,0,head_target_density1
0.0660750082128516,0.08606934028479656,0.04510287212428822,adaptive,0.9,20,masked_mae,8,8,head_unsupported,0,head_target_density1
0.09073223248119733,0.1120006653859877,0.06858185661430463,released,0.9,20,masked_mae,8,8,head_unsupported,0,head_target_density1
-0.003241416516862195,-0.0009454704897539803,-0.005702743415326851,adaptive,0.35,20,masked_mae,8,8,oral,0,head_target_density1
0.00038333219705546787,0.0027581863915685256,-0.0018164208704107287,released,0.5,20,masked_mae,8,8,oral,0,head_target_density1
-0.013342773301874921,-0.001720902337882487,-0.023179490376938273,adaptive,0.3,20,masked_mae,8,8,torso_outside_head_roi,0,head_target_density1
-0.001811151783621491,0.005846550703706294,-0.009340043880271038,released,0.5,20,masked_mae,8,8,torso_outside_head_roi,0,head_target_density1
-0.004401634879184577,0.0005699396995085018,-0.009911510153255724,adaptive,0.45,20,masked_mae,384,1,background,0,head_target_density1
0.004625562242728717,0.009414481498734828,-8.127925650928909e-05,released,0.75,20,masked_mae,384,1,background,0,head_target_density1
0.005824873222506756,0.008210743985358527,0.003675902517550568,adaptive,0.9,20,masked_mae,384,1,eyes,0,head_target_density1
0.007775937375584399,0.0108030038690121,0.004873819655655972,released,0.9,20,masked_mae,384,1,eyes,0,head_target_density1
-0.009118798786564266,-0.005624675602713239,-0.012536388421555059,adaptive,0.15,20,masked_mae,384,1,flame_supported,0,head_target_density1
-0.005663010578603843,-0.0024056650154018876,-0.008875673838776363,released,0.3,20,masked_mae,384,1,flame_supported,0,head_target_density1
0.09992568085843796,0.1367834399242452,0.06432532710433811,adaptive,0.9,20,masked_mae,384,1,flame_unsupported,0,head_target_density1
0.0990341311531033,0.13561142428486805,0.06595619680293073,released,0.9,20,masked_mae,384,1,flame_unsupported,0,head_target_density1
0.022675847872407222,0.03596830647321786,0.011230869400123132,adaptive,0.8,20,masked_mae,384,1,foreground,0,head_target_density1
0.024724010808986847,0.03792959250496138,0.013635699508446732,released,0.85,20,masked_mae,384,1,foreground,0,head_target_density1
0.01006528541639253,0.017054110503557943,0.004091750706558097,adaptive,0.6,20,masked_mae,384,1,full_frame,0,head_target_density1
0.015518805655566126,0.02270255833993225,0.009440467183788605,released,0.95,20,masked_mae,384,1,full_frame,0,head_target_density1
0.03430308736689455,0.0458577996538905,0.02371159695120714,adaptive,1.0,20,masked_mae,384,1,head_foreground,0,head_target_density1
0.03627761432839917,0.04779594449603277,0.025762976451742962,released,1.0,20,masked_mae,384,1,head_foreground,0,head_target_density1
0.004074259528508045,0.0054046302868068835,0.0027836023000216256,adaptive,0.9,20,masked_mae,384,1,head_supported,0,head_target_density1
0.005488221117625034,0.006753517959236742,0.004241785711134742,released,1.0,20,masked_mae,384,1,head_supported,0,head_target_density1
0.237962878786164,0.2966755405034205,0.1772006108700819,adaptive,0.95,20,masked_mae,384,1,head_unsupported,0,head_target_density1
0.2497528604415733,0.30587922635180836,0.1911229579132695,released,1.0,20,masked_mae,384,1,head_unsupported,0,head_target_density1
-0.0020306855300507736,-0.00010957482726837553,-0.0039265257266297236,adaptive,0.3,20,masked_mae,384,1,oral,0,head_target_density1
-0.0009175922224712998,0.0009500022778504053,-0.002860281031625185,released,0.45,20,masked_mae,384,1,oral,0,head_target_density1
-0.007076592314499276,0.014564974327164422,-0.02594766457901103,adaptive,0.35,20,masked_mae,384,1,torso_outside_head_roi,0,head_target_density1
-0.005860895929934109,0.015088609582460428,-0.02391526488156935,released,0.3,20,masked_mae,384,1,torso_outside_head_roi,0,head_target_density1
-0.004912482404169273,0.00027670981461480403,-0.01089044982769404,adaptive,0.4,20,masked_mae,384,4,background,0,head_target_density1
0.007700089813733791,0.013630038913315592,0.0019277584944758623,released,0.8,20,masked_mae,384,4,background,0,head_target_density1
0.007326326237150177,0.010037970396668946,0.004943965624026209,adaptive,0.9,20,masked_mae,384,4,eyes,0,head_target_density1
0.008100595377206303,0.012093510618500529,0.0040017322186185825,released,0.8,20,masked_mae,384,4,eyes,0,head_target_density1
-0.010776190639369817,-0.007499320065639756,-0.013952682823073256,adaptive,0.05,20,masked_mae,384,4,flame_supported,0,head_target_density1
-0.007198388065555769,-0.004122391774699598,-0.010356120402467575,released,0.15,20,masked_mae,384,4,flame_supported,0,head_target_density1
0.09527637955327137,0.13149264287253593,0.06260007595071126,adaptive,0.95,20,masked_mae,384,4,flame_unsupported,0,head_target_density1
0.09328256270125311,0.12548930762428248,0.06264239999119826,released,0.95,20,masked_mae,384,4,flame_unsupported,0,head_target_density1
0.0199327652877704,0.03246395659677917,0.009327335090997233,adaptive,0.8,20,masked_mae,384,4,foreground,0,head_target_density1
0.021502887480809366,0.033515329143490355,0.01178992599523535,released,0.85,20,masked_mae,384,4,foreground,0,head_target_density1
0.008596895844483175,0.014887565941275311,0.003248137011508301,adaptive,0.75,20,masked_mae,384,4,full_frame,0,head_target_density1
0.0150197773925529,0.02088462401766423,0.010147613291487544,released,1.0,20,masked_mae,384,4,full_frame,0,head_target_density1
0.03197740164699227,0.04313017357807005,0.02222811144494039,adaptive,1.0,20,masked_mae,384,4,head_foreground,0,head_target_density1
0.03611278742325434,0.047722432023287,0.026359289458890472,released,1.0,20,masked_mae,384,4,head_foreground,0,head_target_density1
0.0028959338141174274,0.004146278732767861,0.0016384434886954251,adaptive,0.85,20,masked_mae,384,4,head_supported,0,head_target_density1
0.0055795238440617245,0.006930779574287759,0.004263340393544866,released,1.0,20,masked_mae,384,4,head_supported,0,head_target_density1
0.22651979954809315,0.28277431463534686,0.1708751694546313,adaptive,0.95,20,masked_mae,384,4,head_unsupported,0,head_target_density1
0.2521617671839369,0.30645096536774763,0.19692564888144554,released,1.0,20,masked_mae,384,4,head_unsupported,0,head_target_density1
-0.00044133253724212807,0.0016500378355157497,-0.0026203666334494126,adaptive,0.45,20,masked_mae,384,4,oral,0,head_target_density1
4.8044201078032564e-05,0.002260089126899568,-0.002164333876990759,released,0.5,20,masked_mae,384,4,oral,0,head_target_density1
-0.011228032289735507,0.009183037593044596,-0.029485524018639214,adaptive,0.35,20,masked_mae,384,4,torso_outside_head_roi,0,head_target_density1
-0.018461587920888624,0.0005248404119678759,-0.03550151404662942,released,0.25,20,masked_mae,384,4,torso_outside_head_roi,0,head_target_density1
-0.007183328062309138,-0.0020730751636319662,-0.01299972574027354,adaptive,0.35,20,masked_mae,384,8,background,0,head_target_density1
0.005866580726519931,0.01149039602111945,0.00019312907018253613,released,0.7,20,masked_mae,384,8,background,0,head_target_density1
0.007811569088315623,0.01094782380517452,0.0048434214532969855,adaptive,0.85,20,masked_mae,384,8,eyes,0,head_target_density1
0.007728612161442422,0.011095988848789573,0.00423986170947025,released,0.85,20,masked_mae,384,8,eyes,0,head_target_density1
-0.012047395587895781,-0.008606048712336193,-0.015368209290360367,adaptive,0.05,20,masked_mae,384,8,flame_supported,0,head_target_density1
-0.007504550947210776,-0.004569538872565244,-0.010511299356423245,released,0.1,20,masked_mae,384,8,flame_supported,0,head_target_density1
0.09311157162763287,0.12765243390246594,0.0605194166120857,adaptive,0.95,20,masked_mae,384,8,flame_unsupported,0,head_target_density1
0.0932848496750726,0.1265201386806339,0.0627550673471015,released,0.95,20,masked_mae,384,8,flame_unsupported,0,head_target_density1
0.018532401425025234,0.030101728012753907,0.00879135432303671,adaptive,0.8,20,masked_mae,384,8,foreground,0,head_target_density1
0.021355796916465452,0.032880101906083335,0.011821495354261654,released,0.9,20,masked_mae,384,8,foreground,0,head_target_density1
0.00668553312619527,0.012336083687358092,0.0018750826833826093,adaptive,0.65,20,masked_mae,384,8,full_frame,0,head_target_density1
0.014121069175340395,0.019793700237810873,0.009504920377746797,released,1.0,20,masked_mae,384,8,full_frame,0,head_target_density1
0.03098260688293476,0.041513838455825416,0.02140112462677518,adaptive,1.0,20,masked_mae,384,8,head_foreground,0,head_target_density1
0.03634602609282265,0.04744063862662771,0.02622518337393557,released,1.0,20,masked_mae,384,8,head_foreground,0,head_target_density1
0.002173994372397249,0.0032332151869948365,0.0011749916645815484,adaptive,0.75,20,masked_mae,384,8,head_supported,0,head_target_density1
0.005544829206122955,0.006941278961548244,0.004163596435254423,released,0.95,20,masked_mae,384,8,head_supported,0,head_target_density1
0.22555971979992434,0.2826774926604552,0.1658281900775471,adaptive,0.95,20,masked_mae,384,8,head_unsupported,0,head_target_density1
0.2555723040434871,0.31251420368931476,0.19826992140656402,released,1.0,20,masked_mae,384,8,head_unsupported,0,head_target_density1
0.0005071462099564491,0.002762692591204674,-0.0018047661407808698,adaptive,0.5,20,masked_mae,384,8,oral,0,head_target_density1
0.000180016003666731,0.002476576473264243,-0.0020074167961590408,released,0.45,20,masked_mae,384,8,oral,0,head_target_density1
-0.013999549529908912,0.0057557121636672036,-0.030826978713590032,adaptive,0.3,20,masked_mae,384,8,torso_outside_head_roi,0,head_target_density1
-0.018523085638758076,-0.0007826109494603651,-0.03432819903389264,released,0.25,20,masked_mae,384,8,torso_outside_head_roi,0,head_target_density1
-0.014789358735989558,-0.004673040998369491,-0.02631621843981938,adaptive,0.3,20,masked_mae,8,1,background,0,primary_full_target_density1
-0.013854948809459297,-0.0028519050193904177,-0.02644617920818674,released,0.3,20,masked_mae,8,1,background,0,primary_full_target_density1
0.0007850403489431664,0.006838524850748104,-0.007407810431579337,adaptive,0.65,20,masked_mae,8,1,eyes,0,primary_full_target_density1
-0.010166046303129225,-0.0018153598537358942,-0.01959003762764302,released,0.4,20,masked_mae,8,1,eyes,0,primary_full_target_density1
-0.02253302626157384,-0.014842793506474007,-0.03116554546775127,adaptive,0.05,20,masked_mae,8,1,flame_supported,0,primary_full_target_density1
-0.020865763628548382,-0.013907596113561705,-0.028310411345033974,released,0.05,20,masked_mae,8,1,flame_supported,0,primary_full_target_density1
0.22722002109223488,0.29481604793552924,0.16275250643734362,adaptive,0.95,20,masked_mae,8,1,flame_unsupported,0,primary_full_target_density1
0.2122748799720111,0.27005599292221094,0.15568667646295548,released,0.95,20,masked_mae,8,1,flame_unsupported,0,primary_full_target_density1
0.05024233520996714,0.07276121850259226,0.027313877209010674,adaptive,0.85,20,masked_mae,8,1,foreground,0,primary_full_target_density1
0.04741621285047218,0.06676636343275213,0.02725597809255988,released,0.85,20,masked_mae,8,1,foreground,0,primary_full_target_density1
0.02106623065162014,0.037507419725839694,0.003062507420842774,adaptive,0.8,20,masked_mae,8,1,full_frame,0,primary_full_target_density1
0.01978849052608787,0.03520517020095219,0.003808435576754206,released,0.7,20,masked_mae,8,1,full_frame,0,primary_full_target_density1
-0.006624995178860971,0.002847198931108836,-0.016380892583191003,adaptive,0.5,20,masked_mae,8,1,head_foreground,0,primary_full_target_density1
-0.007848537884466876,3.809965150083829e-05,-0.01573608208552923,released,0.35,20,masked_mae,8,1,head_foreground,0,primary_full_target_density1
-0.022931361111926504,-0.015328670576382519,-0.03076731575512209,adaptive,0.05,20,masked_mae,8,1,head_supported,0,primary_full_target_density1
-0.022206999444711294,-0.015731120403340272,-0.02897401912889051,released,0.1,20,masked_mae,8,1,head_supported,0,primary_full_target_density1
0.12048909239228782,0.17550129758837263,0.07059212673028933,adaptive,0.85,20,masked_mae,8,1,head_unsupported,0,primary_full_target_density1
0.10634367424638547,0.14795969447225157,0.0674772929744014,released,0.85,20,masked_mae,8,1,head_unsupported,0,primary_full_target_density1
-0.00857055027194679,-0.004973441289340603,-0.012099867489877396,adaptive,0.15,20,masked_mae,8,1,oral,0,primary_full_target_density1
-0.0067697269565559605,-0.0039707968602424905,-0.009599629841823524,released,0.2,20,masked_mae,8,1,oral,0,primary_full_target_density1
0.18282221276395139,0.251886514642,0.11308525125196046,adaptive,0.85,20,masked_mae,8,1,torso_outside_head_roi,0,primary_full_target_density1
0.17484307456235185,0.23152689776153326,0.11418093832726506,released,0.9,20,masked_mae,8,1,torso_outside_head_roi,0,primary_full_target_density1
-0.01435309185971384,-0.0028820802709299004,-0.02712969875571008,adaptive,0.45,20,masked_mae,8,4,background,0,primary_full_target_density1
-0.01345076156635173,-0.0017703805033618893,-0.026982924608759628,released,0.45,20,masked_mae,8,4,background,0,primary_full_target_density1
-0.0015043196560283784,0.0035188857840561267,-0.007963059443096816,adaptive,0.5,20,masked_mae,8,4,eyes,0,primary_full_target_density1
-0.011899062956230652,-0.0035121651546415095,-0.021547870667363852,released,0.35,20,masked_mae,8,4,eyes,0,primary_full_target_density1
-0.024533584471686434,-0.0171191231245239,-0.03252266305912792,adaptive,0.1,20,masked_mae,8,4,flame_supported,0,primary_full_target_density1
-0.02263325939592503,-0.01699298757763855,-0.02845038659422821,released,0.05,20,masked_mae,8,4,flame_supported,0,primary_full_target_density1
0.22830141950524568,0.285909942757639,0.17096612252530233,adaptive,0.95,20,masked_mae,8,4,flame_unsupported,0,primary_full_target_density1
0.22830057465479406,0.2800405965595893,0.1781914894751233,released,1.0,20,masked_mae,8,4,flame_unsupported,0,primary_full_target_density1
0.04945082157527806,0.0693887880525094,0.029449585697730693,adaptive,0.9,20,masked_mae,8,4,foreground,0,primary_full_target_density1
0.05066315861036099,0.06688386288813225,0.03399746997274652,released,0.95,20,masked_mae,8,4,foreground,0,primary_full_target_density1
0.021587405175216935,0.036772476662124805,0.005057494816865475,adaptive,0.75,20,masked_mae,8,4,full_frame,0,primary_full_target_density1
0.022112030102858535,0.03552657727737072,0.007267688014044249,released,0.8,20,masked_mae,8,4,full_frame,0,primary_full_target_density1
-0.01108341553293563,-0.0023400976056909173,-0.019968891820319013,adaptive,0.4,20,masked_mae,8,4,head_foreground,0,primary_full_target_density1
-0.010497200678373349,-0.0028302532288384157,-0.017882495049492984,released,0.25,20,masked_mae,8,4,head_foreground,0,primary_full_target_density1
-0.026442472171052965,-0.019364395268012254,-0.033848058567336886,adaptive,0.0,20,masked_mae,8,4,head_supported,0,primary_full_target_density1
-0.025933281495635434,-0.01997806627809262,-0.03225848360999608,released,0.05,20,masked_mae,8,4,head_supported,0,primary_full_target_density1
0.10273883574397862,0.15023929280053686,0.059436768631338927,adaptive,0.9,20,masked_mae,8,4,head_unsupported,0,primary_full_target_density1
0.10775756753718661,0.1475640070162913,0.0702536622969674,released,0.9,20,masked_mae,8,4,head_unsupported,0,primary_full_target_density1
-0.01133151314459594,-0.007781636733818309,-0.015174039550104905,adaptive,0.1,20,masked_mae,8,4,oral,0,primary_full_target_density1
-0.009727076298262017,-0.005763200329948779,-0.014141686879898117,released,0.15,20,masked_mae,8,4,oral,0,primary_full_target_density1
0.19069654736964115,0.2516917123494915,0.1296731983063486,adaptive,0.95,20,masked_mae,8,4,torso_outside_head_roi,0,primary_full_target_density1
0.19464172125345386,0.24473381872793856,0.1435968244335074,released,0.95,20,masked_mae,8,4,torso_outside_head_roi,0,primary_full_target_density1
-0.012220581541390113,-0.00141777168213277,-0.024675467000624163,adaptive,0.45,20,masked_mae,8,8,background,0,primary_full_target_density1
-0.012562193210595356,-0.0010397922564331435,-0.025634959565536877,released,0.45,20,masked_mae,8,8,background,0,primary_full_target_density1
-0.0006075589729969272,0.004327506874124992,-0.007064980673798716,adaptive,0.5,20,masked_mae,8,8,eyes,0,primary_full_target_density1
-0.010599965746581863,-0.0024315665937777575,-0.019574791504320233,released,0.4,20,masked_mae,8,8,eyes,0,primary_full_target_density1
-0.02584181195854541,-0.018480371073727433,-0.03374146864882069,adaptive,0.1,20,masked_mae,8,8,flame_supported,0,primary_full_target_density1
-0.02294257009671901,-0.01704617565130702,-0.02903532284684571,released,0.05,20,masked_mae,8,8,flame_supported,0,primary_full_target_density1
0.22369319031274518,0.28100037769652114,0.1690563681149178,adaptive,1.0,20,masked_mae,8,8,flame_unsupported,0,primary_full_target_density1
0.2346444641949646,0.2855353484030785,0.18445065816171732,released,1.0,20,masked_mae,8,8,flame_unsupported,0,primary_full_target_density1
0.04834892987927754,0.06783478429245217,0.028747045447872654,adaptive,0.9,20,masked_mae,8,8,foreground,0,primary_full_target_density1
0.053419935770859926,0.07027461436269296,0.036359418058621126,released,0.95,20,masked_mae,8,8,foreground,0,primary_full_target_density1
0.021503739542775346,0.03695236925825929,0.005458626820669562,adaptive,0.75,20,masked_mae,8,8,full_frame,0,primary_full_target_density1
0.023582891390953233,0.037894917841984614,0.008931192295762898,released,0.8,20,masked_mae,8,8,full_frame,0,primary_full_target_density1
-0.012625021317478302,-0.00409735296222922,-0.02098864437986088,adaptive,0.4,20,masked_mae,8,8,head_foreground,0,primary_full_target_density1
-0.011065029500215862,-0.003539115868576689,-0.018375232683273585,released,0.25,20,masked_mae,8,8,head_foreground,0,primary_full_target_density1
-0.027326491618050792,-0.020618979258167927,-0.03439255979308588,adaptive,0.0,20,masked_mae,8,8,head_supported,0,primary_full_target_density1
-0.026440746233400054,-0.020399677384844894,-0.032977427496107985,released,0.0,20,masked_mae,8,8,head_supported,0,primary_full_target_density1
0.09805266158407411,0.14554114481718386,0.05702286360517049,adaptive,0.9,20,masked_mae,8,8,head_unsupported,0,primary_full_target_density1
0.10680418324806762,0.1457369115305078,0.07064310558480473,released,0.9,20,masked_mae,8,8,head_unsupported,0,primary_full_target_density1
-0.010372170907638645,-0.006700335678282982,-0.014315335523205025,adaptive,0.1,20,masked_mae,8,8,oral,0,primary_full_target_density1
-0.00848805726038935,-0.005015711046124811,-0.012448736207705088,released,0.15,20,masked_mae,8,8,oral,0,primary_full_target_density1
0.18609622085516608,0.24511436678862583,0.12735615996192085,adaptive,0.95,20,masked_mae,8,8,torso_outside_head_roi,0,primary_full_target_density1
0.20209445500557047,0.25421426580651235,0.15059472050251185,released,0.95,20,masked_mae,8,8,torso_outside_head_roi,0,primary_full_target_density1
-0.03078536846794267,-0.01882261738830577,-0.043403029406320064,adaptive,0.1,20,masked_mae,32,1,background,0,primary_full_target_density1
-0.02892852052319967,-0.0165732485049356,-0.04279043800375592,released,0.15,20,masked_mae,32,1,background,0,primary_full_target_density1
0.0001419826761215829,0.0034081848289240543,-0.002441863556216709,adaptive,0.35,20,masked_mae,32,1,eyes,0,primary_full_target_density1
-0.004635485587393176,0.00048158913079678653,-0.010158516784148126,released,0.3,20,masked_mae,32,1,eyes,0,primary_full_target_density1
-0.01030540127094081,-0.004085363371764783,-0.016589330754263675,adaptive,0.25,20,masked_mae,32,1,flame_supported,0,primary_full_target_density1
-0.008985620498576286,-0.002453091948343985,-0.01587577364186335,released,0.25,20,masked_mae,32,1,flame_supported,0,primary_full_target_density1
0.3499744137776971,0.4220437812093723,0.2711055903014172,adaptive,0.95,20,masked_mae,32,1,flame_unsupported,0,primary_full_target_density1
0.3585671826398721,0.42917288491036226,0.28547924693352167,released,0.95,20,masked_mae,32,1,flame_unsupported,0,primary_full_target_density1
0.09731849990268657,0.12145654624487613,0.07194498425905609,adaptive,0.9,20,masked_mae,32,1,foreground,0,primary_full_target_density1
0.09985961158433239,0.12356559434600561,0.07466650259540095,released,0.95,20,masked_mae,32,1,foreground,0,primary_full_target_density1
0.03938281625122218,0.05676366643826939,0.022379004771446255,adaptive,0.8,20,masked_mae,32,1,full_frame,0,primary_full_target_density1
0.04152192963666214,0.05844685774796453,0.023957530636808055,released,0.85,20,masked_mae,32,1,full_frame,0,primary_full_target_density1
0.015517218895733414,0.029109177123224486,0.0025514174269556174,adaptive,0.7,20,masked_mae,32,1,head_foreground,0,primary_full_target_density1
0.017090231724613655,0.030043367916966,0.005164044049591146,released,0.7,20,masked_mae,32,1,head_foreground,0,primary_full_target_density1
-0.01518648078783002,-0.01095173226195386,-0.019231401605916177,adaptive,0.05,20,masked_mae,32,1,head_supported,0,primary_full_target_density1
-0.0134812710446796,-0.008923114420364565,-0.01790821256132245,released,0.1,20,masked_mae,32,1,head_supported,0,primary_full_target_density1
0.23064803527563868,0.3079498991910353,0.15209359250476132,adaptive,0.8,20,masked_mae,32,1,head_unsupported,0,primary_full_target_density1
0.23233109552825476,0.3051939063605504,0.15987422801115048,released,0.9,20,masked_mae,32,1,head_unsupported,0,primary_full_target_density1
-0.010377159355259836,-0.006778200716423654,-0.014041902326799692,adaptive,0.1,20,masked_mae,32,1,oral,0,primary_full_target_density1
-0.004001152126995646,-0.001490393291678066,-0.006642194444096029,released,0.3,20,masked_mae,32,1,oral,0,primary_full_target_density1
0.29877605509825644,0.3583005377446502,0.23252382494859836,adaptive,0.95,20,masked_mae,32,1,torso_outside_head_roi,0,primary_full_target_density1
0.3048291271728361,0.3672075694953093,0.23690098304022938,released,0.95,20,masked_mae,32,1,torso_outside_head_roi,0,primary_full_target_density1
-0.02625604911884949,-0.014924425135996905,-0.03935814381938992,adaptive,0.15,20,masked_mae,32,4,background,0,primary_full_target_density1
-0.025923956641609708,-0.012974895341614601,-0.04091246104428017,released,0.2,20,masked_mae,32,4,background,0,primary_full_target_density1
0.0007063627104528291,0.004389570729522634,-0.00217776191621597,adaptive,0.4,20,masked_mae,32,4,eyes,0,primary_full_target_density1
-0.004910169212141683,0.0006482233699725242,-0.011058044298476462,released,0.35,20,masked_mae,32,4,eyes,0,primary_full_target_density1
-0.012136692131064147,-0.00575741838667363,-0.018265680177738348,adaptive,0.2,20,masked_mae,32,4,flame_supported,0,primary_full_target_density1
-0.010539622514181718,-0.004153972210444919,-0.01739634350147106,released,0.35,20,masked_mae,32,4,flame_supported,0,primary_full_target_density1
0.346105112832363,0.4163499438828618,0.2727317042043051,adaptive,0.95,20,masked_mae,32,4,flame_unsupported,0,primary_full_target_density1
0.36541319429781255,0.4317350934508814,0.29380822614706625,released,1.0,20,masked_mae,32,4,flame_unsupported,0,primary_full_target_density1
0.09423284478456583,0.11749874256033631,0.07023775217352432,adaptive,0.9,20,masked_mae,32,4,foreground,0,primary_full_target_density1
0.10011998891450528,0.12197461022459584,0.0765868825738032,released,0.95,20,masked_mae,32,4,foreground,0,primary_full_target_density1
0.041021356093325245,0.057374663049196084,0.025561228085401625,adaptive,0.8,20,masked_mae,32,4,full_frame,0,primary_full_target_density1
0.04404628373703025,0.060672771929052585,0.027866676144773977,released,0.85,20,masked_mae,32,4,full_frame,0,primary_full_target_density1
0.010928707414807521,0.023879709797621024,-0.0008069415410381298,adaptive,0.6,20,masked_mae,32,4,head_foreground,0,primary_full_target_density1
0.014985796271303475,0.027966505566905598,0.003432702358789522,released,0.65,20,masked_mae,32,4,head_foreground,0,primary_full_target_density1
-0.01859464355972117,-0.01420364956329445,-0.023047891851906987,adaptive,0.0,20,masked_mae,32,4,head_supported,0,primary_full_target_density1
-0.01645835576423172,-0.012342956635541814,-0.020792243550612783,released,0.0,20,masked_mae,32,4,head_supported,0,primary_full_target_density1
0.21931414957687326,0.2970341587028706,0.1414325205904823,adaptive,0.9,20,masked_mae,32,4,head_unsupported,0,primary_full_target_density1
0.2365934961929396,0.3092152691969104,0.1593089424822771,released,0.85,20,masked_mae,32,4,head_unsupported,0,primary_full_target_density1
-0.014362954412052176,-0.010322842440962795,-0.018717998206510707,adaptive,0.05,20,masked_mae,32,4,oral,0,primary_full_target_density1
-0.007579684272994941,-0.004589886957468831,-0.01063125726701375,released,0.15,20,masked_mae,32,4,oral,0,primary_full_target_density1
0.29897895290316434,0.35391990835200077,0.2430808604505666,adaptive,1.0,20,masked_mae,32,4,torso_outside_head_roi,0,primary_full_target_density1
0.30848366190726595,0.3666544615526989,0.24972194809229206,released,1.0,20,masked_mae,32,4,torso_outside_head_roi,0,primary_full_target_density1
-0.025790095411279364,-0.013703519707858994,-0.04047435681333926,adaptive,0.15,20,masked_mae,32,8,background,0,primary_full_target_density1
-0.025784782373388333,-0.011553913967314767,-0.041878912359368636,released,0.2,20,masked_mae,32,8,background,0,primary_full_target_density1
0.002018123692798393,0.00512139439407676,-0.0005620270001979538,adaptive,0.6,20,masked_mae,32,8,eyes,0,primary_full_target_density1
-0.0033224437290294796,0.0019371037775332322,-0.009260444489975098,released,0.4,20,masked_mae,32,8,eyes,0,primary_full_target_density1
-0.012035131593493517,-0.005884860065761838,-0.01807381143097736,adaptive,0.2,20,masked_mae,32,8,flame_supported,0,primary_full_target_density1
-0.011059208546627163,-0.004489639822099407,-0.017646118857981466,released,0.25,20,masked_mae,32,8,flame_supported,0,primary_full_target_density1
0.35238669784613563,0.4223526180126885,0.27917863919242275,adaptive,0.95,20,masked_mae,32,8,flame_unsupported,0,primary_full_target_density1
0.3683737928940597,0.43419077956553653,0.2980486026578445,released,1.0,20,masked_mae,32,8,flame_unsupported,0,primary_full_target_density1
0.09755582415402506,0.12010454647570243,0.07476976452819378,adaptive,0.95,20,masked_mae,32,8,foreground,0,primary_full_target_density1
0.10260545158873909,0.12448303267586325,0.07923238846544664,released,0.95,20,masked_mae,32,8,foreground,0,primary_full_target_density1
0.04221203014964149,0.058749195503079,0.026724069397815894,adaptive,0.85,20,masked_mae,32,8,full_frame,0,primary_full_target_density1
0.04465051187581314,0.062153362260881445,0.02808609341581663,released,0.8,20,masked_mae,32,8,full_frame,0,primary_full_target_density1
0.011057180078558233,0.02287097588956828,0.00016268810755747188,adaptive,0.65,20,masked_mae,32,8,head_foreground,0,primary_full_target_density1
0.013982173318446856,0.025975984324457514,0.0026789998543821575,released,0.65,20,masked_mae,32,8,head_foreground,0,primary_full_target_density1
-0.018505620945089663,-0.014304536044954137,-0.02284749060194557,adaptive,0.0,20,masked_mae,32,8,head_supported,0,primary_full_target_density1
-0.016835279325372147,-0.012853321698478026,-0.02103126605825953,released,0.0,20,masked_mae,32,8,head_supported,0,primary_full_target_density1
0.2222922552262688,0.29578051624976825,0.14841369368344492,adaptive,0.85,20,masked_mae,32,8,head_unsupported,0,primary_full_target_density1
0.2315901948256826,0.3052706452892701,0.15711545233739835,released,0.95,20,masked_mae,32,8,head_unsupported,0,primary_full_target_density1
-0.013875633605757758,-0.009679351529688983,-0.0185200853584712,adaptive,0.05,20,masked_mae,32,8,oral,0,primary_full_target_density1
-0.006839118808600095,-0.004242568863398195,-0.009540264928024135,released,0.15,20,masked_mae,32,8,oral,0,primary_full_target_density1
0.3012270027229769,0.3575620481400122,0.24047790668781535,adaptive,1.0,20,masked_mae,32,8,torso_outside_head_roi,0,primary_full_target_density1
0.3108077264320988,0.36717760144804756,0.25075702066736155,released,1.0,20,masked_mae,32,8,torso_outside_head_roi,0,primary_full_target_density1
-0.01857042940301754,-0.012371725492238946,-0.025156008295337907,adaptive,0.1,20,masked_mae,128,1,background,0,primary_full_target_density1
-0.018370712442109416,-0.008560448210785918,-0.030568886727592278,released,0.25,20,masked_mae,128,1,background,0,primary_full_target_density1
0.0016209254087935908,0.005554730302215563,-0.002141544907910724,adaptive,0.5,20,masked_mae,128,1,eyes,0,primary_full_target_density1
-0.001279975772854892,0.002898138903807408,-0.005457757329612397,released,0.5,20,masked_mae,128,1,eyes,0,primary_full_target_density1
-0.003112128674093947,0.0022244591720828283,-0.008529040582724964,adaptive,0.5,20,masked_mae,128,1,flame_supported,0,primary_full_target_density1
-0.004092464793892762,0.0016861638149551245,-0.011109951620998378,released,0.5,20,masked_mae,128,1,flame_supported,0,primary_full_target_density1
0.3452128306866592,0.4241065286376963,0.2666532563058109,adaptive,1.0,20,masked_mae,128,1,flame_unsupported,0,primary_full_target_density1
0.3581728283801845,0.43222287217991634,0.279936900174841,released,1.0,20,masked_mae,128,1,flame_unsupported,0,primary_full_target_density1
0.10111805108494391,0.1274084232674311,0.07414779721477348,adaptive,1.0,20,masked_mae,128,1,foreground,0,primary_full_target_density1
0.1043321035777481,0.13005307860435375,0.07734597392539472,released,0.95,20,masked_mae,128,1,foreground,0,primary_full_target_density1
0.04837112597056797,0.06482690978134091,0.03306024974365255,adaptive,0.9,20,masked_mae,128,1,full_frame,0,primary_full_target_density1
0.0501633888586259,0.06572832989808801,0.03512000143689252,released,1.0,20,masked_mae,128,1,full_frame,0,primary_full_target_density1
0.018076676355110132,0.028968709852215443,0.007711275275448673,adaptive,0.7,20,masked_mae,128,1,head_foreground,0,primary_full_target_density1
0.019082907167524164,0.03019280374532405,0.008213981083627971,released,0.7,20,masked_mae,128,1,head_foreground,0,primary_full_target_density1
-0.009167467314587719,-0.0050715449414790136,-0.013777121456792541,adaptive,0.15,20,masked_mae,128,1,head_supported,0,primary_full_target_density1
-0.009840600090091616,-0.00512648178017766,-0.01639736041322863,released,0.1,20,masked_mae,128,1,head_supported,0,primary_full_target_density1
0.22033521800601333,0.2921646013694827,0.15126864698431397,adaptive,0.95,20,masked_mae,128,1,head_unsupported,0,primary_full_target_density1
0.2344343133141876,0.30233043390563186,0.16983002536579386,released,1.0,20,masked_mae,128,1,head_unsupported,0,primary_full_target_density1
-0.00638451154872568,-0.003450205197571543,-0.00951490302604496,adaptive,0.1,20,masked_mae,128,1,oral,0,primary_full_target_density1
-0.0037458264471333844,-0.0015064741174879777,-0.006006291107840304,released,0.2,20,masked_mae,128,1,oral,0,primary_full_target_density1
0.29914541781397885,0.36236652881050296,0.23209305376581524,adaptive,1.0,20,masked_mae,128,1,torso_outside_head_roi,0,primary_full_target_density1
0.31055952357008987,0.3752321360115106,0.24109155463329401,released,0.95,20,masked_mae,128,1,torso_outside_head_roi,0,primary_full_target_density1
-0.02222928803282507,-0.016344568207347466,-0.028329540851374777,adaptive,0.05,20,masked_mae,128,4,background,0,primary_full_target_density1
-0.023312448910854898,-0.014285111370777509,-0.03335930091135849,released,0.15,20,masked_mae,128,4,background,0,primary_full_target_density1
0.001962735371138953,0.006404185481611802,-0.0024039125079763314,adaptive,0.6,20,masked_mae,128,4,eyes,0,primary_full_target_density1
-0.0007183998589941728,0.0027602510814105806,-0.004100058853715803,released,0.45,20,masked_mae,128,4,eyes,0,primary_full_target_density1
-0.005824035233318812,-0.0010058017186549272,-0.010800730146321366,adaptive,0.35,20,masked_mae,128,4,flame_supported,0,primary_full_target_density1
-0.005097724145475446,-1.0341894711250364e-05,-0.010203563466544404,released,0.35,20,masked_mae,128,4,flame_supported,0,primary_full_target_density1
0.3492423166261682,0.4272046073744133,0.2728637009828883,adaptive,1.0,20,masked_mae,128,4,flame_unsupported,0,primary_full_target_density1
0.36136920124135263,0.4345179864670569,0.2855952186061858,released,1.0,20,masked_mae,128,4,flame_unsupported,0,primary_full_target_density1
0.09914099096826298,0.12383414274606344,0.07477753980689625,adaptive,0.95,20,masked_mae,128,4,foreground,0,primary_full_target_density1
0.10347992952397596,0.12673153860834785,0.07876878163417268,released,0.95,20,masked_mae,128,4,foreground,0,primary_full_target_density1
0.04632888127621212,0.061775788890182474,0.03127830386900705,adaptive,0.9,20,masked_mae,128,4,full_frame,0,primary_full_target_density1
0.04813634355862935,0.06292419945692883,0.03400866497195129,released,0.95,20,masked_mae,128,4,full_frame,0,primary_full_target_density1
0.015542307377986907,0.02519950087547723,0.006194325699758206,adaptive,0.65,20,masked_mae,128,4,head_foreground,0,primary_full_target_density1
0.017539639952665477,0.02697060242933818,0.008727294431184947,released,0.7,20,masked_mae,128,4,head_foreground,0,primary_full_target_density1
-0.013119825409386127,-0.009783568580600088,-0.016840672361447546,adaptive,0.0,20,masked_mae,128,4,head_supported,0,primary_full_target_density1
-0.012252909777367203,-0.008311367316937178,-0.016537198023140683,released,0.0,20,masked_mae,128,4,head_supported,0,primary_full_target_density1
0.23049904341062963,0.2999923336694167,0.1660696952822008,adaptive,0.95,20,masked_mae,128,4,head_unsupported,0,primary_full_target_density1
0.24172363227707344,0.3072934640213502,0.17876524549700934,released,1.0,20,masked_mae,128,4,head_unsupported,0,primary_full_target_density1
-0.009182910451889828,-0.006264619728809045,-0.012461176471423533,adaptive,0.05,20,masked_mae,128,4,oral,0,primary_full_target_density1
-0.00520667107425739,-0.0026822478006905117,-0.007771279429957368,released,0.2,20,masked_mae,128,4,oral,0,primary_full_target_density1
0.2983224509980423,0.3642677600422145,0.23096785812235257,adaptive,1.0,20,masked_mae,128,4,torso_outside_head_roi,0,primary_full_target_density1
0.3116382903740709,0.37292610234981105,0.24482554333204146,released,1.0,20,masked_mae,128,4,torso_outside_head_roi,0,primary_full_target_density1
-0.022229926065028653,-0.016083581738552007,-0.02868315033047954,adaptive,0.05,20,masked_mae,128,8,background,0,primary_full_target_density1
-0.02318994358992404,-0.01415196812852186,-0.03336672688831904,released,0.15,20,masked_mae,128,8,background,0,primary_full_target_density1
0.0033452686470669068,0.007822838907692562,-0.001102525253852525,adaptive,0.65,20,masked_mae,128,8,eyes,0,primary_full_target_density1
0.00013824518838290653,0.0036684937477056553,-0.003353650735969887,released,0.5,20,masked_mae,128,8,eyes,0,primary_full_target_density1
-0.006523098141676474,-0.0014613070197811852,-0.011723454070306324,adaptive,0.4,20,masked_mae,128,8,flame_supported,0,primary_full_target_density1
-0.005598925141978751,-0.00043409124582416295,-0.010880843551188632,released,0.35,20,masked_mae,128,8,flame_supported,0,primary_full_target_density1
0.35944433207729765,0.4355803860514001,0.2831086837463682,adaptive,1.0,20,masked_mae,128,8,flame_unsupported,0,primary_full_target_density1
0.3670980234996636,0.4407592404513405,0.29041960348275025,released,1.0,20,masked_mae,128,8,flame_unsupported,0,primary_full_target_density1
0.10348060630552854,0.1287590609008041,0.0777798555678385,adaptive,1.0,20,masked_mae,128,8,foreground,0,primary_full_target_density1
0.10655630134991419,0.12957205384581846,0.08211096516870449,released,1.0,20,masked_mae,128,8,foreground,0,primary_full_target_density1
0.04800884780429659,0.06432449271475081,0.0332023315067157,adaptive,0.95,20,masked_mae,128,8,full_frame,0,primary_full_target_density1
0.049269749230636664,0.06440378805066084,0.035135149437756766,released,1.0,20,masked_mae,128,8,full_frame,0,primary_full_target_density1
0.015754829830767418,0.02569022052825303,0.006142661774759532,adaptive,0.65,20,masked_mae,128,8,head_foreground,0,primary_full_target_density1
0.017329405369568313,0.026523780396895038,0.00869666349230082,released,0.7,20,masked_mae,128,8,head_foreground,0,primary_full_target_density1
-0.01383839436762457,-0.01022444325108708,-0.017993326128856717,adaptive,0.0,20,masked_mae,128,8,head_supported,0,primary_full_target_density1
-0.012674588705206893,-0.008613962101023182,-0.01726163092228329,released,0.0,20,masked_mae,128,8,head_supported,0,primary_full_target_density1
0.23676282822130612,0.30355692148137203,0.17027577031496982,adaptive,0.95,20,masked_mae,128,8,head_unsupported,0,primary_full_target_density1
0.24497374299867083,0.31020722841799625,0.18355378473826892,released,1.0,20,masked_mae,128,8,head_unsupported,0,primary_full_target_density1
-0.008658048663886007,-0.005429387137025739,-0.012132009666355607,adaptive,0.05,20,masked_mae,128,8,oral,0,primary_full_target_density1
-0.005101817677057698,-0.0023108313632822426,-0.007671792305220423,released,0.15,20,masked_mae,128,8,oral,0,primary_full_target_density1
0.3057226632760888,0.3698405393659549,0.23960105491356387,adaptive,1.0,20,masked_mae,128,8,torso_outside_head_roi,0,primary_full_target_density1
0.3146360332774482,0.3783043184006095,0.24747758767266145,released,1.0,20,masked_mae,128,8,torso_outside_head_roi,0,primary_full_target_density1
-0.02097554477077413,-0.013747884757026147,-0.029861984004221805,adaptive,0.1,20,masked_mae,384,1,background,0,primary_full_target_density1
-0.018866682850848093,-0.010709063895695248,-0.0292510742481417,released,0.15,20,masked_mae,384,1,background,0,primary_full_target_density1
0.002091238678627255,0.004830442572825933,-0.000471553194022634,adaptive,0.6,20,masked_mae,384,1,eyes,0,primary_full_target_density1
-8.006594076560362e-05,0.0029773849387694476,-0.0028727535312354628,released,0.4,20,masked_mae,384,1,eyes,0,primary_full_target_density1
-0.0021831627792015668,0.002675668364264188,-0.007091319323288177,adaptive,0.55,20,masked_mae,384,1,flame_supported,0,primary_full_target_density1
-0.0006624435042744479,0.0038242695807177616,-0.005418779316422216,released,0.5,20,masked_mae,384,1,flame_supported,0,primary_full_target_density1
0.3629759530896942,0.43666414709278906,0.28390954353455367,adaptive,1.0,20,masked_mae,384,1,flame_unsupported,0,primary_full_target_density1
0.37867614960723267,0.4523057975224793,0.3024629434479107,released,1.0,20,masked_mae,384,1,flame_unsupported,0,primary_full_target_density1
0.10725296146321923,0.13173009089346155,0.08129533293093896,adaptive,0.9,20,masked_mae,384,1,foreground,0,primary_full_target_density1
0.11267190996194743,0.13720082305364997,0.08652104949230321,released,0.95,20,masked_mae,384,1,foreground,0,primary_full_target_density1
0.05032694676479736,0.06566887486645412,0.03546553550151005,adaptive,0.9,20,masked_mae,384,1,full_frame,0,primary_full_target_density1
0.05432436510081932,0.0695888404886831,0.03990252348670971,released,1.0,20,masked_mae,384,1,full_frame,0,primary_full_target_density1
0.020570531729873595,0.03257149150884824,0.009696241684528439,adaptive,0.75,20,masked_mae,384,1,head_foreground,0,primary_full_target_density1
0.024424030790473478,0.03512028003643353,0.014218637711480615,released,0.85,20,masked_mae,384,1,head_foreground,0,primary_full_target_density1
-0.007994098903168146,-0.0044729571199699026,-0.011500702075083065,adaptive,0.1,20,masked_mae,384,1,head_supported,0,primary_full_target_density1
-0.00651949576222507,-0.0040539042083915545,-0.009071895943443124,released,0.15,20,masked_mae,384,1,head_supported,0,primary_full_target_density1
0.22514448941673768,0.29725956927573943,0.1543906934727567,adaptive,0.9,20,masked_mae,384,1,head_unsupported,0,primary_full_target_density1
0.25121036893593834,0.31761148932435584,0.18576284888256236,released,1.0,20,masked_mae,384,1,head_unsupported,0,primary_full_target_density1
-0.006616060883052737,-0.0038268945738789773,-0.009667659965201095,adaptive,0.15,20,masked_mae,384,1,oral,0,primary_full_target_density1
-0.00412406517655869,-0.0016090260191059735,-0.006807307268632213,released,0.25,20,masked_mae,384,1,oral,0,primary_full_target_density1
0.31788794494100886,0.38029778545777804,0.25049839965521314,adaptive,1.0,20,masked_mae,384,1,torso_outside_head_roi,0,primary_full_target_density1
0.325726073221079,0.3913052008188738,0.25294712500708305,released,0.95,20,masked_mae,384,1,torso_outside_head_roi,0,primary_full_target_density1
-0.020645527703596966,-0.014534611818436082,-0.026993020575949277,adaptive,0.05,20,masked_mae,384,4,background,0,primary_full_target_density1
-0.019032803110034496,-0.01240136800617796,-0.02727805561066249,released,0.1,20,masked_mae,384,4,background,0,primary_full_target_density1
0.0007385403753704768,0.003869720410812166,-0.002103734884916876,adaptive,0.5,20,masked_mae,384,4,eyes,0,primary_full_target_density1
-0.0017500490693268486,0.0017544564807869555,-0.005228919430517908,released,0.45,20,masked_mae,384,4,eyes,0,primary_full_target_density1
-0.006173676556168071,-0.0012797212362925636,-0.011055605608163169,adaptive,0.35,20,masked_mae,384,4,flame_supported,0,primary_full_target_density1
-0.0033899155978740205,0.0016665975362851833,-0.008486237127879834,released,0.35,20,masked_mae,384,4,flame_supported,0,primary_full_target_density1
0.3608925984061536,0.4343281533871801,0.2837828627655892,adaptive,1.0,20,masked_mae,384,4,flame_unsupported,0,primary_full_target_density1
0.3799548455824343,0.45501694121763625,0.30090360257594506,released,1.0,20,masked_mae,384,4,flame_unsupported,0,primary_full_target_density1
0.10288065716198855,0.1268478112731659,0.07842666206716509,adaptive,0.95,20,masked_mae,384,4,foreground,0,primary_full_target_density1
0.11038884565546278,0.13449705881803767,0.08564005783253775,released,1.0,20,masked_mae,384,4,foreground,0,primary_full_target_density1
0.049011322601439214,0.06356987899492594,0.03518025763312319,adaptive,0.9,20,masked_mae,384,4,full_frame,0,primary_full_target_density1
0.05389012022780319,0.06901840410982939,0.03934603637243434,released,0.95,20,masked_mae,384,4,full_frame,0,primary_full_target_density1
0.01657358519570345,0.02776347641158973,0.006051045771700724,adaptive,0.65,20,masked_mae,384,4,head_foreground,0,primary_full_target_density1
0.021590628868296987,0.03177623509371258,0.011880517797358546,released,0.75,20,masked_mae,384,4,head_foreground,0,primary_full_target_density1
-0.013310343283334209,-0.009910073975989517,-0.01709755474615238,adaptive,0.0,20,masked_mae,384,4,head_supported,0,primary_full_target_density1
-0.010528338631399417,-0.007330386821370771,-0.013852149241828033,released,0.0,20,masked_mae,384,4,head_supported,0,primary_full_target_density1
0.23048400026142052,0.3019975665785376,0.1602644988774317,adaptive,0.95,20,masked_mae,384,4,head_unsupported,0,primary_full_target_density1
0.2576739458318682,0.32417313110086204,0.19220956310328768,released,1.0,20,masked_mae,384,4,head_unsupported,0,primary_full_target_density1
-0.008054354990572679,-0.005245367474296157,-0.011180591061039488,adaptive,0.1,20,masked_mae,384,4,oral,0,primary_full_target_density1
-0.005654636262709357,-0.0033754298545722794,-0.00796575900622939,released,0.2,20,masked_mae,384,4,oral,0,primary_full_target_density1
0.3127326402921449,0.37524728044723593,0.24439018476191915,adaptive,1.0,20,masked_mae,384,4,torso_outside_head_roi,0,primary_full_target_density1
0.3247343045229618,0.38954409365249965,0.2551739983516338,released,1.0,20,masked_mae,384,4,torso_outside_head_roi,0,primary_full_target_density1
-0.020427137556023458,-0.014536249666917272,-0.026623259692892167,adaptive,0.05,20,masked_mae,384,8,background,0,primary_full_target_density1
-0.021836918379466302,-0.015075362224565441,-0.030856628056228616,released,0.0,20,masked_mae,384,8,background,0,primary_full_target_density1
0.0025136523089755243,0.005769495848205129,-0.0006712250697589693,adaptive,0.65,20,masked_mae,384,8,eyes,0,primary_full_target_density1
-0.0014109863262325452,0.002376764690538988,-0.00503870376317333,released,0.4,20,masked_mae,384,8,eyes,0,primary_full_target_density1
-0.006583715817084892,-0.0013515560524552286,-0.011960834565281351,adaptive,0.4,20,masked_mae,384,8,flame_supported,0,primary_full_target_density1
-0.004692941403960144,0.0007749802063689897,-0.01001922946271734,released,0.35,20,masked_mae,384,8,flame_supported,0,primary_full_target_density1
0.3683723090319254,0.44191384857596894,0.29333270594871685,adaptive,1.0,20,masked_mae,384,8,flame_unsupported,0,primary_full_target_density1
0.3878579059854725,0.46071821375924976,0.3124031539729461,released,1.0,20,masked_mae,384,8,flame_unsupported,0,primary_full_target_density1
0.10628534392044538,0.13028259760325855,0.08150656653042267,adaptive,1.0,20,masked_mae,384,8,foreground,0,primary_full_target_density1
0.11327401969163511,0.1377233171854095,0.08830330350000602,released,1.0,20,masked_mae,384,8,foreground,0,primary_full_target_density1
0.05029907430405224,0.0651474786204693,0.036062783606640704,adaptive,0.95,20,masked_mae,384,8,full_frame,0,primary_full_target_density1
0.053506737328194956,0.06908204031906603,0.038766469285859674,released,1.0,20,masked_mae,384,8,full_frame,0,primary_full_target_density1
0.016355507639798546,0.027418239734343933,0.006092843598449927,adaptive,0.65,20,masked_mae,384,8,head_foreground,0,primary_full_target_density1
0.020653321685550702,0.03016018655081584,0.011208057706360856,released,0.75,20,masked_mae,384,8,head_foreground,0,primary_full_target_density1
-0.013613363828416358,-0.009816496311285882,-0.01796177415028293,adaptive,0.0,20,masked_mae,384,8,head_supported,0,primary_full_target_density1
-0.011872096988881229,-0.008237983666029892,-0.01565800342875994,released,0.0,20,masked_mae,384,8,head_supported,0,primary_full_target_density1
0.23376893120005557,0.3047323262383215,0.16196044191538111,adaptive,0.95,20,masked_mae,384,8,head_unsupported,0,primary_full_target_density1
0.26244516108286275,0.32679062183807484,0.20020326904347693,released,1.0,20,masked_mae,384,8,head_unsupported,0,primary_full_target_density1
-0.008198427142732006,-0.004995135886069481,-0.011572939323333512,adaptive,0.2,20,masked_mae,384,8,oral,0,primary_full_target_density1
-0.006384872519487028,-0.0038136070299234926,-0.00917148276049129,released,0.2,20,masked_mae,384,8,oral,0,primary_full_target_density1
0.3170008350646435,0.3793288519344554,0.2511547430936434,adaptive,1.0,20,masked_mae,384,8,torso_outside_head_roi,0,primary_full_target_density1
0.32909945792837114,0.39414204882262804,0.2615515947306311,released,1.0,20,masked_mae,384,8,torso_outside_head_roi,0,primary_full_target_density1
-0.012724894074932682,-0.0018060903939081745,-0.025389867672744374,adaptive,0.35,20,masked_mae,8,1,background,1,full_target_density2
-0.007345598787150404,0.0027700665826785446,-0.018419192072531874,released,0.45,20,masked_mae,8,1,background,1,full_target_density2
0.002879433127257763,0.00870014202622843,-0.0021297528067755547,adaptive,0.55,20,masked_mae,8,1,eyes,1,full_target_density2
0.0004471492916287265,0.005619694934195722,-0.005692605028652968,released,0.55,20,masked_mae,8,1,eyes,1,full_target_density2
-0.02163937271738675,-0.015158686267204412,-0.02885776462027561,adaptive,0.05,20,masked_mae,8,1,flame_supported,1,full_target_density2
-0.022541056998071057,-0.015056503852409548,-0.03046499375500291,released,0.05,20,masked_mae,8,1,flame_supported,1,full_target_density2
0.2212078142253228,0.2837206074788844,0.15874888176871424,adaptive,0.95,20,masked_mae,8,1,flame_unsupported,1,full_target_density2
0.20233409578791753,0.266306969524272,0.13752850171320866,released,0.95,20,masked_mae,8,1,flame_unsupported,1,full_target_density2
0.05039636234755783,0.07038416279232705,0.02843725779985802,adaptive,0.85,20,masked_mae,8,1,foreground,1,full_target_density2
0.04426068246550735,0.06575826944375188,0.021467739108031885,released,0.85,20,masked_mae,8,1,foreground,1,full_target_density2
0.021967340096250756,0.03801718187054772,0.004377633645098449,adaptive,0.75,20,masked_mae,8,1,full_frame,1,full_target_density2
0.021144658881864502,0.037337723703030894,0.0046480951925892845,released,0.7,20,masked_mae,8,1,full_frame,1,full_target_density2
-0.008288123448153845,-0.001197957857397845,-0.014938426509121453,adaptive,0.25,20,masked_mae,8,1,head_foreground,1,full_target_density2
-0.013185391077859007,-0.006576358333033658,-0.0198159104168831,released,0.35,20,masked_mae,8,1,head_foreground,1,full_target_density2
-0.020192235887751642,-0.01528204817626411,-0.025118313822600328,adaptive,0.0,20,masked_mae,8,1,head_supported,1,full_target_density2
-0.02169955255322708,-0.016070418796413598,-0.027309058424553435,released,0.05,20,masked_mae,8,1,head_supported,1,full_target_density2
0.08574462355771542,0.11638728295045424,0.05541234934083303,adaptive,0.85,20,masked_mae,8,1,head_unsupported,1,full_target_density2
0.05417733621431048,0.08341319909208095,0.025432952764462738,released,0.8,20,masked_mae,8,1,head_unsupported,1,full_target_density2
-0.0037535086127489735,-0.0010791673985360395,-0.006679532786591742,adaptive,0.25,20,masked_mae,8,1,oral,1,full_target_density2
-0.0025857261206009433,-0.00014570314541422798,-0.005065223853391025,released,0.4,20,masked_mae,8,1,oral,1,full_target_density2
0.18575405295295097,0.24688636223108543,0.11937144182021218,adaptive,0.85,20,masked_mae,8,1,torso_outside_head_roi,1,full_target_density2
0.17021984437569104,0.23298282192691364,0.10501780702170976,released,0.85,20,masked_mae,8,1,torso_outside_head_roi,1,full_target_density2
-0.012807363248489242,-0.000594489366712939,-0.02601353383769355,adaptive,0.5,20,masked_mae,8,4,background,1,full_target_density2
-0.008493134596133425,0.004040353582867991,-0.023155066026493466,released,0.55,20,masked_mae,8,4,background,1,full_target_density2
-0.0006447225030111466,0.0049197962579057754,-0.005574810129534715,adaptive,0.45,20,masked_mae,8,4,eyes,1,full_target_density2
0.00020516141216592385,0.0038410372435830438,-0.003934228835070098,released,0.55,20,masked_mae,8,4,eyes,1,full_target_density2
-0.019608667557118965,-0.013800974685216192,-0.025953003671275204,adaptive,0.05,20,masked_mae,8,4,flame_supported,1,full_target_density2
-0.021284912575395675,-0.01530706257761793,-0.027947526089472707,released,0.0,20,masked_mae,8,4,flame_supported,1,full_target_density2
0.2363855425893433,0.2863940991969899,0.18688453018677106,adaptive,1.0,20,masked_mae,8,4,flame_unsupported,1,full_target_density2
0.212438802885423,0.26286463054654985,0.16652322938164707,released,1.0,20,masked_mae,8,4,flame_unsupported,1,full_target_density2
0.05517901376221342,0.07205794109961432,0.03783665828130335,adaptive,0.95,20,masked_mae,8,4,foreground,1,full_target_density2
0.04905598961993361,0.06491658280403109,0.032730920303982274,released,0.95,20,masked_mae,8,4,foreground,1,full_target_density2
0.025148090038746195,0.040284358380418835,0.009615690462681223,adaptive,0.8,20,masked_mae,8,4,full_frame,1,full_target_density2
0.023652532048133453,0.03797677942790274,0.009242658713632383,released,0.8,20,masked_mae,8,4,full_frame,1,full_target_density2
-0.007308850067775752,-0.000260674956271638,-0.014209936113523051,adaptive,0.35,20,masked_mae,8,4,head_foreground,1,full_target_density2
-0.013730677564568066,-0.0069311193026039206,-0.020425447829296433,released,0.25,20,masked_mae,8,4,head_foreground,1,full_target_density2
-0.02013110363996291,-0.015495163139905656,-0.024890718208911703,adaptive,0.0,20,masked_mae,8,4,head_supported,1,full_target_density2
-0.02116360468903284,-0.01594309607209105,-0.02684701208760956,released,0.0,20,masked_mae,8,4,head_supported,1,full_target_density2
0.08913147545579157,0.11821055594906092,0.05901805442941469,adaptive,0.85,20,masked_mae,8,4,head_unsupported,1,full_target_density2
0.037758457797060066,0.06541885995332974,0.011637042523051087,released,0.7,20,masked_mae,8,4,head_unsupported,1,full_target_density2
-0.005268194117332635,-0.002821570057798463,-0.008235000020356851,adaptive,0.25,20,masked_mae,8,4,oral,1,full_target_density2
-0.0026974645196441286,-0.00029577091797495337,-0.005265991270775134,released,0.3,20,masked_mae,8,4,oral,1,full_target_density2
0.20234033582736358,0.2524259872213836,0.1503113283741087,adaptive,0.9,20,masked_mae,8,4,torso_outside_head_roi,1,full_target_density2
0.18735851476025026,0.23403672354449886,0.14257556602452956,released,1.0,20,masked_mae,8,4,torso_outside_head_roi,1,full_target_density2
-0.013855306935106407,-0.0016381677181131718,-0.027333458036871126,adaptive,0.45,20,masked_mae,8,8,background,1,full_target_density2
-0.00814148926521226,0.003115546787813391,-0.02202963280856652,released,0.55,20,masked_mae,8,8,background,1,full_target_density2
4.2294431716283916e-05,0.00553401587945561,-0.00492080877148003,adaptive,0.4,20,masked_mae,8,8,eyes,1,full_target_density2
0.0012948288769800476,0.004975571793351323,-0.0028387133041454264,released,0.55,20,masked_mae,8,8,eyes,1,full_target_density2
-0.020114559329978972,-0.01453083299826492,-0.026196063453309448,adaptive,0.05,20,masked_mae,8,8,flame_supported,1,full_target_density2
-0.019800777154742592,-0.014330656695116697,-0.02516724981191259,released,0.05,20,masked_mae,8,8,flame_supported,1,full_target_density2
0.24245696404578604,0.29579314063358747,0.19253781556207378,adaptive,1.0,20,masked_mae,8,8,flame_unsupported,1,full_target_density2
0.2231722614757657,0.27317687558636194,0.17745009682669394,released,1.0,20,masked_mae,8,8,flame_unsupported,1,full_target_density2
0.05761435686340631,0.07563941634566088,0.03979001370881743,adaptive,0.95,20,masked_mae,8,8,foreground,1,full_target_density2
0.05410325563603939,0.07060914594056217,0.03811088671088446,released,0.95,20,masked_mae,8,8,foreground,1,full_target_density2
0.025553020512386827,0.04082872741021117,0.009924811037071851,adaptive,0.8,20,masked_mae,8,8,full_frame,1,full_target_density2
0.026365989162808374,0.04056731639228341,0.012371482175666025,released,0.8,20,masked_mae,8,8,full_frame,1,full_target_density2
-0.007834924888813197,-0.0009762733426594936,-0.014226123695025458,adaptive,0.35,20,masked_mae,8,8,head_foreground,1,full_target_density2
-0.012665490411522498,-0.006227340458473815,-0.019029100743121072,released,0.2,20,masked_mae,8,8,head_foreground,1,full_target_density2
-0.02066423164661854,-0.01638359012690547,-0.025028022291844965,adaptive,0.0,20,masked_mae,8,8,head_supported,1,full_target_density2
-0.020529866040173133,-0.015877937860319893,-0.025318875796629926,released,0.0,20,masked_mae,8,8,head_supported,1,full_target_density2
0.08958838670529226,0.12049781870223629,0.057581027658299117,adaptive,0.8,20,masked_mae,8,8,head_unsupported,1,full_target_density2
0.04458408822698163,0.0743310066603237,0.017844820670027347,released,0.7,20,masked_mae,8,8,head_unsupported,1,full_target_density2
-0.004776894826120719,-0.002374512016095118,-0.007689272241119361,adaptive,0.15,20,masked_mae,8,8,oral,1,full_target_density2
-0.0019158202207400052,0.0003692548666626085,-0.004545457534362416,released,0.4,20,masked_mae,8,8,oral,1,full_target_density2
0.20839832336361636,0.2598325705624346,0.15571726695134294,adaptive,0.9,20,masked_mae,8,8,torso_outside_head_roi,1,full_target_density2
0.19837516990297865,0.24457560710116194,0.15352744185907363,released,1.0,20,masked_mae,8,8,torso_outside_head_roi,1,full_target_density2
-0.01189585870355128,-0.005871632767350162,-0.01915854488708081,adaptive,0.2,20,masked_mae,384,1,background,1,full_target_density2
-0.009813963364287318,-0.003431134870222736,-0.01813665010594654,released,0.25,20,masked_mae,384,1,background,1,full_target_density2
0.0009766014304229374,0.003709929293162939,-0.001706024487541994,adaptive,0.6,20,masked_mae,384,1,eyes,1,full_target_density2
-0.0013801727543005047,0.0023943972115561944,-0.005204508335111849,released,0.4,20,masked_mae,384,1,eyes,1,full_target_density2
-0.0025026990822227223,0.001832596053252438,-0.007260129318710487,adaptive,0.4,20,masked_mae,384,1,flame_supported,1,full_target_density2
-0.002268591750953544,0.0018193177722970694,-0.006713732650384788,released,0.5,20,masked_mae,384,1,flame_supported,1,full_target_density2
0.36342831451810087,0.4332498345563399,0.2908620915634917,adaptive,1.0,20,masked_mae,384,1,flame_unsupported,1,full_target_density2
0.35934321261332636,0.4289225826526936,0.28894417901412267,released,1.0,20,masked_mae,384,1,flame_unsupported,1,full_target_density2
0.10735009297265578,0.1310478049825501,0.08293384962231977,adaptive,1.0,20,masked_mae,384,1,foreground,1,full_target_density2
0.10556489581028575,0.1283205624174935,0.08134049389539498,released,1.0,20,masked_mae,384,1,foreground,1,full_target_density2
0.054293671353554826,0.06858297014810563,0.03992745262171541,adaptive,1.0,20,masked_mae,384,1,full_frame,1,full_target_density2
0.05417427365139965,0.06831189615901928,0.040452303591293176,released,1.0,20,masked_mae,384,1,full_frame,1,full_target_density2
0.019626629833676624,0.029934020069460648,0.009650947245504509,adaptive,0.75,20,masked_mae,384,1,head_foreground,1,full_target_density2
0.02169725622734216,0.03144090297676714,0.012763067041228779,released,0.85,20,masked_mae,384,1,head_foreground,1,full_target_density2
-0.004871255467436131,-0.0019104388927332508,-0.007871553160718244,adaptive,0.25,20,masked_mae,384,1,head_supported,1,full_target_density2
-0.004530399698527286,-0.001723291421691741,-0.007477084830677178,released,0.25,20,masked_mae,384,1,head_supported,1,full_target_density2
0.19789564387549427,0.2643315159854016,0.1318724206557085,adaptive,0.9,20,masked_mae,384,1,head_unsupported,1,full_target_density2
0.21730447789409096,0.2753288407174639,0.16165307174775032,released,1.0,20,masked_mae,384,1,head_unsupported,1,full_target_density2
-0.003684135171844605,-0.0008823669277190736,-0.0067418779402951875,adaptive,0.35,20,masked_mae,384,1,oral,1,full_target_density2
-0.0029418217704048327,-0.00018986576991189612,-0.006125487990816286,released,0.45,20,masked_mae,384,1,oral,1,full_target_density2
0.319529848303381,0.37739628485094484,0.2567044092643855,adaptive,1.0,20,masked_mae,384,1,torso_outside_head_roi,1,full_target_density2
0.3074981581308959,0.3656491443615061,0.2451527367250757,released,1.0,20,masked_mae,384,1,torso_outside_head_roi,1,full_target_density2
-0.015875339945236953,-0.009576430409746338,-0.022851886875884086,adaptive,0.15,20,masked_mae,384,4,background,1,full_target_density2
-0.014611879105728798,-0.007564453162221236,-0.022561371816166742,released,0.2,20,masked_mae,384,4,background,1,full_target_density2
-0.0004063591047896439,0.0026035073744924407,-0.0034925762331871903,adaptive,0.5,20,masked_mae,384,4,eyes,1,full_target_density2
-0.0008401015465084275,0.0034036699444200745,-0.005173230044851223,released,0.45,20,masked_mae,384,4,eyes,1,full_target_density2
-0.0025995514086570204,0.0008415257845713037,-0.006754729692281302,adaptive,0.4,20,masked_mae,384,4,flame_supported,1,full_target_density2
-0.0008980663257744697,0.002505845683182637,-0.004587493957975701,released,0.55,20,masked_mae,384,4,flame_supported,1,full_target_density2
0.3730041835631358,0.43945144194070457,0.30404340960905046,adaptive,1.0,20,masked_mae,384,4,flame_unsupported,1,full_target_density2
0.37573667484631545,0.4419553068609059,0.3082027515041864,released,1.0,20,masked_mae,384,4,flame_unsupported,1,full_target_density2
0.10901620825051075,0.1308011856103734,0.0860839695835825,adaptive,1.0,20,masked_mae,384,4,foreground,1,full_target_density2
0.11039729426446492,0.13207826867821593,0.08790505082569049,released,1.0,20,masked_mae,384,4,foreground,1,full_target_density2
0.053960479504477556,0.06849317168442343,0.040582127965186246,adaptive,1.0,20,masked_mae,384,4,full_frame,1,full_target_density2
0.05533889343259092,0.06926538570114403,0.04220706482194673,released,1.0,20,masked_mae,384,4,full_frame,1,full_target_density2
0.020776541801623288,0.031430191084119236,0.010958956723351433,adaptive,0.75,20,masked_mae,384,4,head_foreground,1,full_target_density2
0.024719684812768494,0.0346021249201804,0.01518770239101147,released,0.85,20,masked_mae,384,4,head_foreground,1,full_target_density2
-0.005871118959510013,-0.0036170473897035125,-0.008347992549689565,adaptive,0.05,20,masked_mae,384,4,head_supported,1,full_target_density2
-0.004031313854330719,-0.0019870596677799023,-0.006123819694275049,released,0.25,20,masked_mae,384,4,head_supported,1,full_target_density2
0.2129226896615905,0.2812446129318873,0.14672589133010308,adaptive,0.9,20,masked_mae,384,4,head_unsupported,1,full_target_density2
0.2360262135916838,0.29474389662699757,0.17667692362197468,released,1.0,20,masked_mae,384,4,head_unsupported,1,full_target_density2
-0.004918374327067076,-0.0021400677805641245,-0.008001364657921539,adaptive,0.2,20,masked_mae,384,4,oral,1,full_target_density2
-0.004099116755576347,-0.0018482898618144693,-0.006663585709937591,released,0.2,20,masked_mae,384,4,oral,1,full_target_density2
0.32214819254228017,0.3759832140813342,0.26401822087387755,adaptive,1.0,20,masked_mae,384,4,torso_outside_head_roi,1,full_target_density2
0.31870393022383137,0.3727191965828234,0.2603845838016334,released,1.0,20,masked_mae,384,4,torso_outside_head_roi,1,full_target_density2
-0.016274279869070284,-0.010027675009056117,-0.023545742698699537,adaptive,0.15,20,masked_mae,384,8,background,1,full_target_density2
-0.0182053026868917,-0.010951586174592406,-0.027174183108218886,released,0.15,20,masked_mae,384,8,background,1,full_target_density2
0.0009822584210342322,0.004295062272808346,-0.002338142577859648,adaptive,0.6,20,masked_mae,384,8,eyes,1,full_target_density2
0.0005022098567304282,0.00448776178439634,-0.00372702266374228,released,0.6,20,masked_mae,384,8,eyes,1,full_target_density2
-0.0029712410159390373,0.000637919675274205,-0.007048400301474103,adaptive,0.4,20,masked_mae,384,8,flame_supported,1,full_target_density2
-0.0016406024228860683,0.0019770964734032235,-0.005559668628465986,released,0.55,20,masked_mae,384,8,flame_supported,1,full_target_density2
0.38012337507168903,0.4459428501645917,0.31074338675125057,adaptive,1.0,20,masked_mae,384,8,flame_unsupported,1,full_target_density2
0.3838971942838241,0.4490758825355193,0.3158365934956605,released,1.0,20,masked_mae,384,8,flame_unsupported,1,full_target_density2
0.11265193859200529,0.13503151930426172,0.08957743009184277,adaptive,1.0,20,masked_mae,384,8,foreground,1,full_target_density2
0.11401576605084571,0.13668308252274727,0.09116520548553558,released,1.0,20,masked_mae,384,8,foreground,1,full_target_density2
0.055146796078909,0.07016941862382413,0.041052802753396865,adaptive,1.0,20,masked_mae,384,8,full_frame,1,full_target_density2
0.055132710546642136,0.06943904201447705,0.041627781575634355,released,1.0,20,masked_mae,384,8,full_frame,1,full_target_density2
0.02058033821080276,0.030926708947831772,0.01105028021357068,adaptive,0.8,20,masked_mae,384,8,head_foreground,1,full_target_density2
0.024397017851349352,0.03409021941641413,0.0150764071046331,released,0.8,20,masked_mae,384,8,head_foreground,1,full_target_density2
-0.006320372820824771,-0.004014284696590304,-0.008786126245309297,adaptive,0.05,20,masked_mae,384,8,head_supported,1,full_target_density2
-0.004671578294322962,-0.002508861868308788,-0.006807762724646453,released,0.1,20,masked_mae,384,8,head_supported,1,full_target_density2
0.21641366952124722,0.2822185793528703,0.15160095015400266,adaptive,0.9,20,masked_mae,384,8,head_unsupported,1,full_target_density2
0.24020338117606976,0.29898858897683284,0.18251051849511224,released,1.0,20,masked_mae,384,8,head_unsupported,1,full_target_density2
-0.0053832180792812104,-0.0025121975799851817,-0.008471986441877546,adaptive,0.1,20,masked_mae,384,8,oral,1,full_target_density2
-0.004295251199171085,-0.0019098472056551955,-0.006929794781159785,released,0.25,20,masked_mae,384,8,oral,1,full_target_density2
0.3272070284283344,0.38255672490378473,0.26991116884372374,adaptive,1.0,20,masked_mae,384,8,torso_outside_head_roi,1,full_target_density2
0.32434778143388604,0.38030744339366096,0.2645423815733268,released,1.0,20,masked_mae,384,8,torso_outside_head_roi,1,full_target_density2
0.0032855643512201146,0.006804575685398372,-4.622352144917455e-05,adaptive,0.6,20,masked_mae,8,1,background,1,head_target_density1
0.007111128095363964,0.010689122205395864,0.003438704525867467,released,0.75,20,masked_mae,8,1,background,1,head_target_density1
0.008176262369903856,0.01173330506625124,0.005640968567837125,adaptive,0.95,20,masked_mae,8,1,eyes,1,head_target_density1
0.004290009435842962,0.00813459236295878,0.0009391559680333414,released,0.6,20,masked_mae,8,1,eyes,1,head_target_density1
-0.005168724323755635,-0.00160805780076297,-0.008650016910837185,adaptive,0.25,20,masked_mae,8,1,flame_supported,1,head_target_density1
-0.0018908553467022588,0.0011930040220945362,-0.005134242024487487,released,0.4,20,masked_mae,8,1,flame_supported,1,head_target_density1
0.03245583461532604,0.04610404185013405,0.01988246688671955,adaptive,0.85,20,masked_mae,8,1,flame_unsupported,1,head_target_density1
0.04027667936532244,0.052492746288015715,0.028539048783202646,released,0.95,20,masked_mae,8,1,flame_unsupported,1,head_target_density1
0.006104664732720419,0.01055430820502986,0.001940839434029058,adaptive,0.6,20,masked_mae,8,1,foreground,1,head_target_density1
0.010319300964702557,0.01445643853664992,0.006401914459529294,released,0.85,20,masked_mae,8,1,foreground,1,head_target_density1
0.004641410682624565,0.007994881811596112,0.0014569637031008203,adaptive,0.65,20,masked_mae,8,1,full_frame,1,head_target_density1
0.008596787217891583,0.011711609961215046,0.005382245107195086,released,0.8,20,masked_mae,8,1,full_frame,1,head_target_density1
0.008632495705328088,0.013987778937100338,0.003533968539166242,adaptive,0.65,20,masked_mae,8,1,head_foreground,1,head_target_density1
0.007972584049368297,0.01275508152908015,0.003166000412166928,released,0.7,20,masked_mae,8,1,head_foreground,1,head_target_density1
-4.0423134314801146e-05,0.0036037671613754897,-0.003928559867399394,adaptive,0.5,20,masked_mae,8,1,head_supported,1,head_target_density1
-0.0002258177987723816,0.003214215839881845,-0.004156754127595049,released,0.45,20,masked_mae,8,1,head_supported,1,head_target_density1
0.06061967596430311,0.08977333891557256,0.031020939387305498,adaptive,0.8,20,masked_mae,8,1,head_unsupported,1,head_target_density1
0.05821850635531377,0.08513589188702737,0.030618176377088177,released,0.8,20,masked_mae,8,1,head_unsupported,1,head_target_density1
0.0009651626293163181,0.0034832964980077126,-0.0016913423361111157,adaptive,0.6,20,masked_mae,8,1,oral,1,head_target_density1
0.002767960005362118,0.00459291273497229,0.0008274521273051833,released,0.75,20,masked_mae,8,1,oral,1,head_target_density1
-0.0036427357936170746,0.007830521846341917,-0.012431232766965006,adaptive,0.35,20,masked_mae,8,1,torso_outside_head_roi,1,head_target_density1
0.013604346214852523,0.02360783785086007,0.004132696718713927,released,0.7,20,masked_mae,8,1,torso_outside_head_roi,1,head_target_density1
0.003921519000396006,0.008803562998507182,-0.00120852856837078,adaptive,0.75,20,masked_mae,8,4,background,1,head_target_density1
0.008154902027245356,0.011885446615910513,0.004144084676083985,released,0.75,20,masked_mae,8,4,background,1,head_target_density1
0.007022989797672125,0.010076898327532263,0.004391296228461713,adaptive,0.95,20,masked_mae,8,4,eyes,1,head_target_density1
0.006169322388758076,0.009224683291141294,0.00329978928392786,released,0.85,20,masked_mae,8,4,eyes,1,head_target_density1
-0.00833078349258352,-0.004846038587396761,-0.012022265649855536,adaptive,0.15,20,masked_mae,8,4,flame_supported,1,head_target_density1
-0.004827301615410011,-0.0017041019637805538,-0.008695453264692156,released,0.3,20,masked_mae,8,4,flame_supported,1,head_target_density1
0.03401968326933458,0.047546630456975505,0.021886834299317807,adaptive,0.95,20,masked_mae,8,4,flame_unsupported,1,head_target_density1
0.04391934859037937,0.05835168405494548,0.030592363730256915,released,1.0,20,masked_mae,8,4,flame_unsupported,1,head_target_density1
0.004095067607953697,0.007697334022185248,0.0005206923854988231,adaptive,0.65,20,masked_mae,8,4,foreground,1,head_target_density1
0.009089292051102746,0.012561437041963958,0.0056882816913907215,released,0.8,20,masked_mae,8,4,foreground,1,head_target_density1
0.003917910294099284,0.007094463809462611,0.0007715240806423203,adaptive,0.65,20,masked_mae,8,4,full_frame,1,head_target_density1
0.008375254248784592,0.011104001535446514,0.005521984553123635,released,0.8,20,masked_mae,8,4,full_frame,1,head_target_density1
0.007160522010614989,0.011325680793479127,0.0029549606842019507,adaptive,0.75,20,masked_mae,8,4,head_foreground,1,head_target_density1
0.007059123443521864,0.01150975731606584,0.0025369945331364403,released,0.7,20,masked_mae,8,4,head_foreground,1,head_target_density1
-0.0029743609124360097,0.00025311211403601056,-0.006956949256500489,adaptive,0.35,20,masked_mae,8,4,head_supported,1,head_target_density1
-0.00321335067355928,9.548357382717955e-05,-0.007730613028893617,released,0.45,20,masked_mae,8,4,head_supported,1,head_target_density1
0.07201396940831076,0.09781297672191869,0.04521097286433758,adaptive,0.75,20,masked_mae,8,4,head_unsupported,1,head_target_density1
0.07440601824748823,0.1043486445803205,0.0459472531008557,released,0.85,20,masked_mae,8,4,head_unsupported,1,head_target_density1
0.00042530809464969845,0.0028476392003379883,-0.002135308598128766,adaptive,0.55,20,masked_mae,8,4,oral,1,head_target_density1
-0.0009984164968012913,0.0016867777045536576,-0.003838753462969199,released,0.5,20,masked_mae,8,4,oral,1,head_target_density1
-0.005752296015113878,0.004265805530204274,-0.01356927842478884,adaptive,0.25,20,masked_mae,8,4,torso_outside_head_roi,1,head_target_density1
0.012391820560779523,0.02123064585655818,0.0042214048028356875,released,0.8,20,masked_mae,8,4,torso_outside_head_roi,1,head_target_density1
0.004223430970467347,0.00899476579088762,-0.000698858439776972,adaptive,0.7,20,masked_mae,8,8,background,1,head_target_density1
0.008300765776525963,0.012159234167595227,0.004341160698079309,released,0.7,20,masked_mae,8,8,background,1,head_target_density1
0.0082639672859211,0.011249771272829308,0.0057047979594436185,adaptive,0.95,20,masked_mae,8,8,eyes,1,head_target_density1
0.00725225757135671,0.010509978643888742,0.004243913245395083,released,0.9,20,masked_mae,8,8,eyes,1,head_target_density1
-0.009016558247189036,-0.005504621489396967,-0.013003074748524971,adaptive,0.1,20,masked_mae,8,8,flame_supported,1,head_target_density1
-0.005593630943976578,-0.002355260680046701,-0.009826048675174259,released,0.25,20,masked_mae,8,8,flame_supported,1,head_target_density1
0.03333620183877704,0.0465229836295058,0.02106357922794494,adaptive,1.0,20,masked_mae,8,8,flame_unsupported,1,head_target_density1
0.0437280008460346,0.058597078128645314,0.030719218683724032,released,1.0,20,masked_mae,8,8,flame_unsupported,1,head_target_density1
0.003165721031109102,0.00661678977152429,-0.0003385231451705228,adaptive,0.65,20,masked_mae,8,8,foreground,1,head_target_density1
0.008205524065239837,0.011278119056627199,0.004980537059793819,released,0.85,20,masked_mae,8,8,foreground,1,head_target_density1
0.003601343291146416,0.006666082944962888,0.00049448924405234,adaptive,0.65,20,masked_mae,8,8,full_frame,1,head_target_density1
0.007988795005913943,0.010716536389542874,0.00503793528069665,released,0.8,20,masked_mae,8,8,full_frame,1,head_target_density1
0.006223057397020216,0.010786821615149876,0.0016559900626593137,adaptive,0.75,20,masked_mae,8,8,head_foreground,1,head_target_density1
0.006193916786306526,0.0106921706541319,0.0014103888374157564,released,0.75,20,masked_mae,8,8,head_foreground,1,head_target_density1
-0.003523437747059107,-0.00011944259923716449,-0.00789987284091174,adaptive,0.35,20,masked_mae,8,8,head_supported,1,head_target_density1
-0.0037825838946493446,-0.000261903001499733,-0.00863772306504285,released,0.4,20,masked_mae,8,8,head_supported,1,head_target_density1
0.06899837950256735,0.09546261410976041,0.042928408024670996,adaptive,0.75,20,masked_mae,8,8,head_unsupported,1,head_target_density1
0.0736156556134537,0.103019460769284,0.0460250144089438,released,0.9,20,masked_mae,8,8,head_unsupported,1,head_target_density1
0.001836870370401843,0.00425461994399404,-0.0006471038175908123,adaptive,0.5,20,masked_mae,8,8,oral,1,head_target_density1
-0.001010539287761764,0.0016398357925210922,-0.003847228486234193,released,0.45,20,masked_mae,8,8,oral,1,head_target_density1
-0.00605552321850805,0.003326415478707785,-0.013649511342123263,adaptive,0.25,20,masked_mae,8,8,torso_outside_head_roi,1,head_target_density1
0.011451009379479094,0.019883146187567053,0.004016893529496657,released,0.75,20,masked_mae,8,8,torso_outside_head_roi,1,head_target_density1
0.000708442663704403,0.00485074753219506,-0.003897053966574603,adaptive,0.6,20,masked_mae,384,1,background,1,head_target_density1
0.0046009149964801105,0.009425770761652158,-3.099010165777621e-05,released,0.7,20,masked_mae,384,1,background,1,head_target_density1
0.004995719855413571,0.008469125776336468,0.0018116944447677465,adaptive,0.7,20,masked_mae,384,1,eyes,1,head_target_density1
0.007116210514532317,0.011194312799011747,0.0030173830164142504,released,0.8,20,masked_mae,384,1,eyes,1,head_target_density1
-0.012676720263444897,-0.008422128001589212,-0.017065492668110534,adaptive,0.05,20,masked_mae,384,1,flame_supported,1,head_target_density1
-0.005906398717907107,-0.003265255210778554,-0.008840033389389722,released,0.15,20,masked_mae,384,1,flame_supported,1,head_target_density1
0.0887664744257374,0.12244269606439392,0.05813625253788624,adaptive,0.9,20,masked_mae,384,1,flame_unsupported,1,head_target_density1
0.09658450299158337,0.13268243938917987,0.06401706148001117,released,0.9,20,masked_mae,384,1,flame_unsupported,1,head_target_density1
0.016558584998690153,0.028386127693283924,0.0065826035862241285,adaptive,0.7,20,masked_mae,384,1,foreground,1,head_target_density1
0.023455122246512795,0.03621201097830898,0.012729031312112624,released,0.8,20,masked_mae,384,1,foreground,1,head_target_density1
0.009028605968405153,0.015913854846126074,0.00318676328762269,adaptive,0.75,20,masked_mae,384,1,full_frame,1,head_target_density1
0.014586234931305887,0.021554998066518203,0.008762928151658609,released,0.9,20,masked_mae,384,1,full_frame,1,head_target_density1
0.03383762145380893,0.04535599835615715,0.023658086147881074,adaptive,1.0,20,masked_mae,384,1,head_foreground,1,head_target_density1
0.03642472118991964,0.047833166748452303,0.025697651477471217,released,1.0,20,masked_mae,384,1,head_foreground,1,head_target_density1
0.004527580805602553,0.005807056396483959,0.0032493957814680504,adaptive,0.9,20,masked_mae,384,1,head_supported,1,head_target_density1
0.005680384344724759,0.006908462498219734,0.004491021962632317,released,1.0,20,masked_mae,384,1,head_supported,1,head_target_density1
0.23048783022845615,0.29000930767440125,0.17036700307491284,adaptive,0.95,20,masked_mae,384,1,head_unsupported,1,head_target_density1
0.24795352806432006,0.3042894938034008,0.1890231581332498,released,1.0,20,masked_mae,384,1,head_unsupported,1,head_target_density1
-0.001390480645751075,0.0004066529774723581,-0.00305902218658025,adaptive,0.3,20,masked_mae,384,1,oral,1,head_target_density1
0.0006270177695902844,0.0028691586760380165,-0.0017202383233083313,released,0.65,20,masked_mae,384,1,oral,1,head_target_density1
-0.030434911703615737,-0.011262627215320802,-0.04918602450395131,adaptive,0.2,20,masked_mae,384,1,torso_outside_head_roi,1,head_target_density1
-0.010492021609238514,0.01001659121953703,-0.027515038560254095,released,0.25,20,masked_mae,384,1,torso_outside_head_roi,1,head_target_density1
0.0001512353204793565,0.004284274781677583,-0.004563054565023015,adaptive,0.65,20,masked_mae,384,4,background,1,head_target_density1
0.007559779665852029,0.013707972842619546,0.001545265608882547,released,0.75,20,masked_mae,384,4,background,1,head_target_density1
0.006359299064431026,0.00927062523365223,0.003774661814028738,adaptive,0.85,20,masked_mae,384,4,eyes,1,head_target_density1
0.008724147176441998,0.012814873423630791,0.0046572174721017726,released,0.8,20,masked_mae,384,4,eyes,1,head_target_density1
-0.015822386818005622,-0.011397029536665123,-0.020293027213743618,adaptive,0.05,20,masked_mae,384,4,flame_supported,1,head_target_density1
-0.008290441424512763,-0.005482265663112823,-0.011293969331032648,released,0.1,20,masked_mae,384,4,flame_supported,1,head_target_density1
0.08162305157118518,0.11278723956121382,0.05322903391551897,adaptive,0.9,20,masked_mae,384,4,flame_unsupported,1,head_target_density1
0.09474469892991769,0.12894975807342837,0.06331515749715586,released,0.9,20,masked_mae,384,4,flame_unsupported,1,head_target_density1
0.012034719592672355,0.02262796947393409,0.003523823257908345,adaptive,0.6,20,masked_mae,384,4,foreground,1,head_target_density1
0.020903538930843343,0.03290269339999325,0.010942685039653888,released,0.8,20,masked_mae,384,4,foreground,1,head_target_density1
0.006441142457247431,0.01212082737405108,0.0018393375484411394,adaptive,0.7,20,masked_mae,384,4,full_frame,1,head_target_density1
0.014377753892220738,0.020629977737412302,0.009235607952946798,released,1.0,20,masked_mae,384,4,full_frame,1,head_target_density1
0.03083476737859623,0.04139733299384331,0.021726738494306515,adaptive,1.0,20,masked_mae,384,4,head_foreground,1,head_target_density1
0.03633381275763477,0.04755364744567492,0.02624710215636434,released,1.0,20,masked_mae,384,4,head_foreground,1,head_target_density1
0.002544764946292045,0.0039039181472657384,0.0011410985607428702,adaptive,0.8,20,masked_mae,384,4,head_supported,1,head_target_density1
0.005362226625040472,0.006668598721751788,0.004093596051349835,released,0.95,20,masked_mae,384,4,head_supported,1,head_target_density1
0.2210995526867038,0.2779760043240373,0.16357145458165126,adaptive,0.95,20,masked_mae,384,4,head_unsupported,1,head_target_density1
0.25334004314863035,0.3101003879757779,0.19354644308271948,released,1.0,20,masked_mae,384,4,head_unsupported,1,head_target_density1
-0.0009094416270588144,0.0007804190513031614,-0.002580561003702713,adaptive,0.4,20,masked_mae,384,4,oral,1,head_target_density1
0.0010849262106331786,0.003626663721669665,-0.0015614225223453961,released,0.6,20,masked_mae,384,4,oral,1,head_target_density1
-0.039615708508161374,-0.02196446166669749,-0.057487685334115315,adaptive,0.2,20,masked_mae,384,4,torso_outside_head_roi,1,head_target_density1
-0.021114216491870036,-0.001585721328507869,-0.03827340692604615,released,0.2,20,masked_mae,384,4,torso_outside_head_roi,1,head_target_density1
-0.00011693298058939438,0.003863945071759376,-0.004598432619265883,adaptive,0.55,20,masked_mae,384,8,background,1,head_target_density1
0.00585933128546859,0.012137991432228604,-0.00016895460281942377,released,0.75,20,masked_mae,384,8,background,1,head_target_density1
0.007336295485904404,0.010898801226803015,0.004139513973274766,adaptive,0.85,20,masked_mae,384,8,eyes,1,head_target_density1
0.009030528201947116,0.013082546783033154,0.004932392816722763,released,0.8,20,masked_mae,384,8,eyes,1,head_target_density1
-0.017676725304467955,-0.012915727079853839,-0.0225576753345073,adaptive,0.05,20,masked_mae,384,8,flame_supported,1,head_target_density1
-0.00899388305594653,-0.006188832212485024,-0.011931534977080143,released,0.1,20,masked_mae,384,8,flame_supported,1,head_target_density1
0.07805886499101738,0.10873819462678924,0.050156535631263086,adaptive,0.95,20,masked_mae,384,8,flame_unsupported,1,head_target_density1
0.09347722178043512,0.12891340671387047,0.061391889646646845,released,0.9,20,masked_mae,384,8,flame_unsupported,1,head_target_density1
0.009769771150102522,0.020205777181239483,0.0015971115527913613,adaptive,0.55,20,masked_mae,384,8,foreground,1,head_target_density1
0.020202358173869815,0.03172225213041989,0.010623692695727775,released,0.75,20,masked_mae,384,8,foreground,1,head_target_density1
0.005061574880178879,0.010576938643600008,0.0006135470874897912,adaptive,0.5,20,masked_mae,384,8,full_frame,1,head_target_density1
0.013204781317607666,0.019313726601275526,0.008168038323328092,released,0.95,20,masked_mae,384,8,full_frame,1,head_target_density1
0.02934303421032892,0.039592766034119015,0.020060687889425975,adaptive,1.0,20,masked_mae,384,8,head_foreground,1,head_target_density1
0.03596438802641676,0.04705646536359959,0.025563940566490327,released,1.0,20,masked_mae,384,8,head_foreground,1,head_target_density1
0.0017952927882169804,0.0029988962024053195,0.00048650714211605624,adaptive,0.8,20,masked_mae,384,8,head_supported,1,head_target_density1
0.005119114650510121,0.006596981379416533,0.003629866329640128,released,0.95,20,masked_mae,384,8,head_supported,1,head_target_density1
0.21501109277326064,0.2728789403311958,0.15681190009464718,adaptive,0.95,20,masked_mae,384,8,head_unsupported,1,head_target_density1
0.2524061337258976,0.31468061435856043,0.18922089373374434,released,1.0,20,masked_mae,384,8,head_unsupported,1,head_target_density1
-0.00036168550465480594,0.0015405248084911021,-0.002217125099621056,adaptive,0.4,20,masked_mae,384,8,oral,1,head_target_density1
0.00045508602813386714,0.0028409969946154813,-0.0023800324833531494,released,0.6,20,masked_mae,384,8,oral,1,head_target_density1
-0.04358565908018699,-0.024687705277794795,-0.0620584929081565,adaptive,0.2,20,masked_mae,384,8,torso_outside_head_roi,1,head_target_density1
-0.021452840098433595,-0.0022478284725658292,-0.03775938763957078,released,0.15,20,masked_mae,384,8,torso_outside_head_roi,1,head_target_density1
-0.019788466426963178,-0.007082176371815722,-0.03371660517109898,adaptive,0.25,20,masked_mae,8,1,background,1,primary_full_target_density1
-0.01291457353557771,-0.003283379807209513,-0.02402918913442871,released,0.35,20,masked_mae,8,1,background,1,primary_full_target_density1
-0.005004596108785821,0.0028291398618778166,-0.01532665186005696,adaptive,0.45,20,masked_mae,8,1,eyes,1,primary_full_target_density1
-0.0023839703684302395,0.0034326348474908526,-0.010001628900952299,released,0.5,20,masked_mae,8,1,eyes,1,primary_full_target_density1
-0.02518764989616032,-0.016079783391165527,-0.03488900473885646,adaptive,0.05,20,masked_mae,8,1,flame_supported,1,primary_full_target_density1
-0.020373669742778884,-0.013035468488891712,-0.02865072157337822,released,0.05,20,masked_mae,8,1,flame_supported,1,primary_full_target_density1
0.23044315330527326,0.2940433793290652,0.16514066184088136,adaptive,0.95,20,masked_mae,8,1,flame_unsupported,1,primary_full_target_density1
0.20676344393611895,0.2635527668868589,0.14981546719335045,released,0.95,20,masked_mae,8,1,flame_unsupported,1,primary_full_target_density1
0.04996741574908133,0.07234969240573405,0.02634587005129049,adaptive,0.8,20,masked_mae,8,1,foreground,1,primary_full_target_density1
0.04616893696926167,0.06622167819462664,0.02548620861873649,released,0.85,20,masked_mae,8,1,foreground,1,primary_full_target_density1
0.018496512437795667,0.035651997280714325,8.313145923925158e-05,adaptive,0.75,20,masked_mae,8,1,full_frame,1,primary_full_target_density1
0.01971433491675885,0.034691970353841264,0.004143162883205334,released,0.7,20,masked_mae,8,1,full_frame,1,primary_full_target_density1
-0.0079884884245227,0.003988674254105295,-0.01974030755732128,adaptive,0.4,20,masked_mae,8,1,head_foreground,1,primary_full_target_density1
-0.009229505851010173,-0.0025421001620513136,-0.0162007353020123,released,0.25,20,masked_mae,8,1,head_foreground,1,primary_full_target_density1
-0.026285527121554207,-0.017183679568280655,-0.035930865966526775,adaptive,0.05,20,masked_mae,8,1,head_supported,1,primary_full_target_density1
-0.022206923515835107,-0.016469321527411464,-0.028071444793006533,released,0.05,20,masked_mae,8,1,head_supported,1,primary_full_target_density1
0.12890701618112047,0.1879176428892689,0.07498627382163191,adaptive,0.85,20,masked_mae,8,1,head_unsupported,1,primary_full_target_density1
0.09506499213330748,0.13456948634715812,0.05884559253134115,released,0.85,20,masked_mae,8,1,head_unsupported,1,primary_full_target_density1
-0.011675992761196768,-0.007193921001733535,-0.01639313116743246,adaptive,0.1,20,masked_mae,8,1,oral,1,primary_full_target_density1
-0.004013018070387282,-0.0014434246091942504,-0.006603308572091032,released,0.25,20,masked_mae,8,1,oral,1,primary_full_target_density1
0.18633629844396993,0.2499235111668875,0.11738357133751068,adaptive,0.9,20,masked_mae,8,1,torso_outside_head_roi,1,primary_full_target_density1
0.17378701802882837,0.23202538515621968,0.11341599252497041,released,0.9,20,masked_mae,8,1,torso_outside_head_roi,1,primary_full_target_density1
-0.019150569175419553,-0.005667000057859251,-0.03420603081225725,adaptive,0.4,20,masked_mae,8,4,background,1,primary_full_target_density1
-0.014318241889008857,-0.0029225034352042345,-0.028995518073948616,released,0.3,20,masked_mae,8,4,background,1,primary_full_target_density1
-0.0070779776101700855,0.00015896671825454096,-0.01562531994174643,adaptive,0.3,20,masked_mae,8,4,eyes,1,primary_full_target_density1
-0.001582709159372282,0.004142472714164014,-0.00808098770350909,released,0.65,20,masked_mae,8,4,eyes,1,primary_full_target_density1
-0.02399123257560907,-0.016861251248185615,-0.03153676511253181,adaptive,0.1,20,masked_mae,8,4,flame_supported,1,primary_full_target_density1
-0.018942376875877357,-0.013985014188998118,-0.02419854840060374,released,0.0,20,masked_mae,8,4,flame_supported,1,primary_full_target_density1
0.2471167410644069,0.3005535032253648,0.19246206610454333,adaptive,1.0,20,masked_mae,8,4,flame_unsupported,1,primary_full_target_density1
0.22002255393795828,0.2695953408337052,0.1732592540517687,released,1.0,20,masked_mae,8,4,flame_unsupported,1,primary_full_target_density1
0.055131873032016,0.07262773080903594,0.036149934653775716,adaptive,0.85,20,masked_mae,8,4,foreground,1,primary_full_target_density1
0.0510494774071691,0.06731982488838764,0.03478025559725253,released,0.95,20,masked_mae,8,4,foreground,1,primary_full_target_density1
0.022162489014223595,0.03698461414450784,0.005207931015117106,adaptive,0.8,20,masked_mae,8,4,full_frame,1,primary_full_target_density1
0.02212518254915874,0.035585824734744295,0.007164897965498211,released,0.75,20,masked_mae,8,4,full_frame,1,primary_full_target_density1
-0.009938529190091758,0.00026057738619815734,-0.01965280981721604,adaptive,0.3,20,masked_mae,8,4,head_foreground,1,primary_full_target_density1
-0.008538370281069045,-0.0017850948911671625,-0.01487358266614233,released,0.25,20,masked_mae,8,4,head_foreground,1,primary_full_target_density1
-0.02771283831380361,-0.01980177486469639,-0.03657629802945703,adaptive,0.05,20,masked_mae,8,4,head_supported,1,primary_full_target_density1
-0.022347126244780424,-0.017010683566773994,-0.027492111267768928,released,0.05,20,masked_mae,8,4,head_supported,1,primary_full_target_density1
0.12202379578415716,0.16755176908517647,0.08068508007016863,adaptive,0.85,20,masked_mae,8,4,head_unsupported,1,primary_full_target_density1
0.09672546184397193,0.1359902405694519,0.06180284764076207,released,0.85,20,masked_mae,8,4,head_unsupported,1,primary_full_target_density1
-0.013061787462343965,-0.008959568051686347,-0.01761240951760787,adaptive,0.1,20,masked_mae,8,4,oral,1,primary_full_target_density1
-0.0060076683996284465,-0.0032555779232474277,-0.009017533800371598,released,0.2,20,masked_mae,8,4,oral,1,primary_full_target_density1
0.20810901213580194,0.2622910757477911,0.15239424565594195,adaptive,0.9,20,masked_mae,8,4,torso_outside_head_roi,1,primary_full_target_density1
0.18762289974524393,0.23718343680152784,0.13822553224947115,released,0.95,20,masked_mae,8,4,torso_outside_head_roi,1,primary_full_target_density1
-0.018219239229047526,-0.005062016253382426,-0.03319786775230863,adaptive,0.35,20,masked_mae,8,8,background,1,primary_full_target_density1
-0.013112967191806435,-0.0023993114089476903,-0.026770517543207337,released,0.35,20,masked_mae,8,8,background,1,primary_full_target_density1
-0.006307204463936775,0.0008766128117258351,-0.015465120383706475,adaptive,0.3,20,masked_mae,8,8,eyes,1,primary_full_target_density1
0.00018065062463214348,0.005773659577172894,-0.0062183955666750695,released,0.7,20,masked_mae,8,8,eyes,1,primary_full_target_density1
-0.025254658154585285,-0.018301129560909193,-0.03236493740466717,adaptive,0.05,20,masked_mae,8,8,flame_supported,1,primary_full_target_density1
-0.01978262928453062,-0.014470380432841693,-0.025247496855761352,released,0.05,20,masked_mae,8,8,flame_supported,1,primary_full_target_density1
0.2500036555177854,0.3049471859283322,0.19542308557697252,adaptive,1.0,20,masked_mae,8,8,flame_unsupported,1,primary_full_target_density1
0.22661197090617544,0.2743005726268063,0.17951055142957317,released,1.0,20,masked_mae,8,8,flame_unsupported,1,primary_full_target_density1
0.05624041996812122,0.07449798375992514,0.03739275424333497,adaptive,0.85,20,masked_mae,8,8,foreground,1,primary_full_target_density1
0.05335176237930987,0.06974882390939843,0.036858143032039714,released,0.95,20,masked_mae,8,8,foreground,1,primary_full_target_density1
0.022726747122677898,0.038167866076225854,0.006411376047186019,adaptive,0.8,20,masked_mae,8,8,full_frame,1,primary_full_target_density1
0.023543664619520115,0.03701418851232115,0.009117890796362067,released,0.75,20,masked_mae,8,8,full_frame,1,primary_full_target_density1
-0.011454974290817144,-0.001955656951311232,-0.020688384470957003,adaptive,0.3,20,masked_mae,8,8,head_foreground,1,primary_full_target_density1
-0.00999606522666057,-0.0032562977321308,-0.016356039826642466,released,0.25,20,masked_mae,8,8,head_foreground,1,primary_full_target_density1
-0.02876612247034858,-0.021174738373254186,-0.03658613688883615,adaptive,0.05,20,masked_mae,8,8,head_supported,1,primary_full_target_density1
-0.02363597654291135,-0.018396514478171578,-0.029288315946797833,released,0.0,20,masked_mae,8,8,head_supported,1,primary_full_target_density1
0.11714316773693816,0.1618312615132271,0.07653175170027292,adaptive,0.9,20,masked_mae,8,8,head_unsupported,1,primary_full_target_density1
0.09325969890993087,0.13205028572231553,0.05905271244407169,released,0.85,20,masked_mae,8,8,head_unsupported,1,primary_full_target_density1
-0.01207471253406688,-0.007624942692927614,-0.01685437455738026,adaptive,0.1,20,masked_mae,8,8,oral,1,primary_full_target_density1
-0.005171156424164598,-0.0024346282956520457,-0.008061938028636457,released,0.25,20,masked_mae,8,8,oral,1,primary_full_target_density1
0.21223132475903875,0.2700106212403193,0.15421645923695973,adaptive,0.9,20,masked_mae,8,8,torso_outside_head_roi,1,primary_full_target_density1
0.19628951244122772,0.24667255222551976,0.1484496021471469,released,1.0,20,masked_mae,8,8,torso_outside_head_roi,1,primary_full_target_density1
-0.02829791238428362,-0.017033639596245674,-0.040272514437469015,adaptive,0.1,20,masked_mae,32,1,background,1,primary_full_target_density1
-0.032329450303963246,-0.0185032984744765,-0.047177160240314514,released,0.15,20,masked_mae,32,1,background,1,primary_full_target_density1
-3.326120794117822e-05,0.00359166936643201,-0.003207849432447455,adaptive,0.5,20,masked_mae,32,1,eyes,1,primary_full_target_density1
-0.005031904018323987,-0.00016351853241030869,-0.010084037481763291,released,0.35,20,masked_mae,32,1,eyes,1,primary_full_target_density1
-0.011123782796157796,-0.0048892336501573,-0.017479840075889746,adaptive,0.2,20,masked_mae,32,1,flame_supported,1,primary_full_target_density1
-0.008791240460246152,-0.0029107385510449856,-0.015141673857780272,released,0.3,20,masked_mae,32,1,flame_supported,1,primary_full_target_density1
0.34893847870233907,0.4177638109982947,0.27744339521053923,adaptive,0.95,20,masked_mae,32,1,flame_unsupported,1,primary_full_target_density1
0.35229115682509493,0.4184028901481774,0.28225133913661543,released,1.0,20,masked_mae,32,1,flame_unsupported,1,primary_full_target_density1
0.09630263669095092,0.11884255734713482,0.07260446125856461,adaptive,0.9,20,masked_mae,32,1,foreground,1,primary_full_target_density1
0.09896565101095314,0.12105177006537701,0.07507674672465509,released,0.9,20,masked_mae,32,1,foreground,1,primary_full_target_density1
0.03975557514599392,0.055869644702900026,0.024184991592839693,adaptive,0.85,20,masked_mae,32,1,full_frame,1,primary_full_target_density1
0.03947769295085561,0.054783438658946526,0.023903101390445384,released,0.85,20,masked_mae,32,1,full_frame,1,primary_full_target_density1
0.012651700191060206,0.025521624489443107,0.0006670212168314823,adaptive,0.75,20,masked_mae,32,1,head_foreground,1,primary_full_target_density1
0.01701225764667566,0.03086615622751126,0.004794739320583943,released,0.75,20,masked_mae,32,1,head_foreground,1,primary_full_target_density1
-0.016311996887538722,-0.011602510252391191,-0.02106549327287519,adaptive,0.1,20,masked_mae,32,1,head_supported,1,primary_full_target_density1
-0.013815298644238716,-0.009593100168429586,-0.018282151205356756,released,0.05,20,masked_mae,32,1,head_supported,1,primary_full_target_density1
0.21693983761243177,0.294040686213178,0.13988659888213748,adaptive,0.85,20,masked_mae,32,1,head_unsupported,1,primary_full_target_density1
0.23141560314860002,0.30348467383113226,0.1574407672168229,released,0.95,20,masked_mae,32,1,head_unsupported,1,primary_full_target_density1
-0.00790807072208975,-0.004356953466456321,-0.011614360375361251,adaptive,0.1,20,masked_mae,32,1,oral,1,primary_full_target_density1
-0.006617773497234786,-0.003511911220295352,-0.009886866017442047,released,0.15,20,masked_mae,32,1,oral,1,primary_full_target_density1
0.30284321217450527,0.3599376944144396,0.2417224446063472,adaptive,1.0,20,masked_mae,32,1,torso_outside_head_roi,1,primary_full_target_density1
0.2998581818574623,0.35500840307217313,0.23936602344123487,released,0.95,20,masked_mae,32,1,torso_outside_head_roi,1,primary_full_target_density1
-0.028521624625526404,-0.017238633324598854,-0.04201440952209024,adaptive,0.1,20,masked_mae,32,4,background,1,primary_full_target_density1
-0.031676220915675284,-0.018141857680306236,-0.0473045809757258,released,0.25,20,masked_mae,32,4,background,1,primary_full_target_density1
-0.00016147857035241005,0.0033377789899431878,-0.0033757111720845814,adaptive,0.45,20,masked_mae,32,4,eyes,1,primary_full_target_density1
-0.006005730944387576,-0.0013819755376417357,-0.010913310006897938,released,0.2,20,masked_mae,32,4,eyes,1,primary_full_target_density1
-0.013246473549701859,-0.007097595884165721,-0.019535853040640552,adaptive,0.25,20,masked_mae,32,4,flame_supported,1,primary_full_target_density1
-0.010435391357231597,-0.0048180882433023434,-0.01627291540624059,released,0.35,20,masked_mae,32,4,flame_supported,1,primary_full_target_density1
0.3518608719358528,0.4188157888485297,0.2814788854866329,adaptive,0.95,20,masked_mae,32,4,flame_unsupported,1,primary_full_target_density1
0.35764811975389477,0.42053591474257745,0.2897835134752385,released,0.95,20,masked_mae,32,4,flame_unsupported,1,primary_full_target_density1
0.09495657518182084,0.11725413261254233,0.07217786804443573,adaptive,0.9,20,masked_mae,32,4,foreground,1,primary_full_target_density1
0.09846611595778688,0.1191385931277085,0.07613934869292423,released,0.95,20,masked_mae,32,4,foreground,1,primary_full_target_density1
0.04005243827488797,0.056246838549526605,0.025089124436631357,adaptive,0.85,20,masked_mae,32,4,full_frame,1,primary_full_target_density1
0.04050155594000804,0.05587544153257178,0.025745525546064064,released,0.85,20,masked_mae,32,4,full_frame,1,primary_full_target_density1
0.01111772152610559,0.024044787125744125,-0.0008729842249497052,adaptive,0.65,20,masked_mae,32,4,head_foreground,1,primary_full_target_density1
0.015490458220181691,0.028507260666493082,0.0038490270720693345,released,0.65,20,masked_mae,32,4,head_foreground,1,primary_full_target_density1
-0.01911626345319158,-0.014884567402760104,-0.02363257495584482,adaptive,0.0,20,masked_mae,32,4,head_supported,1,primary_full_target_density1
-0.016836386188873717,-0.012883972643163195,-0.020892410442940452,released,0.05,20,masked_mae,32,4,head_supported,1,primary_full_target_density1
0.22375451446194777,0.29799840700048574,0.14565063039475024,adaptive,0.85,20,masked_mae,32,4,head_unsupported,1,primary_full_target_density1
0.24337389056891995,0.3103301886643631,0.17267915569928707,released,0.95,20,masked_mae,32,4,head_unsupported,1,primary_full_target_density1
-0.008740636331234154,-0.005370022805250883,-0.012886923724099641,adaptive,0.1,20,masked_mae,32,4,oral,1,primary_full_target_density1
-0.010770655814197155,-0.006868354884641335,-0.015062598517857543,released,0.15,20,masked_mae,32,4,oral,1,primary_full_target_density1
0.3014481303729589,0.3559313791283938,0.24344571593533523,adaptive,1.0,20,masked_mae,32,4,torso_outside_head_roi,1,primary_full_target_density1
0.3002140560553338,0.35095339249562696,0.24596227451128921,released,1.0,20,masked_mae,32,4,torso_outside_head_roi,1,primary_full_target_density1
-0.02814022289363402,-0.01571292300353218,-0.04231667888224595,adaptive,0.2,20,masked_mae,32,8,background,1,primary_full_target_density1
-0.03163475695850344,-0.01820866989648906,-0.04695162946813363,released,0.25,20,masked_mae,32,8,background,1,primary_full_target_density1
0.00016020882204757536,0.0032538575855440297,-0.0028523653799684976,adaptive,0.5,20,masked_mae,32,8,eyes,1,primary_full_target_density1
-0.004834212947531171,-6.247044860769837e-05,-0.010099168324542412,released,0.4,20,masked_mae,32,8,eyes,1,primary_full_target_density1
-0.013451512470783866,-0.007290697400356529,-0.019618104228943632,adaptive,0.2,20,masked_mae,32,8,flame_supported,1,primary_full_target_density1
-0.010927819253240979,-0.005674140253293275,-0.0163574807008107,released,0.2,20,masked_mae,32,8,flame_supported,1,primary_full_target_density1
0.357882134873866,0.4244826590425987,0.28686862300553645,adaptive,1.0,20,masked_mae,32,8,flame_unsupported,1,primary_full_target_density1
0.3614255256478577,0.4244207585794947,0.29257530765926887,released,0.95,20,masked_mae,32,8,flame_unsupported,1,primary_full_target_density1
0.09852690271922197,0.12151754234862075,0.07573304771164178,adaptive,0.9,20,masked_mae,32,8,foreground,1,primary_full_target_density1
0.10123817954832104,0.12271967261237196,0.0780644296680171,released,0.95,20,masked_mae,32,8,foreground,1,primary_full_target_density1
0.04138807298301103,0.05843648519931417,0.026099865781022365,adaptive,0.85,20,masked_mae,32,8,full_frame,1,primary_full_target_density1
0.0412746068203088,0.0569737057497491,0.026363948186883684,released,0.85,20,masked_mae,32,8,full_frame,1,primary_full_target_density1
0.010839443754822356,0.02297464234320838,-0.0007538714286935077,adaptive,0.65,20,masked_mae,32,8,head_foreground,1,primary_full_target_density1
0.014842667496110509,0.02743943431362271,0.003583305991240293,released,0.65,20,masked_mae,32,8,head_foreground,1,primary_full_target_density1
-0.019284487457452572,-0.014888127023480946,-0.023794892981861444,adaptive,0.05,20,masked_mae,32,8,head_supported,1,primary_full_target_density1
-0.01700671367515418,-0.013272498870055615,-0.020724164640008466,released,0.05,20,masked_mae,32,8,head_supported,1,primary_full_target_density1
0.22402064143705863,0.29733790507428104,0.1491845767297614,adaptive,0.85,20,masked_mae,32,8,head_unsupported,1,primary_full_target_density1
0.23746170709704817,0.3073067636827798,0.16811848691057682,released,0.95,20,masked_mae,32,8,head_unsupported,1,primary_full_target_density1
-0.008657604068925472,-0.005293590364788198,-0.012748559497716146,adaptive,0.15,20,masked_mae,32,8,oral,1,primary_full_target_density1
-0.009573239535106632,-0.005965414037965368,-0.013505898349458352,released,0.15,20,masked_mae,32,8,oral,1,primary_full_target_density1
0.3045319324588099,0.35981923565420254,0.24557332037405102,adaptive,1.0,20,masked_mae,32,8,torso_outside_head_roi,1,primary_full_target_density1
0.30297593406343215,0.3551163456815466,0.24703010163050132,released,1.0,20,masked_mae,32,8,torso_outside_head_roi,1,primary_full_target_density1
-0.02204002298098378,-0.014709757114410114,-0.030346125150665405,adaptive,0.1,20,masked_mae,128,1,background,1,primary_full_target_density1
-0.02075100788555706,-0.010911098739507545,-0.03248135273103874,released,0.1,20,masked_mae,128,1,background,1,primary_full_target_density1
8.931956108589046e-06,0.0031344044554330592,-0.0031900196330630908,adaptive,0.5,20,masked_mae,128,1,eyes,1,primary_full_target_density1
0.00010998301943559787,0.002814860485922119,-0.002430126185778017,released,0.45,20,masked_mae,128,1,eyes,1,primary_full_target_density1
-0.0028044135906635783,0.0022657932519740613,-0.007813169471417705,adaptive,0.45,20,masked_mae,128,1,flame_supported,1,primary_full_target_density1
-0.003252508471654618,0.002841574572099613,-0.009242151802860692,released,0.45,20,masked_mae,128,1,flame_supported,1,primary_full_target_density1
0.35301926464514427,0.4276872894059582,0.27785466621533733,adaptive,1.0,20,masked_mae,128,1,flame_unsupported,1,primary_full_target_density1
0.36303706525992624,0.4403297780200469,0.2830405539532978,released,0.95,20,masked_mae,128,1,flame_unsupported,1,primary_full_target_density1
0.10351160636924095,0.12821082469657516,0.07776246628710641,adaptive,0.95,20,masked_mae,128,1,foreground,1,primary_full_target_density1
0.10659743597026894,0.13283641253460787,0.08035155855354902,released,0.9,20,masked_mae,128,1,foreground,1,primary_full_target_density1
0.04779926864873796,0.06407097528249156,0.032248218519153535,adaptive,0.9,20,masked_mae,128,1,full_frame,1,primary_full_target_density1
0.050204684233768684,0.06665052999633474,0.034566404634030365,released,0.95,20,masked_mae,128,1,full_frame,1,primary_full_target_density1
0.019858589277246846,0.030762258189265056,0.009323643685591437,adaptive,0.75,20,masked_mae,128,1,head_foreground,1,primary_full_target_density1
0.02097906019194684,0.031479339729696854,0.010297845420990517,released,0.8,20,masked_mae,128,1,head_foreground,1,primary_full_target_density1
-0.008744502106162826,-0.00530016672122214,-0.012034704173238328,adaptive,0.1,20,masked_mae,128,1,head_supported,1,primary_full_target_density1
-0.009073078208695943,-0.0047419340851723325,-0.013930918270797862,released,0.15,20,masked_mae,128,1,head_supported,1,primary_full_target_density1
0.22620023768543338,0.29554571544388064,0.15652545707462928,adaptive,0.9,20,masked_mae,128,1,head_unsupported,1,primary_full_target_density1
0.241295479404194,0.3106644568960775,0.17280293456988635,released,0.95,20,masked_mae,128,1,head_unsupported,1,primary_full_target_density1
-0.004282740513600148,-0.0015632173709941534,-0.00718966421313103,adaptive,0.3,20,masked_mae,128,1,oral,1,primary_full_target_density1
-0.0024536745097561963,-0.00021684971398409193,-0.004782209388630726,released,0.35,20,masked_mae,128,1,oral,1,primary_full_target_density1
0.30524903487027744,0.36828358792324595,0.2387723411256775,adaptive,1.0,20,masked_mae,128,1,torso_outside_head_roi,1,primary_full_target_density1
0.3132585625959884,0.3785505927875174,0.2442176498631711,released,0.95,20,masked_mae,128,1,torso_outside_head_roi,1,primary_full_target_density1
-0.023539388158822307,-0.01616691230372034,-0.031808494103321386,adaptive,0.05,20,masked_mae,128,4,background,1,primary_full_target_density1
-0.02167527287085124,-0.01227304456767295,-0.03234063657658725,released,0.2,20,masked_mae,128,4,background,1,primary_full_target_density1
-0.00046152311932095224,0.0024589441236542134,-0.003505894476554232,adaptive,0.45,20,masked_mae,128,4,eyes,1,primary_full_target_density1
-8.140045133711235e-06,0.002358187399191691,-0.0023584122136164703,released,0.5,20,masked_mae,128,4,eyes,1,primary_full_target_density1
-0.00754276600962313,-0.002622140864127055,-0.012443967765264534,adaptive,0.35,20,masked_mae,128,4,flame_supported,1,primary_full_target_density1
-0.004998752580122856,0.0010443851921920829,-0.010848075538535647,released,0.4,20,masked_mae,128,4,flame_supported,1,primary_full_target_density1
0.35107273626423774,0.4243516148664618,0.2749317493634821,adaptive,1.0,20,masked_mae,128,4,flame_unsupported,1,primary_full_target_density1
0.36469225430291113,0.4413689286755147,0.2836012940058489,released,1.0,20,masked_mae,128,4,flame_unsupported,1,primary_full_target_density1
0.09848073454590592,0.12120100713374891,0.07439248235165725,adaptive,0.95,20,masked_mae,128,4,foreground,1,primary_full_target_density1
0.10474772069470337,0.1287468739258753,0.07949993493595613,released,1.0,20,masked_mae,128,4,foreground,1,primary_full_target_density1
0.04527240976814396,0.060753278753645806,0.031059118078677776,adaptive,0.95,20,masked_mae,128,4,full_frame,1,primary_full_target_density1
0.049630211617992595,0.06501184470110029,0.0351691604239389,released,1.0,20,masked_mae,128,4,full_frame,1,primary_full_target_density1
0.01483726793635243,0.025071479555610055,0.0052085839182166565,adaptive,0.6,20,masked_mae,128,4,head_foreground,1,primary_full_target_density1
0.01831074356914438,0.027837912104454073,0.00893587619869587,released,0.7,20,masked_mae,128,4,head_foreground,1,primary_full_target_density1
-0.01470374534554469,-0.01138988440130728,-0.018086139168565857,adaptive,0.0,20,masked_mae,128,4,head_supported,1,primary_full_target_density1
-0.012325494360273496,-0.0082347115469106,-0.016734443025971567,released,0.0,20,masked_mae,128,4,head_supported,1,primary_full_target_density1
0.23030619255458173,0.29803657330653044,0.16126695463502674,adaptive,0.9,20,masked_mae,128,4,head_unsupported,1,primary_full_target_density1
0.2446527609145325,0.3118033231140495,0.17731519903444007,released,1.0,20,masked_mae,128,4,head_unsupported,1,primary_full_target_density1
-0.007139430017856638,-0.004054966987093149,-0.010788141862435485,adaptive,0.2,20,masked_mae,128,4,oral,1,primary_full_target_density1
-0.004424879581677446,-0.0016226900316222669,-0.007098039403131545,released,0.2,20,masked_mae,128,4,oral,1,primary_full_target_density1
0.29983243341419613,0.3617785307248788,0.23583245763229221,adaptive,1.0,20,masked_mae,128,4,torso_outside_head_roi,1,primary_full_target_density1
0.31300450489380716,0.37706905094885457,0.24411621147330145,released,1.0,20,masked_mae,128,4,torso_outside_head_roi,1,primary_full_target_density1
-0.023738199101850904,-0.016366573307247615,-0.03179097627575122,adaptive,0.05,20,masked_mae,128,8,background,1,primary_full_target_density1
-0.023694273301378733,-0.014077193294472823,-0.0342973423590435,released,0.15,20,masked_mae,128,8,background,1,primary_full_target_density1
0.0005031736503199966,0.003466469513373807,-0.002566801926438183,adaptive,0.55,20,masked_mae,128,8,eyes,1,primary_full_target_density1
0.0010106299359673838,0.003495242901402932,-0.0013447077623271234,released,0.6,20,masked_mae,128,8,eyes,1,primary_full_target_density1
-0.008214723089140352,-0.0028022307638683255,-0.013470779844722128,adaptive,0.3,20,masked_mae,128,8,flame_supported,1,primary_full_target_density1
-0.005271268807841329,0.0005362884431220973,-0.011012353526821925,released,0.4,20,masked_mae,128,8,flame_supported,1,primary_full_target_density1
0.36239976544493235,0.43566107725013864,0.28518771357630956,adaptive,1.0,20,masked_mae,128,8,flame_unsupported,1,primary_full_target_density1
0.37291504334269787,0.4493706159469245,0.29133429950732453,released,1.0,20,masked_mae,128,8,flame_unsupported,1,primary_full_target_density1
0.1032728293756201,0.12705383396335082,0.07905672140715406,adaptive,1.0,20,masked_mae,128,8,foreground,1,primary_full_target_density1
0.10875608087842317,0.13391729563977173,0.08244888419071464,released,1.0,20,masked_mae,128,8,foreground,1,primary_full_target_density1
0.04700615300244584,0.062386483895185196,0.03226390274507659,adaptive,0.95,20,masked_mae,128,8,full_frame,1,primary_full_target_density1
0.05031252947204558,0.066417815010527,0.03560250429363994,released,1.0,20,masked_mae,128,8,full_frame,1,primary_full_target_density1
0.014689696971118807,0.024774122110768113,0.004728464879314319,adaptive,0.6,20,masked_mae,128,8,head_foreground,1,primary_full_target_density1
0.018388897134427894,0.028298914465298964,0.009259895317357396,released,0.7,20,masked_mae,128,8,head_foreground,1,primary_full_target_density1
-0.015324377945424955,-0.011715234474066888,-0.019164938100506037,adaptive,0.0,20,masked_mae,128,8,head_supported,1,primary_full_target_density1
-0.01266700467987659,-0.008668790558651943,-0.016997535571006805,released,0.0,20,masked_mae,128,8,head_supported,1,primary_full_target_density1
0.2336406546780036,0.30188817837019016,0.1649212264552401,adaptive,0.9,20,masked_mae,128,8,head_unsupported,1,primary_full_target_density1
0.2510645698954792,0.3148842462098914,0.18638820356306132,released,1.0,20,masked_mae,128,8,head_unsupported,1,primary_full_target_density1
-0.006787542018102161,-0.0034078654894865975,-0.010402626083758476,adaptive,0.2,20,masked_mae,128,8,oral,1,primary_full_target_density1
-0.0042910390994187544,-0.0015387549744122805,-0.006894024692227874,released,0.25,20,masked_mae,128,8,oral,1,primary_full_target_density1
0.3097006118392686,0.3715202798326412,0.24370859605417813,adaptive,1.0,20,masked_mae,128,8,torso_outside_head_roi,1,primary_full_target_density1
0.3187793873240033,0.3813838639624306,0.24979478554460488,released,1.0,20,masked_mae,128,8,torso_outside_head_roi,1,primary_full_target_density1
-0.02206014377321386,-0.014253978074709841,-0.03142830489001733,adaptive,0.1,20,masked_mae,384,1,background,1,primary_full_target_density1
-0.013982847579546246,-0.007056429647959551,-0.022795221153010508,released,0.2,20,masked_mae,384,1,background,1,primary_full_target_density1
0.00313165958299465,0.005710220216670658,0.0006191150953905217,adaptive,0.7,20,masked_mae,384,1,eyes,1,primary_full_target_density1
-0.0008238802844160925,0.0026467683065870564,-0.0042398890367480015,released,0.4,20,masked_mae,384,1,eyes,1,primary_full_target_density1
-0.003160783762723513,0.0018122212603520296,-0.008141437575915029,adaptive,0.55,20,masked_mae,384,1,flame_supported,1,primary_full_target_density1
-0.00298832654356311,0.0019150506165662672,-0.007852384442032014,released,0.45,20,masked_mae,384,1,flame_supported,1,primary_full_target_density1
0.36063136878852886,0.4372855421913049,0.280331335452757,adaptive,1.0,20,masked_mae,384,1,flame_unsupported,1,primary_full_target_density1
0.37419940374610206,0.4472522598963535,0.29673540763693146,released,1.0,20,masked_mae,384,1,flame_unsupported,1,primary_full_target_density1
0.1061667130662541,0.1318536217405709,0.0794234832866135,adaptive,0.85,20,masked_mae,384,1,foreground,1,primary_full_target_density1
0.10981851066639751,0.1346258409049572,0.08318115940573513,released,0.95,20,masked_mae,384,1,foreground,1,primary_full_target_density1
0.049115579933315126,0.06471494063283456,0.03369541499425065,adaptive,0.85,20,masked_mae,384,1,full_frame,1,primary_full_target_density1
0.05481438893518407,0.07060278320854363,0.03954952684089993,released,0.95,20,masked_mae,384,1,full_frame,1,primary_full_target_density1
0.019455222391704358,0.03084722518906259,0.008701914928939139,adaptive,0.7,20,masked_mae,384,1,head_foreground,1,primary_full_target_density1
0.020814069082607068,0.0319034491249037,0.010509679489626443,released,0.75,20,masked_mae,384,1,head_foreground,1,primary_full_target_density1
-0.009140526936542376,-0.005394159509833218,-0.01310726126531816,adaptive,0.1,20,masked_mae,384,1,head_supported,1,primary_full_target_density1
-0.009147149172767889,-0.005637104584891049,-0.013094960334596466,released,0.05,20,masked_mae,384,1,head_supported,1,primary_full_target_density1
0.22366500614576257,0.29755404056425133,0.14975737565016753,adaptive,0.9,20,masked_mae,384,1,head_unsupported,1,primary_full_target_density1
0.24363755953253996,0.3092984468216217,0.1815018000891701,released,1.0,20,masked_mae,384,1,head_unsupported,1,primary_full_target_density1
-0.0060514164594893055,-0.0035682860312899805,-0.008685894925136653,adaptive,0.2,20,masked_mae,384,1,oral,1,primary_full_target_density1
-0.005956612198878695,-0.0030593855373135396,-0.00907613773681253,released,0.25,20,masked_mae,384,1,oral,1,primary_full_target_density1
0.31562653475821023,0.38067990319690215,0.24657733326219536,adaptive,0.95,20,masked_mae,384,1,torso_outside_head_roi,1,primary_full_target_density1
0.3239423640175182,0.38841683749688966,0.2535564101337604,released,0.95,20,masked_mae,384,1,torso_outside_head_roi,1,primary_full_target_density1
-0.023484521863014578,-0.016225397076233973,-0.031725225846249074,adaptive,0.05,20,masked_mae,384,4,background,1,primary_full_target_density1
-0.016470769000062266,-0.010571370361291148,-0.023669069909155325,released,0.1,20,masked_mae,384,4,background,1,primary_full_target_density1
0.0016900175633863697,0.004244921839835865,-0.0008031091936654246,adaptive,0.55,20,masked_mae,384,4,eyes,1,primary_full_target_density1
0.0002683649003178207,0.0037453434177178225,-0.00317792950181792,released,0.45,20,masked_mae,384,4,eyes,1,primary_full_target_density1
-0.007023168196057647,-0.0025042587209811217,-0.011717365329796938,adaptive,0.35,20,masked_mae,384,4,flame_supported,1,primary_full_target_density1
-0.0040802524123015075,0.0006692903626214057,-0.008828520204765291,released,0.4,20,masked_mae,384,4,flame_supported,1,primary_full_target_density1
0.36031952071183676,0.4362389192712573,0.2809881892093491,adaptive,1.0,20,masked_mae,384,4,flame_unsupported,1,primary_full_target_density1
0.3754200167129283,0.44831387780086956,0.2978958595512962,released,1.0,20,masked_mae,384,4,flame_unsupported,1,primary_full_target_density1
0.10236668594972531,0.12611070584501685,0.07757342601603154,adaptive,0.95,20,masked_mae,384,4,foreground,1,primary_full_target_density1
0.10852912641084686,0.1321944606079707,0.08406785682683288,released,1.0,20,masked_mae,384,4,foreground,1,primary_full_target_density1
0.047243822556881865,0.062307900055298786,0.03302598722135396,adaptive,0.9,20,masked_mae,384,4,full_frame,1,primary_full_target_density1
0.05379584766616506,0.0693290391240074,0.039687972558923985,released,0.95,20,masked_mae,384,4,full_frame,1,primary_full_target_density1
0.015524944036586769,0.02611418493363924,0.00554928602604616,adaptive,0.65,20,masked_mae,384,4,head_foreground,1,primary_full_target_density1
0.019891053053478255,0.029946261528213797,0.010466040007806971,released,0.7,20,masked_mae,384,4,head_foreground,1,primary_full_target_density1
-0.014454212803089991,-0.011118232038168278,-0.018192321342946093,adaptive,0.0,20,masked_mae,384,4,head_supported,1,primary_full_target_density1
-0.011443527600894341,-0.008169760585570306,-0.015100379167927001,released,0.0,20,masked_mae,384,4,head_supported,1,primary_full_target_density1
0.230817313554257,0.3036240928017257,0.15879474714387723,adaptive,0.9,20,masked_mae,384,4,head_unsupported,1,primary_full_target_density1
0.2528380900535911,0.31586251833550655,0.19085397113602953,released,1.0,20,masked_mae,384,4,head_unsupported,1,primary_full_target_density1
-0.006794453274675432,-0.004386359020103518,-0.009522630612173727,adaptive,0.1,20,masked_mae,384,4,oral,1,primary_full_target_density1
-0.00700375580191073,-0.004203799879988753,-0.009975492760252372,released,0.2,20,masked_mae,384,4,oral,1,primary_full_target_density1
0.3119278292356982,0.3753746783290925,0.2467311516300696,adaptive,1.0,20,masked_mae,384,4,torso_outside_head_roi,1,primary_full_target_density1
0.3224265439902855,0.38637399596104244,0.2529827925768277,released,1.0,20,masked_mae,384,4,torso_outside_head_roi,1,primary_full_target_density1
-0.022919918039405473,-0.015433780659974273,-0.03191196747142531,adaptive,0.05,20,masked_mae,384,8,background,1,primary_full_target_density1
-0.018389611323765934,-0.012310233694862843,-0.026124150358391485,released,0.0,20,masked_mae,384,8,background,1,primary_full_target_density1
0.003140495981066388,0.005612948651608777,0.0007436591843594912,adaptive,0.7,20,masked_mae,384,8,eyes,1,primary_full_target_density1
0.000538910635042647,0.003967194769732347,-0.0028683884559655556,released,0.55,20,masked_mae,384,8,eyes,1,primary_full_target_density1
-0.007518968166871964,-0.0025197072127907507,-0.012740035485704522,adaptive,0.35,20,masked_mae,384,8,flame_supported,1,primary_full_target_density1
-0.004641563925389297,0.00036343943615176733,-0.00990869401369683,released,0.35,20,masked_mae,384,8,flame_supported,1,primary_full_target_density1
0.3649630392496812,0.4400368251833742,0.2859108987146046,adaptive,1.0,20,masked_mae,384,8,flame_unsupported,1,primary_full_target_density1
0.3821023449926392,0.45374329239340666,0.30623695394064193,released,1.0,20,masked_mae,384,8,flame_unsupported,1,primary_full_target_density1
0.10518030504739975,0.1298787915787174,0.07987272694051463,adaptive,0.95,20,masked_mae,384,8,foreground,1,primary_full_target_density1
0.1118349078177288,0.13587649402124544,0.08693819126019821,released,1.0,20,masked_mae,384,8,foreground,1,primary_full_target_density1
0.04832979660013537,0.06393062761851719,0.033751696497846984,adaptive,0.9,20,masked_mae,384,8,full_frame,1,primary_full_target_density1
0.05410103426351176,0.06941898907546873,0.03943329881409031,released,0.95,20,masked_mae,384,8,full_frame,1,primary_full_target_density1
0.01500009512282644,0.025291973206184173,0.005292486624820642,adaptive,0.65,20,masked_mae,384,8,head_foreground,1,primary_full_target_density1
0.019406069526193805,0.02927596241981089,0.01001054725776633,released,0.75,20,masked_mae,384,8,head_foreground,1,primary_full_target_density1
-0.014921269005801907,-0.011177942190240599,-0.019312613133418265,adaptive,0.0,20,masked_mae,384,8,head_supported,1,primary_full_target_density1
-0.012148426082077893,-0.008630712639070677,-0.016176802376045466,released,0.0,20,masked_mae,384,8,head_supported,1,primary_full_target_density1
0.23106400293545412,0.30085179979718973,0.15907802956376033,adaptive,0.9,20,masked_mae,384,8,head_unsupported,1,primary_full_target_density1
0.2560201084889711,0.3186914303259144,0.19278853963628131,released,1.0,20,masked_mae,384,8,head_unsupported,1,primary_full_target_density1
-0.006993789648203445,-0.004365110211920725,-0.009963913634016755,adaptive,0.1,20,masked_mae,384,8,oral,1,primary_full_target_density1
-0.006935808771929407,-0.003655403061422494,-0.010120549041640121,released,0.25,20,masked_mae,384,8,oral,1,primary_full_target_density1
0.3146128736455873,0.37658696474502623,0.2476546685689338,adaptive,1.0,20,masked_mae,384,8,torso_outside_head_roi,1,primary_full_target_density1
0.3265456358448027,0.38975313020368435,0.2599929538475873,released,1.0,20,masked_mae,384,8,torso_outside_head_roi,1,primary_full_target_density1
-0.016650214890646033,-0.0029628030626429394,-0.03217346767083874,adaptive,0.35,20,masked_mae,8,1,background,2,full_target_density2
-0.01634756620469031,-0.0041700619909977865,-0.031210547765405838,released,0.4,20,masked_mae,8,1,background,2,full_target_density2
-0.003177148829056052,0.0007838357268026778,-0.0072531473448970716,adaptive,0.35,20,masked_mae,8,1,eyes,2,full_target_density2
-0.003204473644440229,0.0002990582175105918,-0.0072248561366878615,released,0.45,20,masked_mae,8,1,eyes,2,full_target_density2
-0.022286569515424355,-0.015043237884171397,-0.030088578025115907,adaptive,0.1,20,masked_mae,8,1,flame_supported,2,full_target_density2
-0.021589295974915157,-0.014720414299534551,-0.029503973089341988,released,0.05,20,masked_mae,8,1,flame_supported,2,full_target_density2
0.2156901464012999,0.28292943621570515,0.1473429819444104,adaptive,0.95,20,masked_mae,8,1,flame_unsupported,2,full_target_density2
0.20081888864055847,0.2622930158237725,0.13704307154925627,released,0.95,20,masked_mae,8,1,flame_unsupported,2,full_target_density2
0.04752744545899121,0.0690420620474231,0.025218784941550006,adaptive,0.8,20,masked_mae,8,1,foreground,2,full_target_density2
0.04479209735913642,0.06561539791276594,0.022479263267004092,released,0.85,20,masked_mae,8,1,foreground,2,full_target_density2
0.018199279788252587,0.0357085830818265,-0.0009672462707990189,adaptive,0.75,20,masked_mae,8,1,full_frame,2,full_target_density2
0.017054941102023758,0.03343506657393461,-0.0007654463561066299,released,0.7,20,masked_mae,8,1,full_frame,2,full_target_density2
-0.008655294033998102,-0.0016946523961079796,-0.01571333191254978,adaptive,0.35,20,masked_mae,8,1,head_foreground,2,full_target_density2
-0.011143319429421265,-0.004566365298008782,-0.017740968765508503,released,0.3,20,masked_mae,8,1,head_foreground,2,full_target_density2
-0.020722831132318906,-0.015341520914884537,-0.025983956297756117,adaptive,0.05,20,masked_mae,8,1,head_supported,2,full_target_density2
-0.02038197460124187,-0.015098797821853546,-0.025726078453046135,released,0.05,20,masked_mae,8,1,head_supported,2,full_target_density2
0.0831440733632367,0.11605226512993633,0.04976470867908462,adaptive,0.8,20,masked_mae,8,1,head_unsupported,2,full_target_density2
0.05998922997156606,0.08591624924994454,0.03341816160650871,released,0.75,20,masked_mae,8,1,head_unsupported,2,full_target_density2
-0.004541989662102024,-0.0021576997978462586,-0.007228111487854904,adaptive,0.15,20,masked_mae,8,1,oral,2,full_target_density2
-0.004838268559016675,-0.0019016884780465027,-0.008204805714101024,released,0.2,20,masked_mae,8,1,oral,2,full_target_density2
0.1785500083491631,0.24555827586820503,0.11000765285749246,adaptive,0.85,20,masked_mae,8,1,torso_outside_head_roi,2,full_target_density2
0.16897656166100003,0.23172609125721308,0.10208716111359792,released,0.85,20,masked_mae,8,1,torso_outside_head_roi,2,full_target_density2
-0.017416057181139147,-0.002483397943840293,-0.03614806475824,adaptive,0.5,20,masked_mae,8,4,background,2,full_target_density2
-0.017410497435359516,-0.003721292898970271,-0.034598226953049725,released,0.5,20,masked_mae,8,4,background,2,full_target_density2
-0.00659715529611931,-0.00287647340640061,-0.010575594801220544,adaptive,0.25,20,masked_mae,8,4,eyes,2,full_target_density2
-0.007263924111924805,-0.002265803942422472,-0.012561471584333211,released,0.35,20,masked_mae,8,4,eyes,2,full_target_density2
-0.018671193387134986,-0.013342088865825231,-0.024711137023366983,adaptive,0.0,20,masked_mae,8,4,flame_supported,2,full_target_density2
-0.018361310112693104,-0.013470859147197848,-0.02316751069731041,released,0.0,20,masked_mae,8,4,flame_supported,2,full_target_density2
0.24247066547661747,0.2976469762308466,0.18864038220947396,adaptive,1.0,20,masked_mae,8,4,flame_unsupported,2,full_target_density2
0.22960632373814066,0.28004719602009376,0.18000858992316554,released,1.0,20,masked_mae,8,4,flame_unsupported,2,full_target_density2
0.05785177770106635,0.07516640503501607,0.04048002269828443,adaptive,0.95,20,masked_mae,8,4,foreground,2,full_target_density2
0.05540610092679414,0.07172262685859736,0.0392723625817731,released,0.95,20,masked_mae,8,4,foreground,2,full_target_density2
0.02405601106070946,0.04059966703379121,0.006033283142429398,adaptive,0.8,20,masked_mae,8,4,full_frame,2,full_target_density2
0.022868971029917393,0.03808483538097257,0.006699286447658344,released,0.75,20,masked_mae,8,4,full_frame,2,full_target_density2
-0.0053617380346133794,0.0017521827486800395,-0.012418579088888073,adaptive,0.4,20,masked_mae,8,4,head_foreground,2,full_target_density2
-0.006910221213779261,-8.216682048084032e-05,-0.013305420944966234,released,0.35,20,masked_mae,8,4,head_foreground,2,full_target_density2
-0.018227052308926302,-0.01359669524462409,-0.022860242428196145,adaptive,0.0,20,masked_mae,8,4,head_supported,2,full_target_density2
-0.018400375429581804,-0.013893379487793062,-0.022963705797068183,released,0.05,20,masked_mae,8,4,head_supported,2,full_target_density2
0.08911141694810357,0.12390470838682968,0.055819043453278344,adaptive,0.8,20,masked_mae,8,4,head_unsupported,2,full_target_density2
0.07388480445222936,0.10386025695994153,0.043445626142692866,released,0.8,20,masked_mae,8,4,head_unsupported,2,full_target_density2
-0.00619780507823491,-0.003615156255916079,-0.00906986121869478,adaptive,0.15,20,masked_mae,8,4,oral,2,full_target_density2
-0.006228754679503824,-0.0034262416319639157,-0.009356835886055622,released,0.25,20,masked_mae,8,4,oral,2,full_target_density2
0.2077422874074845,0.2608204572989798,0.15487829657006316,adaptive,0.95,20,masked_mae,8,4,torso_outside_head_roi,2,full_target_density2
0.19734654070105084,0.2475860691096057,0.14596190855922958,released,0.95,20,masked_mae,8,4,torso_outside_head_roi,2,full_target_density2
-0.018285776480798203,-0.0032068745015760023,-0.03707051496796193,adaptive,0.5,20,masked_mae,8,8,background,2,full_target_density2
-0.017758117028791306,-0.004062822462930211,-0.03463967925091745,released,0.45,20,masked_mae,8,8,background,2,full_target_density2
-0.00547523193445232,-0.0015361758293699073,-0.00971784885550888,adaptive,0.35,20,masked_mae,8,8,eyes,2,full_target_density2
-0.005329496086640932,-0.0008686224065659476,-0.010035144131260311,released,0.35,20,masked_mae,8,8,eyes,2,full_target_density2
-0.018750194216497068,-0.013508717754802599,-0.024730159516452067,adaptive,0.0,20,masked_mae,8,8,flame_supported,2,full_target_density2
-0.01771190940899218,-0.012642567422117026,-0.02271455207815016,released,0.0,20,masked_mae,8,8,flame_supported,2,full_target_density2
0.2513491868278039,0.3101145932727859,0.19632135343401505,adaptive,1.0,20,masked_mae,8,8,flame_unsupported,2,full_target_density2
0.23980952354436974,0.28994244250092427,0.1917810193844367,released,1.0,20,masked_mae,8,8,flame_unsupported,2,full_target_density2
0.06149949950956586,0.07933258968334338,0.04309599607123392,adaptive,0.95,20,masked_mae,8,8,foreground,2,full_target_density2
0.05993291116322955,0.07703141408654343,0.0428515832890515,released,0.95,20,masked_mae,8,8,foreground,2,full_target_density2
0.025279347566299116,0.042021308347776336,0.006408981643455892,adaptive,0.8,20,masked_mae,8,8,full_frame,2,full_target_density2
0.024824501090235523,0.04037574383087488,0.008121805002679039,released,0.75,20,masked_mae,8,8,full_frame,2,full_target_density2
-0.004659683257138008,0.002191080073316009,-0.011448392556060179,adaptive,0.4,20,masked_mae,8,8,head_foreground,2,full_target_density2
-0.006323292000448387,0.0001746879455692784,-0.01273184000645531,released,0.35,20,masked_mae,8,8,head_foreground,2,full_target_density2
-0.018163527954587234,-0.013998676283279226,-0.022604647935260812,adaptive,0.0,20,masked_mae,8,8,head_supported,2,full_target_density2
-0.018009675908350443,-0.013676845001789853,-0.022425580157169046,released,0.05,20,masked_mae,8,8,head_supported,2,full_target_density2
0.09493969190618912,0.13225177235986232,0.05963150654850025,adaptive,0.8,20,masked_mae,8,8,head_unsupported,2,full_target_density2
0.07590478023005276,0.1038969223284991,0.04731296010152459,released,0.8,20,masked_mae,8,8,head_unsupported,2,full_target_density2
-0.005839148262314607,-0.0032373750834409944,-0.00891419044629194,adaptive,0.1,20,masked_mae,8,8,oral,2,full_target_density2
-0.0053848222998227205,-0.0024520363447594726,-0.008640022204181893,released,0.3,20,masked_mae,8,8,oral,2,full_target_density2
0.21494192728770267,0.26961421844212935,0.16042223540772158,adaptive,0.95,20,masked_mae,8,8,torso_outside_head_roi,2,full_target_density2
0.2074236530056704,0.25827777837414667,0.15680379659229274,released,0.95,20,masked_mae,8,8,torso_outside_head_roi,2,full_target_density2
-0.019846013340899686,-0.010913991107655285,-0.03202390102373924,adaptive,0.1,20,masked_mae,384,1,background,2,full_target_density2
-0.015415414889831103,-0.008085839716321024,-0.024201961387263608,released,0.2,20,masked_mae,384,1,background,2,full_target_density2
0.0021124491824665486,0.00510375456955319,-0.0008208840909435032,adaptive,0.55,20,masked_mae,384,1,eyes,2,full_target_density2
0.0006397115435920374,0.004881518920752879,-0.0032770829005827934,released,0.55,20,masked_mae,384,1,eyes,2,full_target_density2
-0.00354494194105816,0.0008892908018971416,-0.008362807560415419,adaptive,0.45,20,masked_mae,384,1,flame_supported,2,full_target_density2
-0.0024063245026782845,0.0013500790866453178,-0.006734996509885532,released,0.4,20,masked_mae,384,1,flame_supported,2,full_target_density2
0.3642880981185474,0.4350746993975682,0.2881502421918515,adaptive,1.0,20,masked_mae,384,1,flame_unsupported,2,full_target_density2
0.35897224670108574,0.42621778205614236,0.2894777707541014,released,1.0,20,masked_mae,384,1,flame_unsupported,2,full_target_density2
0.10731994613768063,0.13113829092529938,0.08171078711093914,adaptive,1.0,20,masked_mae,384,1,foreground,2,full_target_density2
0.10575442493805076,0.1281685985075583,0.08226892768545092,released,1.0,20,masked_mae,384,1,foreground,2,full_target_density2
0.050612439157126786,0.06613346180068207,0.035894095087464245,adaptive,0.95,20,masked_mae,384,1,full_frame,2,full_target_density2
0.051812873025993245,0.06555098190903663,0.037838355858217584,released,0.95,20,masked_mae,384,1,full_frame,2,full_target_density2
0.020057429412604834,0.030882102562411935,0.009822381618747602,adaptive,0.75,20,masked_mae,384,1,head_foreground,2,full_target_density2
0.021065556604828152,0.031027587426170237,0.012216352706681293,released,0.9,20,masked_mae,384,1,head_foreground,2,full_target_density2
-0.005257697216069486,-0.002195124240548359,-0.008447752251488512,adaptive,0.2,20,masked_mae,384,1,head_supported,2,full_target_density2
-0.004596673037778021,-0.0019119614838273595,-0.007565739875317855,released,0.3,20,masked_mae,384,1,head_supported,2,full_target_density2
0.1994693393931149,0.2717880394186903,0.1305279313644725,adaptive,0.85,20,masked_mae,384,1,head_unsupported,2,full_target_density2
0.20971743380696822,0.2692467884369902,0.1553715419295002,released,1.0,20,masked_mae,384,1,head_unsupported,2,full_target_density2
-0.0036908247786537917,-0.0007281857035138224,-0.0068212836262575,adaptive,0.35,20,masked_mae,384,1,oral,2,full_target_density2
-0.00345438768111942,-0.00031601383044275034,-0.0068700802886182384,released,0.4,20,masked_mae,384,1,oral,2,full_target_density2
0.3176817662552167,0.3768434941151195,0.25191111910128194,adaptive,1.0,20,masked_mae,384,1,torso_outside_head_roi,2,full_target_density2
0.30861594474032933,0.36373924139505553,0.2474976173309828,released,1.0,20,masked_mae,384,1,torso_outside_head_roi,2,full_target_density2
-0.0209809189312478,-0.01367746067012943,-0.029379606371255054,adaptive,0.1,20,masked_mae,384,4,background,2,full_target_density2
-0.0181004872561286,-0.01191560973263731,-0.024784425612890307,released,0.05,20,masked_mae,384,4,background,2,full_target_density2
0.0018980880206285779,0.005039175380862524,-0.0014039454002400752,adaptive,0.6,20,masked_mae,384,4,eyes,2,full_target_density2
0.0007559561958688652,0.0047574910079470605,-0.003063447909138156,released,0.5,20,masked_mae,384,4,eyes,2,full_target_density2
-0.004807976786710594,-0.001166648361616387,-0.008869828292897787,adaptive,0.35,20,masked_mae,384,4,flame_supported,2,full_target_density2
-0.0017320810738751017,0.0014077665131589068,-0.005419900715648243,released,0.45,20,masked_mae,384,4,flame_supported,2,full_target_density2
0.3726639883966348,0.4430457778068839,0.3018383009537739,adaptive,1.0,20,masked_mae,384,4,flame_unsupported,2,full_target_density2
0.37329008629632904,0.4372512431130764,0.3086467663489432,released,1.0,20,masked_mae,384,4,flame_unsupported,2,full_target_density2
0.10742712653090263,0.12958075810822176,0.08416688308659184,adaptive,1.0,20,masked_mae,384,4,foreground,2,full_target_density2
0.10913810286148465,0.13011520672470006,0.08650926505015327,released,1.0,20,masked_mae,384,4,foreground,2,full_target_density2
0.050796741723357484,0.06535021033086724,0.03693680100902381,adaptive,0.9,20,masked_mae,384,4,full_frame,2,full_target_density2
0.05308558635475221,0.06670322165591001,0.03993799388819161,released,1.0,20,masked_mae,384,4,full_frame,2,full_target_density2
0.0195761294115616,0.030258385531559934,0.009642495023494447,adaptive,0.75,20,masked_mae,384,4,head_foreground,2,full_target_density2
0.02371519139526275,0.03382747794922371,0.014406465520182581,released,0.9,20,masked_mae,384,4,head_foreground,2,full_target_density2
-0.00769545195161241,-0.005417223021592335,-0.01000325115711581,adaptive,0.1,20,masked_mae,384,4,head_supported,2,full_target_density2
-0.004704782355233919,-0.0026301125446809358,-0.006956252758036741,released,0.25,20,masked_mae,384,4,head_supported,2,full_target_density2
0.21404435908981662,0.28322315142494925,0.14477050907593136,adaptive,0.9,20,masked_mae,384,4,head_unsupported,2,full_target_density2
0.23266340092840995,0.2898772340719891,0.1763241792372208,released,1.0,20,masked_mae,384,4,head_unsupported,2,full_target_density2
-0.0038461102561203595,-0.0017725754400176373,-0.005962631338788024,adaptive,0.25,20,masked_mae,384,4,oral,2,full_target_density2
-0.005206710770646333,-0.002950930375513461,-0.0078380253172701,released,0.15,20,masked_mae,384,4,oral,2,full_target_density2
0.31977587140788416,0.37504300393066003,0.2599652167151539,adaptive,1.0,20,masked_mae,384,4,torso_outside_head_roi,2,full_target_density2
0.3142885630325943,0.3666177462459389,0.2578108928732546,released,1.0,20,masked_mae,384,4,torso_outside_head_roi,2,full_target_density2
-0.021567572759852188,-0.013499890624928465,-0.031389467851607185,adaptive,0.15,20,masked_mae,384,8,background,2,full_target_density2
-0.022393921073658278,-0.016250425041120172,-0.029936252105342544,released,0.0,20,masked_mae,384,8,background,2,full_target_density2
0.003242715456205733,0.0067969896574979795,-0.0004688767143540557,adaptive,0.65,20,masked_mae,384,8,eyes,2,full_target_density2
0.0015199968638759825,0.005451866980758476,-0.0022434283233427974,released,0.6,20,masked_mae,384,8,eyes,2,full_target_density2
-0.005520634930302498,-0.0018012978090211392,-0.009668088742898939,adaptive,0.35,20,masked_mae,384,8,flame_supported,2,full_target_density2
-0.002500880966269748,0.000875844205280754,-0.006310407108184625,released,0.4,20,masked_mae,384,8,flame_supported,2,full_target_density2
0.3784821325229569,0.44666817279437765,0.309599252534407,adaptive,1.0,20,masked_mae,384,8,flame_unsupported,2,full_target_density2
0.38227962459421,0.44667295498283943,0.31741927316278384,released,1.0,20,masked_mae,384,8,flame_unsupported,2,full_target_density2
0.11053180240991065,0.13362999126482858,0.08655369315369617,adaptive,1.0,20,masked_mae,384,8,foreground,2,full_target_density2
0.11296372998058975,0.13516388792841463,0.09007451781129207,released,1.0,20,masked_mae,384,8,foreground,2,full_target_density2
0.051596624923474846,0.06670817904271088,0.037090978128956495,adaptive,0.9,20,masked_mae,384,8,full_frame,2,full_target_density2
0.05263000837652197,0.0671706166018397,0.03858533205279023,released,1.0,20,masked_mae,384,8,full_frame,2,full_target_density2
0.01891201097798444,0.028941156743975772,0.00961383314851566,adaptive,0.75,20,masked_mae,384,8,head_foreground,2,full_target_density2
0.023314802475669326,0.033626663221799205,0.013981633697425387,released,0.85,20,masked_mae,384,8,head_foreground,2,full_target_density2
-0.00834852472339317,-0.006093116955202429,-0.010766691815016431,adaptive,0.05,20,masked_mae,384,8,head_supported,2,full_target_density2
-0.00540573075459172,-0.003327670789449734,-0.007624752146029484,released,0.1,20,masked_mae,384,8,head_supported,2,full_target_density2
0.21455637962161198,0.28263760861830506,0.14596447520920072,adaptive,0.9,20,masked_mae,384,8,head_unsupported,2,full_target_density2
0.23512692672455007,0.2925863478470774,0.1782838951626426,released,1.0,20,masked_mae,384,8,head_unsupported,2,full_target_density2
-0.004578249459132438,-0.0024540205241497374,-0.006790220623671247,adaptive,0.25,20,masked_mae,384,8,oral,2,full_target_density2
-0.005368682447305891,-0.0029449281444552116,-0.008259108258930881,released,0.15,20,masked_mae,384,8,oral,2,full_target_density2
0.323844832071628,0.37963944308238323,0.2636952934729093,adaptive,1.0,20,masked_mae,384,8,torso_outside_head_roi,2,full_target_density2
0.3212154242038505,0.3744649787093991,0.2633040063300495,released,1.0,20,masked_mae,384,8,torso_outside_head_roi,2,full_target_density2
0.004098285448410852,0.007515528329240256,0.0007206574660095567,adaptive,0.75,20,masked_mae,8,1,background,2,head_target_density1
0.004214898660186582,0.007433584665486315,0.000692198780439418,released,0.8,20,masked_mae,8,1,background,2,head_target_density1
0.005880395313195441,0.008724793886562887,0.0034835976908272857,adaptive,0.85,20,masked_mae,8,1,eyes,2,head_target_density1
0.0077882756628802965,0.010417098339898628,0.0053892654452991785,released,0.95,20,masked_mae,8,1,eyes,2,head_target_density1
-0.0026267899273388815,-0.0005003199266205823,-0.004857733628598958,adaptive,0.25,20,masked_mae,8,1,flame_supported,2,head_target_density1
-0.0046133730890038065,-0.0020925058847733814,-0.007155999911423167,released,0.1,20,masked_mae,8,1,flame_supported,2,head_target_density1
0.034096480991593715,0.04591457269340248,0.023365737590527777,adaptive,0.95,20,masked_mae,8,1,flame_unsupported,2,head_target_density1
0.03761294399965325,0.047989341938762996,0.02744002412519131,released,0.95,20,masked_mae,8,1,flame_unsupported,2,head_target_density1
0.00783580561572345,0.011122630303349904,0.004749447654767872,adaptive,0.9,20,masked_mae,8,1,foreground,2,head_target_density1
0.007514190323434493,0.01045511983396946,0.004597432928999856,released,0.9,20,masked_mae,8,1,foreground,2,head_target_density1
0.005933625254280123,0.008756710249624211,0.0033060289977432764,adaptive,0.8,20,masked_mae,8,1,full_frame,2,head_target_density1
0.0058516358658348856,0.008475012081913095,0.003184448969570595,released,0.8,20,masked_mae,8,1,full_frame,2,head_target_density1
0.008141926317978656,0.012183395338330546,0.004099492666127771,adaptive,0.7,20,masked_mae,8,1,head_foreground,2,head_target_density1
0.00787897700758865,0.012171535899910546,0.0038339471681297504,released,0.7,20,masked_mae,8,1,head_foreground,2,head_target_density1
0.0010698274397334111,0.004255499310405066,-0.002702700209027114,adaptive,0.6,20,masked_mae,8,1,head_supported,2,head_target_density1
-0.0004524191932756369,0.0024072696208462686,-0.0038233387504752366,released,0.5,20,masked_mae,8,1,head_supported,2,head_target_density1
0.05410382106231183,0.07804280582546728,0.029013111038588398,adaptive,0.9,20,masked_mae,8,1,head_unsupported,2,head_target_density1
0.05983799343154113,0.0862269349972551,0.033272158417621475,released,0.85,20,masked_mae,8,1,head_unsupported,2,head_target_density1
0.0019959043707289156,0.00388087714837044,0.00011942963325696497,adaptive,0.55,20,masked_mae,8,1,oral,2,head_target_density1
0.0010456673362054,0.003367293747106203,-0.0012541240663833967,released,0.5,20,masked_mae,8,1,oral,2,head_target_density1
0.004539126332409433,0.014856220810974088,-0.002521157561171414,adaptive,0.5,20,masked_mae,8,1,torso_outside_head_roi,2,head_target_density1
0.003735397535356863,0.014508874298249586,-0.005501120446987852,released,0.5,20,masked_mae,8,1,torso_outside_head_roi,2,head_target_density1
0.00611378440186873,0.009708912617886936,0.0024824703925227336,adaptive,0.75,20,masked_mae,8,4,background,2,head_target_density1
0.005264289993514207,0.00881529589106294,0.0016621394738384648,released,0.75,20,masked_mae,8,4,background,2,head_target_density1
0.007972031948584073,0.01195995359721127,0.0048084680811095945,adaptive,0.95,20,masked_mae,8,4,eyes,2,head_target_density1
0.010148281845579215,0.01374890774758642,0.006904018022070469,released,0.9,20,masked_mae,8,4,eyes,2,head_target_density1
-0.005180870798197171,-0.0018621774986568329,-0.009059649709198675,adaptive,0.3,20,masked_mae,8,4,flame_supported,2,head_target_density1
-0.006303326676317401,-0.0027422196144671934,-0.010259136324956586,released,0.35,20,masked_mae,8,4,flame_supported,2,head_target_density1
0.038094050714810854,0.0483411636159175,0.028184609270230764,adaptive,0.95,20,masked_mae,8,4,flame_unsupported,2,head_target_density1
0.04119053122321893,0.05323858812750236,0.03034121781816444,released,1.0,20,masked_mae,8,4,flame_unsupported,2,head_target_density1
0.007478422388771581,0.010257989135481151,0.004752086937943593,adaptive,0.9,20,masked_mae,8,4,foreground,2,head_target_density1
0.007304990690737976,0.010194184678408031,0.004504197403110707,released,0.8,20,masked_mae,8,4,foreground,2,head_target_density1
0.006591722065423802,0.009210255047506536,0.004000264157441044,adaptive,0.85,20,masked_mae,8,4,full_frame,2,head_target_density1
0.00600388779127893,0.008424281955340005,0.0037546262005472243,released,0.85,20,masked_mae,8,4,full_frame,2,head_target_density1
0.006998842972281219,0.011001449384634395,0.0028840627083384866,adaptive,0.75,20,masked_mae,8,4,head_foreground,2,head_target_density1
0.007171552541559906,0.011556526898613901,0.002947675468495494,released,0.75,20,masked_mae,8,4,head_foreground,2,head_target_density1
-0.0021746920512459036,0.0020147526522190087,-0.0071772624449834045,adaptive,0.55,20,masked_mae,8,4,head_supported,2,head_target_density1
-0.0028148499596989613,0.0007739766110041254,-0.006825795829548216,released,0.45,20,masked_mae,8,4,head_supported,2,head_target_density1
0.07189043247714272,0.09635829829575818,0.04820164585219544,adaptive,0.9,20,masked_mae,8,4,head_unsupported,2,head_target_density1
0.0748293968232853,0.10358792675577608,0.04748935972331156,released,0.9,20,masked_mae,8,4,head_unsupported,2,head_target_density1
0.0011280141630510485,0.00306512026084248,-0.0009118036877892207,adaptive,0.65,20,masked_mae,8,4,oral,2,head_target_density1
-0.000339743974645932,0.0018372008348197023,-0.002445630436873082,released,0.5,20,masked_mae,8,4,oral,2,head_target_density1
0.006254162723073999,0.014661125735035857,-0.0011149448606577843,adaptive,0.7,20,masked_mae,8,4,torso_outside_head_roi,2,head_target_density1
0.0058455193002105495,0.01444410697703692,-0.0031472643556203286,released,0.65,20,masked_mae,8,4,torso_outside_head_roi,2,head_target_density1
0.006203363057279558,0.009515496909159888,0.0028829605753062015,adaptive,0.75,20,masked_mae,8,8,background,2,head_target_density1
0.006052249444963211,0.009259594046900846,0.002815069328621745,released,0.8,20,masked_mae,8,8,background,2,head_target_density1
0.008591149380165506,0.012702874307970092,0.005132583664889097,adaptive,0.85,20,masked_mae,8,8,eyes,2,head_target_density1
0.01152896124142534,0.015449591519176568,0.007966529075974267,released,0.9,20,masked_mae,8,8,eyes,2,head_target_density1
-0.005578543813410516,-0.0026915961838218866,-0.009042163040129378,adaptive,0.15,20,masked_mae,8,8,flame_supported,2,head_target_density1
-0.006887644138812687,-0.003710886593388548,-0.01059466016759325,released,0.2,20,masked_mae,8,8,flame_supported,2,head_target_density1
0.037347543649663084,0.04774998858999698,0.027238598183934117,adaptive,0.95,20,masked_mae,8,8,flame_unsupported,2,head_target_density1
0.04126050377301708,0.053625842598022194,0.030266308467627092,released,1.0,20,masked_mae,8,8,flame_unsupported,2,head_target_density1
0.00682515220250499,0.009651426248541026,0.003987834134745193,adaptive,0.85,20,masked_mae,8,8,foreground,2,head_target_density1
0.006846070567485855,0.009549172347159197,0.004135358369499966,released,0.9,20,masked_mae,8,8,foreground,2,head_target_density1
0.00635573933650921,0.008839967558523279,0.0037679178922465336,adaptive,0.8,20,masked_mae,8,8,full_frame,2,head_target_density1
0.006204962369167436,0.008407608826697114,0.00402892912879134,released,0.9,20,masked_mae,8,8,full_frame,2,head_target_density1
0.006886848111017826,0.011257444289895387,0.00225217548847259,adaptive,0.75,20,masked_mae,8,8,head_foreground,2,head_target_density1
0.006833841176544987,0.011367475474122207,0.002258254901342766,released,0.75,20,masked_mae,8,8,head_foreground,2,head_target_density1
-0.0022822690752386256,0.001627345622446458,-0.0072486616048120164,adaptive,0.55,20,masked_mae,8,8,head_supported,2,head_target_density1
-0.0032176614926116625,9.07816414514327e-05,-0.007379514482809939,released,0.45,20,masked_mae,8,8,head_supported,2,head_target_density1
0.07214798256273487,0.09641399311615771,0.04825720135971497,adaptive,0.85,20,masked_mae,8,8,head_unsupported,2,head_target_density1
0.0752239433451272,0.10433948141604979,0.04702399759491285,released,0.85,20,masked_mae,8,8,head_unsupported,2,head_target_density1
0.001795949257822398,0.003444418432521428,1.0536378109084667e-05,adaptive,0.7,20,masked_mae,8,8,oral,2,head_target_density1
4.388075253440836e-05,0.0021955005969961894,-0.0019924814410381872,released,0.4,20,masked_mae,8,8,oral,2,head_target_density1
0.004723175450273362,0.014396935458840398,-0.0026658870114846106,adaptive,0.65,20,masked_mae,8,8,torso_outside_head_roi,2,head_target_density1
0.004892574387807954,0.013349389524243029,-0.0036525960308607937,released,0.65,20,masked_mae,8,8,torso_outside_head_roi,2,head_target_density1
0.0006029312310354871,0.0050643487035506056,-0.004274751136299874,adaptive,0.7,20,masked_mae,384,1,background,2,head_target_density1
-0.002573834422562658,0.00305363691976752,-0.00836788628909613,released,0.4,20,masked_mae,384,1,background,2,head_target_density1
0.002590338978587782,0.00504958635763232,0.00021111939099226004,adaptive,0.65,20,masked_mae,384,1,eyes,2,head_target_density1
0.007289302654374534,0.01008130373782508,0.004688188636338571,released,0.85,20,masked_mae,384,1,eyes,2,head_target_density1
-0.00693225030198807,-0.00410348221251201,-0.009799659066110224,adaptive,0.15,20,masked_mae,384,1,flame_supported,2,head_target_density1
-0.008973868971082018,-0.005383181536757921,-0.012662163783995702,released,0.15,20,masked_mae,384,1,flame_supported,2,head_target_density1
0.08750014049899998,0.12093820350306246,0.05655433163270373,adaptive,0.9,20,masked_mae,384,1,flame_unsupported,2,head_target_density1
0.09508265172549216,0.12908421227654043,0.06405222507948896,released,0.95,20,masked_mae,384,1,flame_unsupported,2,head_target_density1
0.020162066411766287,0.03207519967480901,0.010018193154106484,adaptive,0.8,20,masked_mae,384,1,foreground,2,head_target_density1
0.02087477914885021,0.03342869155227242,0.010074223522489259,released,0.8,20,masked_mae,384,1,foreground,2,head_target_density1
0.011073820376809025,0.018555361366633202,0.004842165849490075,adaptive,0.8,20,masked_mae,384,1,full_frame,2,head_target_density1
0.010297907469592565,0.018110464553296297,0.003527531529337295,released,0.75,20,masked_mae,384,1,full_frame,2,head_target_density1
0.03203814201098657,0.04366764587083555,0.021559399035728954,adaptive,0.9,20,masked_mae,384,1,head_foreground,2,head_target_density1
0.03591769878311986,0.04726624761165659,0.025299736733571727,released,0.95,20,masked_mae,384,1,head_foreground,2,head_target_density1
0.0034238954818355733,0.004821898772512664,0.001986714663905773,adaptive,0.8,20,masked_mae,384,1,head_supported,2,head_target_density1
0.004866773319603367,0.006206193927054025,0.0034777479896732845,released,0.9,20,masked_mae,384,1,head_supported,2,head_target_density1
0.22689741703430752,0.28459893777341116,0.16928272123762828,adaptive,1.0,20,masked_mae,384,1,head_unsupported,2,head_target_density1
0.25308965270259354,0.3074868008255719,0.19614523199045358,released,1.0,20,masked_mae,384,1,head_unsupported,2,head_target_density1
-0.0017319635835116275,-0.0001815549743358891,-0.0032996389882271287,adaptive,0.25,20,masked_mae,384,1,oral,2,head_target_density1
0.0003314837859087552,0.0023239952165576214,-0.0016621458810225,released,0.45,20,masked_mae,384,1,oral,2,head_target_density1
-0.01182511587892738,0.004478312262256966,-0.025886034118810075,adaptive,0.3,20,masked_mae,384,1,torso_outside_head_roi,2,head_target_density1
-0.01980752622048486,-0.00034415198275155906,-0.03666092958069763,released,0.25,20,masked_mae,384,1,torso_outside_head_roi,2,head_target_density1
0.0006127383779675128,0.004774981672026886,-0.004375249200506504,adaptive,0.65,20,masked_mae,384,4,background,2,head_target_density1
0.0017476984232751244,0.006887141620019771,-0.0033079608474725053,released,0.6,20,masked_mae,384,4,background,2,head_target_density1
0.0052193581475235345,0.008141922546374112,0.002845151972397824,adaptive,0.85,20,masked_mae,384,4,eyes,2,head_target_density1
0.008190698034850563,0.011219596369436341,0.005222920666913881,released,0.8,20,masked_mae,384,4,eyes,2,head_target_density1
-0.008725516365469591,-0.005939825685043961,-0.011401834511594863,adaptive,0.1,20,masked_mae,384,4,flame_supported,2,head_target_density1
-0.009104978520369574,-0.0058817031240747065,-0.012497473804920887,released,0.05,20,masked_mae,384,4,flame_supported,2,head_target_density1
0.08317120717702745,0.11528194083771719,0.054299642795633866,adaptive,1.0,20,masked_mae,384,4,flame_unsupported,2,head_target_density1
0.09363083648923173,0.12559346959241607,0.0631545124990119,released,1.0,20,masked_mae,384,4,flame_unsupported,2,head_target_density1
0.01755568863314642,0.029216577555622267,0.008285941804095876,adaptive,0.8,20,masked_mae,384,4,foreground,2,head_target_density1
0.02000376558228801,0.03164446695962078,0.010182745719830018,released,0.8,20,masked_mae,384,4,foreground,2,head_target_density1
0.00977496174741383,0.01656322801531839,0.00441685623948567,adaptive,0.8,20,masked_mae,384,4,full_frame,2,head_target_density1
0.011633591776708604,0.018100768215235943,0.00628244217228628,released,0.85,20,masked_mae,384,4,full_frame,2,head_target_density1
0.030076508696343485,0.04165719414776855,0.020337736666950823,adaptive,1.0,20,masked_mae,384,4,head_foreground,2,head_target_density1
0.03642109006786605,0.04760809777977765,0.026663246869221474,released,1.0,20,masked_mae,384,4,head_foreground,2,head_target_density1
0.002019899689848405,0.0034182737119789826,0.0005161262839282184,adaptive,0.75,20,masked_mae,384,4,head_supported,2,head_target_density1
0.005237211635164314,0.0064485318682461195,0.003992338845237662,released,0.95,20,masked_mae,384,4,head_supported,2,head_target_density1
0.22052766240762045,0.27625785552576565,0.16597153915232832,adaptive,1.0,20,masked_mae,384,4,head_unsupported,2,head_target_density1
0.25730732365326203,0.3091390532440515,0.202888324135756,released,1.0,20,masked_mae,384,4,head_unsupported,2,head_target_density1
-0.0018796346073151483,-0.0005117169063678354,-0.003401449669185633,adaptive,0.4,20,masked_mae,384,4,oral,2,head_target_density1
2.2852213714914805e-05,0.002127595398553762,-0.002185416871422263,released,0.55,20,masked_mae,384,4,oral,2,head_target_density1
-0.017343668198192816,-0.001122048949326548,-0.031520930132360736,adaptive,0.15,20,masked_mae,384,4,torso_outside_head_roi,2,head_target_density1
-0.025967410096181386,-0.006650151584634369,-0.04266001547612916,released,0.15,20,masked_mae,384,4,torso_outside_head_roi,2,head_target_density1
-0.0003244643380135243,0.003613054706518111,-0.005162892035186167,adaptive,0.7,20,masked_mae,384,8,background,2,head_target_density1
-0.00030697354835444897,0.00416816084269547,-0.005089003773719652,released,0.6,20,masked_mae,384,8,background,2,head_target_density1
0.005523050250719186,0.008121697652217071,0.003193259827107404,adaptive,0.85,20,masked_mae,384,8,eyes,2,head_target_density1
0.00846533360016911,0.011161628210274516,0.005676087136164521,released,0.9,20,masked_mae,384,8,eyes,2,head_target_density1
-0.009128537105584884,-0.0062414744378507594,-0.011860657184867547,adaptive,0.1,20,masked_mae,384,8,flame_supported,2,head_target_density1
-0.009557604236768422,-0.0063244445868808055,-0.012944263918559995,released,0.1,20,masked_mae,384,8,flame_supported,2,head_target_density1
0.08105412838414656,0.11145213937270751,0.05380216471796033,adaptive,1.0,20,masked_mae,384,8,flame_unsupported,2,head_target_density1
0.09101675018127862,0.12318327872123548,0.060608400289485324,released,1.0,20,masked_mae,384,8,flame_unsupported,2,head_target_density1
0.016650613876488658,0.027568464100988607,0.007914905354848142,adaptive,0.75,20,masked_mae,384,8,foreground,2,head_target_density1
0.01906991662510642,0.03086723278658324,0.009740580578469013,released,0.8,20,masked_mae,384,8,foreground,2,head_target_density1
0.008799711295536583,0.015016152048523811,0.003677725626147665,adaptive,0.8,20,masked_mae,384,8,full_frame,2,head_target_density1
0.010132182160497234,0.016417709552880504,0.0049659976072899716,released,0.8,20,masked_mae,384,8,full_frame,2,head_target_density1
0.029618029423586396,0.040482521142722924,0.01991085539944271,adaptive,1.0,20,masked_mae,384,8,head_foreground,2,head_target_density1
0.035900715820013605,0.046809480232946475,0.02599617664593796,released,1.0,20,masked_mae,384,8,head_foreground,2,head_target_density1
0.0018787196048777922,0.0031714523074498806,0.0004761675431665642,adaptive,0.8,20,masked_mae,384,8,head_supported,2,head_target_density1
0.005233608825884352,0.006363857631028169,0.004135650636504332,released,1.0,20,masked_mae,384,8,head_supported,2,head_target_density1
0.21859305622371067,0.2728076177254414,0.16259714084384042,adaptive,1.0,20,masked_mae,384,8,head_unsupported,2,head_target_density1
0.2524513402769398,0.3092577548433745,0.19294772552516104,released,1.0,20,masked_mae,384,8,head_unsupported,2,head_target_density1
-0.0005783610719610272,0.0009023262774453179,-0.0022387808325130976,adaptive,0.45,20,masked_mae,384,8,oral,2,head_target_density1
0.0003900190231433901,0.0023788692485763826,-0.0016061907251882282,released,0.55,20,masked_mae,384,8,oral,2,head_target_density1
-0.01873158094402083,-0.003642113131394101,-0.032172927648033554,adaptive,0.15,20,masked_mae,384,8,torso_outside_head_roi,2,head_target_density1
-0.026557315612640842,-0.008294596277744187,-0.04202528406061888,released,0.15,20,masked_mae,384,8,torso_outside_head_roi,2,head_target_density1
-0.02088745308415229,-0.006591661515904808,-0.037795179924254296,adaptive,0.25,20,masked_mae,8,1,background,2,primary_full_target_density1
-0.020102493923380392,-0.007305117653794046,-0.03542550892627748,released,0.2,20,masked_mae,8,1,background,2,primary_full_target_density1
-0.0026119997681406165,0.00418480621584094,-0.011463298326171191,adaptive,0.5,20,masked_mae,8,1,eyes,2,primary_full_target_density1
-0.0030557134330804173,0.0025086252283948074,-0.010098865889118033,released,0.5,20,masked_mae,8,1,eyes,2,primary_full_target_density1
-0.025580094097172268,-0.017480096975462874,-0.03437779899526416,adaptive,0.1,20,masked_mae,8,1,flame_supported,2,primary_full_target_density1
-0.024038383292854914,-0.01702187447599772,-0.03227396658227765,released,0.0,20,masked_mae,8,1,flame_supported,2,primary_full_target_density1
0.22460916715134652,0.29294362855316597,0.15731926752948183,adaptive,0.95,20,masked_mae,8,1,flame_unsupported,2,primary_full_target_density1
0.19441198560375733,0.25329393733027294,0.1347087133723215,released,0.95,20,masked_mae,8,1,flame_unsupported,2,primary_full_target_density1
0.04699347263212746,0.06997923648319082,0.023691729007709418,adaptive,0.85,20,masked_mae,8,1,foreground,2,primary_full_target_density1
0.039782057114981485,0.05946590809633993,0.019032133303404482,released,0.8,20,masked_mae,8,1,foreground,2,primary_full_target_density1
0.01626744999255969,0.03482949962025081,-0.003946483354225306,adaptive,0.7,20,masked_mae,8,1,full_frame,2,primary_full_target_density1
0.01260957076694027,0.028412863986639243,-0.005598540154176858,released,0.7,20,masked_mae,8,1,full_frame,2,primary_full_target_density1
-0.010024389702746207,-2.6498439097889653e-05,-0.020089773622690845,adaptive,0.4,20,masked_mae,8,1,head_foreground,2,primary_full_target_density1
-0.011034931229228476,-0.0039182716835712865,-0.018163001656229437,released,0.3,20,masked_mae,8,1,head_foreground,2,primary_full_target_density1
-0.02677602199824731,-0.019473893183885545,-0.03425546941152123,adaptive,0.05,20,masked_mae,8,1,head_supported,2,primary_full_target_density1
-0.024707585129324548,-0.018913545603575683,-0.030549814574851016,released,0.05,20,masked_mae,8,1,head_supported,2,primary_full_target_density1
0.11651323070341187,0.1688600614277824,0.06664547089619627,adaptive,0.85,20,masked_mae,8,1,head_unsupported,2,primary_full_target_density1
0.09701358776988361,0.1385020713986134,0.05784608389005027,released,0.9,20,masked_mae,8,1,head_unsupported,2,primary_full_target_density1
-0.010787317984831029,-0.007049806566412011,-0.014884785167532765,adaptive,0.05,20,masked_mae,8,1,oral,2,primary_full_target_density1
-0.006271322616187978,-0.0034597511898596797,-0.009285126659003672,released,0.2,20,masked_mae,8,1,oral,2,primary_full_target_density1
0.17958130526005825,0.249130486394902,0.10746357430343491,adaptive,0.85,20,masked_mae,8,1,torso_outside_head_roi,2,primary_full_target_density1
0.15451608824552496,0.2139799327166251,0.09104082367621975,released,0.85,20,masked_mae,8,1,torso_outside_head_roi,2,primary_full_target_density1
-0.020389559163244676,-0.004502399538262427,-0.039145645793895144,adaptive,0.4,20,masked_mae,8,4,background,2,primary_full_target_density1
-0.02050292317847594,-0.006671937529139279,-0.037155676694425155,released,0.25,20,masked_mae,8,4,background,2,primary_full_target_density1
-0.006849117402766325,-0.001261152222726173,-0.013170073218688412,adaptive,0.45,20,masked_mae,8,4,eyes,2,primary_full_target_density1
-0.006671822400489383,-0.0005465216124689442,-0.01399769785155233,released,0.45,20,masked_mae,8,4,eyes,2,primary_full_target_density1
-0.024679860198039118,-0.017164050224898003,-0.032937104789885846,adaptive,0.0,20,masked_mae,8,4,flame_supported,2,primary_full_target_density1
-0.0231781193544489,-0.0168205015260111,-0.03039899294673429,released,0.0,20,masked_mae,8,4,flame_supported,2,primary_full_target_density1
0.22989508910366618,0.2851953553399985,0.1745006581649045,adaptive,0.95,20,masked_mae,8,4,flame_unsupported,2,primary_full_target_density1
0.2161310756635033,0.26591472874636474,0.16537740994329658,released,0.95,20,masked_mae,8,4,flame_unsupported,2,primary_full_target_density1
0.05025122241601635,0.06938663353183432,0.030461545296434037,adaptive,0.9,20,masked_mae,8,4,foreground,2,primary_full_target_density1
0.046599960769754825,0.06350398541984585,0.028777257844430817,released,0.9,20,masked_mae,8,4,foreground,2,primary_full_target_density1
0.018929039101955324,0.03611218078734132,-0.00010898003729249618,adaptive,0.75,20,masked_mae,8,4,full_frame,2,primary_full_target_density1
0.01659474078945549,0.03197972494257054,-0.0006877814126572912,released,0.75,20,masked_mae,8,4,full_frame,2,primary_full_target_density1
-0.012073242091208188,-0.002982359752439993,-0.021170818479152313,adaptive,0.25,20,masked_mae,8,4,head_foreground,2,primary_full_target_density1
-0.010207021349200771,-0.0026124222953760362,-0.01783187186451255,released,0.35,20,masked_mae,8,4,head_foreground,2,primary_full_target_density1
-0.027082212007670886,-0.02053583055321434,-0.0339231650575173,adaptive,0.0,20,masked_mae,8,4,head_supported,2,primary_full_target_density1
-0.0252162923027197,-0.019551136564730013,-0.0311693545496954,released,0.0,20,masked_mae,8,4,head_supported,2,primary_full_target_density1
0.0976010029387971,0.14421751007042452,0.0561589384689382,adaptive,0.85,20,masked_mae,8,4,head_unsupported,2,primary_full_target_density1
0.10341641737381672,0.1440696585022451,0.06543860509383817,released,0.85,20,masked_mae,8,4,head_unsupported,2,primary_full_target_density1
-0.011623936791829267,-0.008543472846803556,-0.014895650305359992,adaptive,0.05,20,masked_mae,8,4,oral,2,primary_full_target_density1
-0.008378620004480562,-0.004935237092938463,-0.012113145488317698,released,0.15,20,masked_mae,8,4,oral,2,primary_full_target_density1
0.1950711577601253,0.2534468527635917,0.13500519550724163,adaptive,0.95,20,masked_mae,8,4,torso_outside_head_roi,2,primary_full_target_density1
0.17926867036276073,0.23123936995184263,0.12449931784848986,released,0.9,20,masked_mae,8,4,torso_outside_head_roi,2,primary_full_target_density1
-0.019942575417261764,-0.0046009732572246725,-0.037601476293001465,adaptive,0.45,20,masked_mae,8,8,background,2,primary_full_target_density1
-0.020728663256644915,-0.007153522493764743,-0.03774400957503869,released,0.25,20,masked_mae,8,8,background,2,primary_full_target_density1
-0.005382632273418383,-0.00012292875136402535,-0.011971274932347136,adaptive,0.35,20,masked_mae,8,8,eyes,2,primary_full_target_density1
-0.0039387555388847185,0.001377178202186518,-0.010445529649676778,released,0.5,20,masked_mae,8,8,eyes,2,primary_full_target_density1
-0.02634949031246147,-0.019006646999263122,-0.034520131475769794,adaptive,0.05,20,masked_mae,8,8,flame_supported,2,primary_full_target_density1
-0.02348375040727433,-0.017238643727947894,-0.03044998289882825,released,0.0,20,masked_mae,8,8,flame_supported,2,primary_full_target_density1
0.2327300833767462,0.28941634950540596,0.17928908562743326,adaptive,1.0,20,masked_mae,8,8,flame_unsupported,2,primary_full_target_density1
0.22150584213354843,0.2714414613234353,0.17050192752539242,released,1.0,20,masked_mae,8,8,flame_unsupported,2,primary_full_target_density1
0.05078314688737341,0.07062513188022192,0.03079865385463331,adaptive,0.85,20,masked_mae,8,8,foreground,2,primary_full_target_density1
0.04905977875598224,0.06635521316043032,0.03062144201245328,released,0.85,20,masked_mae,8,8,foreground,2,primary_full_target_density1
0.019018430524058164,0.036031230255896905,0.00030610773986552563,adaptive,0.75,20,masked_mae,8,8,full_frame,2,primary_full_target_density1
0.017361478681688185,0.032975998989173354,0.00014686627434445126,released,0.75,20,masked_mae,8,8,full_frame,2,primary_full_target_density1
-0.013292251252154974,-0.004707314046343223,-0.02153697526358908,adaptive,0.25,20,masked_mae,8,8,head_foreground,2,primary_full_target_density1
-0.010811194878326229,-0.0037777146501474265,-0.017996284360468993,released,0.25,20,masked_mae,8,8,head_foreground,2,primary_full_target_density1
-0.02807600935072136,-0.021901886028142928,-0.03450626155635872,adaptive,0.0,20,masked_mae,8,8,head_supported,2,primary_full_target_density1
-0.025568656585254583,-0.02034708730204634,-0.031163542796630223,released,0.0,20,masked_mae,8,8,head_supported,2,primary_full_target_density1
0.09502166833462937,0.13893864637560363,0.054144648415984695,adaptive,0.85,20,masked_mae,8,8,head_unsupported,2,primary_full_target_density1
0.1011225146898133,0.14009246467551914,0.06430267626334732,released,0.9,20,masked_mae,8,8,head_unsupported,2,primary_full_target_density1
-0.010762378228038749,-0.007295978139687136,-0.01465495122550719,adaptive,0.1,20,masked_mae,8,8,oral,2,primary_full_target_density1
-0.00687705536880946,-0.0039964857704720335,-0.01005880145109918,released,0.2,20,masked_mae,8,8,oral,2,primary_full_target_density1
0.19601166776765266,0.2540187894285536,0.13642088352296786,adaptive,0.9,20,masked_mae,8,8,torso_outside_head_roi,2,primary_full_target_density1
0.18528358922165158,0.2380292161206738,0.13098197662376254,released,0.9,20,masked_mae,8,8,torso_outside_head_roi,2,primary_full_target_density1
-0.03274846821603114,-0.02005793653215543,-0.04605969443403267,adaptive,0.1,20,masked_mae,32,1,background,2,primary_full_target_density1
-0.02716320228961792,-0.012965187066548122,-0.04290791727400833,released,0.25,20,masked_mae,32,1,background,2,primary_full_target_density1
-0.002753188770854853,0.00014180673873427716,-0.005945203910682611,adaptive,0.2,20,masked_mae,32,1,eyes,2,primary_full_target_density1
-0.005094649834732094,-0.0005302672753770817,-0.009874362687870317,released,0.4,20,masked_mae,32,1,eyes,2,primary_full_target_density1
-0.010916067344901938,-0.0043908439206090345,-0.017889807236252348,adaptive,0.15,20,masked_mae,32,1,flame_supported,2,primary_full_target_density1
-0.009572191108536552,-0.002853751606497685,-0.016588901975381615,released,0.2,20,masked_mae,32,1,flame_supported,2,primary_full_target_density1
0.34920686501382675,0.4183171221636743,0.2760331114736197,adaptive,0.95,20,masked_mae,32,1,flame_unsupported,2,primary_full_target_density1
0.3441953696760948,0.4149352273977629,0.269385162555758,released,0.95,20,masked_mae,32,1,flame_unsupported,2,primary_full_target_density1
0.09667557346681928,0.12170260624420538,0.07135846452386062,adaptive,0.95,20,masked_mae,32,1,foreground,2,primary_full_target_density1
0.09598601852775726,0.12104931191410838,0.069237412628025,released,0.9,20,masked_mae,32,1,foreground,2,primary_full_target_density1
0.038032817401927266,0.0563644465346099,0.02088968949852052,adaptive,0.8,20,masked_mae,32,1,full_frame,2,primary_full_target_density1
0.040081743592823744,0.058393620068118685,0.021912868657024406,released,0.8,20,masked_mae,32,1,full_frame,2,primary_full_target_density1
0.014603127750489933,0.028757916650906802,0.0026978118938333477,adaptive,0.6,20,masked_mae,32,1,head_foreground,2,primary_full_target_density1
0.014509544522576944,0.02877907033776846,0.0023437518816604116,released,0.65,20,masked_mae,32,1,head_foreground,2,primary_full_target_density1
-0.015896718856132794,-0.010582258462719134,-0.02148247371663662,adaptive,0.05,20,masked_mae,32,1,head_supported,2,primary_full_target_density1
-0.014375824050460718,-0.009754413305953183,-0.018869429618295217,released,0.05,20,masked_mae,32,1,head_supported,2,primary_full_target_density1
0.22721772131250897,0.30357792305407016,0.15227424307021178,adaptive,0.9,20,masked_mae,32,1,head_unsupported,2,primary_full_target_density1
0.2142177270977359,0.28981909604167944,0.14171653300486864,released,0.9,20,masked_mae,32,1,head_unsupported,2,primary_full_target_density1
-0.008167492333832738,-0.004979861158482072,-0.01124424286941527,adaptive,0.1,20,masked_mae,32,1,oral,2,primary_full_target_density1
-0.0020222536712203552,0.0005115304199846107,-0.004725204776473409,released,0.4,20,masked_mae,32,1,oral,2,primary_full_target_density1
0.29833249525285793,0.3575044039819577,0.23345774529646693,adaptive,0.95,20,masked_mae,32,1,torso_outside_head_roi,2,primary_full_target_density1
0.29651839893601817,0.36019800287099357,0.22688059495353802,released,0.95,20,masked_mae,32,1,torso_outside_head_roi,2,primary_full_target_density1
-0.028649156023538448,-0.01597319551324257,-0.04243675745057909,adaptive,0.2,20,masked_mae,32,4,background,2,primary_full_target_density1
-0.027572276270528828,-0.01171426580807743,-0.04472862507334162,released,0.25,20,masked_mae,32,4,background,2,primary_full_target_density1
-0.004764126050139974,-0.0008113169290483373,-0.008877613190838154,adaptive,0.25,20,masked_mae,32,4,eyes,2,primary_full_target_density1
-0.005580897869134701,-0.00028471594035340094,-0.011597566330641703,released,0.35,20,masked_mae,32,4,eyes,2,primary_full_target_density1
-0.014131520672356629,-0.007668351622692587,-0.020954773182621584,adaptive,0.2,20,masked_mae,32,4,flame_supported,2,primary_full_target_density1
-0.012866050720081772,-0.005408514780021034,-0.020090554480780648,released,0.3,20,masked_mae,32,4,flame_supported,2,primary_full_target_density1
0.35217769244410013,0.4191553370477442,0.2839660221553103,adaptive,1.0,20,masked_mae,32,4,flame_unsupported,2,primary_full_target_density1
0.34898943794437687,0.4162637641211675,0.2778437607792355,released,1.0,20,masked_mae,32,4,flame_unsupported,2,primary_full_target_density1
0.09487808976458986,0.11818095363922808,0.07096107127544853,adaptive,0.95,20,masked_mae,32,4,foreground,2,primary_full_target_density1
0.0938944248426859,0.1182277276798859,0.06876994243172108,released,0.9,20,masked_mae,32,4,foreground,2,primary_full_target_density1
0.040092979367442695,0.056858144998960906,0.023979685647674828,adaptive,0.8,20,masked_mae,32,4,full_frame,2,primary_full_target_density1
0.03980723110440677,0.058227869502933224,0.021720287106089687,released,0.75,20,masked_mae,32,4,full_frame,2,primary_full_target_density1
0.01000769709863653,0.02332465566870699,-0.002031406887342242,adaptive,0.55,20,masked_mae,32,4,head_foreground,2,primary_full_target_density1
0.010901747908096273,0.023794468590491724,-0.0014439146949662871,released,0.6,20,masked_mae,32,4,head_foreground,2,primary_full_target_density1
-0.020301778541016825,-0.015632854540077217,-0.02579812574435106,adaptive,0.0,20,masked_mae,32,4,head_supported,2,primary_full_target_density1
-0.019035654608207865,-0.014459440895578721,-0.02359142704522409,released,0.0,20,masked_mae,32,4,head_supported,2,primary_full_target_density1
0.22269092075388142,0.2957933556876656,0.14699275570771386,adaptive,0.9,20,masked_mae,32,4,head_unsupported,2,primary_full_target_density1
0.21994849512491763,0.2921008042988421,0.14667020132068304,released,0.9,20,masked_mae,32,4,head_unsupported,2,primary_full_target_density1
-0.010440173190021875,-0.007224243285962764,-0.014271827021977473,adaptive,0.1,20,masked_mae,32,4,oral,2,primary_full_target_density1
-0.005223513922011437,-0.0023148427896130816,-0.008328772525210987,released,0.3,20,masked_mae,32,4,oral,2,primary_full_target_density1
0.3018568128228168,0.3560070992424488,0.24584960831285568,adaptive,1.0,20,masked_mae,32,4,torso_outside_head_roi,2,primary_full_target_density1
0.29826310312112364,0.35782661968431095,0.2355199823284046,released,0.95,20,masked_mae,32,4,torso_outside_head_roi,2,primary_full_target_density1
-0.029529014350998896,-0.016261552404570365,-0.04425535526575428,adaptive,0.15,20,masked_mae,32,8,background,2,primary_full_target_density1
-0.025312092112543483,-0.01055973456185177,-0.04219631645721293,released,0.25,20,masked_mae,32,8,background,2,primary_full_target_density1
-0.003123528938347049,0.0007850583778081638,-0.007282737562458752,adaptive,0.4,20,masked_mae,32,8,eyes,2,primary_full_target_density1
-0.004213741655017573,0.000922703422401384,-0.009998348427161349,released,0.45,20,masked_mae,32,8,eyes,2,primary_full_target_density1
-0.0137666432593848,-0.007321069931678592,-0.020304887292394696,adaptive,0.2,20,masked_mae,32,8,flame_supported,2,primary_full_target_density1
-0.013553489570742452,-0.00655105624007604,-0.020714681397698345,released,0.25,20,masked_mae,32,8,flame_supported,2,primary_full_target_density1
0.3593357758010655,0.425863784198622,0.2902543977770777,adaptive,1.0,20,masked_mae,32,8,flame_unsupported,2,primary_full_target_density1
0.3520453887605136,0.41866381350412146,0.27968905244650033,released,0.95,20,masked_mae,32,8,flame_unsupported,2,primary_full_target_density1
0.09907250099454114,0.12207803323738756,0.07570962016820738,adaptive,0.95,20,masked_mae,32,8,foreground,2,primary_full_target_density1
0.09656376428263427,0.1205347866637087,0.07173042162759734,released,0.9,20,masked_mae,32,8,foreground,2,primary_full_target_density1
0.041208436401375434,0.05862378181704195,0.024525592238743073,adaptive,0.85,20,masked_mae,32,8,full_frame,2,primary_full_target_density1
0.04160269318204938,0.05976088412396317,0.023643658810105682,released,0.75,20,masked_mae,32,8,full_frame,2,primary_full_target_density1
0.010515692766431264,0.022611209276812868,-0.0008653319836970313,adaptive,0.55,20,masked_mae,32,8,head_foreground,2,primary_full_target_density1
0.009900802062193945,0.022661886392586702,-0.0013569256845848087,released,0.6,20,masked_mae,32,8,head_foreground,2,primary_full_target_density1
-0.019896553343349225,-0.015490581740326727,-0.024844403766492208,adaptive,0.0,20,masked_mae,32,8,head_supported,2,primary_full_target_density1
-0.019638706326012403,-0.015201073644110457,-0.02405640389984977,released,0.0,20,masked_mae,32,8,head_supported,2,primary_full_target_density1
0.22499989147447857,0.2970566459192589,0.15188825150315527,adaptive,0.95,20,masked_mae,32,8,head_unsupported,2,primary_full_target_density1
0.21525715502551276,0.28452033872441973,0.1446636044661886,released,0.9,20,masked_mae,32,8,head_unsupported,2,primary_full_target_density1
-0.00984380560947733,-0.006459596068379666,-0.013568116876473826,adaptive,0.15,20,masked_mae,32,8,oral,2,primary_full_target_density1
-0.004761958254293238,-0.0021903579884317527,-0.007640333099345509,released,0.25,20,masked_mae,32,8,oral,2,primary_full_target_density1
0.30600233891517203,0.36164791479607894,0.24806445695295487,adaptive,1.0,20,masked_mae,32,8,torso_outside_head_roi,2,primary_full_target_density1
0.3007072251185589,0.359600990695256,0.23784557270750215,released,1.0,20,masked_mae,32,8,torso_outside_head_roi,2,primary_full_target_density1
-0.017297980158799117,-0.011714106025996106,-0.022419595448819593,adaptive,0.1,20,masked_mae,128,1,background,2,primary_full_target_density1
-0.018499803981831188,-0.007632654398259488,-0.032067273566464584,released,0.25,20,masked_mae,128,1,background,2,primary_full_target_density1
-0.0005654011402194681,0.00263296230711434,-0.0038763238754123647,adaptive,0.5,20,masked_mae,128,1,eyes,2,primary_full_target_density1
-0.000679444012819996,0.0024500701752406566,-0.0037280887236293544,released,0.4,20,masked_mae,128,1,eyes,2,primary_full_target_density1
-0.0033684734705799768,0.0017305983533634729,-0.008913710151370127,adaptive,0.55,20,masked_mae,128,1,flame_supported,2,primary_full_target_density1
-0.0030068883464611784,0.0036295038359377197,-0.010111632244655003,released,0.5,20,masked_mae,128,1,flame_supported,2,primary_full_target_density1
0.3354647480502079,0.41416423228349325,0.2527639832531702,adaptive,1.0,20,masked_mae,128,1,flame_unsupported,2,primary_full_target_density1
0.35712145638214,0.43384218710043065,0.27532231608604746,released,1.0,20,masked_mae,128,1,flame_unsupported,2,primary_full_target_density1
0.09783924095135307,0.1228488174943654,0.07158410714396998,adaptive,0.85,20,masked_mae,128,1,foreground,2,primary_full_target_density1
0.10534613650639366,0.13205375090882598,0.07690474178283534,released,0.95,20,masked_mae,128,1,foreground,2,primary_full_target_density1
0.047144811261783943,0.06269643345920296,0.03284685992156014,adaptive,0.95,20,masked_mae,128,1,full_frame,2,primary_full_target_density1
0.050414141367524215,0.06737371548784502,0.034068269929909085,released,0.95,20,masked_mae,128,1,full_frame,2,primary_full_target_density1
0.017778365674745625,0.030222171239727782,0.006240083004479524,adaptive,0.65,20,masked_mae,128,1,head_foreground,2,primary_full_target_density1
0.02011764931906616,0.032441146856868205,0.0076074257176781115,released,0.8,20,masked_mae,128,1,head_foreground,2,primary_full_target_density1
-0.009655298262788882,-0.005296661164731282,-0.014665769014046655,adaptive,0.2,20,masked_mae,128,1,head_supported,2,primary_full_target_density1
-0.00871634914186323,-0.004011390219595089,-0.014895193471284785,released,0.2,20,masked_mae,128,1,head_supported,2,primary_full_target_density1
0.21831294380240776,0.2900461995497015,0.14775707818153688,adaptive,0.95,20,masked_mae,128,1,head_unsupported,2,primary_full_target_density1
0.2319079772893801,0.30229493359421833,0.16360310777155546,released,0.95,20,masked_mae,128,1,head_unsupported,2,primary_full_target_density1
-0.00840744442835945,-0.0047280802095560105,-0.012395545121317051,adaptive,0.2,20,masked_mae,128,1,oral,2,primary_full_target_density1
-0.00493670095820018,-0.002061558381251565,-0.008378253066373945,released,0.25,20,masked_mae,128,1,oral,2,primary_full_target_density1
0.2904745464637252,0.3555127402532074,0.2220413498531209,adaptive,0.95,20,masked_mae,128,1,torso_outside_head_roi,2,primary_full_target_density1
0.3103930959458026,0.3767095635475426,0.23762516169491632,released,0.95,20,masked_mae,128,1,torso_outside_head_roi,2,primary_full_target_density1
-0.020643396801171228,-0.014464294128216934,-0.026494387171122954,adaptive,0.1,20,masked_mae,128,4,background,2,primary_full_target_density1
-0.02163144964401203,-0.011279814683697239,-0.033103524395110044,released,0.25,20,masked_mae,128,4,background,2,primary_full_target_density1
-0.0017072663120713167,0.0016273330683001632,-0.005022979175635333,adaptive,0.4,20,masked_mae,128,4,eyes,2,primary_full_target_density1
0.0002584875815298697,0.0030820037265731747,-0.0026388750089162668,released,0.55,20,masked_mae,128,4,eyes,2,primary_full_target_density1
-0.006864810072991506,-0.0022452836935486944,-0.011981400507473997,adaptive,0.35,20,masked_mae,128,4,flame_supported,2,primary_full_target_density1
-0.005200975071384604,0.0006639892370476924,-0.011049064906300322,released,0.35,20,masked_mae,128,4,flame_supported,2,primary_full_target_density1
0.3339233068998241,0.41330324721590894,0.2547737148689663,adaptive,1.0,20,masked_mae,128,4,flame_unsupported,2,primary_full_target_density1
0.3610211689888428,0.4347021192582717,0.28440929548865296,released,1.0,20,masked_mae,128,4,flame_unsupported,2,primary_full_target_density1
0.0937402277887405,0.11808710351953026,0.06897890375240207,adaptive,0.9,20,masked_mae,128,4,foreground,2,primary_full_target_density1
0.10398746884867394,0.1277315114578056,0.07792316509546587,released,1.0,20,masked_mae,128,4,foreground,2,primary_full_target_density1
0.04422812923255374,0.05926363047078947,0.03014246682695449,adaptive,0.95,20,masked_mae,128,4,full_frame,2,primary_full_target_density1
0.04903306483237212,0.0648907008828703,0.03476420364678727,released,1.0,20,masked_mae,128,4,full_frame,2,primary_full_target_density1
0.013754757572915294,0.024802702433367962,0.0034364088959454924,adaptive,0.65,20,masked_mae,128,4,head_foreground,2,primary_full_target_density1
0.01718973359766991,0.027889872462547833,0.007139769131137076,released,0.65,20,masked_mae,128,4,head_foreground,2,primary_full_target_density1
-0.014308242603134652,-0.010196755464806228,-0.019278259689030908,adaptive,0.05,20,masked_mae,128,4,head_supported,2,primary_full_target_density1
-0.012174864407949676,-0.007937877979959818,-0.017085423429763543,released,0.0,20,masked_mae,128,4,head_supported,2,primary_full_target_density1
0.22228100971197398,0.29011513254609866,0.15609063275551124,adaptive,0.95,20,masked_mae,128,4,head_unsupported,2,primary_full_target_density1
0.23546259865656877,0.30194603418718413,0.170249711717176,released,1.0,20,masked_mae,128,4,head_unsupported,2,primary_full_target_density1
-0.010778582213798724,-0.006662042711469521,-0.015302715370956291,adaptive,0.15,20,masked_mae,128,4,oral,2,primary_full_target_density1
-0.0063759000601058425,-0.004095359623073427,-0.00886690009920827,released,0.05,20,masked_mae,128,4,oral,2,primary_full_target_density1
0.2852493854013652,0.3506958707149412,0.2157456563611668,adaptive,1.0,20,masked_mae,128,4,torso_outside_head_roi,2,primary_full_target_density1
0.31293834062437587,0.3756864284814274,0.24346034751986648,released,1.0,20,masked_mae,128,4,torso_outside_head_roi,2,primary_full_target_density1
-0.0202516393748059,-0.014007514844953408,-0.026007879152979287,adaptive,0.15,20,masked_mae,128,8,background,2,primary_full_target_density1
-0.022774835073105605,-0.011977620578146447,-0.034726191407082364,released,0.25,20,masked_mae,128,8,background,2,primary_full_target_density1
0.0005111160338513332,0.0038750647324727674,-0.002976618783385983,adaptive,0.55,20,masked_mae,128,8,eyes,2,primary_full_target_density1
0.0016083918390426895,0.004225601968801502,-0.0011551928504396887,released,0.65,20,masked_mae,128,8,eyes,2,primary_full_target_density1
-0.007189562333773903,-0.002332706997536641,-0.01238855538974425,adaptive,0.35,20,masked_mae,128,8,flame_supported,2,primary_full_target_density1
-0.005492897455999002,-0.00011301430225908605,-0.011187167439510102,released,0.4,20,masked_mae,128,8,flame_supported,2,primary_full_target_density1
0.34303793177089553,0.42116504613432376,0.2635641429239019,adaptive,1.0,20,masked_mae,128,8,flame_unsupported,2,primary_full_target_density1
0.369028982472481,0.44495022800655837,0.29031871720721103,released,1.0,20,masked_mae,128,8,flame_unsupported,2,primary_full_target_density1
0.0978697111953056,0.12241127815497531,0.07225263289137601,adaptive,0.95,20,masked_mae,128,8,foreground,2,primary_full_target_density1
0.10775772663254075,0.13165904575084547,0.08179742076220733,released,1.0,20,masked_mae,128,8,foreground,2,primary_full_target_density1
0.04605638054542211,0.06145713204622784,0.03156505082399298,adaptive,0.95,20,masked_mae,128,8,full_frame,2,primary_full_target_density1
0.04992171306630751,0.06608860331567334,0.03522070811553435,released,1.0,20,masked_mae,128,8,full_frame,2,primary_full_target_density1
0.014231380601742121,0.02499689848069441,0.003649418193859816,adaptive,0.65,20,masked_mae,128,8,head_foreground,2,primary_full_target_density1
0.017555243478542974,0.02752624529521045,0.008345148989922583,released,0.7,20,masked_mae,128,8,head_foreground,2,primary_full_target_density1
-0.014639795084865823,-0.010186881007519405,-0.01994551576170339,adaptive,0.05,20,masked_mae,128,8,head_supported,2,primary_full_target_density1
-0.012530033405970763,-0.008293558280162639,-0.017545014379749112,released,0.0,20,masked_mae,128,8,head_supported,2,primary_full_target_density1
0.22783884408528415,0.29438171085048404,0.16077895905770825,adaptive,0.95,20,masked_mae,128,8,head_unsupported,2,primary_full_target_density1
0.24357675558400663,0.3090629240459301,0.1795083589119834,released,1.0,20,masked_mae,128,8,head_unsupported,2,primary_full_target_density1
-0.010102116816804299,-0.005976331338789871,-0.014495793015893212,adaptive,0.1,20,masked_mae,128,8,oral,2,primary_full_target_density1
-0.0059631601297615655,-0.0037362873640723235,-0.008448556279757895,released,0.15,20,masked_mae,128,8,oral,2,primary_full_target_density1
0.29196694262764866,0.3576879299204908,0.22173882550966661,adaptive,1.0,20,masked_mae,128,8,torso_outside_head_roi,2,primary_full_target_density1
0.3170412197286481,0.38124204193772243,0.24811493623256556,released,1.0,20,masked_mae,128,8,torso_outside_head_roi,2,primary_full_target_density1
-0.022199653861494823,-0.014266422376274264,-0.032608591284264986,adaptive,0.05,20,masked_mae,384,1,background,2,primary_full_target_density1
-0.018500728487652718,-0.009396954195307963,-0.029635753055322837,released,0.2,20,masked_mae,384,1,background,2,primary_full_target_density1
0.00042150106253728906,0.003470221644943478,-0.0028056030898546062,adaptive,0.55,20,masked_mae,384,1,eyes,2,primary_full_target_density1
-0.0008602409695602356,0.0034026380273553688,-0.00535452486481373,released,0.45,20,masked_mae,384,1,eyes,2,primary_full_target_density1
-0.005924586675398567,-0.0003245282620175128,-0.011433154155112193,adaptive,0.4,20,masked_mae,384,1,flame_supported,2,primary_full_target_density1
-0.0024086478946593612,0.0031670462160374355,-0.008161204224319483,released,0.45,20,masked_mae,384,1,flame_supported,2,primary_full_target_density1
0.3547389639663473,0.42701323807490177,0.2770951970516565,adaptive,1.0,20,masked_mae,384,1,flame_unsupported,2,primary_full_target_density1
0.37705837029979283,0.4504084943086064,0.3009117088110263,released,1.0,20,masked_mae,384,1,flame_unsupported,2,primary_full_target_density1
0.10200825607929712,0.1273468735773335,0.07704387177743764,adaptive,0.9,20,masked_mae,384,1,foreground,2,primary_full_target_density1
0.11112587953789169,0.13719185199604308,0.08394299599886493,released,0.95,20,masked_mae,384,1,foreground,2,primary_full_target_density1
0.046702402391474995,0.06275756149709999,0.03119423993867197,adaptive,0.85,20,masked_mae,384,1,full_frame,2,primary_full_target_density1
0.05370867783889109,0.07002762524886821,0.03831807459232869,released,0.95,20,masked_mae,384,1,full_frame,2,primary_full_target_density1
0.01573957910365058,0.02760817853265579,0.004927719082083435,adaptive,0.65,20,masked_mae,384,1,head_foreground,2,primary_full_target_density1
0.0208511650760425,0.031824755502839315,0.010958425389281165,released,0.7,20,masked_mae,384,1,head_foreground,2,primary_full_target_density1
-0.011657896832959314,-0.007158823213703797,-0.016036782843062265,adaptive,0.1,20,masked_mae,384,1,head_supported,2,primary_full_target_density1
-0.00883682320463446,-0.00510680402214806,-0.013006022716262881,released,0.1,20,masked_mae,384,1,head_supported,2,primary_full_target_density1
0.2137006700744461,0.2835959366958048,0.14465430703608623,adaptive,0.9,20,masked_mae,384,1,head_unsupported,2,primary_full_target_density1
0.24180332372219654,0.3095581510789221,0.17668788236484556,released,1.0,20,masked_mae,384,1,head_unsupported,2,primary_full_target_density1
-0.008540228225811674,-0.005124417631176625,-0.01224973593550537,adaptive,0.1,20,masked_mae,384,1,oral,2,primary_full_target_density1
-0.008285546463302257,-0.00495391336769772,-0.0118819510016355,released,0.15,20,masked_mae,384,1,oral,2,primary_full_target_density1
0.31225851516944936,0.3741567229178767,0.24318788156909613,adaptive,1.0,20,masked_mae,384,1,torso_outside_head_roi,2,primary_full_target_density1
0.327653876761713,0.3925777226766817,0.2572466541924,released,0.95,20,masked_mae,384,1,torso_outside_head_roi,2,primary_full_target_density1
-0.021979553746596752,-0.015892469770861468,-0.02867782434644606,adaptive,0.05,20,masked_mae,384,4,background,2,primary_full_target_density1
-0.01985629493772588,-0.01338195725563384,-0.02722754265055219,released,0.1,20,masked_mae,384,4,background,2,primary_full_target_density1
-0.0007217645793472151,0.0023964877778327376,-0.0035874104214413953,adaptive,0.45,20,masked_mae,384,4,eyes,2,primary_full_target_density1
-0.0001351969341729854,0.004265712168411479,-0.004889635591172469,released,0.45,20,masked_mae,384,4,eyes,2,primary_full_target_density1
-0.010579738753747014,-0.005810112860060835,-0.015395211095377805,adaptive,0.25,20,masked_mae,384,4,flame_supported,2,primary_full_target_density1
-0.005297916327635257,0.0003858464457595301,-0.011179522702274796,released,0.4,20,masked_mae,384,4,flame_supported,2,primary_full_target_density1
0.35876175643099334,0.42745589679743434,0.2854628112715192,adaptive,1.0,20,masked_mae,384,4,flame_unsupported,2,primary_full_target_density1
0.3802961692576707,0.4535147448476367,0.30545167080107105,released,1.0,20,masked_mae,384,4,flame_unsupported,2,primary_full_target_density1
0.09873480587446684,0.12202407125942802,0.07481475959397776,adaptive,0.95,20,masked_mae,384,4,foreground,2,primary_full_target_density1
0.10906300380425041,0.13380389999238457,0.08374980239310291,released,1.0,20,masked_mae,384,4,foreground,2,primary_full_target_density1
0.045856860567387144,0.060292850496765686,0.031470674573143655,adaptive,0.85,20,masked_mae,384,4,full_frame,2,primary_full_target_density1
0.0527036247338802,0.06854706548503277,0.03756719241334387,released,0.95,20,masked_mae,384,4,full_frame,2,primary_full_target_density1
0.010636440254967607,0.02033455295347781,0.0015030217336552438,adaptive,0.65,20,masked_mae,384,4,head_foreground,2,primary_full_target_density1
0.018979774699521213,0.028863459698955797,0.009681071587483294,released,0.7,20,masked_mae,384,4,head_foreground,2,primary_full_target_density1
-0.017693252032670623,-0.01418236847201859,-0.02138494811061459,adaptive,0.0,20,masked_mae,384,4,head_supported,2,primary_full_target_density1
-0.012333559129906812,-0.008689766012377132,-0.01638787289691328,released,0.0,20,masked_mae,384,4,head_supported,2,primary_full_target_density1
0.22069879573125584,0.2866897752709478,0.1538671391147213,adaptive,0.9,20,masked_mae,384,4,head_unsupported,2,primary_full_target_density1
0.2509756817195545,0.3164460168692881,0.18691262094788058,released,1.0,20,masked_mae,384,4,head_unsupported,2,primary_full_target_density1
-0.009778568476642257,-0.006445036709243454,-0.01371315857974257,adaptive,0.1,20,masked_mae,384,4,oral,2,primary_full_target_density1
-0.009325800703193231,-0.006084402308948868,-0.012628889632524419,released,0.2,20,masked_mae,384,4,oral,2,primary_full_target_density1
0.31249381801548637,0.37397731592332883,0.24668759655802447,adaptive,0.95,20,masked_mae,384,4,torso_outside_head_roi,2,primary_full_target_density1
0.32335739446231915,0.3872039508082432,0.2570411036539272,released,1.0,20,masked_mae,384,4,torso_outside_head_roi,2,primary_full_target_density1
-0.021622312214284865,-0.015329099672297617,-0.028824710769805025,adaptive,0.05,20,masked_mae,384,8,background,2,primary_full_target_density1
-0.020784045638471645,-0.01435758107242524,-0.028840003965879598,released,0.1,20,masked_mae,384,8,background,2,primary_full_target_density1
0.0007722582266759034,0.004139710800482535,-0.0026246514293096195,adaptive,0.6,20,masked_mae,384,8,eyes,2,primary_full_target_density1
0.00018449974675432794,0.004502632834901632,-0.004499174553954188,released,0.5,20,masked_mae,384,8,eyes,2,primary_full_target_density1
-0.010607675503253413,-0.005532649539701104,-0.0157940844151146,adaptive,0.2,20,masked_mae,384,8,flame_supported,2,primary_full_target_density1
-0.005961586981284845,9.151422640098245e-05,-0.011959459735217429,released,0.4,20,masked_mae,384,8,flame_supported,2,primary_full_target_density1
0.3629589704737342,0.4329623450480994,0.28786005253755315,adaptive,1.0,20,masked_mae,384,8,flame_unsupported,2,primary_full_target_density1
0.3858755117238884,0.4587059275383819,0.3107480440142342,released,1.0,20,masked_mae,384,8,flame_unsupported,2,primary_full_target_density1
0.10176988115807743,0.12600733925628274,0.07728718624268542,adaptive,0.95,20,masked_mae,384,8,foreground,2,primary_full_target_density1
0.11204995849385273,0.1360291435687009,0.08688531828795473,released,1.0,20,masked_mae,384,8,foreground,2,primary_full_target_density1
0.04698592780472396,0.062339417469320875,0.03240665051070126,adaptive,0.85,20,masked_mae,384,8,full_frame,2,primary_full_target_density1
0.05322603769116587,0.0695528897139933,0.03740649583793822,released,0.95,20,masked_mae,384,8,full_frame,2,primary_full_target_density1
0.010360611267571302,0.01978579173267564,0.0013538028132361998,adaptive,0.65,20,masked_mae,384,8,head_foreground,2,primary_full_target_density1
0.01810432116552486,0.02793441755076127,0.008750712046446544,released,0.7,20,masked_mae,384,8,head_foreground,2,primary_full_target_density1
-0.01758744454719399,-0.013592260528533753,-0.02185597758330912,adaptive,0.0,20,masked_mae,384,8,head_supported,2,primary_full_target_density1
-0.013122460691318083,-0.00911481721526115,-0.017487112176441888,released,0.0,20,masked_mae,384,8,head_supported,2,primary_full_target_density1
0.2190600332835253,0.28479454959726,0.154735225214846,adaptive,0.95,20,masked_mae,384,8,head_unsupported,2,primary_full_target_density1
0.2519704315631107,0.3143423051842237,0.19096737213162318,released,1.0,20,masked_mae,384,8,head_unsupported,2,primary_full_target_density1
-0.008785192204940579,-0.005339004876055857,-0.012655591513467407,adaptive,0.1,20,masked_mae,384,8,oral,2,primary_full_target_density1
-0.009294750545970934,-0.006039587400336502,-0.012595188796679386,released,0.15,20,masked_mae,384,8,oral,2,primary_full_target_density1
0.3155393071400777,0.37702318239179816,0.25050958206718416,adaptive,1.0,20,masked_mae,384,8,torso_outside_head_roi,2,primary_full_target_density1
0.32760639373606,0.3918783874384928,0.26053871530096323,released,1.0,20,masked_mae,384,8,torso_outside_head_roi,2,primary_full_target_density1
-0.006414466457707549,0.007401307411491862,-0.020480513413037582,adaptive,0.4,20,ssim,8,1,full_frame,0,full_target_density2
-0.01462855136820248,0.00024208779047643836,-0.030322923040283566,released,0.35,20,ssim,8,1,full_frame,0,full_target_density2
-0.013784675571051503,0.0011826625466346751,-0.029572455764494146,adaptive,0.35,20,ssim,8,4,full_frame,0,full_target_density2
-0.019656837934797458,-0.004721958657557317,-0.03462495263327251,released,0.3,20,ssim,8,4,full_frame,0,full_target_density2
-0.016513154762131832,-0.0019507135716932222,-0.03148699690188681,adaptive,0.3,20,ssim,8,8,full_frame,0,full_target_density2
-0.019827311592442654,-0.0035093270242214244,-0.035734284647873475,released,0.3,20,ssim,8,8,full_frame,0,full_target_density2
0.010030909201928565,0.018907019009015404,0.0004943252381469823,adaptive,0.75,20,ssim,384,1,full_frame,0,full_target_density2
0.012884638245616652,0.023517482778323565,0.0007164281979203386,released,0.75,20,ssim,384,1,full_frame,0,full_target_density2
-0.0015554228966886325,0.0058370562913743086,-0.009185432635925037,adaptive,0.55,20,ssim,384,4,full_frame,0,full_target_density2
0.0043307498097419905,0.013321177427741637,-0.004810457382012485,released,0.6,20,ssim,384,4,full_frame,0,full_target_density2
-0.003925131899969933,0.004063029475510097,-0.01228420049484288,adaptive,0.55,20,ssim,384,8,full_frame,0,full_target_density2
-0.0005392717463629654,0.009581984760505806,-0.010805219715195059,released,0.6,20,ssim,384,8,full_frame,0,full_target_density2
0.02878579348325729,0.03786704666114279,0.018486912968967626,adaptive,0.95,20,ssim,8,1,full_frame,0,head_target_density1
0.02442688569426536,0.032649695524679744,0.01644398239840354,released,0.85,20,ssim,8,1,full_frame,0,head_target_density1
0.020819978145035833,0.031968385600908256,0.008560459447855301,adaptive,0.8,20,ssim,8,4,full_frame,0,head_target_density1
0.02034147395329041,0.029913382628424596,0.010648886459794912,released,0.7,20,ssim,8,4,full_frame,0,head_target_density1
0.01871416015284404,0.030372700616717353,0.005981698126665205,adaptive,0.8,20,ssim,8,8,full_frame,0,head_target_density1
0.019441363215446487,0.02885203908596722,0.009707448152559134,released,0.75,20,ssim,8,8,full_frame,0,head_target_density1
0.024131266346999577,0.03167749368718691,0.016663862535996096,adaptive,0.95,20,ssim,384,1,full_frame,0,head_target_density1
0.04466833802206176,0.05354951092441167,0.03623806616025314,released,1.0,20,ssim,384,1,full_frame,0,head_target_density1
0.021221335909583354,0.027716614312746305,0.01439740974794736,adaptive,0.95,20,ssim,384,4,full_frame,0,head_target_density1
0.048824185810305856,0.05822222334417428,0.03920702250166374,released,1.0,20,ssim,384,4,full_frame,0,head_target_density1
0.015114173293113731,0.02253233876079323,0.007638865363385013,adaptive,0.8,20,ssim,384,8,full_frame,0,head_target_density1
0.045658516458102635,0.055501555885587396,0.03559009732944624,released,1.0,20,ssim,384,8,full_frame,0,head_target_density1
-0.019019245888505645,-0.0036588514170476064,-0.035479518568941514,adaptive,0.35,20,ssim,8,1,full_frame,0,primary_full_target_density1
-0.030210709465401504,-0.01568742102544222,-0.04445897927241664,released,0.15,20,ssim,8,1,full_frame,0,primary_full_target_density1
-0.0341780582612211,-0.0168785650012168,-0.052161962701515706,adaptive,0.2,20,ssim,8,4,full_frame,0,primary_full_target_density1
-0.04436386349526318,-0.028366735540330416,-0.060039602463895614,released,0.05,20,ssim,8,4,full_frame,0,primary_full_target_density1
-0.03538917111498968,-0.019195948195244582,-0.05169820138918501,adaptive,0.1,20,ssim,8,8,full_frame,0,primary_full_target_density1
-0.043186473420688085,-0.027283846613551883,-0.058680064758019776,released,0.05,20,ssim,8,8,full_frame,0,primary_full_target_density1
-0.02553126269153187,-0.008002504722348295,-0.04388978582939933,adaptive,0.35,20,ssim,32,1,full_frame,0,primary_full_target_density1
-0.007048333861998149,0.010085777046957189,-0.02607623697125486,released,0.6,20,ssim,32,1,full_frame,0,primary_full_target_density1
-0.038240603425286034,-0.021075487695634377,-0.05642540162937206,adaptive,0.15,20,ssim,32,4,full_frame,0,primary_full_target_density1
-0.01931629275733774,-0.0021047118848020433,-0.037622048218141885,released,0.35,20,ssim,32,4,full_frame,0,primary_full_target_density1
-0.038179541698523944,-0.021238187056567038,-0.05567933023508107,adaptive,0.15,20,ssim,32,8,full_frame,0,primary_full_target_density1
-0.02226105013063976,-0.004484356370355411,-0.04116803063877991,released,0.3,20,ssim,32,8,full_frame,0,primary_full_target_density1
-0.007503477271114087,0.004080539561275913,-0.019630291637565415,adaptive,0.45,20,ssim,128,1,full_frame,0,primary_full_target_density1
-0.0016152335064751721,0.01115106120173419,-0.016186293273099835,released,0.55,20,ssim,128,1,full_frame,0,primary_full_target_density1
-0.025737851858139038,-0.014940869537266832,-0.03687399543483149,adaptive,0.2,20,ssim,128,4,full_frame,0,primary_full_target_density1
-0.02193012792955746,-0.009190607314760055,-0.03602907426655293,released,0.3,20,ssim,128,4,full_frame,0,primary_full_target_density1
-0.02575955178056443,-0.014202883435147149,-0.03775396508829931,adaptive,0.2,20,ssim,128,8,full_frame,0,primary_full_target_density1
-0.02305940219334193,-0.009251362511089859,-0.038520483832274154,released,0.25,20,ssim,128,8,full_frame,0,primary_full_target_density1
-0.009327809831925804,0.0018787979866776966,-0.02126694044364352,adaptive,0.4,20,ssim,384,1,full_frame,0,primary_full_target_density1
0.0025718674063682444,0.013184480454240489,-0.008805781845003373,released,0.65,20,ssim,384,1,full_frame,0,primary_full_target_density1
-0.02456781633875588,-0.014352551031519068,-0.03518026604571128,adaptive,0.2,20,ssim,384,4,full_frame,0,primary_full_target_density1
-0.009997582029212606,0.0005467750267548946,-0.020719949437136006,released,0.3,20,ssim,384,4,full_frame,0,primary_full_target_density1
-0.026835431797163835,-0.016152809336781513,-0.03803159227860826,adaptive,0.15,20,ssim,384,8,full_frame,0,primary_full_target_density1
-0.017320346832275395,-0.0050287985908133714,-0.030883929575128227,released,0.25,20,ssim,384,8,full_frame,0,primary_full_target_density1
-0.010665607026645114,0.0022959875448473797,-0.025239129750324135,adaptive,0.45,20,ssim,8,1,full_frame,1,full_target_density2
-0.009350167108433574,0.00548355839614359,-0.025167950069797888,released,0.35,20,ssim,8,1,full_frame,1,full_target_density2
-0.020918674360622055,-0.0056056204370476875,-0.037536617957732894,adaptive,0.25,20,ssim,8,4,full_frame,1,full_target_density2
-0.015604395758021963,-0.0011571325260129877,-0.031017527058720587,released,0.35,20,ssim,8,4,full_frame,1,full_target_density2
-0.023312975891998843,-0.007465325774891049,-0.03979674794312035,adaptive,0.2,20,ssim,8,8,full_frame,1,full_target_density2
-0.016801353650433674,-0.0018379714339971567,-0.03324120530592544,released,0.35,20,ssim,8,8,full_frame,1,full_target_density2
0.013274573215416497,0.022825306459729158,0.003589659429022232,adaptive,0.8,20,ssim,384,1,full_frame,1,full_target_density2
0.01883174894111498,0.02740687400102616,0.010259497942669067,released,0.85,20,ssim,384,1,full_frame,1,full_target_density2
0.0017700218341567264,0.009939626533199419,-0.0064825744655999515,adaptive,0.6,20,ssim,384,4,full_frame,1,full_target_density2
0.01090274222872473,0.018828537582673784,0.0030783983082933696,released,0.75,20,ssim,384,4,full_frame,1,full_target_density2
-0.0003813730818884559,0.008172528232846947,-0.009014475159347031,adaptive,0.55,20,ssim,384,8,full_frame,1,full_target_density2
0.006574777407305591,0.014830313431365141,-0.0011996359537754806,released,0.6,20,ssim,384,8,full_frame,1,full_target_density2
0.027394091231482363,0.03692110139078327,0.017970562327120986,adaptive,0.95,20,ssim,8,1,full_frame,1,head_target_density1
0.029936765666518893,0.04015643882698247,0.019237827735820005,released,0.85,20,ssim,8,1,full_frame,1,head_target_density1
0.02247118110006505,0.03287865628573026,0.012153544199060314,adaptive,0.8,20,ssim,8,4,full_frame,1,head_target_density1
0.024420634047551584,0.03418297230181369,0.014012646427886053,released,0.85,20,ssim,8,4,full_frame,1,head_target_density1
0.022964052643094746,0.03390018042176963,0.012019032766776431,adaptive,0.8,20,ssim,8,8,full_frame,1,head_target_density1
0.02474727864776341,0.03512470050581866,0.01380558650940658,released,0.8,20,ssim,8,8,full_frame,1,head_target_density1
0.031483209239585044,0.038224753756076084,0.025368463021836103,adaptive,1.0,20,ssim,384,1,full_frame,1,head_target_density1
0.0444360701101167,0.052625501677393924,0.036351767948695615,released,1.0,20,ssim,384,1,full_frame,1,head_target_density1
0.024958710372447956,0.03074195247820833,0.019019308225675033,adaptive,0.95,20,ssim,384,4,full_frame,1,head_target_density1
0.04800224954431707,0.05683032002300022,0.03891414205797695,released,1.0,20,ssim,384,4,full_frame,1,head_target_density1
0.021886579053742552,0.028608501479029658,0.015484717786312115,adaptive,0.9,20,ssim,384,8,full_frame,1,head_target_density1
0.043870081220354344,0.05393870360084941,0.03372277875563927,released,1.0,20,ssim,384,8,full_frame,1,head_target_density1
-0.031319687941244664,-0.012255113513341976,-0.05100681446758763,adaptive,0.25,20,ssim,8,1,full_frame,1,primary_full_target_density1
-0.026234038067715494,-0.011196777070207232,-0.04220856252525533,released,0.35,20,ssim,8,1,full_frame,1,primary_full_target_density1
-0.041419003497470505,-0.021577980240637607,-0.06175386071543801,adaptive,0.1,20,ssim,8,4,full_frame,1,primary_full_target_density1
-0.034623471850698626,-0.019016284251754945,-0.05017153115773742,released,0.05,20,ssim,8,4,full_frame,1,primary_full_target_density1
-0.04223359418766838,-0.021962822154164313,-0.06371067426566564,adaptive,0.1,20,ssim,8,8,full_frame,1,primary_full_target_density1
-0.03538244728531155,-0.019680547176727212,-0.0512532293902976,released,0.1,20,ssim,8,8,full_frame,1,primary_full_target_density1
-0.023508243582078384,-0.00731046447530389,-0.04025942266785672,adaptive,0.35,20,ssim,32,1,full_frame,1,primary_full_target_density1
-0.025891337437289115,-0.0074185850338212385,-0.04469736855743187,released,0.3,20,ssim,32,1,full_frame,1,primary_full_target_density1
-0.03871504515409469,-0.023996267549016244,-0.05398991481147029,adaptive,0.15,20,ssim,32,4,full_frame,1,primary_full_target_density1
-0.036757061020894474,-0.01905321149324827,-0.054800733138214444,released,0.2,20,ssim,32,4,full_frame,1,primary_full_target_density1
-0.040462315721171246,-0.024670045343892923,-0.056425313875079146,adaptive,0.15,20,ssim,32,8,full_frame,1,primary_full_target_density1
-0.03814723321369715,-0.021123635263315243,-0.05607452712420906,released,0.2,20,ssim,32,8,full_frame,1,primary_full_target_density1
-0.013007509921278266,-0.0006376517989805825,-0.026254589594900582,adaptive,0.4,20,ssim,128,1,full_frame,1,primary_full_target_density1
-0.0011514235820089037,0.0139873711099582,-0.016821395211986105,released,0.6,20,ssim,128,1,full_frame,1,primary_full_target_density1
-0.03164301975206897,-0.020211500491608286,-0.04396856537596747,adaptive,0.1,20,ssim,128,4,full_frame,1,primary_full_target_density1
-0.015189095925201082,-6.767221811145155e-05,-0.030984962409870188,released,0.4,20,ssim,128,4,full_frame,1,primary_full_target_density1
-0.03165898323059081,-0.020310765036514807,-0.04409138327730555,adaptive,0.05,20,ssim,128,8,full_frame,1,primary_full_target_density1
-0.017998296022415164,-0.0027081172913313014,-0.0341401854902506,released,0.4,20,ssim,128,8,full_frame,1,primary_full_target_density1
-0.011702972544091087,-0.0005997851038617637,-0.023055280891380127,adaptive,0.35,20,ssim,384,1,full_frame,1,primary_full_target_density1
0.007342444360256184,0.01792196696624159,-0.004453444363815468,released,0.75,20,ssim,384,1,full_frame,1,primary_full_target_density1
-0.027983432737263763,-0.018537461703473857,-0.03817135522650046,adaptive,0.05,20,ssim,384,4,full_frame,1,primary_full_target_density1
-0.00769134624437851,0.0023190493543039877,-0.018083304478363562,released,0.3,20,ssim,384,4,full_frame,1,primary_full_target_density1
-0.030501538727964662,-0.020788489356636998,-0.04084861786237782,adaptive,0.1,20,ssim,384,8,full_frame,1,primary_full_target_density1
-0.01241379358938762,-0.0019658167074833566,-0.023324376530945292,released,0.25,20,ssim,384,8,full_frame,1,primary_full_target_density1
-0.01855553654687746,-0.001992910004087874,-0.036005005479923344,adaptive,0.3,20,ssim,8,1,full_frame,2,full_target_density2
-0.024514181486197887,-0.009093368960810562,-0.04117491708802326,released,0.3,20,ssim,8,1,full_frame,2,full_target_density2
-0.021879139407114535,-0.005181905904954129,-0.039241959774358674,adaptive,0.25,20,ssim,8,4,full_frame,2,full_target_density2
-0.02869666340676222,-0.013417355052449497,-0.04439044945619325,released,0.2,20,ssim,8,4,full_frame,2,full_target_density2
-0.024828721157142082,-0.007452821055693259,-0.04282105113778793,adaptive,0.2,20,ssim,8,8,full_frame,2,full_target_density2
-0.029447503813675467,-0.013021340779960144,-0.04588729018611568,released,0.15,20,ssim,8,8,full_frame,2,full_target_density2
0.00337418083633696,0.012674070141677339,-0.0062419556613479265,adaptive,0.65,20,ssim,384,1,full_frame,2,full_target_density2
0.012097334542444781,0.021685882240001654,0.0018338148668408396,released,0.7,20,ssim,384,1,full_frame,2,full_target_density2
-0.009605172682892188,-0.001620317982001748,-0.017333899719471257,adaptive,0.3,20,ssim,384,4,full_frame,2,full_target_density2
0.006048654968088335,0.014761698337441169,-0.0031307020478627927,released,0.65,20,ssim,384,4,full_frame,2,full_target_density2
-0.01134736474071231,-0.0021456942068679005,-0.020508293450943054,adaptive,0.25,20,ssim,384,8,full_frame,2,full_target_density2
7.256418466567993e-05,0.008752608049128714,-0.008677803320544101,released,0.6,20,ssim,384,8,full_frame,2,full_target_density2
0.028328095802239012,0.03802252462133766,0.018834710791707027,adaptive,0.9,20,ssim,8,1,full_frame,2,head_target_density1
0.025020172979150507,0.034409671899463465,0.015419140987630413,released,0.85,20,ssim,8,1,full_frame,2,head_target_density1
0.02328967641700398,0.03483070646158673,0.011340488425709965,adaptive,0.85,20,ssim,8,4,full_frame,2,head_target_density1
0.019198683717034093,0.030198119719597443,0.007975329333408313,released,0.75,20,ssim,8,4,full_frame,2,head_target_density1
0.023591064129556947,0.03418461142373938,0.012121717754219287,adaptive,0.9,20,ssim,8,8,full_frame,2,head_target_density1
0.02066662183829717,0.030632502122649122,0.01044263931257384,released,0.8,20,ssim,8,8,full_frame,2,head_target_density1
0.030286686973912395,0.040027773444141684,0.021257309338876193,adaptive,0.95,20,ssim,384,1,full_frame,2,head_target_density1
0.03468873373099737,0.04556434165686369,0.023844904912901803,released,0.95,20,ssim,384,1,full_frame,2,head_target_density1
0.02632116824388505,0.034300188567828065,0.018828650624914626,adaptive,0.95,20,ssim,384,4,full_frame,2,head_target_density1
0.041869531030004695,0.05050039203329521,0.03314054788513621,released,1.0,20,ssim,384,4,full_frame,2,head_target_density1
0.023343340201037267,0.031669675436403054,0.01530560831406287,adaptive,0.85,20,ssim,384,8,full_frame,2,head_target_density1
0.03733945829527717,0.04605673809668844,0.028583472956504128,released,1.0,20,ssim,384,8,full_frame,2,head_target_density1
-0.02998568532722338,-0.011495813658194905,-0.04946896001430494,adaptive,0.3,20,ssim,8,1,full_frame,2,primary_full_target_density1
-0.037686950500522336,-0.022263511115951186,-0.05365029517029013,released,0.15,20,ssim,8,1,full_frame,2,primary_full_target_density1
-0.04251358915459026,-0.021175392703576545,-0.06521788385442712,adaptive,0.05,20,ssim,8,4,full_frame,2,primary_full_target_density1
-0.04602674652229657,-0.02911541429432955,-0.06377680598334834,released,0.1,20,ssim,8,4,full_frame,2,primary_full_target_density1
-0.04560948290995187,-0.023798324742487484,-0.06835383513144082,adaptive,0.05,20,ssim,8,8,full_frame,2,primary_full_target_density1
-0.047974258022648944,-0.03077825526573828,-0.0648377329483628,released,0.05,20,ssim,8,8,full_frame,2,primary_full_target_density1
-0.028580620565584726,-0.011117703970521682,-0.04650252105136002,adaptive,0.35,20,ssim,32,1,full_frame,2,primary_full_target_density1
-0.01228334446038519,0.006600923088512243,-0.030811983237841296,released,0.35,20,ssim,32,1,full_frame,2,primary_full_target_density1
-0.04119976989247582,-0.02407339457422494,-0.05843091126870026,adaptive,0.2,20,ssim,32,4,full_frame,2,primary_full_target_density1
-0.028530870648947625,-0.007915488044646639,-0.04924180052497171,released,0.35,20,ssim,32,4,full_frame,2,primary_full_target_density1
-0.043511928192206784,-0.026468998097947675,-0.06060178870069129,adaptive,0.2,20,ssim,32,8,full_frame,2,primary_full_target_density1
-0.028557138783591136,-0.009058861695230002,-0.04771682149065391,released,0.25,20,ssim,32,8,full_frame,2,primary_full_target_density1
-0.01381823441811971,-0.002982046228966548,-0.026135219708085064,adaptive,0.35,20,ssim,128,1,full_frame,2,primary_full_target_density1
0.0001259516392435295,0.015946430092943553,-0.016470711877835654,released,0.55,20,ssim,128,1,full_frame,2,primary_full_target_density1
-0.0341289993036877,-0.023736657415601343,-0.045860287658870215,adaptive,0.05,20,ssim,128,4,full_frame,2,primary_full_target_density1
-0.0156847059726715,-0.00125542582774702,-0.030841242356056512,released,0.35,20,ssim,128,4,full_frame,2,primary_full_target_density1
-0.03342849676098143,-0.023055342318756278,-0.04551113488950903,adaptive,0.05,20,ssim,128,8,full_frame,2,primary_full_target_density1
-0.018798404080527176,-0.003345382703202116,-0.03518103099827255,released,0.35,20,ssim,128,8,full_frame,2,primary_full_target_density1
-0.01706940851041249,-0.00428473774077637,-0.03053628356861216,adaptive,0.3,20,ssim,384,1,full_frame,2,primary_full_target_density1
0.0025262266397476224,0.01484501734908139,-0.01052529916699445,released,0.6,20,ssim,384,1,full_frame,2,primary_full_target_density1
-0.033526761017062444,-0.023193774731321785,-0.0452857517349449,adaptive,0.05,20,ssim,384,4,full_frame,2,primary_full_target_density1
-0.012617231905460366,-0.0014534784176133014,-0.02406935822895982,released,0.35,20,ssim,384,4,full_frame,2,primary_full_target_density1
-0.03466892540454865,-0.023536570130714363,-0.04669562864516463,adaptive,0.05,20,ssim,384,8,full_frame,2,primary_full_target_density1
-0.017180913899626064,-0.004707785988492646,-0.030121652031583467,released,0.35,20,ssim,384,8,full_frame,2,primary_full_target_density1
-0.019580356871499744,-0.008212603732152579,-0.0323621925280779,adaptive,0.2,20,lpips_alex_spatial,8,1,background,0,full_target_density2
-0.0304106530012588,-0.019500634914877194,-0.04260672662502993,released,0.05,20,lpips_alex_spatial,8,1,background,0,full_target_density2
-0.006725784958809583,0.0004087285809289226,-0.01395525781489295,adaptive,0.3,20,lpips_alex_spatial,8,1,eyes,0,full_target_density2
-0.028940882198429885,-0.018958631039125366,-0.03891971027473758,released,0.05,20,lpips_alex_spatial,8,1,eyes,0,full_target_density2
-0.038694199181604064,-0.02867108256216041,-0.048695476714787155,adaptive,0.1,20,lpips_alex_spatial,8,1,flame_supported,0,full_target_density2
-0.055803584350631576,-0.045108748259579105,-0.06616432711216509,released,0.0,20,lpips_alex_spatial,8,1,flame_supported,0,full_target_density2
0.009381598692884737,0.041958448471591296,-0.024638966882113027,adaptive,0.6,20,lpips_alex_spatial,8,1,flame_unsupported,0,full_target_density2
-0.012760773160185108,0.014948807522951931,-0.042645376760480025,released,0.4,20,lpips_alex_spatial,8,1,flame_unsupported,0,full_target_density2
-0.021812513507811587,-0.004806659137976105,-0.03854164669693356,adaptive,0.3,20,lpips_alex_spatial,8,1,foreground,0,full_target_density2
-0.040844836040683605,-0.02453417119060463,-0.05640089390419166,released,0.1,20,lpips_alex_spatial,8,1,foreground,0,full_target_density2
-0.020292790214736747,-0.007629178789528947,-0.03405557429829201,adaptive,0.2,20,lpips_alex_spatial,8,1,full_frame,0,full_target_density2
-0.03578268618552718,-0.022926462670038318,-0.049094188525885755,released,0.15,20,lpips_alex_spatial,8,1,full_frame,0,full_target_density2
-0.03348413648906228,-0.025165491196567608,-0.04173833103265779,adaptive,0.1,20,lpips_alex_spatial,8,1,head_foreground,0,full_target_density2
-0.05052168146780748,-0.04170215103944136,-0.05934349406948198,released,0.0,20,lpips_alex_spatial,8,1,head_foreground,0,full_target_density2
-0.03372552269676495,-0.025480030618658125,-0.041843930274109396,adaptive,0.1,20,lpips_alex_spatial,8,1,head_supported,0,full_target_density2
-0.05067216535432638,-0.04183401090539771,-0.05961894499545496,released,0.0,20,lpips_alex_spatial,8,1,head_supported,0,full_target_density2
-0.03510052590556551,-0.02427713985891488,-0.04621029255083046,adaptive,0.1,20,lpips_alex_spatial,8,1,head_unsupported,0,full_target_density2
-0.05324012692753564,-0.04180228395000214,-0.06434091361086858,released,0.0,20,lpips_alex_spatial,8,1,head_unsupported,0,full_target_density2
-0.022863573775874883,-0.012806760453229883,-0.031296471000470824,adaptive,0.05,20,lpips_alex_spatial,8,1,oral,0,full_target_density2
-0.039481260586194444,-0.03054861881043305,-0.04851462794763604,released,0.05,20,lpips_alex_spatial,8,1,oral,0,full_target_density2
-0.006631603794225727,0.03347967604890425,-0.04942402016436245,adaptive,0.6,20,lpips_alex_spatial,8,1,torso_outside_head_roi,0,full_target_density2
-0.028208736755555807,0.007501063464125397,-0.06630903543192246,released,0.35,20,lpips_alex_spatial,8,1,torso_outside_head_roi,0,full_target_density2
-0.015386567589336087,-0.0028632342578948696,-0.029151828965642727,adaptive,0.35,20,lpips_alex_spatial,8,4,background,0,full_target_density2
-0.01843639186127871,-0.006526081945770887,-0.031651979516656006,released,0.35,20,lpips_alex_spatial,8,4,background,0,full_target_density2
-0.001943744291593015,0.004734296913350005,-0.00941673752964749,adaptive,0.5,20,lpips_alex_spatial,8,4,eyes,0,full_target_density2
-0.013848125762498716,-0.003980016320467195,-0.024443573283043474,released,0.25,20,lpips_alex_spatial,8,4,eyes,0,full_target_density2
-0.03346762917713142,-0.019720702941300586,-0.04774813794422473,adaptive,0.15,20,lpips_alex_spatial,8,4,flame_supported,0,full_target_density2
-0.04226461710135655,-0.030220218056674325,-0.05441922211581467,released,0.05,20,lpips_alex_spatial,8,4,flame_supported,0,full_target_density2
0.011858760145804326,0.04421301084351202,-0.023194809275581176,adaptive,0.7,20,lpips_alex_spatial,8,4,flame_unsupported,0,full_target_density2
0.0020442915553706377,0.029589458858000187,-0.029220397551105868,released,0.6,20,lpips_alex_spatial,8,4,flame_unsupported,0,full_target_density2
-0.01852554901942401,-4.881495907714157e-05,-0.03843130341268433,adaptive,0.4,20,lpips_alex_spatial,8,4,foreground,0,full_target_density2
-0.027432585386836135,-0.01116666158917217,-0.04421688287449563,released,0.3,20,lpips_alex_spatial,8,4,foreground,0,full_target_density2
-0.016580598856791962,-0.001640439226853937,-0.03330026887172509,adaptive,0.45,20,lpips_alex_spatial,8,4,full_frame,0,full_target_density2
-0.02293598848926135,-0.008920014776474194,-0.037512099092656924,released,0.3,20,lpips_alex_spatial,8,4,full_frame,0,full_target_density2
-0.028011546099192663,-0.016660508318049008,-0.03971130762592037,adaptive,0.2,20,lpips_alex_spatial,8,4,head_foreground,0,full_target_density2
-0.03673883388020381,-0.026065749613508944,-0.047532351996863724,released,0.05,20,lpips_alex_spatial,8,4,head_foreground,0,full_target_density2
-0.028114238199109964,-0.01686968868775487,-0.03944101730568971,adaptive,0.15,20,lpips_alex_spatial,8,4,head_supported,0,full_target_density2
-0.03708272222407636,-0.026626584565414703,-0.04776710346852395,released,0.05,20,lpips_alex_spatial,8,4,head_supported,0,full_target_density2
-0.032812329386374135,-0.01636916237048907,-0.05006928338240839,adaptive,0.3,20,lpips_alex_spatial,8,4,head_unsupported,0,full_target_density2
-0.04076645219960327,-0.024777621517967263,-0.05688829875903519,released,0.15,20,lpips_alex_spatial,8,4,head_unsupported,0,full_target_density2
-0.022461702889765445,-0.01106782759076833,-0.033739568786105824,adaptive,0.15,20,lpips_alex_spatial,8,4,oral,0,full_target_density2
-0.03207919849104801,-0.021561760788667766,-0.042321829947942084,released,0.05,20,lpips_alex_spatial,8,4,oral,0,full_target_density2
-0.002229286760715313,0.038588332721382186,-0.04984476710777355,adaptive,0.65,20,lpips_alex_spatial,8,4,torso_outside_head_roi,0,full_target_density2
-0.011450736598299932,0.023226173153783457,-0.050998519189825425,released,0.5,20,lpips_alex_spatial,8,4,torso_outside_head_roi,0,full_target_density2
-0.013495499906505809,-0.0020099902731282983,-0.02622733735284479,adaptive,0.35,20,lpips_alex_spatial,8,8,background,0,full_target_density2
-0.016287944445580675,-0.004485253355742145,-0.029449485853748663,released,0.25,20,lpips_alex_spatial,8,8,background,0,full_target_density2
-0.003327466782418833,0.004327604568256969,-0.010866917629526162,adaptive,0.55,20,lpips_alex_spatial,8,8,eyes,0,full_target_density2
-0.013806173840896723,-0.0037293359675553976,-0.023946804097507803,released,0.3,20,lpips_alex_spatial,8,8,eyes,0,full_target_density2
-0.03311514355546733,-0.020394111444458598,-0.04606148751819763,adaptive,0.15,20,lpips_alex_spatial,8,8,flame_supported,0,full_target_density2
-0.0425618370191321,-0.03083229265700057,-0.05467841257209817,released,0.05,20,lpips_alex_spatial,8,8,flame_supported,0,full_target_density2
0.016347216553833577,0.046934730583498244,-0.01758084418272647,adaptive,0.75,20,lpips_alex_spatial,8,8,flame_unsupported,0,full_target_density2
0.004625835767756541,0.03193904947236187,-0.0263481986270683,released,0.65,20,lpips_alex_spatial,8,8,flame_unsupported,0,full_target_density2
-0.016788001227446826,0.00037445366667313376,-0.035908513929197784,adaptive,0.5,20,lpips_alex_spatial,8,8,foreground,0,full_target_density2
-0.0270459598228023,-0.010935969536732766,-0.04413840620870315,released,0.3,20,lpips_alex_spatial,8,8,foreground,0,full_target_density2
-0.014905528046868071,-0.0012615005497808856,-0.030482075611105202,adaptive,0.35,20,lpips_alex_spatial,8,8,full_frame,0,full_target_density2
-0.02180709598900435,-0.008007946509819532,-0.036216779896965264,released,0.3,20,lpips_alex_spatial,8,8,full_frame,0,full_target_density2
-0.02727322882739867,-0.01631429087514132,-0.03823294724643369,adaptive,0.2,20,lpips_alex_spatial,8,8,head_foreground,0,full_target_density2
-0.03576191724523421,-0.025209791651189105,-0.0465396370145307,released,0.05,20,lpips_alex_spatial,8,8,head_foreground,0,full_target_density2
-0.027430581955969313,-0.017032138366621312,-0.03807391794857605,adaptive,0.15,20,lpips_alex_spatial,8,8,head_supported,0,full_target_density2
-0.03630150046922176,-0.02609170415847755,-0.04670356903136253,released,0.05,20,lpips_alex_spatial,8,8,head_supported,0,full_target_density2
-0.030829526583355294,-0.015286375065017233,-0.046716386942513365,adaptive,0.2,20,lpips_alex_spatial,8,8,head_unsupported,0,full_target_density2
-0.03887892885784734,-0.023415422787820293,-0.055284610532088795,released,0.1,20,lpips_alex_spatial,8,8,head_unsupported,0,full_target_density2
-0.022430489481198492,-0.01100360698646927,-0.03313114526169028,adaptive,0.2,20,lpips_alex_spatial,8,8,oral,0,full_target_density2
-0.0323437771910046,-0.02177430898991474,-0.042373438695032024,released,0.05,20,lpips_alex_spatial,8,8,oral,0,full_target_density2
0.0008299447258772963,0.038457142582775765,-0.044006453749906985,adaptive,0.7,20,lpips_alex_spatial,8,8,torso_outside_head_roi,0,full_target_density2
-0.011182863605915305,0.022304595743103638,-0.04959726442569387,released,0.45,20,lpips_alex_spatial,8,8,torso_outside_head_roi,0,full_target_density2
0.0038137672454450753,0.011445968692689537,-0.0034030139390818183,adaptive,0.55,20,lpips_alex_spatial,384,1,background,0,full_target_density2
0.000538441395462591,0.008543095151758833,-0.007660055098950044,released,0.55,20,lpips_alex_spatial,384,1,background,0,full_target_density2
0.0076352413251795075,0.014507673860283819,0.00036440270175970373,adaptive,0.65,20,lpips_alex_spatial,384,1,eyes,0,full_target_density2
0.002524342570949539,0.010767909542232789,-0.006824462272536425,released,0.65,20,lpips_alex_spatial,384,1,eyes,0,full_target_density2
-0.028155058263738007,-0.017399913837953113,-0.03848438725769221,adaptive,0.2,20,lpips_alex_spatial,384,1,flame_supported,0,full_target_density2
-0.03289299073590284,-0.021734251468352138,-0.04507135115456028,released,0.05,20,lpips_alex_spatial,384,1,flame_supported,0,full_target_density2
0.04485997080507226,0.07352787272365185,0.015556536180733984,adaptive,0.85,20,lpips_alex_spatial,384,1,flame_unsupported,0,full_target_density2
0.04278501526300969,0.07067817467332735,0.01625948804563842,released,0.75,20,lpips_alex_spatial,384,1,flame_unsupported,0,full_target_density2
-0.004263643031795978,0.013568669158040765,-0.02053496639693023,adaptive,0.35,20,lpips_alex_spatial,384,1,foreground,0,full_target_density2
-0.008185627221837773,0.009072343532027344,-0.0248397914542867,released,0.3,20,lpips_alex_spatial,384,1,foreground,0,full_target_density2
3.66632040444792e-05,0.012840944451171076,-0.011797596017842167,adaptive,0.4,20,lpips_alex_spatial,384,1,full_frame,0,full_target_density2
-0.0036153865712029707,0.008745842507326712,-0.01582201856490852,released,0.4,20,lpips_alex_spatial,384,1,full_frame,0,full_target_density2
-0.022656729640515034,-0.013299269363533012,-0.03181536055837406,adaptive,0.25,20,lpips_alex_spatial,384,1,head_foreground,0,full_target_density2
-0.028283540825320946,-0.018102757926474658,-0.03958943639460131,released,0.15,20,lpips_alex_spatial,384,1,head_foreground,0,full_target_density2
-0.02390133739925728,-0.014695652267997674,-0.032909697282611436,adaptive,0.2,20,lpips_alex_spatial,384,1,head_supported,0,full_target_density2
-0.029519069623971245,-0.01924866077634995,-0.04071044926101571,released,0.05,20,lpips_alex_spatial,384,1,head_supported,0,full_target_density2
-0.016143381947619488,-0.004078416776577002,-0.02933533237485867,adaptive,0.2,20,lpips_alex_spatial,384,1,head_unsupported,0,full_target_density2
-0.022743695152581376,-0.010908628638966024,-0.03523759718341567,released,0.15,20,lpips_alex_spatial,384,1,head_unsupported,0,full_target_density2
-0.009029652702904947,0.0005000320952653089,-0.019059407155572288,adaptive,0.4,20,lpips_alex_spatial,384,1,oral,0,full_target_density2
-0.015617691435826952,-0.002849619833137173,-0.029248078834694827,released,0.35,20,lpips_alex_spatial,384,1,oral,0,full_target_density2
0.03317087071816956,0.06748742728027547,-0.002922885073334141,adaptive,0.75,20,lpips_alex_spatial,384,1,torso_outside_head_roi,0,full_target_density2
0.03245748048093583,0.06373030626596303,-6.511642252065619e-05,released,0.65,20,lpips_alex_spatial,384,1,torso_outside_head_roi,0,full_target_density2
0.0042869865664061325,0.01146586339174569,-0.0027821646078982016,adaptive,0.65,20,lpips_alex_spatial,384,4,background,0,full_target_density2
-0.00097386337510394,0.005843786160110477,-0.0074938963249682414,released,0.4,20,lpips_alex_spatial,384,4,background,0,full_target_density2
0.0065553367524398,0.013907220672613838,-0.0012076947601344643,adaptive,0.7,20,lpips_alex_spatial,384,4,eyes,0,full_target_density2
0.002251952484757164,0.012119030603448887,-0.009376379439124326,released,0.55,20,lpips_alex_spatial,384,4,eyes,0,full_target_density2
-0.029143155545025213,-0.019166200515680184,-0.03921023931104305,adaptive,0.1,20,lpips_alex_spatial,384,4,flame_supported,0,full_target_density2
-0.03376336197744402,-0.02245341862580729,-0.04571573010442193,released,0.1,20,lpips_alex_spatial,384,4,flame_supported,0,full_target_density2
0.04309393061590075,0.0714069810348523,0.015103524592197654,adaptive,0.75,20,lpips_alex_spatial,384,4,flame_unsupported,0,full_target_density2
0.043851394784765,0.07079098473058867,0.017176245957049766,released,0.8,20,lpips_alex_spatial,384,4,flame_unsupported,0,full_target_density2
-0.005591568416422792,0.010960794398472529,-0.02143115893835829,adaptive,0.35,20,lpips_alex_spatial,384,4,foreground,0,full_target_density2
-0.008717320827656149,0.008741658903401579,-0.02517417403052816,released,0.35,20,lpips_alex_spatial,384,4,foreground,0,full_target_density2
-0.0006327061613729229,0.01124217204318559,-0.011818396243428404,adaptive,0.5,20,lpips_alex_spatial,384,4,full_frame,0,full_target_density2
-0.004625025416208704,0.007208804176612319,-0.016200284843356172,released,0.35,20,lpips_alex_spatial,384,4,full_frame,0,full_target_density2
-0.02383850723064747,-0.014809171525656506,-0.03319357834903239,adaptive,0.15,20,lpips_alex_spatial,384,4,head_foreground,0,full_target_density2
-0.029300245570811966,-0.018651775074895845,-0.04066378434808587,released,0.1,20,lpips_alex_spatial,384,4,head_foreground,0,full_target_density2
-0.025367573459182856,-0.016989849252592986,-0.03413819945259469,adaptive,0.15,20,lpips_alex_spatial,384,4,head_supported,0,full_target_density2
-0.030924268259077153,-0.0204411181524011,-0.04204871173184799,released,0.1,20,lpips_alex_spatial,384,4,head_supported,0,full_target_density2
-0.017045865412794278,-0.0028651985475851775,-0.0316662368179105,adaptive,0.3,20,lpips_alex_spatial,384,4,head_unsupported,0,full_target_density2
-0.021657143512335435,-0.00777773741469858,-0.035963432002188565,released,0.2,20,lpips_alex_spatial,384,4,head_unsupported,0,full_target_density2
-0.011081595168088548,-0.0034086343558767883,-0.018759290806789296,adaptive,0.35,20,lpips_alex_spatial,384,4,oral,0,full_target_density2
-0.019436209244867355,-0.007039926244878392,-0.03207303505227118,released,0.2,20,lpips_alex_spatial,384,4,oral,0,full_target_density2
0.03289250279057543,0.06635250314698143,-0.00021088290971635652,adaptive,0.6,20,lpips_alex_spatial,384,4,torso_outside_head_roi,0,full_target_density2
0.033623170492334674,0.06419485928557676,0.002322073285788869,released,0.7,20,lpips_alex_spatial,384,4,torso_outside_head_roi,0,full_target_density2
0.008593751495430022,0.015710390990114564,0.0013034010407896811,adaptive,0.75,20,lpips_alex_spatial,384,8,background,0,full_target_density2
0.001754061398404535,0.008562108175062592,-0.005028256191751635,released,0.65,20,lpips_alex_spatial,384,8,background,0,full_target_density2
0.007048650955338137,0.01492078494081155,-0.0013035704372975892,adaptive,0.65,20,lpips_alex_spatial,384,8,eyes,0,full_target_density2
0.0039065422072390825,0.014870668352839555,-0.008364260906608747,released,0.7,20,lpips_alex_spatial,384,8,eyes,0,full_target_density2
-0.027243279466106586,-0.01644014172912812,-0.038320908587529956,adaptive,0.15,20,lpips_alex_spatial,384,8,flame_supported,0,full_target_density2
-0.03232919114003386,-0.02000350236807021,-0.04540564818310319,released,0.15,20,lpips_alex_spatial,384,8,flame_supported,0,full_target_density2
0.04847418267600192,0.07723562490385641,0.01937916496760199,adaptive,0.8,20,lpips_alex_spatial,384,8,flame_unsupported,0,full_target_density2
0.048882685222702046,0.07634926199558857,0.021952539233587934,released,0.8,20,lpips_alex_spatial,384,8,flame_unsupported,0,full_target_density2
-0.002269410221774551,0.015610469246639861,-0.0191649870677021,adaptive,0.4,20,lpips_alex_spatial,384,8,foreground,0,full_target_density2
-0.005724748522332457,0.012849730938646999,-0.023566135205565438,released,0.35,20,lpips_alex_spatial,384,8,foreground,0,full_target_density2
0.0032739206567987274,0.016055265535394866,-0.008710220899287751,adaptive,0.5,20,lpips_alex_spatial,384,8,full_frame,0,full_target_density2
-0.0017242863580777979,0.011038124063959378,-0.01351802190015842,released,0.35,20,lpips_alex_spatial,384,8,full_frame,0,full_target_density2
-0.02086006600611426,-0.011020955518239575,-0.031240321927358893,adaptive,0.2,20,lpips_alex_spatial,384,8,head_foreground,0,full_target_density2
-0.02654561387609055,-0.014910786351369432,-0.03862864285298807,released,0.15,20,lpips_alex_spatial,384,8,head_foreground,0,full_target_density2
-0.022823512629167632,-0.013223518744807735,-0.032830372741235715,adaptive,0.2,20,lpips_alex_spatial,384,8,head_supported,0,full_target_density2
-0.028578530485237924,-0.017167299003888137,-0.04056257824344489,released,0.15,20,lpips_alex_spatial,384,8,head_supported,0,full_target_density2
-0.0102782154060527,0.003981601739074932,-0.02432994889001929,adaptive,0.4,20,lpips_alex_spatial,384,8,head_unsupported,0,full_target_density2
-0.015320601113569254,-0.0009212582745766728,-0.029537263318686297,released,0.25,20,lpips_alex_spatial,384,8,head_unsupported,0,full_target_density2
-0.01079201484054154,-0.002078246259828453,-0.02001594906616212,adaptive,0.25,20,lpips_alex_spatial,384,8,oral,0,full_target_density2
-0.017356552069016904,-0.0052160419278706105,-0.030310461044504543,released,0.25,20,lpips_alex_spatial,384,8,oral,0,full_target_density2
0.03484984299005241,0.07008970495159603,-0.0007846257669107547,adaptive,0.65,20,lpips_alex_spatial,384,8,torso_outside_head_roi,0,full_target_density2
0.03444006640276769,0.0657380238341844,0.0033688913469624424,released,0.7,20,lpips_alex_spatial,384,8,torso_outside_head_roi,0,full_target_density2
-0.005311943358937747,0.003044346071314922,-0.014585017196141338,adaptive,0.4,20,lpips_alex_spatial,8,1,background,0,head_target_density1
-0.008045394420948612,-0.0009726072596767897,-0.015885894797926146,released,0.35,20,lpips_alex_spatial,8,1,background,0,head_target_density1
0.008356501179730937,0.016031175680624343,0.001516104107041245,adaptive,0.6,20,lpips_alex_spatial,8,1,eyes,0,head_target_density1
0.008604429391698103,0.016941382282659276,-0.00013657512133409105,released,0.75,20,lpips_alex_spatial,8,1,eyes,0,head_target_density1
0.004622778614104342,0.010618118350897734,-0.0008400848912659517,adaptive,0.5,20,lpips_alex_spatial,8,1,flame_supported,0,head_target_density1
-0.006263734117808587,0.00045410275746551236,-0.013009251170392177,released,0.45,20,lpips_alex_spatial,8,1,flame_supported,0,head_target_density1
0.005172686696957937,0.011396301277472076,-0.000827861825836273,adaptive,0.6,20,lpips_alex_spatial,8,1,flame_unsupported,0,head_target_density1
-0.0013189340279604945,0.004515560422781218,-0.006774410410466392,released,0.45,20,lpips_alex_spatial,8,1,flame_unsupported,0,head_target_density1
0.004947982492972842,0.010473211208043315,-0.00016485168698956705,adaptive,0.6,20,lpips_alex_spatial,8,1,foreground,0,head_target_density1
-0.004749187994359019,0.001432661717546665,-0.010870673070438382,released,0.4,20,lpips_alex_spatial,8,1,foreground,0,head_target_density1
0.00013148300833516896,0.005641053161257262,-0.0056438173044037416,adaptive,0.5,20,lpips_alex_spatial,8,1,full_frame,0,head_target_density1
-0.006250846927816229,-0.0007125443220138636,-0.011917224249669489,released,0.35,20,lpips_alex_spatial,8,1,full_frame,0,head_target_density1
0.003376575063829794,0.009340283372321831,-0.0023601157643592333,adaptive,0.45,20,lpips_alex_spatial,8,1,head_foreground,0,head_target_density1
-0.005970641844981932,0.0009014314058017356,-0.01277103910215862,released,0.45,20,lpips_alex_spatial,8,1,head_foreground,0,head_target_density1
0.003402108151277185,0.009674708753333861,-0.002411128272938077,adaptive,0.5,20,lpips_alex_spatial,8,1,head_supported,0,head_target_density1
-0.006333725704946856,0.0007124116984105977,-0.013098478595373733,released,0.4,20,lpips_alex_spatial,8,1,head_supported,0,head_target_density1
0.0023793475046509,0.0072133439260532875,-0.0024307394982697916,adaptive,0.55,20,lpips_alex_spatial,8,1,head_unsupported,0,head_target_density1
-0.0034767733413196373,0.002931040694861971,-0.009756269221360464,released,0.4,20,lpips_alex_spatial,8,1,head_unsupported,0,head_target_density1
0.0010805290164071738,0.008785319998200376,-0.007031033449399764,adaptive,0.6,20,lpips_alex_spatial,8,1,oral,0,head_target_density1
-0.009938689465747389,-0.0022624962226659062,-0.01752963967855118,released,0.25,20,lpips_alex_spatial,8,1,oral,0,head_target_density1
0.009386151408607536,0.016867397226267206,0.0027396070513189055,adaptive,0.65,20,lpips_alex_spatial,8,1,torso_outside_head_roi,0,head_target_density1
-0.0014495313090054501,0.004801477691303107,-0.006881021507854863,released,0.4,20,lpips_alex_spatial,8,1,torso_outside_head_roi,0,head_target_density1
-0.001350881357255819,0.00735785046940071,-0.010717805846042103,adaptive,0.6,20,lpips_alex_spatial,8,4,background,0,head_target_density1
-0.005302171117087485,0.0022895478522308795,-0.013383584861484369,released,0.4,20,lpips_alex_spatial,8,4,background,0,head_target_density1
0.012269052038180411,0.01880090719640948,0.005274628205208818,adaptive,0.85,20,lpips_alex_spatial,8,4,eyes,0,head_target_density1
0.01127595963859452,0.018463603752808193,0.0035928295908295538,released,0.75,20,lpips_alex_spatial,8,4,eyes,0,head_target_density1
0.008913726761959017,0.014758696002153767,0.0025362251992466062,adaptive,0.75,20,lpips_alex_spatial,8,4,flame_supported,0,head_target_density1
-0.0020068279306491438,0.0055963705625242345,-0.009411940905797207,released,0.4,20,lpips_alex_spatial,8,4,flame_supported,0,head_target_density1
0.009096146473496398,0.017277433509677104,0.0008719408058590058,adaptive,0.75,20,lpips_alex_spatial,8,4,flame_unsupported,0,head_target_density1
0.002909777140413572,0.01020891065400873,-0.004423503240750749,released,0.6,20,lpips_alex_spatial,8,4,flame_unsupported,0,head_target_density1
0.00893136551117289,0.01519753220556339,0.00226999759442857,adaptive,0.75,20,lpips_alex_spatial,8,4,foreground,0,head_target_density1
-0.0006552519493148764,0.0066911101383652334,-0.00771544972402796,released,0.45,20,lpips_alex_spatial,8,4,foreground,0,head_target_density1
0.004113172351821392,0.010282818128254784,-0.002948369662131147,adaptive,0.7,20,lpips_alex_spatial,8,4,full_frame,0,head_target_density1
-0.002881720883787166,0.0036073002699485383,-0.00944376000072345,released,0.45,20,lpips_alex_spatial,8,4,full_frame,0,head_target_density1
0.007388949986291754,0.013286116601762304,0.0010948932154571606,adaptive,0.7,20,lpips_alex_spatial,8,4,head_foreground,0,head_target_density1
-0.0016758575144524709,0.005953899382718763,-0.008892631164102655,released,0.4,20,lpips_alex_spatial,8,4,head_foreground,0,head_target_density1
0.007632182427355069,0.013451927770533409,0.001330038476709183,adaptive,0.7,20,lpips_alex_spatial,8,4,head_supported,0,head_target_density1
-0.0019242605821150102,0.005635820919718352,-0.009368458284824919,released,0.4,20,lpips_alex_spatial,8,4,head_supported,0,head_target_density1
0.004466732123827409,0.010876428807139174,-0.0026118484834668832,adaptive,0.7,20,lpips_alex_spatial,8,4,head_unsupported,0,head_target_density1
-0.0005212993843861612,0.0070367002941928315,-0.00812648605081513,released,0.45,20,lpips_alex_spatial,8,4,head_unsupported,0,head_target_density1
0.0053344180168843226,0.010848093308650816,-0.00028677163523501835,adaptive,0.7,20,lpips_alex_spatial,8,4,oral,0,head_target_density1
-0.0074999574230168505,-0.00038732580068133975,-0.014265673682723648,released,0.25,20,lpips_alex_spatial,8,4,oral,0,head_target_density1
0.01362116929396191,0.023162443052970865,0.004560388749065624,adaptive,0.7,20,lpips_alex_spatial,8,4,torso_outside_head_roi,0,head_target_density1
0.002572636472373202,0.010168730718113531,-0.004746639765692687,released,0.6,20,lpips_alex_spatial,8,4,torso_outside_head_roi,0,head_target_density1
0.000616715157270914,0.009255921694092582,-0.00848573476383672,adaptive,0.6,20,lpips_alex_spatial,8,8,background,0,head_target_density1
-0.0027942457277045085,0.004612555446552898,-0.010776551086568064,released,0.45,20,lpips_alex_spatial,8,8,background,0,head_target_density1
0.014231613464358838,0.02115705672494213,0.006695096213841452,adaptive,0.8,20,lpips_alex_spatial,8,8,eyes,0,head_target_density1
0.013858100431537308,0.02170829845052971,0.006046683209947443,released,0.8,20,lpips_alex_spatial,8,8,eyes,0,head_target_density1
0.010840540385002448,0.01690572737641724,0.004337787766922009,adaptive,0.85,20,lpips_alex_spatial,8,8,flame_supported,0,head_target_density1
-0.0007348247693330909,0.005532372272414042,-0.0074173202386150815,released,0.55,20,lpips_alex_spatial,8,8,flame_supported,0,head_target_density1
0.009910271593435573,0.017709526754902224,0.0018920096173759185,adaptive,0.8,20,lpips_alex_spatial,8,8,flame_unsupported,0,head_target_density1
0.0026166841783842403,0.00919544390925333,-0.003805001900842983,released,0.6,20,lpips_alex_spatial,8,8,flame_unsupported,0,head_target_density1
0.010439506842827587,0.01656239887542883,0.0036673517832546436,adaptive,0.85,20,lpips_alex_spatial,8,8,foreground,0,head_target_density1
6.843731917937634e-05,0.006365457615967448,-0.006447400424732413,released,0.5,20,lpips_alex_spatial,8,8,foreground,0,head_target_density1
0.005748785006535519,0.01214056329293685,-0.0013678539399202638,adaptive,0.7,20,lpips_alex_spatial,8,8,full_frame,0,head_target_density1
-0.0013245505171936734,0.004543132574914343,-0.00749476283208115,released,0.5,20,lpips_alex_spatial,8,8,full_frame,0,head_target_density1
0.009741776902658811,0.015431564687621732,0.00331555056122644,adaptive,0.85,20,lpips_alex_spatial,8,8,head_foreground,0,head_target_density1
0.0001504514565816198,0.006418277502958817,-0.006551782685184454,released,0.55,20,lpips_alex_spatial,8,8,head_foreground,0,head_target_density1
0.009838057237973319,0.01565861220486076,0.003377429555449631,adaptive,0.85,20,lpips_alex_spatial,8,8,head_supported,0,head_target_density1
-5.8330386711587244e-05,0.0062002335010729985,-0.006503829465701452,released,0.5,20,lpips_alex_spatial,8,8,head_supported,0,head_target_density1
0.007661910032858166,0.014320027154979115,0.0004253345032647946,adaptive,0.75,20,lpips_alex_spatial,8,8,head_unsupported,0,head_target_density1
7.901534394916185e-05,0.00774759637006301,-0.007559848676556016,released,0.45,20,lpips_alex_spatial,8,8,head_unsupported,0,head_target_density1
0.009605753997885541,0.01490296660109786,0.004119609794758945,adaptive,0.8,20,lpips_alex_spatial,8,8,oral,0,head_target_density1
-0.004041723243303957,0.0024501302306860827,-0.01012682620402071,released,0.35,20,lpips_alex_spatial,8,8,oral,0,head_target_density1
0.013658430181538445,0.02314676643785639,0.004267285678268248,adaptive,0.75,20,lpips_alex_spatial,8,8,torso_outside_head_roi,0,head_target_density1
0.0009574977945549484,0.008053438364141083,-0.00611265305908535,released,0.6,20,lpips_alex_spatial,8,8,torso_outside_head_roi,0,head_target_density1
-0.0043051828941187975,0.0014089635092709787,-0.010494411386420736,adaptive,0.45,20,lpips_alex_spatial,384,1,background,0,head_target_density1
-0.0012134098529984108,0.005752077487875567,-0.007902613521471702,released,0.55,20,lpips_alex_spatial,384,1,background,0,head_target_density1
0.007986507182958576,0.01527648358998209,0.0002540656440382442,adaptive,0.6,20,lpips_alex_spatial,384,1,eyes,0,head_target_density1
0.01308427340450113,0.021098429279040515,0.004941018596843328,released,0.75,20,lpips_alex_spatial,384,1,eyes,0,head_target_density1
-0.0235920289876484,-0.01409693860907492,-0.033376716927470004,adaptive,0.2,20,lpips_alex_spatial,384,1,flame_supported,0,head_target_density1
-0.018000116391508263,-0.009197368176705127,-0.027162266150841302,released,0.25,20,lpips_alex_spatial,384,1,flame_supported,0,head_target_density1
-0.010805417213241044,-0.00254947296405867,-0.01896265305788117,adaptive,0.35,20,lpips_alex_spatial,384,1,flame_unsupported,0,head_target_density1
-0.0036539787423013836,0.005497255505989012,-0.012233638801849704,released,0.35,20,lpips_alex_spatial,384,1,flame_unsupported,0,head_target_density1
-0.01925237718110646,-0.01145531613190512,-0.027346064560886903,adaptive,0.15,20,lpips_alex_spatial,384,1,foreground,0,head_target_density1
-0.013350998503185121,-0.0053880105946296775,-0.02095649998952395,released,0.25,20,lpips_alex_spatial,384,1,foreground,0,head_target_density1
-0.012237058250935049,-0.006559807416293536,-0.01816028119778478,adaptive,0.2,20,lpips_alex_spatial,384,1,full_frame,0,head_target_density1
-0.007869302839427817,-0.0014316091812276643,-0.01417641009506469,released,0.35,20,lpips_alex_spatial,384,1,full_frame,0,head_target_density1
-0.021028330633442387,-0.01213491849246174,-0.030305171999987446,adaptive,0.2,20,lpips_alex_spatial,384,1,head_foreground,0,head_target_density1
-0.01570237491625547,-0.007612932839358054,-0.024069060484472587,released,0.3,20,lpips_alex_spatial,384,1,head_foreground,0,head_target_density1
-0.022828593610219917,-0.01340920114566817,-0.032513977685976185,adaptive,0.2,20,lpips_alex_spatial,384,1,head_supported,0,head_target_density1
-0.01755226781190037,-0.008775763440492676,-0.026527101790451063,released,0.3,20,lpips_alex_spatial,384,1,head_supported,0,head_target_density1
-0.01227357022204653,-0.004794102953309344,-0.020025540853140317,adaptive,0.25,20,lpips_alex_spatial,384,1,head_unsupported,0,head_target_density1
-0.006796087176254427,0.0017075552894704569,-0.015332571127279739,released,0.45,20,lpips_alex_spatial,384,1,head_unsupported,0,head_target_density1
-0.02015446403741151,-0.00945130803710293,-0.030951126484872533,adaptive,0.25,20,lpips_alex_spatial,384,1,oral,0,head_target_density1
-0.017424347509876696,-0.007791690734455727,-0.027700116092829154,released,0.25,20,lpips_alex_spatial,384,1,oral,0,head_target_density1
-0.012791280724433866,-0.0027334257461250505,-0.02310563837368753,adaptive,0.35,20,lpips_alex_spatial,384,1,torso_outside_head_roi,0,head_target_density1
-0.004602799310968936,0.007441391667451492,-0.015764960475865553,released,0.35,20,lpips_alex_spatial,384,1,torso_outside_head_roi,0,head_target_density1
0.0022313392319310787,0.008250492955052932,-0.004484989076725343,adaptive,0.65,20,lpips_alex_spatial,384,4,background,0,head_target_density1
0.0058335904082936025,0.012694310919789106,-0.0016021190501592857,released,0.65,20,lpips_alex_spatial,384,4,background,0,head_target_density1
0.02531424349266615,0.033432393319508785,0.016283725047806952,adaptive,0.85,20,lpips_alex_spatial,384,4,eyes,0,head_target_density1
0.031617997622262535,0.04073562625020539,0.021835676475665575,released,0.8,20,lpips_alex_spatial,384,4,eyes,0,head_target_density1
-0.006176046032082464,0.0026628296630364515,-0.015571068295507084,adaptive,0.5,20,lpips_alex_spatial,384,4,flame_supported,0,head_target_density1
-0.00034585662099802656,0.008328232520982902,-0.00984126349542605,released,0.65,20,lpips_alex_spatial,384,4,flame_supported,0,head_target_density1
-0.0006945720824911683,0.009589640245792948,-0.010420064713208112,adaptive,0.5,20,lpips_alex_spatial,384,4,flame_unsupported,0,head_target_density1
0.0021207209633861968,0.01251700907367923,-0.007144307957230658,released,0.55,20,lpips_alex_spatial,384,4,flame_unsupported,0,head_target_density1
-0.004031641134745544,0.0040360499264838695,-0.012409889204161475,adaptive,0.5,20,lpips_alex_spatial,384,4,foreground,0,head_target_density1
0.0006287963809739769,0.008454851406969851,-0.007589754985292497,released,0.55,20,lpips_alex_spatial,384,4,foreground,0,head_target_density1
-0.0012158865771017783,0.004909784593119108,-0.008047772129951425,adaptive,0.5,20,lpips_alex_spatial,384,4,full_frame,0,head_target_density1
0.0027635080262649213,0.008988166937897037,-0.004415367035087469,released,0.7,20,lpips_alex_spatial,384,4,full_frame,0,head_target_density1
-0.0032000829625627334,0.0053555287302496455,-0.012701465194041795,adaptive,0.6,20,lpips_alex_spatial,384,4,head_foreground,0,head_target_density1
0.0024159209919284927,0.010677936092980907,-0.006761335226996244,released,0.7,20,lpips_alex_spatial,384,4,head_foreground,0,head_target_density1
-0.004691455584005645,0.004127141297745524,-0.01414489383501981,adaptive,0.55,20,lpips_alex_spatial,384,4,head_supported,0,head_target_density1
0.0011305300547893916,0.009629408987521895,-0.008484378548381667,released,0.65,20,lpips_alex_spatial,384,4,head_supported,0,head_target_density1
0.002748389562260542,0.013134816151460785,-0.00801282612104459,adaptive,0.6,20,lpips_alex_spatial,384,4,head_unsupported,0,head_target_density1
0.007193256726953662,0.01682428460229442,-0.00261455226654408,released,0.7,20,lpips_alex_spatial,384,4,head_unsupported,0,head_target_density1
0.0012767402044139482,0.00882256471817321,-0.006144892914915544,adaptive,0.5,20,lpips_alex_spatial,384,4,oral,0,head_target_density1
0.0014264231551474743,0.009213763795111374,-0.006715418986157094,released,0.55,20,lpips_alex_spatial,384,4,oral,0,head_target_density1
-0.0052385000044513075,0.006252433059681396,-0.015885728479038103,adaptive,0.4,20,lpips_alex_spatial,384,4,torso_outside_head_roi,0,head_target_density1
-0.0020813231220821434,0.01015769627564342,-0.013712862777511062,released,0.35,20,lpips_alex_spatial,384,4,torso_outside_head_roi,0,head_target_density1
0.0012079654115709202,0.008573301331140782,-0.00681747245693317,adaptive,0.6,20,lpips_alex_spatial,384,8,background,0,head_target_density1
0.009615443295628136,0.017233418304449192,0.0019816697246319843,released,0.65,20,lpips_alex_spatial,384,8,background,0,head_target_density1
0.02703651535841592,0.03572500784972413,0.01743972628290641,adaptive,0.9,20,lpips_alex_spatial,384,8,eyes,0,head_target_density1
0.031219725369430157,0.039920656445127906,0.022064787122082416,released,0.9,20,lpips_alex_spatial,384,8,eyes,0,head_target_density1
-0.005985828913378681,0.0030670506263219995,-0.015707663042123083,adaptive,0.55,20,lpips_alex_spatial,384,8,flame_supported,0,head_target_density1
0.0006993469420984611,0.009543273834675715,-0.008639568523786528,released,0.55,20,lpips_alex_spatial,384,8,flame_supported,0,head_target_density1
-0.0010878147457140165,0.009267558912964565,-0.010276832824019753,adaptive,0.4,20,lpips_alex_spatial,384,8,flame_unsupported,0,head_target_density1
0.0032175700760470618,0.013860632977057162,-0.0065330730901711955,released,0.45,20,lpips_alex_spatial,384,8,flame_unsupported,0,head_target_density1
-0.0039875000592342336,0.004331787202622435,-0.012631312272323551,adaptive,0.5,20,lpips_alex_spatial,384,8,foreground,0,head_target_density1
0.00164731768005614,0.010345727115463247,-0.006689822542099854,released,0.5,20,lpips_alex_spatial,384,8,foreground,0,head_target_density1
-0.0014746879602407434,0.005063542311454742,-0.008587334163777235,adaptive,0.5,20,lpips_alex_spatial,384,8,full_frame,0,head_target_density1
0.005312310952644837,0.011814363947162383,-0.0014496471355487778,released,0.65,20,lpips_alex_spatial,384,8,full_frame,0,head_target_density1
-0.0029014998775656374,0.0062916911298999765,-0.013014103852357522,adaptive,0.6,20,lpips_alex_spatial,384,8,head_foreground,0,head_target_density1
0.003983912753054183,0.012698951195660854,-0.005169707333209004,released,0.6,20,lpips_alex_spatial,384,8,head_foreground,0,head_target_density1
-0.004209705479173348,0.004996805858509606,-0.014259452909110204,adaptive,0.6,20,lpips_alex_spatial,384,8,head_supported,0,head_target_density1
0.002717831832646847,0.011393357656567097,-0.0064313366113413544,released,0.6,20,lpips_alex_spatial,384,8,head_supported,0,head_target_density1
0.002834252479764772,0.013703563471766326,-0.008880764734711392,adaptive,0.55,20,lpips_alex_spatial,384,8,head_unsupported,0,head_target_density1
0.008798988161215287,0.018741600443224222,-0.0012750355955214682,released,0.6,20,lpips_alex_spatial,384,8,head_unsupported,0,head_target_density1
0.006878898007454092,0.013820801243094349,-0.00020094596168474086,adaptive,0.7,20,lpips_alex_spatial,384,8,oral,0,head_target_density1
0.004714394476587579,0.012151330363321172,-0.0032744375440511165,released,0.65,20,lpips_alex_spatial,384,8,oral,0,head_target_density1
-0.005241252391344628,0.005964776575555978,-0.015319448432580988,adaptive,0.3,20,lpips_alex_spatial,384,8,torso_outside_head_roi,0,head_target_density1
-0.0023877592444631,0.011343558816594245,-0.014845510987389695,released,0.3,20,lpips_alex_spatial,384,8,torso_outside_head_roi,0,head_target_density1
-0.018123187394882185,-0.0070952022455509625,-0.02974766218644716,adaptive,0.35,20,lpips_alex_spatial,8,1,background,0,primary_full_target_density1
-0.02844882574231892,-0.01623973334356591,-0.04105459614017353,released,0.2,20,lpips_alex_spatial,8,1,background,0,primary_full_target_density1
0.007085592055873389,0.013558003723001326,-0.00042280030303975966,adaptive,0.7,20,lpips_alex_spatial,8,1,eyes,0,primary_full_target_density1
-0.006089826561547215,0.002072026162208911,-0.01475734614869046,released,0.4,20,lpips_alex_spatial,8,1,eyes,0,primary_full_target_density1
-0.021416459217914963,-0.008799281728402624,-0.0345502283503261,adaptive,0.3,20,lpips_alex_spatial,8,1,flame_supported,0,primary_full_target_density1
-0.050853296124835135,-0.03858026999783018,-0.06291295475214219,released,0.0,20,lpips_alex_spatial,8,1,flame_supported,0,primary_full_target_density1
0.043611872536341696,0.07529790543718098,0.010563905366925258,adaptive,0.75,20,lpips_alex_spatial,8,1,flame_unsupported,0,primary_full_target_density1
-0.004597305848091126,0.024762316531082504,-0.0364493254524024,released,0.5,20,lpips_alex_spatial,8,1,flame_unsupported,0,primary_full_target_density1
-5.986795516883248e-05,0.017957687344158695,-0.017517554198114137,adaptive,0.5,20,lpips_alex_spatial,8,1,foreground,0,primary_full_target_density1
-0.034994479779883673,-0.018331429275331136,-0.0521632575705125,released,0.2,20,lpips_alex_spatial,8,1,foreground,0,primary_full_target_density1
-0.00816856525935135,0.005576198559689865,-0.021707330059695544,adaptive,0.35,20,lpips_alex_spatial,8,1,full_frame,0,primary_full_target_density1
-0.031765113829018234,-0.01857678796080028,-0.04551008591984776,released,0.2,20,lpips_alex_spatial,8,1,full_frame,0,primary_full_target_density1
-0.021272484339122277,-0.010198334532614952,-0.03322570441934287,adaptive,0.25,20,lpips_alex_spatial,8,1,head_foreground,0,primary_full_target_density1
-0.04809680630095444,-0.03726246599202442,-0.058529120299388226,released,0.0,20,lpips_alex_spatial,8,1,head_foreground,0,primary_full_target_density1
-0.021616299808289042,-0.010644712430024274,-0.03353801269903418,adaptive,0.2,20,lpips_alex_spatial,8,1,head_supported,0,primary_full_target_density1
-0.04840015623944781,-0.03746374243666467,-0.058808296197345136,released,0.0,20,lpips_alex_spatial,8,1,head_supported,0,primary_full_target_density1
-0.020666798194238604,-0.007922171361633822,-0.033510317498028803,adaptive,0.25,20,lpips_alex_spatial,8,1,head_unsupported,0,primary_full_target_density1
-0.048035993872872246,-0.03539325672082987,-0.06092009781935245,released,0.05,20,lpips_alex_spatial,8,1,head_unsupported,0,primary_full_target_density1
-0.013019657095707132,-0.0014168359267409572,-0.025416150388358746,adaptive,0.3,20,lpips_alex_spatial,8,1,oral,0,primary_full_target_density1
-0.035864545975177436,-0.025992214928318567,-0.045541080730695474,released,0.05,20,lpips_alex_spatial,8,1,oral,0,primary_full_target_density1
0.04126553211420862,0.0781292515700273,0.004173309943570459,adaptive,0.7,20,lpips_alex_spatial,8,1,torso_outside_head_roi,0,primary_full_target_density1
-0.014680300932004722,0.02153829426303929,-0.05514754604117758,released,0.5,20,lpips_alex_spatial,8,1,torso_outside_head_roi,0,primary_full_target_density1
-0.016889180351153825,-0.0045733556240410995,-0.029804090773472777,adaptive,0.3,20,lpips_alex_spatial,8,4,background,0,primary_full_target_density1
-0.026521310663670045,-0.012480324042943403,-0.041614643396457235,released,0.25,20,lpips_alex_spatial,8,4,background,0,primary_full_target_density1
0.002311930183842696,0.009610486506178382,-0.006540414350149022,adaptive,0.6,20,lpips_alex_spatial,8,4,eyes,0,primary_full_target_density1
-0.007073387045619957,0.0029198774466216043,-0.01842623907084944,released,0.55,20,lpips_alex_spatial,8,4,eyes,0,primary_full_target_density1
-0.02742326743431492,-0.014395920259674297,-0.04089282711881553,adaptive,0.2,20,lpips_alex_spatial,8,4,flame_supported,0,primary_full_target_density1
-0.052546156835479696,-0.03771593960640188,-0.06768807920663963,released,0.1,20,lpips_alex_spatial,8,4,flame_supported,0,primary_full_target_density1
0.039597772930939204,0.06725384297609119,0.007571284205594661,adaptive,0.8,20,lpips_alex_spatial,8,4,flame_unsupported,0,primary_full_target_density1
-0.0026129921423401065,0.024931571491230237,-0.033544634645401576,released,0.6,20,lpips_alex_spatial,8,4,flame_unsupported,0,primary_full_target_density1
-0.006593354090150806,0.009595129179180083,-0.0245901883200621,adaptive,0.45,20,lpips_alex_spatial,8,4,foreground,0,primary_full_target_density1
-0.03661817322855256,-0.018276845776227353,-0.05524425508024653,released,0.25,20,lpips_alex_spatial,8,4,foreground,0,primary_full_target_density1
-0.011081161134499164,0.0021288962920835066,-0.02583930834265778,adaptive,0.5,20,lpips_alex_spatial,8,4,full_frame,0,primary_full_target_density1
-0.0318647267897267,-0.016910835231138663,-0.04787344250304638,released,0.2,20,lpips_alex_spatial,8,4,full_frame,0,primary_full_target_density1
-0.028299138258253066,-0.01684008876205632,-0.04048347970277304,adaptive,0.15,20,lpips_alex_spatial,8,4,head_foreground,0,primary_full_target_density1
-0.05067138183267763,-0.036996320273478024,-0.06446131784678254,released,0.1,20,lpips_alex_spatial,8,4,head_foreground,0,primary_full_target_density1
-0.028754428837048523,-0.017622919323696237,-0.040984354831581755,adaptive,0.15,20,lpips_alex_spatial,8,4,head_supported,0,primary_full_target_density1
-0.0509979287112195,-0.037205656656739666,-0.06476998734312907,released,0.1,20,lpips_alex_spatial,8,4,head_supported,0,primary_full_target_density1
-0.026274776489722606,-0.013407906674843295,-0.03898464888250296,adaptive,0.2,20,lpips_alex_spatial,8,4,head_unsupported,0,primary_full_target_density1
-0.05148014429226905,-0.03424109721698343,-0.06984945936105649,released,0.1,20,lpips_alex_spatial,8,4,head_unsupported,0,primary_full_target_density1
-0.02350399410158016,-0.01213818110308297,-0.03570425806357012,adaptive,0.3,20,lpips_alex_spatial,8,4,oral,0,primary_full_target_density1
-0.038647348842327844,-0.02556944126083966,-0.05237983965873804,released,0.05,20,lpips_alex_spatial,8,4,oral,0,primary_full_target_density1
0.04077950070786125,0.07541749594324683,-0.0001712895261832901,adaptive,0.8,20,lpips_alex_spatial,8,4,torso_outside_head_roi,0,primary_full_target_density1
-0.007764320387948861,0.026673665010648096,-0.04642952846167624,released,0.6,20,lpips_alex_spatial,8,4,torso_outside_head_roi,0,primary_full_target_density1
-0.01606775687708078,-0.004350618843695391,-0.028263983989097147,adaptive,0.3,20,lpips_alex_spatial,8,8,background,0,primary_full_target_density1
-0.022335204190846274,-0.008793127498445066,-0.036768635799643866,released,0.25,20,lpips_alex_spatial,8,8,background,0,primary_full_target_density1
0.00628395561446265,0.013109868499648392,-0.0012235390027895497,adaptive,0.7,20,lpips_alex_spatial,8,8,eyes,0,primary_full_target_density1
-0.00026611254939604004,0.009021317872975233,-0.010305901186469226,released,0.65,20,lpips_alex_spatial,8,8,eyes,0,primary_full_target_density1
-0.024356380583255698,-0.012518089959963816,-0.036959638111089314,adaptive,0.25,20,lpips_alex_spatial,8,8,flame_supported,0,primary_full_target_density1
-0.04816544140677997,-0.03372252967186767,-0.06252121492080823,released,0.1,20,lpips_alex_spatial,8,8,flame_supported,0,primary_full_target_density1
0.0438274040433969,0.07012257585401785,0.013458473554319695,adaptive,0.8,20,lpips_alex_spatial,8,8,flame_unsupported,0,primary_full_target_density1
0.002615690477100199,0.030259603725704725,-0.028603582911420428,released,0.65,20,lpips_alex_spatial,8,8,flame_unsupported,0,primary_full_target_density1
-0.0026081204072860437,0.012967402040814036,-0.018811476576126755,adaptive,0.6,20,lpips_alex_spatial,8,8,foreground,0,primary_full_target_density1
-0.031624744916924276,-0.013926739960917651,-0.04994644473672165,released,0.2,20,lpips_alex_spatial,8,8,foreground,0,primary_full_target_density1
-0.008583735877817338,0.004012722910998685,-0.022676515335386456,adaptive,0.45,20,lpips_alex_spatial,8,8,full_frame,0,primary_full_target_density1
-0.02709103311811173,-0.012307501936500716,-0.04307391049799978,released,0.2,20,lpips_alex_spatial,8,8,full_frame,0,primary_full_target_density1
-0.025420228031675225,-0.01507085889665855,-0.03657251805429348,adaptive,0.2,20,lpips_alex_spatial,8,8,head_foreground,0,primary_full_target_density1
-0.04556235366589803,-0.032153734914298224,-0.05908566684426349,released,0.05,20,lpips_alex_spatial,8,8,head_foreground,0,primary_full_target_density1
-0.025831506233355218,-0.015353960237812797,-0.036970983832961164,adaptive,0.15,20,lpips_alex_spatial,8,8,head_supported,0,primary_full_target_density1
-0.0457510435709204,-0.032783434257571784,-0.05891419402889561,released,0.05,20,lpips_alex_spatial,8,8,head_supported,0,primary_full_target_density1
-0.024411585268971987,-0.012218294001495685,-0.03750431212001949,adaptive,0.3,20,lpips_alex_spatial,8,8,head_unsupported,0,primary_full_target_density1
-0.04756871637963628,-0.030161142347383776,-0.06573858478960173,released,0.05,20,lpips_alex_spatial,8,8,head_unsupported,0,primary_full_target_density1
-0.02051729078748952,-0.009057464447605485,-0.03311306896839806,adaptive,0.3,20,lpips_alex_spatial,8,8,oral,0,primary_full_target_density1
-0.0330931788779157,-0.02061210791545662,-0.04563154812012707,released,0.2,20,lpips_alex_spatial,8,8,oral,0,primary_full_target_density1
0.04506188704986486,0.0769605181089347,0.009176835517766336,adaptive,0.8,20,lpips_alex_spatial,8,8,torso_outside_head_roi,0,primary_full_target_density1
-0.004285829876204736,0.028708837700359154,-0.04165710171258747,released,0.65,20,lpips_alex_spatial,8,8,torso_outside_head_roi,0,primary_full_target_density1
-0.017301427492432842,-0.007449349236950353,-0.027266492278420557,adaptive,0.2,20,lpips_alex_spatial,32,1,background,0,primary_full_target_density1
-0.026259219028318355,-0.015988479086669068,-0.03769870601914576,released,0.1,20,lpips_alex_spatial,32,1,background,0,primary_full_target_density1
-0.010832209919547532,0.00017873558940005168,-0.022178593478862797,adaptive,0.3,20,lpips_alex_spatial,32,1,eyes,0,primary_full_target_density1
-0.020988346543113025,-0.007684411062862604,-0.035035203413464173,released,0.2,20,lpips_alex_spatial,32,1,eyes,0,primary_full_target_density1
-0.06247320998403187,-0.05007950487650086,-0.07554821835230284,adaptive,0.0,20,lpips_alex_spatial,32,1,flame_supported,0,primary_full_target_density1
-0.0647905043806078,-0.05119754102977263,-0.07980195159981894,released,0.0,20,lpips_alex_spatial,32,1,flame_supported,0,primary_full_target_density1
0.0249343606216647,0.05478314016972334,-0.0077002035358808875,adaptive,0.7,20,lpips_alex_spatial,32,1,flame_unsupported,0,primary_full_target_density1
0.027338459178898915,0.05754524344308339,-0.0056273700079910475,released,0.7,20,lpips_alex_spatial,32,1,flame_unsupported,0,primary_full_target_density1
-0.03414398798384025,-0.017660442870448483,-0.050639394947889244,adaptive,0.2,20,lpips_alex_spatial,32,1,foreground,0,primary_full_target_density1
-0.03502461698842785,-0.017619858100036995,-0.05363886870631486,released,0.15,20,lpips_alex_spatial,32,1,foreground,0,primary_full_target_density1
-0.02583294131539085,-0.013758400722177018,-0.038577078412492555,adaptive,0.2,20,lpips_alex_spatial,32,1,full_frame,0,primary_full_target_density1
-0.030400385949518764,-0.017475195519335844,-0.044387796441842986,released,0.1,20,lpips_alex_spatial,32,1,full_frame,0,primary_full_target_density1
-0.05990579413609133,-0.048120995947399825,-0.0721972003284921,adaptive,0.0,20,lpips_alex_spatial,32,1,head_foreground,0,primary_full_target_density1
-0.06149684225451328,-0.04856789375610428,-0.07554483545025502,released,0.0,20,lpips_alex_spatial,32,1,head_foreground,0,primary_full_target_density1
-0.06194420424808285,-0.05021518516698986,-0.07419625578563356,adaptive,0.0,20,lpips_alex_spatial,32,1,head_supported,0,primary_full_target_density1
-0.06417783654373109,-0.051101493944825715,-0.07845753425541596,released,0.0,20,lpips_alex_spatial,32,1,head_supported,0,primary_full_target_density1
-0.04816491176906003,-0.03266759036717977,-0.06502898048116558,adaptive,0.05,20,lpips_alex_spatial,32,1,head_unsupported,0,primary_full_target_density1
-0.04367953045007285,-0.028303486598671677,-0.06058169990333789,released,0.1,20,lpips_alex_spatial,32,1,head_unsupported,0,primary_full_target_density1
-0.05812821755665394,-0.04286793242278428,-0.07309704926364018,adaptive,0.05,20,lpips_alex_spatial,32,1,oral,0,primary_full_target_density1
-0.053874478919336034,-0.038467805602177274,-0.06991711032729059,released,0.0,20,lpips_alex_spatial,32,1,oral,0,primary_full_target_density1
0.018663603982461276,0.05403176604645871,-0.0217665252537961,adaptive,0.7,20,lpips_alex_spatial,32,1,torso_outside_head_roi,0,primary_full_target_density1
0.020258161544551397,0.055901674560533944,-0.01854981686785157,released,0.7,20,lpips_alex_spatial,32,1,torso_outside_head_roi,0,primary_full_target_density1
-0.0155530277212565,-0.00526254982768652,-0.026497399823711784,adaptive,0.3,20,lpips_alex_spatial,32,4,background,0,primary_full_target_density1
-0.027224394146122533,-0.016076710274081356,-0.03952531797182956,released,0.15,20,lpips_alex_spatial,32,4,background,0,primary_full_target_density1
-0.010572639643759091,0.0006117712083785242,-0.02193659537354359,adaptive,0.35,20,lpips_alex_spatial,32,4,eyes,0,primary_full_target_density1
-0.019441639903835982,-0.007141788765668363,-0.032624191266435884,released,0.4,20,lpips_alex_spatial,32,4,eyes,0,primary_full_target_density1
-0.05921389781016333,-0.045432738306208705,-0.0742535574572092,adaptive,0.0,20,lpips_alex_spatial,32,4,flame_supported,0,primary_full_target_density1
-0.06940667633943484,-0.05512721050851604,-0.08506730210239163,released,0.0,20,lpips_alex_spatial,32,4,flame_supported,0,primary_full_target_density1
0.0288956961129495,0.057033416263427894,-0.00025494978642876806,adaptive,0.65,20,lpips_alex_spatial,32,4,flame_unsupported,0,primary_full_target_density1
0.022098822517558427,0.05406746003409856,-0.01085398485377958,released,0.55,20,lpips_alex_spatial,32,4,flame_unsupported,0,primary_full_target_density1
-0.03133648534387531,-0.013943515614287947,-0.04917147448428732,adaptive,0.15,20,lpips_alex_spatial,32,4,foreground,0,primary_full_target_density1
-0.04059947314609246,-0.021110682760198472,-0.060480205249706556,released,0.25,20,lpips_alex_spatial,32,4,foreground,0,primary_full_target_density1
-0.023761449717293097,-0.010501240456153554,-0.03799713725024018,adaptive,0.2,20,lpips_alex_spatial,32,4,full_frame,0,primary_full_target_density1
-0.03387894659988149,-0.018974068599545268,-0.0492542730136351,released,0.15,20,lpips_alex_spatial,32,4,full_frame,0,primary_full_target_density1
-0.05806424014606837,-0.04416384250961182,-0.07325712505062514,adaptive,0.0,20,lpips_alex_spatial,32,4,head_foreground,0,primary_full_target_density1
-0.06571894511492714,-0.05187803478366594,-0.08022250327803668,released,0.0,20,lpips_alex_spatial,32,4,head_foreground,0,primary_full_target_density1
-0.06004225129008657,-0.04616522416569291,-0.0746236664126262,adaptive,0.0,20,lpips_alex_spatial,32,4,head_supported,0,primary_full_target_density1
-0.06861947100383242,-0.05550471924374818,-0.08316615704196048,released,0.0,20,lpips_alex_spatial,32,4,head_supported,0,primary_full_target_density1
-0.046570085088811566,-0.029572978254860556,-0.06522165462941494,adaptive,0.05,20,lpips_alex_spatial,32,4,head_unsupported,0,primary_full_target_density1
-0.04549142817371395,-0.026997955816467762,-0.0648756166403903,released,0.2,20,lpips_alex_spatial,32,4,head_unsupported,0,primary_full_target_density1
-0.05569204237042254,-0.03961767861637893,-0.07268088667662016,adaptive,0.0,20,lpips_alex_spatial,32,4,oral,0,primary_full_target_density1
-0.05933145742966813,-0.046177653806888874,-0.07278179476424364,released,0.0,20,lpips_alex_spatial,32,4,oral,0,primary_full_target_density1
0.02683379645902389,0.058221182202678155,-0.005345880897691894,adaptive,0.65,20,lpips_alex_spatial,32,4,torso_outside_head_roi,0,primary_full_target_density1
0.013718676337715693,0.05035002195320029,-0.02450046911057025,released,0.6,20,lpips_alex_spatial,32,4,torso_outside_head_roi,0,primary_full_target_density1
-0.012243862271061197,-0.002374025778395607,-0.023088539393723843,adaptive,0.25,20,lpips_alex_spatial,32,8,background,0,primary_full_target_density1
-0.022752990427147162,-0.01059719908551248,-0.03578440489047482,released,0.25,20,lpips_alex_spatial,32,8,background,0,primary_full_target_density1
-0.008146142086657742,0.0031669430764427503,-0.01985039654731057,adaptive,0.4,20,lpips_alex_spatial,32,8,eyes,0,primary_full_target_density1
-0.01963111644703282,-0.0074666392342068785,-0.03287492059916193,released,0.4,20,lpips_alex_spatial,32,8,eyes,0,primary_full_target_density1
-0.05666678830972466,-0.04067224100675444,-0.07355001287305395,adaptive,0.05,20,lpips_alex_spatial,32,8,flame_supported,0,primary_full_target_density1
-0.06638610501572864,-0.051921683836371677,-0.08188176686662836,released,0.05,20,lpips_alex_spatial,32,8,flame_supported,0,primary_full_target_density1
0.033668093692928086,0.06244919144041319,0.005282366919544791,adaptive,0.7,20,lpips_alex_spatial,32,8,flame_unsupported,0,primary_full_target_density1
0.025039823851568676,0.056436298436562504,-0.008014662923909793,released,0.6,20,lpips_alex_spatial,32,8,flame_unsupported,0,primary_full_target_density1
-0.027317085784687743,-0.00892593636424012,-0.046187885399426094,adaptive,0.3,20,lpips_alex_spatial,32,8,foreground,0,primary_full_target_density1
-0.037013801226717026,-0.0178175472822011,-0.05695840133987091,released,0.25,20,lpips_alex_spatial,32,8,foreground,0,primary_full_target_density1
-0.020043267599948046,-0.006154696567879092,-0.034629532716103965,adaptive,0.2,20,lpips_alex_spatial,32,8,full_frame,0,primary_full_target_density1
-0.02996111380589473,-0.01443185617977922,-0.045654680332193116,released,0.15,20,lpips_alex_spatial,32,8,full_frame,0,primary_full_target_density1
-0.05490096527575707,-0.03937251482212263,-0.07155140416674752,adaptive,0.0,20,lpips_alex_spatial,32,8,head_foreground,0,primary_full_target_density1
-0.06199802603257918,-0.048424627066214296,-0.07673132352050781,released,0.0,20,lpips_alex_spatial,32,8,head_foreground,0,primary_full_target_density1
-0.05693709025668736,-0.041476745980130285,-0.07363449629547983,adaptive,0.0,20,lpips_alex_spatial,32,8,head_supported,0,primary_full_target_density1
-0.06505134158108335,-0.05165135060861471,-0.07931940005319962,released,0.0,20,lpips_alex_spatial,32,8,head_supported,0,primary_full_target_density1
-0.04186839186573381,-0.02425005264512272,-0.061937787318569,adaptive,0.1,20,lpips_alex_spatial,32,8,head_unsupported,0,primary_full_target_density1
-0.0397378695602251,-0.021356242014394657,-0.05805753198322886,released,0.25,20,lpips_alex_spatial,32,8,head_unsupported,0,primary_full_target_density1
-0.054603099838606416,-0.03744310444768104,-0.07240740892865394,adaptive,0.05,20,lpips_alex_spatial,32,8,oral,0,primary_full_target_density1
-0.056886410319616984,-0.04367556649450687,-0.07147480902528854,released,0.0,20,lpips_alex_spatial,32,8,oral,0,primary_full_target_density1
0.02992533729903486,0.06090261632558005,-0.001909733535730045,adaptive,0.65,20,lpips_alex_spatial,32,8,torso_outside_head_roi,0,primary_full_target_density1
0.014659120287752472,0.051470595471962595,-0.024547985167482796,released,0.6,20,lpips_alex_spatial,32,8,torso_outside_head_roi,0,primary_full_target_density1
-0.006888919194236761,0.0013973161427006087,-0.015153304376860155,adaptive,0.35,20,lpips_alex_spatial,128,1,background,0,primary_full_target_density1
-0.022565514126828216,-0.01170322414705157,-0.03414306054369239,released,0.25,20,lpips_alex_spatial,128,1,background,0,primary_full_target_density1
-0.0030337827584995896,0.006078111182019812,-0.012755872486743557,adaptive,0.55,20,lpips_alex_spatial,128,1,eyes,0,primary_full_target_density1
-0.019585528901990123,-0.00773030020080562,-0.0318278681115812,released,0.2,20,lpips_alex_spatial,128,1,eyes,0,primary_full_target_density1
-0.04427132515998342,-0.03172734435436127,-0.05731258694877291,adaptive,0.05,20,lpips_alex_spatial,128,1,flame_supported,0,primary_full_target_density1
-0.05728234485809612,-0.044778010106979065,-0.06936740477719726,released,0.05,20,lpips_alex_spatial,128,1,flame_supported,0,primary_full_target_density1
0.04515089454302151,0.07012496081560415,0.019531627321360694,adaptive,0.85,20,lpips_alex_spatial,128,1,flame_unsupported,0,primary_full_target_density1
0.04165114452549882,0.06097242909473183,0.022250470373760604,released,0.8,20,lpips_alex_spatial,128,1,flame_unsupported,0,primary_full_target_density1
-0.015556507286667312,-0.000527482897185213,-0.03127644139961583,adaptive,0.4,20,lpips_alex_spatial,128,1,foreground,0,primary_full_target_density1
-0.025622416707081173,-0.014511009870134643,-0.03750753080015819,released,0.15,20,lpips_alex_spatial,128,1,foreground,0,primary_full_target_density1
-0.011277240243825034,-2.2078506745299234e-05,-0.022720324594479077,adaptive,0.35,20,lpips_alex_spatial,128,1,full_frame,0,primary_full_target_density1
-0.023746894667674972,-0.014404911633048743,-0.034189953281507854,released,0.15,20,lpips_alex_spatial,128,1,full_frame,0,primary_full_target_density1
-0.04310225887035657,-0.030052035894126715,-0.056727866878140944,adaptive,0.05,20,lpips_alex_spatial,128,1,head_foreground,0,primary_full_target_density1
-0.05679609379651647,-0.04374089884168137,-0.06846474731790432,released,0.05,20,lpips_alex_spatial,128,1,head_foreground,0,primary_full_target_density1
-0.044791521940796435,-0.031803071512988744,-0.058083872488163886,adaptive,0.05,20,lpips_alex_spatial,128,1,head_supported,0,primary_full_target_density1
-0.05873751072802421,-0.045568056466020815,-0.07061216325315542,released,0.05,20,lpips_alex_spatial,128,1,head_supported,0,primary_full_target_density1
-0.0349557250725996,-0.018082925672847402,-0.05370573339911502,adaptive,0.2,20,lpips_alex_spatial,128,1,head_unsupported,0,primary_full_target_density1
-0.04564846446130322,-0.0302465745303211,-0.06293960469103961,released,0.05,20,lpips_alex_spatial,128,1,head_unsupported,0,primary_full_target_density1
-0.03686025754701746,-0.019273955213259777,-0.05535990352372936,adaptive,0.1,20,lpips_alex_spatial,128,1,oral,0,primary_full_target_density1
-0.040697240095985535,-0.025711590436938832,-0.05543137568047497,released,0.1,20,lpips_alex_spatial,128,1,oral,0,primary_full_target_density1
0.04414407100799864,0.07094811649273201,0.014030225964254763,adaptive,0.85,20,lpips_alex_spatial,128,1,torso_outside_head_roi,0,primary_full_target_density1
0.04385708299132827,0.06429724595917778,0.02258064810010721,released,0.8,20,lpips_alex_spatial,128,1,torso_outside_head_roi,0,primary_full_target_density1
-0.011019939106876746,-0.003938270016337118,-0.01847951167905677,adaptive,0.25,20,lpips_alex_spatial,128,4,background,0,primary_full_target_density1
-0.022965096869462166,-0.014302045107244194,-0.03177747039463004,released,0.1,20,lpips_alex_spatial,128,4,background,0,primary_full_target_density1
-0.008000429541066521,0.0022465534993496477,-0.01878342604552811,adaptive,0.45,20,lpips_alex_spatial,128,4,eyes,0,primary_full_target_density1
-0.018640375116384195,-0.008579108986046703,-0.028886209674298387,released,0.2,20,lpips_alex_spatial,128,4,eyes,0,primary_full_target_density1
-0.052596289881861116,-0.03992152377739835,-0.06594172345484585,adaptive,0.0,20,lpips_alex_spatial,128,4,flame_supported,0,primary_full_target_density1
-0.061435235318713755,-0.04973738546214213,-0.07281083204442508,released,0.0,20,lpips_alex_spatial,128,4,flame_supported,0,primary_full_target_density1
0.04080564134638246,0.06681349232270019,0.014559696377816081,adaptive,0.8,20,lpips_alex_spatial,128,4,flame_unsupported,0,primary_full_target_density1
0.04009548861612997,0.06367064832882954,0.018319546594755255,released,0.8,20,lpips_alex_spatial,128,4,flame_unsupported,0,primary_full_target_density1
-0.023120057529522235,-0.0076784239985738635,-0.03885676579749932,adaptive,0.25,20,lpips_alex_spatial,128,4,foreground,0,primary_full_target_density1
-0.02969603837351704,-0.01731516633608723,-0.042213942737128106,released,0.15,20,lpips_alex_spatial,128,4,foreground,0,primary_full_target_density1
-0.01739887314394486,-0.006251450078792827,-0.028460976991279068,adaptive,0.25,20,lpips_alex_spatial,128,4,full_frame,0,primary_full_target_density1
-0.02623475174273341,-0.016993457787046768,-0.03583405587052511,released,0.1,20,lpips_alex_spatial,128,4,full_frame,0,primary_full_target_density1
-0.05183954559839179,-0.038191958931074514,-0.06588857494485771,adaptive,0.0,20,lpips_alex_spatial,128,4,head_foreground,0,primary_full_target_density1
-0.060572852338984615,-0.04911533706121877,-0.07183466690247664,released,0.0,20,lpips_alex_spatial,128,4,head_foreground,0,primary_full_target_density1
-0.05385378156841457,-0.04055488719885283,-0.06749074390512623,adaptive,0.0,20,lpips_alex_spatial,128,4,head_supported,0,primary_full_target_density1
-0.0630693858784112,-0.05154727211591699,-0.07460193836628788,released,0.0,20,lpips_alex_spatial,128,4,head_supported,0,primary_full_target_density1
-0.04048158263873205,-0.02373633435571612,-0.05854154165738294,adaptive,0.15,20,lpips_alex_spatial,128,4,head_unsupported,0,primary_full_target_density1
-0.043958835308832475,-0.03019385153745058,-0.059331178532320394,released,0.05,20,lpips_alex_spatial,128,4,head_unsupported,0,primary_full_target_density1
-0.04553255277431926,-0.029237413228124984,-0.06317243724657237,adaptive,0.1,20,lpips_alex_spatial,128,4,oral,0,primary_full_target_density1
-0.05006472544572711,-0.03703520387829947,-0.06352506971141501,released,0.0,20,lpips_alex_spatial,128,4,oral,0,primary_full_target_density1
0.03944477914894362,0.06783962235396479,0.00996503006251128,adaptive,0.8,20,lpips_alex_spatial,128,4,torso_outside_head_roi,0,primary_full_target_density1
0.04054743449568014,0.06447403623281601,0.016596307118144995,released,0.8,20,lpips_alex_spatial,128,4,torso_outside_head_roi,0,primary_full_target_density1
-0.006644786848144834,0.0013301819741375562,-0.01485686140940811,adaptive,0.35,20,lpips_alex_spatial,128,8,background,0,primary_full_target_density1
-0.017536214273445126,-0.008556057567402988,-0.027159638431100048,released,0.2,20,lpips_alex_spatial,128,8,background,0,primary_full_target_density1
-0.006344404680582854,0.0033955534810338746,-0.01702806767736808,adaptive,0.5,20,lpips_alex_spatial,128,8,eyes,0,primary_full_target_density1
-0.015243728483261942,-0.005438045366061292,-0.02547681806288802,released,0.25,20,lpips_alex_spatial,128,8,eyes,0,primary_full_target_density1
-0.04932439478912583,-0.0365809689967384,-0.0632813899961185,adaptive,0.0,20,lpips_alex_spatial,128,8,flame_supported,0,primary_full_target_density1
-0.05635862391421551,-0.04494033699526689,-0.0679359446606467,released,0.0,20,lpips_alex_spatial,128,8,flame_supported,0,primary_full_target_density1
0.0472133900523831,0.07347250318927712,0.02007247038142801,adaptive,0.85,20,lpips_alex_spatial,128,8,flame_unsupported,0,primary_full_target_density1
0.0453792300974908,0.06807468684555627,0.023520746026595173,released,0.85,20,lpips_alex_spatial,128,8,flame_unsupported,0,primary_full_target_density1
-0.018233690322799378,-0.0022554423729977545,-0.03468690078281147,adaptive,0.25,20,lpips_alex_spatial,128,8,foreground,0,primary_full_target_density1
-0.02375241577057799,-0.010592487427598352,-0.03671824324941123,released,0.15,20,lpips_alex_spatial,128,8,foreground,0,primary_full_target_density1
-0.01260917999527671,-0.0006598252522480885,-0.02436118583787571,adaptive,0.2,20,lpips_alex_spatial,128,8,full_frame,0,primary_full_target_density1
-0.020332055122821352,-0.010447264511089809,-0.030500067422142264,released,0.1,20,lpips_alex_spatial,128,8,full_frame,0,primary_full_target_density1
-0.04779758772857467,-0.03450790812878217,-0.06221457093598423,adaptive,0.0,20,lpips_alex_spatial,128,8,head_foreground,0,primary_full_target_density1
-0.05501370137001713,-0.04398273665925267,-0.06649630001329232,released,0.0,20,lpips_alex_spatial,128,8,head_foreground,0,primary_full_target_density1
-0.050240747032994595,-0.03706020759455222,-0.06430281098040672,adaptive,0.0,20,lpips_alex_spatial,128,8,head_supported,0,primary_full_target_density1
-0.05768305833116581,-0.04663401139182393,-0.06924942287633075,released,0.0,20,lpips_alex_spatial,128,8,head_supported,0,primary_full_target_density1
-0.03324483751195805,-0.01719327342086725,-0.05023156936788239,adaptive,0.25,20,lpips_alex_spatial,128,8,head_unsupported,0,primary_full_target_density1
-0.03686178822948338,-0.023518028785984465,-0.05169859977524562,released,0.05,20,lpips_alex_spatial,128,8,head_unsupported,0,primary_full_target_density1
-0.04568511709576359,-0.029178466379828207,-0.06313198155757685,adaptive,0.1,20,lpips_alex_spatial,128,8,oral,0,primary_full_target_density1
-0.04514094452015183,-0.03279819658689679,-0.05766914496942784,released,0.0,20,lpips_alex_spatial,128,8,oral,0,primary_full_target_density1
0.04369704837426245,0.07290603906091092,0.013050968190943145,adaptive,0.85,20,lpips_alex_spatial,128,8,torso_outside_head_roi,0,primary_full_target_density1
0.04380544423018815,0.06759681303434498,0.02008152573574353,released,0.85,20,lpips_alex_spatial,128,8,torso_outside_head_roi,0,primary_full_target_density1
-0.007814012234497975,0.0013537296792082959,-0.016794498065509814,adaptive,0.35,20,lpips_alex_spatial,384,1,background,0,primary_full_target_density1
-0.0163641347520418,-0.00692809370401406,-0.026683028937949587,released,0.3,20,lpips_alex_spatial,384,1,background,0,primary_full_target_density1
-0.0015444973977145574,0.0068869274729600445,-0.010201981820351185,adaptive,0.55,20,lpips_alex_spatial,384,1,eyes,0,primary_full_target_density1
-0.017454593426886853,-0.006258135182453484,-0.029000969457429675,released,0.3,20,lpips_alex_spatial,384,1,eyes,0,primary_full_target_density1
-0.04944692183929358,-0.036861225357125715,-0.06237449293354673,adaptive,0.05,20,lpips_alex_spatial,384,1,flame_supported,0,primary_full_target_density1
-0.05813491621469844,-0.04708900900488052,-0.06858543784941437,released,0.05,20,lpips_alex_spatial,384,1,flame_supported,0,primary_full_target_density1
0.0393119501388989,0.06508326788160569,0.012983158374684485,adaptive,0.75,20,lpips_alex_spatial,384,1,flame_unsupported,0,primary_full_target_density1
0.04185735641654842,0.06673260783302909,0.016475433272410623,released,0.75,20,lpips_alex_spatial,384,1,flame_unsupported,0,primary_full_target_density1
-0.021076970837094144,-0.00506434309717677,-0.036839070411142254,adaptive,0.35,20,lpips_alex_spatial,384,1,foreground,0,primary_full_target_density1
-0.026204010823802602,-0.013416517650994969,-0.03870305404418707,released,0.15,20,lpips_alex_spatial,384,1,foreground,0,primary_full_target_density1
-0.014634690849812,-0.0028306529206502088,-0.026453377154546893,adaptive,0.35,20,lpips_alex_spatial,384,1,full_frame,0,primary_full_target_density1
-0.021129075157177938,-0.011617765376320166,-0.030821064858661092,released,0.2,20,lpips_alex_spatial,384,1,full_frame,0,primary_full_target_density1
-0.0477028576863735,-0.034827726066934704,-0.060891357989605994,adaptive,0.05,20,lpips_alex_spatial,384,1,head_foreground,0,primary_full_target_density1
-0.0563714668784408,-0.04540042607566201,-0.06680892816416104,released,0.05,20,lpips_alex_spatial,384,1,head_foreground,0,primary_full_target_density1
-0.04945867368365559,-0.03668669093509183,-0.06213186723010905,adaptive,0.05,20,lpips_alex_spatial,384,1,head_supported,0,primary_full_target_density1
-0.05881093267644538,-0.04744781354887665,-0.06944552972948954,released,0.05,20,lpips_alex_spatial,384,1,head_supported,0,primary_full_target_density1
-0.03970950765684002,-0.02528561716842048,-0.05460711592559226,adaptive,0.15,20,lpips_alex_spatial,384,1,head_unsupported,0,primary_full_target_density1
-0.04047106729288964,-0.028936615277367482,-0.05319159974759646,released,0.0,20,lpips_alex_spatial,384,1,head_unsupported,0,primary_full_target_density1
-0.04159040850805849,-0.022750595215817366,-0.06170725636295779,adaptive,0.15,20,lpips_alex_spatial,384,1,oral,0,primary_full_target_density1
-0.04575882465215194,-0.030260799827259995,-0.06008026496678663,released,0.05,20,lpips_alex_spatial,384,1,oral,0,primary_full_target_density1
0.03710606983807664,0.0665160256317706,0.005078127091858546,adaptive,0.75,20,lpips_alex_spatial,384,1,torso_outside_head_roi,0,primary_full_target_density1
0.039551722480616135,0.0671813859417142,0.009991108268833057,released,0.7,20,lpips_alex_spatial,384,1,torso_outside_head_roi,0,primary_full_target_density1
-0.008373237512778626,-0.0003453360818047931,-0.016445662874709218,adaptive,0.25,20,lpips_alex_spatial,384,4,background,0,primary_full_target_density1
-0.01471554833504285,-0.006596717908058643,-0.02302663376084872,released,0.25,20,lpips_alex_spatial,384,4,background,0,primary_full_target_density1
-0.005280751075467894,0.0043151093902806465,-0.014907279862142598,adaptive,0.45,20,lpips_alex_spatial,384,4,eyes,0,primary_full_target_density1
-0.017583453413899712,-0.007020539130945309,-0.02851773867263997,released,0.3,20,lpips_alex_spatial,384,4,eyes,0,primary_full_target_density1
-0.05324837070762674,-0.04020479111229549,-0.06650344140850573,adaptive,0.0,20,lpips_alex_spatial,384,4,flame_supported,0,primary_full_target_density1
-0.05897761263546973,-0.04918484854427671,-0.06882940497916702,released,0.0,20,lpips_alex_spatial,384,4,flame_supported,0,primary_full_target_density1
0.038736355126636424,0.06424064572041906,0.0135686949847214,adaptive,0.75,20,lpips_alex_spatial,384,4,flame_unsupported,0,primary_full_target_density1
0.04446615980338917,0.06860508668285542,0.022276645866955012,released,0.75,20,lpips_alex_spatial,384,4,flame_unsupported,0,primary_full_target_density1
-0.02431854849185134,-0.009050893566838587,-0.03954604602987204,adaptive,0.3,20,lpips_alex_spatial,384,4,foreground,0,primary_full_target_density1
-0.026820586013423853,-0.015637722123378252,-0.038292516189809125,released,0.15,20,lpips_alex_spatial,384,4,foreground,0,primary_full_target_density1
-0.01677747895894956,-0.005584685437935445,-0.028003575598651693,adaptive,0.3,20,lpips_alex_spatial,384,4,full_frame,0,primary_full_target_density1
-0.020763777898362833,-0.012464466432401945,-0.028862279240996356,released,0.1,20,lpips_alex_spatial,384,4,full_frame,0,primary_full_target_density1
-0.0526703247706391,-0.03907615821697496,-0.06658027983945383,adaptive,0.0,20,lpips_alex_spatial,384,4,head_foreground,0,primary_full_target_density1
-0.05824155759555881,-0.047859188016106335,-0.06807980880870834,released,0.0,20,lpips_alex_spatial,384,4,head_foreground,0,primary_full_target_density1
-0.05451766431081628,-0.04121697601614842,-0.06827755312377032,adaptive,0.0,20,lpips_alex_spatial,384,4,head_supported,0,primary_full_target_density1
-0.060828413549323335,-0.0507456912150143,-0.07081541111523737,released,0.0,20,lpips_alex_spatial,384,4,head_supported,0,primary_full_target_density1
-0.043905857022862836,-0.0279569477529543,-0.06074723696255444,adaptive,0.15,20,lpips_alex_spatial,384,4,head_unsupported,0,primary_full_target_density1
-0.040840587293734736,-0.027112932585701865,-0.05562408878470742,released,0.1,20,lpips_alex_spatial,384,4,head_unsupported,0,primary_full_target_density1
-0.04927404716821611,-0.03227686963325144,-0.06780832061670725,adaptive,0.05,20,lpips_alex_spatial,384,4,oral,0,primary_full_target_density1
-0.05374838394265226,-0.0404154598532145,-0.06790911364250188,released,0.0,20,lpips_alex_spatial,384,4,oral,0,primary_full_target_density1
0.039371203959796854,0.06692409485844923,0.010943814580858854,adaptive,0.75,20,lpips_alex_spatial,384,4,torso_outside_head_roi,0,primary_full_target_density1
0.04484998551374124,0.07015336245334607,0.019642090825675695,released,0.75,20,lpips_alex_spatial,384,4,torso_outside_head_roi,0,primary_full_target_density1
-0.004016856059406664,0.004226828792557959,-0.012094911607036029,adaptive,0.4,20,lpips_alex_spatial,384,8,background,0,primary_full_target_density1
-0.01035575725398603,-0.0017831113181813554,-0.019094467968053044,released,0.3,20,lpips_alex_spatial,384,8,background,0,primary_full_target_density1
-0.004068649236191682,0.005253422568960337,-0.013598013491894495,adaptive,0.45,20,lpips_alex_spatial,384,8,eyes,0,primary_full_target_density1
-0.012437027534794112,-0.0024544739123800985,-0.022952752767329918,released,0.3,20,lpips_alex_spatial,384,8,eyes,0,primary_full_target_density1
-0.04932975936863347,-0.036995682910576554,-0.06240770978068837,adaptive,0.0,20,lpips_alex_spatial,384,8,flame_supported,0,primary_full_target_density1
-0.05639862480319866,-0.04712681924164832,-0.06611754421853536,released,0.0,20,lpips_alex_spatial,384,8,flame_supported,0,primary_full_target_density1
0.04383902386151994,0.06916406853077828,0.018814982857695426,adaptive,0.8,20,lpips_alex_spatial,384,8,flame_unsupported,0,primary_full_target_density1
0.046822804855709436,0.07053790360450232,0.02366472181049063,released,0.8,20,lpips_alex_spatial,384,8,flame_unsupported,0,primary_full_target_density1
-0.019270172774302256,-0.004105004453803435,-0.03418328311869254,adaptive,0.3,20,lpips_alex_spatial,384,8,foreground,0,primary_full_target_density1
-0.023571527777900562,-0.010943542513019024,-0.036026989749049165,released,0.3,20,lpips_alex_spatial,384,8,foreground,0,primary_full_target_density1
-0.01177771942956107,-0.00057652700256993,-0.023337699008452433,adaptive,0.3,20,lpips_alex_spatial,384,8,full_frame,0,primary_full_target_density1
-0.01680122853873612,-0.007698233777826494,-0.025552713098851116,released,0.15,20,lpips_alex_spatial,384,8,full_frame,0,primary_full_target_density1
-0.04804549007486395,-0.03491098209447647,-0.061772580712736676,adaptive,0.0,20,lpips_alex_spatial,384,8,head_foreground,0,primary_full_target_density1
-0.05461132679030696,-0.045246761794287715,-0.06416781664984347,released,0.0,20,lpips_alex_spatial,384,8,head_foreground,0,primary_full_target_density1
-0.050186515629686276,-0.03702278585030212,-0.06411550188009567,adaptive,0.0,20,lpips_alex_spatial,384,8,head_supported,0,primary_full_target_density1
-0.0573269149744142,-0.04797686043233104,-0.06672101909882999,released,0.0,20,lpips_alex_spatial,384,8,head_supported,0,primary_full_target_density1
-0.03642938935063571,-0.021950867268716076,-0.0519141673703215,adaptive,0.15,20,lpips_alex_spatial,384,8,head_unsupported,0,primary_full_target_density1
-0.036770875190548925,-0.02432462250392782,-0.05066359690456503,released,0.05,20,lpips_alex_spatial,384,8,head_unsupported,0,primary_full_target_density1
-0.049730675631984904,-0.03240298178590361,-0.06826854003671692,adaptive,0.1,20,lpips_alex_spatial,384,8,oral,0,primary_full_target_density1
-0.05069187780350022,-0.03812565052183009,-0.06344513515629256,released,0.05,20,lpips_alex_spatial,384,8,oral,0,primary_full_target_density1
0.04230915250389352,0.06945639342662085,0.01341331600918032,adaptive,0.75,20,lpips_alex_spatial,384,8,torso_outside_head_roi,0,primary_full_target_density1
0.04348444319054763,0.06942558217860027,0.01786402360022608,released,0.85,20,lpips_alex_spatial,384,8,torso_outside_head_roi,0,primary_full_target_density1
-0.02735772534788957,-0.013972987113716907,-0.04279694054716125,adaptive,0.1,20,lpips_alex_spatial,8,1,background,1,full_target_density2
-0.025523798952730676,-0.01329334870996011,-0.03982573624555113,released,0.05,20,lpips_alex_spatial,8,1,background,1,full_target_density2
-0.009403468498155236,-0.0029587571223806163,-0.01587205856319289,adaptive,0.35,20,lpips_alex_spatial,8,1,eyes,1,full_target_density2
-0.007983702967872949,-0.0013915102467122343,-0.014688153709183097,released,0.3,20,lpips_alex_spatial,8,1,eyes,1,full_target_density2
-0.046010113250860976,-0.03278989552597356,-0.059578584712323295,adaptive,0.05,20,lpips_alex_spatial,8,1,flame_supported,1,full_target_density2
-0.034322025690387066,-0.022973317668540803,-0.046682246267201834,released,0.1,20,lpips_alex_spatial,8,1,flame_supported,1,full_target_density2
0.004314607068803597,0.03664902968352367,-0.03157916349531174,adaptive,0.55,20,lpips_alex_spatial,8,1,flame_unsupported,1,full_target_density2
0.012844837078790708,0.04411012238029251,-0.020641743914040157,released,0.55,20,lpips_alex_spatial,8,1,flame_unsupported,1,full_target_density2
-0.02894820828355101,-0.009702605901997233,-0.04889815227607987,adaptive,0.3,20,lpips_alex_spatial,8,1,foreground,1,full_target_density2
-0.018146330031107324,-0.0008877373531251393,-0.0366840879040506,released,0.3,20,lpips_alex_spatial,8,1,foreground,1,full_target_density2
-0.02758461384030132,-0.011802822535301193,-0.044683508250813984,adaptive,0.25,20,lpips_alex_spatial,8,1,full_frame,1,full_target_density2
-0.02131424534630466,-0.007065568800483446,-0.03666430820021538,released,0.3,20,lpips_alex_spatial,8,1,full_frame,1,full_target_density2
-0.0412051093750457,-0.028844157243097402,-0.05368477368566893,adaptive,0.05,20,lpips_alex_spatial,8,1,head_foreground,1,full_target_density2
-0.031157891832369222,-0.021297421590512233,-0.041490897300876114,released,0.1,20,lpips_alex_spatial,8,1,head_foreground,1,full_target_density2
-0.04160716368521806,-0.029833679585411554,-0.05408864194009011,adaptive,0.05,20,lpips_alex_spatial,8,1,head_supported,1,full_target_density2
-0.030871611383442476,-0.021044617638940707,-0.04108557218484344,released,0.1,20,lpips_alex_spatial,8,1,head_supported,1,full_target_density2
-0.04325293459902949,-0.026325107349020344,-0.06089798281532945,adaptive,0.15,20,lpips_alex_spatial,8,1,head_unsupported,1,full_target_density2
-0.03677924201978583,-0.02571959696255045,-0.047285745315753,released,0.1,20,lpips_alex_spatial,8,1,head_unsupported,1,full_target_density2
-0.0303485257887819,-0.020739280468041535,-0.03982942871477119,adaptive,0.05,20,lpips_alex_spatial,8,1,oral,1,full_target_density2
-0.027253063244960664,-0.017854505729085517,-0.036658237499281925,released,0.1,20,lpips_alex_spatial,8,1,oral,1,full_target_density2
-0.010944810628063448,0.02969522437129775,-0.055167061501966756,adaptive,0.55,20,lpips_alex_spatial,8,1,torso_outside_head_roi,1,full_target_density2
0.0024796836791276256,0.03893080191923038,-0.036412104225203475,released,0.55,20,lpips_alex_spatial,8,1,torso_outside_head_roi,1,full_target_density2
-0.02164088572053666,-0.007215079546271144,-0.03812290114898362,adaptive,0.3,20,lpips_alex_spatial,8,4,background,1,full_target_density2
-0.016557317735962532,-0.004265732336909008,-0.03010339595313575,released,0.25,20,lpips_alex_spatial,8,4,background,1,full_target_density2
0.0007606563662678458,0.007900517800610877,-0.006367237127869761,adaptive,0.45,20,lpips_alex_spatial,8,4,eyes,1,full_target_density2
0.005310752338777526,0.012276637848553148,-0.0016976410900856286,released,0.65,20,lpips_alex_spatial,8,4,eyes,1,full_target_density2
-0.04179012354694509,-0.02604884752174934,-0.05724828541673954,adaptive,0.1,20,lpips_alex_spatial,8,4,flame_supported,1,full_target_density2
-0.02445982550931817,-0.011772732388740803,-0.03768809420416178,released,0.2,20,lpips_alex_spatial,8,4,flame_supported,1,full_target_density2
0.0024861021460167833,0.03489833335200409,-0.03449544511533308,adaptive,0.75,20,lpips_alex_spatial,8,4,flame_unsupported,1,full_target_density2
0.018924875624095734,0.047988609512253234,-0.014658246401200566,released,0.75,20,lpips_alex_spatial,8,4,flame_unsupported,1,full_target_density2
-0.027583059766321565,-0.007871185277393784,-0.04936407326780503,adaptive,0.3,20,lpips_alex_spatial,8,4,foreground,1,full_target_density2
-0.009954720470043832,0.007015620707949759,-0.028233352748916016,released,0.5,20,lpips_alex_spatial,8,4,foreground,1,full_target_density2
-0.024545093902871636,-0.00774124969505082,-0.04300721773923923,adaptive,0.3,20,lpips_alex_spatial,8,4,full_frame,1,full_target_density2
-0.01272968142485816,0.0015739272867352425,-0.028694604349530427,released,0.5,20,lpips_alex_spatial,8,4,full_frame,1,full_target_density2
-0.035803035761467185,-0.021738617085960074,-0.04969355710785104,adaptive,0.15,20,lpips_alex_spatial,8,4,head_foreground,1,full_target_density2
-0.020315001071357915,-0.009149449622009321,-0.03136910181164573,released,0.25,20,lpips_alex_spatial,8,4,head_foreground,1,full_target_density2
-0.03633763482538417,-0.02304469610955939,-0.0497592380763231,adaptive,0.15,20,lpips_alex_spatial,8,4,head_supported,1,full_target_density2
-0.01974181316654037,-0.008781200972444685,-0.030795081811210483,released,0.25,20,lpips_alex_spatial,8,4,head_supported,1,full_target_density2
-0.04019669459122959,-0.018295067699038565,-0.06364199679364067,adaptive,0.3,20,lpips_alex_spatial,8,4,head_unsupported,1,full_target_density2
-0.0289840321184697,-0.01564361355868188,-0.04176580062962728,released,0.2,20,lpips_alex_spatial,8,4,head_unsupported,1,full_target_density2
-0.026419585679428724,-0.014542948371399692,-0.0384884975674662,adaptive,0.25,20,lpips_alex_spatial,8,4,oral,1,full_target_density2
-0.01792910726677107,-0.006980893647497474,-0.02879103685174855,released,0.35,20,lpips_alex_spatial,8,4,oral,1,full_target_density2
-0.012525496803872337,0.02814590748345098,-0.05912511654288152,adaptive,0.65,20,lpips_alex_spatial,8,4,torso_outside_head_roi,1,full_target_density2
0.007628427048007302,0.04052464355038869,-0.03096674344692911,released,0.7,20,lpips_alex_spatial,8,4,torso_outside_head_roi,1,full_target_density2
-0.017523644868603055,-0.0031669978411563997,-0.03354372520544505,adaptive,0.3,20,lpips_alex_spatial,8,8,background,1,full_target_density2
-0.01428439992630338,-0.0015709478857551754,-0.029201903319329047,released,0.4,20,lpips_alex_spatial,8,8,background,1,full_target_density2
0.0009577024162536113,0.008647105946000986,-0.006579998468624357,adaptive,0.5,20,lpips_alex_spatial,8,8,eyes,1,full_target_density2
0.005332431237045906,0.013180908379382584,-0.002457142216942468,released,0.55,20,lpips_alex_spatial,8,8,eyes,1,full_target_density2
-0.03968860905842856,-0.024393343421702927,-0.05521556998578471,adaptive,0.1,20,lpips_alex_spatial,8,8,flame_supported,1,full_target_density2
-0.02483580072719053,-0.011470414778983307,-0.03921010742323164,released,0.2,20,lpips_alex_spatial,8,8,flame_supported,1,full_target_density2
0.0072718519772632315,0.038850277982254294,-0.02818907476366936,adaptive,0.7,20,lpips_alex_spatial,8,8,flame_unsupported,1,full_target_density2
0.02336736679910926,0.04977428208902111,-0.005731541826168405,released,0.75,20,lpips_alex_spatial,8,8,flame_unsupported,1,full_target_density2
-0.024670356976542566,-0.0049335025692833,-0.04552068333368442,adaptive,0.3,20,lpips_alex_spatial,8,8,foreground,1,full_target_density2
-0.009008699869290756,0.008015781663644313,-0.027855831120561062,released,0.5,20,lpips_alex_spatial,8,8,foreground,1,full_target_density2
-0.02113060331963874,-0.0048090153603584955,-0.039071455617229675,adaptive,0.25,20,lpips_alex_spatial,8,8,full_frame,1,full_target_density2
-0.011231384571496555,0.0033798727470558893,-0.027429881078469307,released,0.5,20,lpips_alex_spatial,8,8,full_frame,1,full_target_density2
-0.032633641427601515,-0.019146383572408922,-0.0462853662783394,adaptive,0.15,20,lpips_alex_spatial,8,8,head_foreground,1,full_target_density2
-0.020024347063331192,-0.008149683703664498,-0.03228003740482784,released,0.3,20,lpips_alex_spatial,8,8,head_foreground,1,full_target_density2
-0.03330562390455026,-0.020486355348953624,-0.046723397102308196,adaptive,0.15,20,lpips_alex_spatial,8,8,head_supported,1,full_target_density2
-0.019591832299915936,-0.007912251293687687,-0.03189250351908166,released,0.3,20,lpips_alex_spatial,8,8,head_supported,1,full_target_density2
-0.03522523483882305,-0.01376921353260347,-0.05830077698017494,adaptive,0.3,20,lpips_alex_spatial,8,8,head_unsupported,1,full_target_density2
-0.02845007590515606,-0.013845623067649587,-0.043008275597468865,released,0.2,20,lpips_alex_spatial,8,8,head_unsupported,1,full_target_density2
-0.025828374189823738,-0.012701829625689519,-0.03808701647066245,adaptive,0.15,20,lpips_alex_spatial,8,8,oral,1,full_target_density2
-0.015932771868490535,-0.004933030908488925,-0.027484934863169413,released,0.35,20,lpips_alex_spatial,8,8,oral,1,full_target_density2
-0.009713769887966156,0.028284188438540338,-0.05235860333507076,adaptive,0.65,20,lpips_alex_spatial,8,8,torso_outside_head_roi,1,full_target_density2
0.010759398084669086,0.04046971343690445,-0.024001204126694757,released,0.8,20,lpips_alex_spatial,8,8,torso_outside_head_roi,1,full_target_density2
0.004191444073835706,0.012091773010499284,-0.003311895874631459,adaptive,0.55,20,lpips_alex_spatial,384,1,background,1,full_target_density2
0.001029591337177911,0.00842986274080184,-0.006368393709270276,released,0.55,20,lpips_alex_spatial,384,1,background,1,full_target_density2
0.0019478559913174444,0.008844542725723057,-0.0054571701205778315,adaptive,0.6,20,lpips_alex_spatial,384,1,eyes,1,full_target_density2
-0.0010394470862319844,0.006968182157290423,-0.00900106846715969,released,0.45,20,lpips_alex_spatial,384,1,eyes,1,full_target_density2
-0.023798048882558657,-0.01432840378654361,-0.03350203089431205,adaptive,0.15,20,lpips_alex_spatial,384,1,flame_supported,1,full_target_density2
-0.030396890004369858,-0.02009026541351674,-0.04178022379051965,released,0.05,20,lpips_alex_spatial,384,1,flame_supported,1,full_target_density2
0.05598640934557888,0.08337089702342493,0.028763122312755466,adaptive,0.85,20,lpips_alex_spatial,384,1,flame_unsupported,1,full_target_density2
0.04746777337685128,0.07267210710460736,0.02175496616334086,released,0.75,20,lpips_alex_spatial,384,1,flame_unsupported,1,full_target_density2
0.0022881685900484477,0.018131654387974493,-0.013225213352982964,adaptive,0.4,20,lpips_alex_spatial,384,1,foreground,1,full_target_density2
-0.004967408561816484,0.010275378233417318,-0.02037566245301632,released,0.45,20,lpips_alex_spatial,384,1,foreground,1,full_target_density2
0.003727557248883441,0.015616427089099768,-0.007372022759798282,adaptive,0.5,20,lpips_alex_spatial,384,1,full_frame,1,full_target_density2
-0.0014865218431918668,0.0093454797807839,-0.012538001382505753,released,0.45,20,lpips_alex_spatial,384,1,full_frame,1,full_target_density2
-0.0198476389867,-0.01100916099452233,-0.028829478913011346,adaptive,0.2,20,lpips_alex_spatial,384,1,head_foreground,1,full_target_density2
-0.027170006311287503,-0.01737891650813477,-0.038014768756150896,released,0.1,20,lpips_alex_spatial,384,1,head_foreground,1,full_target_density2
-0.02118518475713451,-0.012829838950146302,-0.029839918199063852,adaptive,0.15,20,lpips_alex_spatial,384,1,head_supported,1,full_target_density2
-0.028571742814340384,-0.01891046705767846,-0.03886564453555256,released,0.05,20,lpips_alex_spatial,384,1,head_supported,1,full_target_density2
-0.013200451376070996,-0.0005561785916917214,-0.02763791988613031,adaptive,0.3,20,lpips_alex_spatial,384,1,head_unsupported,1,full_target_density2
-0.019554234086851936,-0.007895657282762423,-0.03166585616149208,released,0.2,20,lpips_alex_spatial,384,1,head_unsupported,1,full_target_density2
-0.005609774673704012,0.0038841484305986293,-0.01500972584413615,adaptive,0.35,20,lpips_alex_spatial,384,1,oral,1,full_target_density2
-0.014393176528988883,-0.002696837112080566,-0.026115722751268517,released,0.25,20,lpips_alex_spatial,384,1,oral,1,full_target_density2
0.04876519927934895,0.08038463376761242,0.01695988544033439,adaptive,0.85,20,lpips_alex_spatial,384,1,torso_outside_head_roi,1,full_target_density2
0.04053723216416505,0.06900551972362351,0.011359270722501818,released,0.75,20,lpips_alex_spatial,384,1,torso_outside_head_roi,1,full_target_density2
0.004999059977538129,0.012296442767961113,-0.001968864038564685,adaptive,0.6,20,lpips_alex_spatial,384,4,background,1,full_target_density2
0.001604219501244699,0.008930010673143885,-0.005487822360692048,released,0.55,20,lpips_alex_spatial,384,4,background,1,full_target_density2
0.004349210620925528,0.01071961420596947,-0.002176663651533416,adaptive,0.65,20,lpips_alex_spatial,384,4,eyes,1,full_target_density2
0.0038456356484595847,0.012976651256236624,-0.006874165841608442,released,0.65,20,lpips_alex_spatial,384,4,eyes,1,full_target_density2
-0.024257617741245824,-0.014979604622015976,-0.0341578856530643,adaptive,0.15,20,lpips_alex_spatial,384,4,flame_supported,1,full_target_density2
-0.02899246088310195,-0.01930673360261563,-0.03925163121110631,released,0.05,20,lpips_alex_spatial,384,4,flame_supported,1,full_target_density2
0.05378197428163485,0.08249418731635148,0.02483623552590894,adaptive,0.8,20,lpips_alex_spatial,384,4,flame_unsupported,1,full_target_density2
0.04724078724607742,0.07315282407818656,0.020646263804798434,released,0.8,20,lpips_alex_spatial,384,4,flame_unsupported,1,full_target_density2
0.0010192116683739997,0.017902401514292586,-0.01570859794170286,adaptive,0.45,20,lpips_alex_spatial,384,4,foreground,1,full_target_density2
-0.004341930295060024,0.01149791802313909,-0.019719931019250094,released,0.4,20,lpips_alex_spatial,384,4,foreground,1,full_target_density2
0.0032291424175924454,0.015136513581945869,-0.008367434110769552,adaptive,0.5,20,lpips_alex_spatial,384,4,full_frame,1,full_target_density2
-0.0010263288809248372,0.00986963274680875,-0.011947530812222103,released,0.35,20,lpips_alex_spatial,384,4,full_frame,1,full_target_density2
-0.020243931154286708,-0.011658299246310457,-0.02938714192215661,adaptive,0.15,20,lpips_alex_spatial,384,4,head_foreground,1,full_target_density2
-0.025434721027989743,-0.016355800758474204,-0.035113421808851845,released,0.1,20,lpips_alex_spatial,384,4,head_foreground,1,full_target_density2
-0.021784116632188842,-0.01377185604838034,-0.030561644180855354,adaptive,0.1,20,lpips_alex_spatial,384,4,head_supported,1,full_target_density2
-0.02688094472987319,-0.018148170159327834,-0.03594618177503176,released,0.05,20,lpips_alex_spatial,384,4,head_supported,1,full_target_density2
-0.012132086491611115,0.001936151312451047,-0.027043698986034887,adaptive,0.35,20,lpips_alex_spatial,384,4,head_unsupported,1,full_target_density2
-0.018695889188463734,-0.005534111817150188,-0.032344436576830955,released,0.2,20,lpips_alex_spatial,384,4,head_unsupported,1,full_target_density2
-0.00774030339879187,0.0002497431848534903,-0.015416041346804655,adaptive,0.3,20,lpips_alex_spatial,384,4,oral,1,full_target_density2
-0.015603845481150371,-0.004553125938332563,-0.026582526038603407,released,0.3,20,lpips_alex_spatial,384,4,oral,1,full_target_density2
0.046298820880563474,0.0793774320547219,0.012400166081454111,adaptive,0.65,20,lpips_alex_spatial,384,4,torso_outside_head_roi,1,full_target_density2
0.039318707966089064,0.06942768083489818,0.00841393875635029,released,0.75,20,lpips_alex_spatial,384,4,torso_outside_head_roi,1,full_target_density2
0.009910604970508824,0.016752531418256483,0.0032633233006312346,adaptive,0.7,20,lpips_alex_spatial,384,8,background,1,full_target_density2
0.0049166123605281975,0.012045898232902122,-0.001934618601541784,released,0.6,20,lpips_alex_spatial,384,8,background,1,full_target_density2
0.00437364615339241,0.010888342349970614,-0.0023760922930829214,adaptive,0.65,20,lpips_alex_spatial,384,8,eyes,1,full_target_density2
0.0029794611851299856,0.012585503511353017,-0.008070941540710221,released,0.6,20,lpips_alex_spatial,384,8,eyes,1,full_target_density2
-0.02284889709744404,-0.013307239939867321,-0.03318509505301667,adaptive,0.15,20,lpips_alex_spatial,384,8,flame_supported,1,full_target_density2
-0.028912534844900563,-0.017833627009953695,-0.04050646390396548,released,0.15,20,lpips_alex_spatial,384,8,flame_supported,1,full_target_density2
0.055785378279801144,0.08259711047511382,0.027562541158560435,adaptive,0.8,20,lpips_alex_spatial,384,8,flame_unsupported,1,full_target_density2
0.05215565994104456,0.07997266617253794,0.02522637689219884,released,0.8,20,lpips_alex_spatial,384,8,flame_unsupported,1,full_target_density2
0.0027842254166225975,0.018611431949927648,-0.013034715250012714,adaptive,0.5,20,lpips_alex_spatial,384,8,foreground,1,full_target_density2
-0.0024478533415127944,0.015123633631857699,-0.019320104312719626,released,0.35,20,lpips_alex_spatial,384,8,foreground,1,full_target_density2
0.006363930640282572,0.01786580756113125,-0.005052770211712095,adaptive,0.55,20,lpips_alex_spatial,384,8,full_frame,1,full_target_density2
0.0014529470499459976,0.013518841189223463,-0.010252575433099412,released,0.45,20,lpips_alex_spatial,384,8,full_frame,1,full_target_density2
-0.017685089330815668,-0.008711958072986985,-0.027331077174305416,adaptive,0.2,20,lpips_alex_spatial,384,8,head_foreground,1,full_target_density2
-0.02418395159422674,-0.013745749243615069,-0.035003817513502115,released,0.15,20,lpips_alex_spatial,384,8,head_foreground,1,full_target_density2
-0.019478906359110003,-0.0110532544920912,-0.028535015396413357,adaptive,0.15,20,lpips_alex_spatial,384,8,head_supported,1,full_target_density2
-0.02612274610739456,-0.01608802100137409,-0.036508819965788426,released,0.15,20,lpips_alex_spatial,384,8,head_supported,1,full_target_density2
-0.006948096662017464,0.006980890266478696,-0.02100570931492331,adaptive,0.4,20,lpips_alex_spatial,384,8,head_unsupported,1,full_target_density2
-0.013567871853951956,0.00019524098897429553,-0.02768985273863654,released,0.3,20,lpips_alex_spatial,384,8,head_unsupported,1,full_target_density2
-0.006903623235520129,0.001338951857145351,-0.015150163696929942,adaptive,0.35,20,lpips_alex_spatial,384,8,oral,1,full_target_density2
-0.013013156704929835,-0.0020754016402905087,-0.024416509495779247,released,0.3,20,lpips_alex_spatial,384,8,oral,1,full_target_density2
0.0452023960057613,0.07591941028269632,0.012607120649926482,adaptive,0.7,20,lpips_alex_spatial,384,8,torso_outside_head_roi,1,full_target_density2
0.04054136651204697,0.0706779051687935,0.009051618239766081,released,0.7,20,lpips_alex_spatial,384,8,torso_outside_head_roi,1,full_target_density2
-0.010282160416551816,-0.0008975289824478738,-0.020592790062131324,adaptive,0.25,20,lpips_alex_spatial,8,1,background,1,head_target_density1
-0.006043983806313491,0.00129195321530672,-0.014039259292004929,released,0.35,20,lpips_alex_spatial,8,1,background,1,head_target_density1
0.018724023281933882,0.026186724616514036,0.011079154611154138,adaptive,0.9,20,lpips_alex_spatial,8,1,eyes,1,head_target_density1
0.016369491998755332,0.023287727022722,0.009224639401278519,released,0.85,20,lpips_alex_spatial,8,1,eyes,1,head_target_density1
0.0028330209782443825,0.010890611534792627,-0.005698698746814757,adaptive,0.6,20,lpips_alex_spatial,8,1,flame_supported,1,head_target_density1
0.004163847523369522,0.011340358021947855,-0.003266769658985146,released,0.55,20,lpips_alex_spatial,8,1,flame_supported,1,head_target_density1
-0.0008105715602312908,0.0072291599214164065,-0.008123596596343508,adaptive,0.45,20,lpips_alex_spatial,8,1,flame_unsupported,1,head_target_density1
0.004778371060603864,0.01069670410956721,-0.0007803035243828904,released,0.7,20,lpips_alex_spatial,8,1,flame_unsupported,1,head_target_density1
0.002045221741516863,0.009666990206787513,-0.005816823175743918,adaptive,0.55,20,lpips_alex_spatial,8,1,foreground,1,head_target_density1
0.0047232927772766125,0.011032215329717486,-0.0018498329983824963,released,0.65,20,lpips_alex_spatial,8,1,foreground,1,head_target_density1
-0.0035049788750611127,0.004303557740209965,-0.012064156969646331,adaptive,0.5,20,lpips_alex_spatial,8,1,full_frame,1,head_target_density1
-0.0002222888655476596,0.005097573160544621,-0.006286276483109985,released,0.55,20,lpips_alex_spatial,8,1,full_frame,1,head_target_density1
0.0024420293189015866,0.010979842930422003,-0.006461251435830322,adaptive,0.65,20,lpips_alex_spatial,8,1,head_foreground,1,head_target_density1
0.0042535897206941176,0.01150174761402748,-0.00341881121576589,released,0.55,20,lpips_alex_spatial,8,1,head_foreground,1,head_target_density1
0.0030917395670003026,0.011646267551694357,-0.005921281243298153,adaptive,0.65,20,lpips_alex_spatial,8,1,head_supported,1,head_target_density1
0.004567387443597489,0.012150928602163345,-0.0031461282010672594,released,0.55,20,lpips_alex_spatial,8,1,head_supported,1,head_target_density1
-0.006475702498133787,0.0025402365168514414,-0.01502933624685039,adaptive,0.25,20,lpips_alex_spatial,8,1,head_unsupported,1,head_target_density1
-0.0008630892917788526,0.005733769469190041,-0.007664775636618711,released,0.5,20,lpips_alex_spatial,8,1,head_unsupported,1,head_target_density1
0.007386766210302929,0.01402152097039136,0.0007104627688848784,adaptive,0.65,20,lpips_alex_spatial,8,1,oral,1,head_target_density1
0.004246808841854135,0.011069271306487589,-0.0019338547872155842,released,0.55,20,lpips_alex_spatial,8,1,oral,1,head_target_density1
0.0011513249884199327,0.008553997870804077,-0.0058944854706966645,adaptive,0.5,20,lpips_alex_spatial,8,1,torso_outside_head_roi,1,head_target_density1
0.005442754932475763,0.0125003775789586,-0.0007712536651045767,released,0.6,20,lpips_alex_spatial,8,1,torso_outside_head_roi,1,head_target_density1
-0.008125277709532874,0.0014077290855290705,-0.018578752545942656,adaptive,0.4,20,lpips_alex_spatial,8,4,background,1,head_target_density1
-0.0016509627611708349,0.004463400118958262,-0.007917505494695965,released,0.5,20,lpips_alex_spatial,8,4,background,1,head_target_density1
0.018375748489221334,0.024806103841540156,0.011809192587176333,adaptive,0.9,20,lpips_alex_spatial,8,4,eyes,1,head_target_density1
0.018123554717321643,0.02416304294994092,0.01164084534305877,released,0.95,20,lpips_alex_spatial,8,4,eyes,1,head_target_density1
0.003249002466216645,0.011811112274420775,-0.005820263644051886,adaptive,0.65,20,lpips_alex_spatial,8,4,flame_supported,1,head_target_density1
0.0060634037437775345,0.01312079612832937,-0.0010270346947324925,released,0.65,20,lpips_alex_spatial,8,4,flame_supported,1,head_target_density1
-2.0724236371336136e-05,0.00873308500359575,-0.008722317326244709,adaptive,0.5,20,lpips_alex_spatial,8,4,flame_unsupported,1,head_target_density1
0.007219853158957476,0.014640184421467138,0.00027576265652645015,released,0.6,20,lpips_alex_spatial,8,4,flame_unsupported,1,head_target_density1
0.0023374072440201037,0.010579537105250033,-0.006578558748064902,adaptive,0.6,20,lpips_alex_spatial,8,4,foreground,1,head_target_density1
0.0066113115290944244,0.013320262853509391,-0.00016056669497301325,released,0.6,20,lpips_alex_spatial,8,4,foreground,1,head_target_density1
-0.002371785167820187,0.005895705989077063,-0.011504602662541647,adaptive,0.55,20,lpips_alex_spatial,8,4,full_frame,1,head_target_density1
0.0027921138223537785,0.00807296013413381,-0.0024814241915202383,released,0.5,20,lpips_alex_spatial,8,4,full_frame,1,head_target_density1
0.0028170243108482694,0.011676381362733785,-0.006516070380851427,adaptive,0.65,20,lpips_alex_spatial,8,4,head_foreground,1,head_target_density1
0.0066989609653200916,0.013810610654952702,-0.0002610936138079575,released,0.75,20,lpips_alex_spatial,8,4,head_foreground,1,head_target_density1
0.0034285462089863328,0.012231218887166566,-0.005728571572125761,adaptive,0.65,20,lpips_alex_spatial,8,4,head_supported,1,head_target_density1
0.00680884255220449,0.013905744879823314,-0.0003655583111955455,released,0.75,20,lpips_alex_spatial,8,4,head_supported,1,head_target_density1
-0.0058830824879224225,0.0043438005125922925,-0.01641031708267119,adaptive,0.45,20,lpips_alex_spatial,8,4,head_unsupported,1,head_target_density1
0.0028398222858182615,0.01043181824901397,-0.00489541325219446,released,0.55,20,lpips_alex_spatial,8,4,head_unsupported,1,head_target_density1
0.002526880973339017,0.008690817937374438,-0.0038331946022274327,adaptive,0.5,20,lpips_alex_spatial,8,4,oral,1,head_target_density1
0.0022215850030312275,0.00809235249128261,-0.0032216340159161665,released,0.5,20,lpips_alex_spatial,8,4,oral,1,head_target_density1
0.0010105428984274827,0.009765963919664052,-0.007708435619364842,adaptive,0.6,20,lpips_alex_spatial,8,4,torso_outside_head_roi,1,head_target_density1
0.006220039211402667,0.014346066355144087,-0.0014983439009186507,released,0.7,20,lpips_alex_spatial,8,4,torso_outside_head_roi,1,head_target_density1
-0.004504222226430476,0.004724780689183906,-0.014472479975627556,adaptive,0.45,20,lpips_alex_spatial,8,8,background,1,head_target_density1
-0.00023931180621628855,0.005670365378728624,-0.006304345570972635,released,0.5,20,lpips_alex_spatial,8,8,background,1,head_target_density1
0.021502902400042052,0.02882013398913628,0.014675229317467349,adaptive,0.9,20,lpips_alex_spatial,8,8,eyes,1,head_target_density1
0.019337918345395944,0.026364205936920414,0.012315523986660212,released,0.95,20,lpips_alex_spatial,8,8,eyes,1,head_target_density1
0.0054146797117925775,0.012850702573712984,-0.0025766284589011598,adaptive,0.7,20,lpips_alex_spatial,8,8,flame_supported,1,head_target_density1
0.004344359970468526,0.010417334562787857,-0.0025165285817246846,released,0.7,20,lpips_alex_spatial,8,8,flame_supported,1,head_target_density1
0.0005145068562873584,0.008150088026869989,-0.0074734526551924335,adaptive,0.6,20,lpips_alex_spatial,8,8,flame_unsupported,1,head_target_density1
0.0060857082410102625,0.013026021214699894,-7.891126454690981e-05,released,0.6,20,lpips_alex_spatial,8,8,flame_unsupported,1,head_target_density1
0.003976203040443637,0.011354396948977032,-0.0038269072811446185,adaptive,0.7,20,lpips_alex_spatial,8,8,foreground,1,head_target_density1
0.004868347888816536,0.01075246316584699,-0.0014017340394689957,released,0.7,20,lpips_alex_spatial,8,8,foreground,1,head_target_density1
0.00010693158422198368,0.0077794978893422585,-0.00808681566026305,adaptive,0.65,20,lpips_alex_spatial,8,8,full_frame,1,head_target_density1
0.00244916452989951,0.007415322553027753,-0.0026435798174375053,released,0.55,20,lpips_alex_spatial,8,8,full_frame,1,head_target_density1
0.0052497193689876615,0.013057830478326843,-0.0031179132553654358,adaptive,0.7,20,lpips_alex_spatial,8,8,head_foreground,1,head_target_density1
0.005596882998037349,0.011631137715354423,-0.0010369433740954326,released,0.7,20,lpips_alex_spatial,8,8,head_foreground,1,head_target_density1
0.0058736580358194485,0.013503144857878785,-0.0025685059670942615,adaptive,0.7,20,lpips_alex_spatial,8,8,head_supported,1,head_target_density1
0.005645044856179962,0.01179215598987586,-0.0010331683400478537,released,0.75,20,lpips_alex_spatial,8,8,head_supported,1,head_target_density1
-0.003930959764320042,0.006316769412592059,-0.014746225680898072,adaptive,0.35,20,lpips_alex_spatial,8,8,head_unsupported,1,head_target_density1
0.0018864506157122395,0.00958065348606869,-0.006155368930968306,released,0.6,20,lpips_alex_spatial,8,8,head_unsupported,1,head_target_density1
0.006407802169384695,0.012960989301519017,-0.0004610566771228489,adaptive,0.65,20,lpips_alex_spatial,8,8,oral,1,head_target_density1
0.002217929718697495,0.008225078808550012,-0.003609667778380561,released,0.6,20,lpips_alex_spatial,8,8,oral,1,head_target_density1
0.0012888500585744728,0.008616459264207352,-0.006728054863794121,adaptive,0.6,20,lpips_alex_spatial,8,8,torso_outside_head_roi,1,head_target_density1
0.003301080009889526,0.011028096484168241,-0.0034728808295224557,released,0.55,20,lpips_alex_spatial,8,8,torso_outside_head_roi,1,head_target_density1
-0.0036100916954720924,0.002287591698846838,-0.009863997053900059,adaptive,0.45,20,lpips_alex_spatial,384,1,background,1,head_target_density1
-0.005987328859780408,0.003119761375732307,-0.014908813873972937,released,0.45,20,lpips_alex_spatial,384,1,background,1,head_target_density1
0.00489639453702157,0.01227704937921392,-0.0028738587663519875,adaptive,0.6,20,lpips_alex_spatial,384,1,eyes,1,head_target_density1
0.0008311042235591342,0.009956896838296394,-0.008850679900231716,released,0.45,20,lpips_alex_spatial,384,1,eyes,1,head_target_density1
-0.022458041785392603,-0.013587744069598872,-0.03163452791836501,adaptive,0.2,20,lpips_alex_spatial,384,1,flame_supported,1,head_target_density1
-0.026142070690853413,-0.016384874892335578,-0.03653631814408837,released,0.15,20,lpips_alex_spatial,384,1,flame_supported,1,head_target_density1
-0.011319862280017936,-0.0022068265132773354,-0.019820009385785303,adaptive,0.3,20,lpips_alex_spatial,384,1,flame_unsupported,1,head_target_density1
-0.006138832984662839,0.003314661539651564,-0.015752551677918804,released,0.4,20,lpips_alex_spatial,384,1,flame_unsupported,1,head_target_density1
-0.018639295893111724,-0.01105102285791476,-0.02636210652361923,adaptive,0.1,20,lpips_alex_spatial,384,1,foreground,1,head_target_density1
-0.020020131419930687,-0.011226606300744854,-0.029028483924404012,released,0.25,20,lpips_alex_spatial,384,1,foreground,1,head_target_density1
-0.011625259766330982,-0.0056644579400490025,-0.01755659779557935,adaptive,0.3,20,lpips_alex_spatial,384,1,full_frame,1,head_target_density1
-0.01352591007560879,-0.005715131181981653,-0.02129918244364975,released,0.25,20,lpips_alex_spatial,384,1,full_frame,1,head_target_density1
-0.01981804125965548,-0.011462061276504001,-0.02851835002649314,adaptive,0.2,20,lpips_alex_spatial,384,1,head_foreground,1,head_target_density1
-0.02483582824930799,-0.015469108860298944,-0.034557940962901344,released,0.2,20,lpips_alex_spatial,384,1,head_foreground,1,head_target_density1
-0.02157602834948949,-0.012796577660978466,-0.030672096767427916,adaptive,0.2,20,lpips_alex_spatial,384,1,head_supported,1,head_target_density1
-0.026968711573042377,-0.017421517708704787,-0.037234558015094926,released,0.2,20,lpips_alex_spatial,384,1,head_supported,1,head_target_density1
-0.011663337585967872,-0.0030586836158640143,-0.020447803831812352,adaptive,0.3,20,lpips_alex_spatial,384,1,head_unsupported,1,head_target_density1
-0.012486365887389234,-0.002278559866697877,-0.0231339277321559,released,0.35,20,lpips_alex_spatial,384,1,head_unsupported,1,head_target_density1
-0.01700819838915286,-0.0072842808816606635,-0.02658784462088239,adaptive,0.2,20,lpips_alex_spatial,384,1,oral,1,head_target_density1
-0.023830713369687798,-0.01368523099219877,-0.034286946968958974,released,0.15,20,lpips_alex_spatial,384,1,oral,1,head_target_density1
-0.012819183948819637,-0.0019279837126950426,-0.02342791593331303,adaptive,0.25,20,lpips_alex_spatial,384,1,torso_outside_head_roi,1,head_target_density1
-0.004428041690287837,0.006707464139188665,-0.015399021816618258,released,0.45,20,lpips_alex_spatial,384,1,torso_outside_head_roi,1,head_target_density1
0.0014210136031743655,0.007555926674911932,-0.0053422725042504,adaptive,0.55,20,lpips_alex_spatial,384,4,background,1,head_target_density1
-0.0005358391849209082,0.00820648744055042,-0.00981131881375393,released,0.6,20,lpips_alex_spatial,384,4,background,1,head_target_density1
0.01770580896597492,0.027299894258066427,0.0069869121026081915,adaptive,0.8,20,lpips_alex_spatial,384,4,eyes,1,head_target_density1
0.016464211014340934,0.02751243946697178,0.004129880220994462,released,0.8,20,lpips_alex_spatial,384,4,eyes,1,head_target_density1
-0.009026315133620294,0.00021478042183836944,-0.019045892251972642,adaptive,0.5,20,lpips_alex_spatial,384,4,flame_supported,1,head_target_density1
-0.010606755366711216,0.00016360128126377633,-0.022918676073472883,released,0.5,20,lpips_alex_spatial,384,4,flame_supported,1,head_target_density1
-0.004454245925614986,0.005449210714484867,-0.01433917905952514,adaptive,0.5,20,lpips_alex_spatial,384,4,flame_unsupported,1,head_target_density1
-0.0022004710026946317,0.008828474309444502,-0.013362186896341716,released,0.5,20,lpips_alex_spatial,384,4,flame_unsupported,1,head_target_density1
-0.007373384276980428,0.0008027972709922468,-0.016203767688000224,adaptive,0.5,20,lpips_alex_spatial,384,4,foreground,1,head_target_density1
-0.007980183038024998,0.00205933108041353,-0.018983020904761946,released,0.45,20,lpips_alex_spatial,384,4,foreground,1,head_target_density1
-0.0033767281484998026,0.003268619523314403,-0.010671711565295531,adaptive,0.5,20,lpips_alex_spatial,384,4,full_frame,1,head_target_density1
-0.004783827066421517,0.003668394209432207,-0.013927540882559843,released,0.45,20,lpips_alex_spatial,384,4,full_frame,1,head_target_density1
-0.006196834749536461,0.002803796618080788,-0.016238079780104265,adaptive,0.55,20,lpips_alex_spatial,384,4,head_foreground,1,head_target_density1
-0.008833488787167658,0.0019508845812361826,-0.020705699628439576,released,0.5,20,lpips_alex_spatial,384,4,head_foreground,1,head_target_density1
-0.007724701905857974,0.001399855641455112,-0.01800662787811958,adaptive,0.55,20,lpips_alex_spatial,384,4,head_supported,1,head_target_density1
-0.010336016270234642,0.0005916937725066719,-0.022604140067402526,released,0.5,20,lpips_alex_spatial,384,4,head_supported,1,head_target_density1
0.00039424477551175396,0.010646428036427714,-0.010885913724316632,adaptive,0.6,20,lpips_alex_spatial,384,4,head_unsupported,1,head_target_density1
-0.0018422362951183873,0.010574953952927523,-0.014949321067449194,released,0.55,20,lpips_alex_spatial,384,4,head_unsupported,1,head_target_density1
-0.0021922951123742097,0.004800164103306029,-0.009128198936866758,adaptive,0.35,20,lpips_alex_spatial,384,4,oral,1,head_target_density1
-0.006903796626563928,0.0025246214054482096,-0.016989914668793012,released,0.4,20,lpips_alex_spatial,384,4,oral,1,head_target_density1
-0.00818147022298737,0.0034754303586097784,-0.019577510849419322,adaptive,0.35,20,lpips_alex_spatial,384,4,torso_outside_head_roi,1,head_target_density1
-0.002979228580248958,0.009490094950719917,-0.015057251578460615,released,0.45,20,lpips_alex_spatial,384,4,torso_outside_head_roi,1,head_target_density1
0.0033889256556134443,0.010388997041102589,-0.003713392950824258,adaptive,0.65,20,lpips_alex_spatial,384,8,background,1,head_target_density1
0.0016107672423676168,0.012129943410989158,-0.009566116977990955,released,0.55,20,lpips_alex_spatial,384,8,background,1,head_target_density1
0.018035735598917246,0.02759345729471862,0.008200941042773593,adaptive,0.8,20,lpips_alex_spatial,384,8,eyes,1,head_target_density1
0.01633148311405883,0.027974393295238986,0.004185316009955883,released,0.7,20,lpips_alex_spatial,384,8,eyes,1,head_target_density1
-0.00832018743442488,0.0005143435650442272,-0.01816807036847228,adaptive,0.5,20,lpips_alex_spatial,384,8,flame_supported,1,head_target_density1
-0.010471016650645343,0.0014897186950450488,-0.023610197335337216,released,0.45,20,lpips_alex_spatial,384,8,flame_supported,1,head_target_density1
-0.003679378875846362,0.00657491108683223,-0.013478708299586948,adaptive,0.5,20,lpips_alex_spatial,384,8,flame_unsupported,1,head_target_density1
-0.0004704886126591923,0.011577600217132373,-0.012173884974672304,released,0.5,20,lpips_alex_spatial,384,8,flame_unsupported,1,head_target_density1
-0.006639739733810626,0.001556521087328896,-0.015716666691678354,adaptive,0.45,20,lpips_alex_spatial,384,8,foreground,1,head_target_density1
-0.007438706655791176,0.0036166316959091865,-0.018996965232274867,released,0.45,20,lpips_alex_spatial,384,8,foreground,1,head_target_density1
-0.0019292181188409988,0.004718297125844208,-0.009227754891692816,adaptive,0.5,20,lpips_alex_spatial,384,8,full_frame,1,head_target_density1
-0.003294524976185394,0.006379156644855212,-0.013636220078189643,released,0.55,20,lpips_alex_spatial,384,8,full_frame,1,head_target_density1
-0.004936455498380045,0.00407882145737779,-0.014840985851780003,adaptive,0.6,20,lpips_alex_spatial,384,8,head_foreground,1,head_target_density1
-0.008242899316554395,0.0035340075970677746,-0.020999260787779712,released,0.45,20,lpips_alex_spatial,384,8,head_foreground,1,head_target_density1
-0.006642303700654685,0.0024557221374735217,-0.016710770028682802,adaptive,0.55,20,lpips_alex_spatial,384,8,head_supported,1,head_target_density1
-0.00997252226529772,0.001366108131756662,-0.022794703753891095,released,0.5,20,lpips_alex_spatial,384,8,head_supported,1,head_target_density1
0.003176522582861103,0.01430868868244188,-0.008756198298224152,adaptive,0.55,20,lpips_alex_spatial,384,8,head_unsupported,1,head_target_density1
0.0005732725741350835,0.014255819298681473,-0.013731911711491879,released,0.55,20,lpips_alex_spatial,384,8,head_unsupported,1,head_target_density1
0.0004946793097359667,0.007717131464010157,-0.006848114554577546,adaptive,0.5,20,lpips_alex_spatial,384,8,oral,1,head_target_density1
-0.00518456278183389,0.0043133292488434765,-0.015767370562594227,released,0.6,20,lpips_alex_spatial,384,8,oral,1,head_target_density1
-0.008914746409020402,0.002788167152163898,-0.019365196337918375,adaptive,0.3,20,lpips_alex_spatial,384,8,torso_outside_head_roi,1,head_target_density1
-0.0023816058784160545,0.011263403332134802,-0.015216463680556968,released,0.4,20,lpips_alex_spatial,384,8,torso_outside_head_roi,1,head_target_density1
-0.021684120332020277,-0.010177751452552435,-0.03381497452369445,adaptive,0.2,20,lpips_alex_spatial,8,1,background,1,primary_full_target_density1
-0.03166201328109021,-0.01859268816754475,-0.04483106252180898,released,0.15,20,lpips_alex_spatial,8,1,background,1,primary_full_target_density1
0.00017779932853602965,0.008502362700527066,-0.009605772625575841,adaptive,0.65,20,lpips_alex_spatial,8,1,eyes,1,primary_full_target_density1
-0.014950041204192816,-0.006085322378394382,-0.024615349992777633,released,0.35,20,lpips_alex_spatial,8,1,eyes,1,primary_full_target_density1
-0.033186492248944585,-0.022368891816672704,-0.04403580740386224,adaptive,0.1,20,lpips_alex_spatial,8,1,flame_supported,1,primary_full_target_density1
-0.050652878496144395,-0.03848181834884097,-0.06278515466345343,released,0.0,20,lpips_alex_spatial,8,1,flame_supported,1,primary_full_target_density1
0.03204404236643123,0.06362974361555396,-0.002686874969767118,adaptive,0.75,20,lpips_alex_spatial,8,1,flame_unsupported,1,primary_full_target_density1
0.008994512541690768,0.03838380700482412,-0.02303143366802168,released,0.5,20,lpips_alex_spatial,8,1,flame_unsupported,1,primary_full_target_density1
-0.011848089928661494,0.0049232946737897895,-0.02838045868220761,adaptive,0.4,20,lpips_alex_spatial,8,1,foreground,1,primary_full_target_density1
-0.030824721120918497,-0.01339156310008337,-0.048148410075439026,released,0.25,20,lpips_alex_spatial,8,1,foreground,1,primary_full_target_density1
-0.015757995650365758,-0.0029909267779681522,-0.02901022591470899,adaptive,0.35,20,lpips_alex_spatial,8,1,full_frame,1,primary_full_target_density1
-0.031160956505057114,-0.017229539651375306,-0.04542513202730711,released,0.15,20,lpips_alex_spatial,8,1,full_frame,1,primary_full_target_density1
-0.03160583854859348,-0.022116927528484594,-0.0412641317869396,adaptive,0.05,20,lpips_alex_spatial,8,1,head_foreground,1,primary_full_target_density1
-0.04838420737312791,-0.038057149257229056,-0.058853950784572076,released,0.0,20,lpips_alex_spatial,8,1,head_foreground,1,primary_full_target_density1
-0.03270078677907165,-0.023154199462382733,-0.04240414155263463,adaptive,0.05,20,lpips_alex_spatial,8,1,head_supported,1,primary_full_target_density1
-0.049179551584196415,-0.03837041483780325,-0.05988101499876098,released,0.0,20,lpips_alex_spatial,8,1,head_supported,1,primary_full_target_density1
-0.026587009427173913,-0.014226204589181075,-0.03884892753129181,adaptive,0.25,20,lpips_alex_spatial,8,1,head_unsupported,1,primary_full_target_density1
-0.043307156144463746,-0.03221763929289097,-0.053745433023157846,released,0.05,20,lpips_alex_spatial,8,1,head_unsupported,1,primary_full_target_density1
-0.02821534517337726,-0.01750047690736883,-0.039332164818709665,adaptive,0.1,20,lpips_alex_spatial,8,1,oral,1,primary_full_target_density1
-0.03415556354120931,-0.02355177905169971,-0.045136795950383155,released,0.0,20,lpips_alex_spatial,8,1,oral,1,primary_full_target_density1
0.026216149857115584,0.06361643984904952,-0.014666371086647215,adaptive,0.7,20,lpips_alex_spatial,8,1,torso_outside_head_roi,1,primary_full_target_density1
0.0015666412109161948,0.03744747357063975,-0.038112683031285795,released,0.5,20,lpips_alex_spatial,8,1,torso_outside_head_roi,1,primary_full_target_density1
-0.022503178224693075,-0.009590308093832968,-0.03649571487400541,adaptive,0.2,20,lpips_alex_spatial,8,4,background,1,primary_full_target_density1
-0.026204126459135633,-0.012988239122918655,-0.0409153762445013,released,0.25,20,lpips_alex_spatial,8,4,background,1,primary_full_target_density1
-0.0025278521355186446,0.0066044484898039055,-0.013147584453641883,adaptive,0.5,20,lpips_alex_spatial,8,4,eyes,1,primary_full_target_density1
-0.010128949630140823,-0.0008298985088518047,-0.020241138624922148,released,0.4,20,lpips_alex_spatial,8,4,eyes,1,primary_full_target_density1
-0.03736150517389786,-0.023638285946038326,-0.051371542035148515,adaptive,0.15,20,lpips_alex_spatial,8,4,flame_supported,1,primary_full_target_density1
-0.04865828523264988,-0.03513921261738121,-0.06177722600150175,released,0.15,20,lpips_alex_spatial,8,4,flame_supported,1,primary_full_target_density1
0.030879764871225866,0.059303574545241024,-0.002010795336741246,adaptive,0.85,20,lpips_alex_spatial,8,4,flame_unsupported,1,primary_full_target_density1
0.010608723631606217,0.038165075529082,-0.020428149622907413,released,0.6,20,lpips_alex_spatial,8,4,flame_unsupported,1,primary_full_target_density1
-0.016332890998475683,0.0009747200384714794,-0.03522231635055102,adaptive,0.45,20,lpips_alex_spatial,8,4,foreground,1,primary_full_target_density1
-0.030023219372431704,-0.012248642935646448,-0.04757341145569129,released,0.2,20,lpips_alex_spatial,8,4,foreground,1,primary_full_target_density1
-0.01875861961979511,-0.00506954102230467,-0.034544038474559766,adaptive,0.35,20,lpips_alex_spatial,8,4,full_frame,1,primary_full_target_density1
-0.028330962421480293,-0.014227249952387215,-0.04347689320972144,released,0.2,20,lpips_alex_spatial,8,4,full_frame,1,primary_full_target_density1
-0.03632399292014711,-0.023901894034725164,-0.049352082740519006,adaptive,0.1,20,lpips_alex_spatial,8,4,head_foreground,1,primary_full_target_density1
-0.04705937096726447,-0.03435109356330968,-0.05914684739423536,released,0.1,20,lpips_alex_spatial,8,4,head_foreground,1,primary_full_target_density1
-0.03751839176012124,-0.025398129110138768,-0.0501976157619774,adaptive,0.1,20,lpips_alex_spatial,8,4,head_supported,1,primary_full_target_density1
-0.047531614846052915,-0.035448070949737794,-0.05911795033852246,released,0.1,20,lpips_alex_spatial,8,4,head_supported,1,primary_full_target_density1
-0.031599411880708264,-0.014587816533960827,-0.04969043272575461,adaptive,0.3,20,lpips_alex_spatial,8,4,head_unsupported,1,primary_full_target_density1
-0.04635798141264043,-0.03081262784095168,-0.06143075051140157,released,0.1,20,lpips_alex_spatial,8,4,head_unsupported,1,primary_full_target_density1
-0.03223592174718164,-0.01841345281609356,-0.04608787571906555,adaptive,0.15,20,lpips_alex_spatial,8,4,oral,1,primary_full_target_density1
-0.03578877541381305,-0.022828874499656447,-0.04887772100364959,released,0.15,20,lpips_alex_spatial,8,4,oral,1,primary_full_target_density1
0.027567841325708865,0.06454505726115715,-0.014910851668129027,adaptive,0.8,20,lpips_alex_spatial,8,4,torso_outside_head_roi,1,primary_full_target_density1
0.006338929186746678,0.04053585479452828,-0.031742882898628415,released,0.65,20,lpips_alex_spatial,8,4,torso_outside_head_roi,1,primary_full_target_density1
-0.01983368294534655,-0.006251490670884735,-0.03399735295964307,adaptive,0.3,20,lpips_alex_spatial,8,8,background,1,primary_full_target_density1
-0.02105753557553751,-0.008256746211627463,-0.03489098062830862,released,0.2,20,lpips_alex_spatial,8,8,background,1,primary_full_target_density1
-0.000808389155476183,0.009901720132114595,-0.012288817104412156,adaptive,0.5,20,lpips_alex_spatial,8,8,eyes,1,primary_full_target_density1
-0.004711740570219547,0.00460007278825753,-0.014499248123745784,released,0.45,20,lpips_alex_spatial,8,8,eyes,1,primary_full_target_density1
-0.035479231837881715,-0.020350780276209568,-0.05096723517531831,adaptive,0.25,20,lpips_alex_spatial,8,8,flame_supported,1,primary_full_target_density1
-0.04400819433375931,-0.03180687627695341,-0.056753930765609924,released,0.1,20,lpips_alex_spatial,8,8,flame_supported,1,primary_full_target_density1
0.035173020473590985,0.06215435937874253,0.004468543109129054,adaptive,0.85,20,lpips_alex_spatial,8,8,flame_unsupported,1,primary_full_target_density1
0.016921964692988987,0.04195914176830024,-0.011456441702796714,released,0.7,20,lpips_alex_spatial,8,8,flame_unsupported,1,primary_full_target_density1
-0.013508874323022755,0.004246139975411914,-0.0316342901233811,adaptive,0.4,20,lpips_alex_spatial,8,8,foreground,1,primary_full_target_density1
-0.02452012185611794,-0.008213357715202207,-0.0408470470038599,released,0.25,20,lpips_alex_spatial,8,8,foreground,1,primary_full_target_density1
-0.015993126723673447,-0.0017747659032995137,-0.03129796482719387,adaptive,0.3,20,lpips_alex_spatial,8,8,full_frame,1,primary_full_target_density1
-0.022881815650246363,-0.009300914010057205,-0.03725803292610429,released,0.25,20,lpips_alex_spatial,8,8,full_frame,1,primary_full_target_density1
-0.03422340336103545,-0.020186865502850468,-0.04799811431427514,adaptive,0.25,20,lpips_alex_spatial,8,8,head_foreground,1,primary_full_target_density1
-0.04155113933218129,-0.029976442394294082,-0.05267078128488239,released,0.1,20,lpips_alex_spatial,8,8,head_foreground,1,primary_full_target_density1
-0.03542914984854524,-0.022014093882887758,-0.04939949274455598,adaptive,0.2,20,lpips_alex_spatial,8,8,head_supported,1,primary_full_target_density1
-0.042053172451886556,-0.031072897671047282,-0.05306927294276655,released,0.1,20,lpips_alex_spatial,8,8,head_supported,1,primary_full_target_density1
-0.03021811789832996,-0.01260596085362488,-0.04924880664511911,adaptive,0.25,20,lpips_alex_spatial,8,8,head_unsupported,1,primary_full_target_density1
-0.042122089184093936,-0.026264073753372082,-0.05804285058565036,released,0.15,20,lpips_alex_spatial,8,8,head_unsupported,1,primary_full_target_density1
-0.03072828768236611,-0.01592524102404131,-0.0457804933225747,adaptive,0.25,20,lpips_alex_spatial,8,8,oral,1,primary_full_target_density1
-0.031793855358339576,-0.01956676636315332,-0.04368096945949732,released,0.2,20,lpips_alex_spatial,8,8,oral,1,primary_full_target_density1
0.032606603237817465,0.06656720327271191,-0.005734701528245473,adaptive,0.85,20,lpips_alex_spatial,8,8,torso_outside_head_roi,1,primary_full_target_density1
0.010863956686576503,0.04123388114240156,-0.023654277473260574,released,0.7,20,lpips_alex_spatial,8,8,torso_outside_head_roi,1,primary_full_target_density1
-0.018631019374947634,-0.009164314268173074,-0.028398708983052388,adaptive,0.2,20,lpips_alex_spatial,32,1,background,1,primary_full_target_density1
-0.033595678915838534,-0.022590336170857324,-0.04468533376610666,released,0.05,20,lpips_alex_spatial,32,1,background,1,primary_full_target_density1
-0.00934570188206583,0.0011283427605439757,-0.01946045287767034,adaptive,0.3,20,lpips_alex_spatial,32,1,eyes,1,primary_full_target_density1
-0.03111150268108493,-0.01729346293174752,-0.044997063708526304,released,0.2,20,lpips_alex_spatial,32,1,eyes,1,primary_full_target_density1
-0.05727633232073033,-0.04410454890656128,-0.07086949044254831,adaptive,0.0,20,lpips_alex_spatial,32,1,flame_supported,1,primary_full_target_density1
-0.07638032625641,-0.06269323781805551,-0.09045469295885035,released,0.0,20,lpips_alex_spatial,32,1,flame_supported,1,primary_full_target_density1
0.030908775621219936,0.06214908850242269,-0.0031368870502751995,adaptive,0.7,20,lpips_alex_spatial,32,1,flame_unsupported,1,primary_full_target_density1
0.023566059889749327,0.054429167035352284,-0.010053528913236768,released,0.7,20,lpips_alex_spatial,32,1,flame_unsupported,1,primary_full_target_density1
-0.028697324850648354,-0.0101895678577281,-0.04753232238455015,adaptive,0.3,20,lpips_alex_spatial,32,1,foreground,1,primary_full_target_density1
-0.043751829581716147,-0.026559877548179095,-0.061964971322562096,released,0.1,20,lpips_alex_spatial,32,1,foreground,1,primary_full_target_density1
-0.02326431193135,-0.009823371047129882,-0.037285715027095434,adaptive,0.3,20,lpips_alex_spatial,32,1,full_frame,1,primary_full_target_density1
-0.03827929736731888,-0.0258702069859613,-0.05151996834905115,released,0.1,20,lpips_alex_spatial,32,1,full_frame,1,primary_full_target_density1
-0.054873130884725375,-0.04307216273692512,-0.06766938451487972,adaptive,0.0,20,lpips_alex_spatial,32,1,head_foreground,1,primary_full_target_density1
-0.07434033319309075,-0.06162627326493836,-0.0873453628421238,released,0.0,20,lpips_alex_spatial,32,1,head_foreground,1,primary_full_target_density1
-0.0570057037146807,-0.045319311879842415,-0.06920218939966857,adaptive,0.0,20,lpips_alex_spatial,32,1,head_supported,1,primary_full_target_density1
-0.07695282883093726,-0.06371337909528116,-0.09023234545571321,released,0.0,20,lpips_alex_spatial,32,1,head_supported,1,primary_full_target_density1
-0.04376055515455406,-0.02675707544903109,-0.06356468638650632,adaptive,0.1,20,lpips_alex_spatial,32,1,head_unsupported,1,primary_full_target_density1
-0.056845271908434705,-0.04260437333205953,-0.07183565511969148,released,0.0,20,lpips_alex_spatial,32,1,head_unsupported,1,primary_full_target_density1
-0.04927931371574963,-0.03344604381151159,-0.06423828786981237,adaptive,0.1,20,lpips_alex_spatial,32,1,oral,1,primary_full_target_density1
-0.0635073208814054,-0.04905504445590189,-0.07686720471446462,released,0.1,20,lpips_alex_spatial,32,1,oral,1,primary_full_target_density1
0.02489687134419466,0.062055454284040155,-0.016786868985699623,adaptive,0.7,20,lpips_alex_spatial,32,1,torso_outside_head_roi,1,primary_full_target_density1
0.018448608904435504,0.05308915577816315,-0.01965121194737567,released,0.65,20,lpips_alex_spatial,32,1,torso_outside_head_roi,1,primary_full_target_density1
-0.017343273524527907,-0.008498088720473577,-0.026572659575537193,adaptive,0.25,20,lpips_alex_spatial,32,4,background,1,primary_full_target_density1
-0.03158865403007733,-0.020461006692169912,-0.0439908169090928,released,0.05,20,lpips_alex_spatial,32,4,background,1,primary_full_target_density1
-0.009387503591269383,0.0017027592232182723,-0.020433669849507563,adaptive,0.3,20,lpips_alex_spatial,32,4,eyes,1,primary_full_target_density1
-0.031204086109494496,-0.017653103591408037,-0.045296045113685686,released,0.15,20,lpips_alex_spatial,32,4,eyes,1,primary_full_target_density1
-0.06153991335620994,-0.05037802389189799,-0.0737197959667557,adaptive,0.0,20,lpips_alex_spatial,32,4,flame_supported,1,primary_full_target_density1
-0.07852723944395436,-0.06421339429893913,-0.09344044802213704,released,0.0,20,lpips_alex_spatial,32,4,flame_supported,1,primary_full_target_density1
0.027220456738206562,0.05319707055653714,8.752535323620289e-05,adaptive,0.7,20,lpips_alex_spatial,32,4,flame_unsupported,1,primary_full_target_density1
0.02118329295534903,0.05060054273708634,-0.009569425932997897,released,0.7,20,lpips_alex_spatial,32,4,flame_unsupported,1,primary_full_target_density1
-0.03321549023755793,-0.017741924833949544,-0.049319228257609204,adaptive,0.15,20,lpips_alex_spatial,32,4,foreground,1,primary_full_target_density1
-0.046678877310921726,-0.029140098529075214,-0.06459180932159148,released,0.15,20,lpips_alex_spatial,32,4,foreground,1,primary_full_target_density1
-0.025373980624616627,-0.01396809788774851,-0.03744744219316923,adaptive,0.2,20,lpips_alex_spatial,32,4,full_frame,1,primary_full_target_density1
-0.03914545010929264,-0.02563467962559589,-0.05320161507272521,released,0.1,20,lpips_alex_spatial,32,4,full_frame,1,primary_full_target_density1
-0.059278750643409574,-0.04831490447741418,-0.07155760377967017,adaptive,0.0,20,lpips_alex_spatial,32,4,head_foreground,1,primary_full_target_density1
-0.07613413094509738,-0.062212811385967966,-0.09012361935972812,released,0.0,20,lpips_alex_spatial,32,4,head_foreground,1,primary_full_target_density1
-0.061454845429617246,-0.05064682863024376,-0.07342301138799714,adaptive,0.0,20,lpips_alex_spatial,32,4,head_supported,1,primary_full_target_density1
-0.07914136900590411,-0.06497716979717796,-0.09360210140780345,released,0.0,20,lpips_alex_spatial,32,4,head_supported,1,primary_full_target_density1
-0.049416417924731795,-0.03259569333941327,-0.07020367533707204,adaptive,0.05,20,lpips_alex_spatial,32,4,head_unsupported,1,primary_full_target_density1
-0.05471761520197871,-0.03805044428359334,-0.07253007755306642,released,0.1,20,lpips_alex_spatial,32,4,head_unsupported,1,primary_full_target_density1
-0.05216094820184123,-0.039382863677050274,-0.06551199486898115,adaptive,0.0,20,lpips_alex_spatial,32,4,oral,1,primary_full_target_density1
-0.06797857232581118,-0.053466730581041955,-0.08297879798254934,released,0.0,20,lpips_alex_spatial,32,4,oral,1,primary_full_target_density1
0.021674218910916622,0.05239329399648254,-0.010577223256281222,adaptive,0.7,20,lpips_alex_spatial,32,4,torso_outside_head_roi,1,primary_full_target_density1
0.014568879300222265,0.047662422037702136,-0.02090699960338194,released,0.6,20,lpips_alex_spatial,32,4,torso_outside_head_roi,1,primary_full_target_density1
-0.01338331484513556,-0.004450319066665294,-0.022630181937558586,adaptive,0.25,20,lpips_alex_spatial,32,8,background,1,primary_full_target_density1
-0.02734829574110073,-0.01629214932792807,-0.038967532486861946,released,0.2,20,lpips_alex_spatial,32,8,background,1,primary_full_target_density1
-0.007988281500852316,0.0015810692934409422,-0.01778949549443744,adaptive,0.35,20,lpips_alex_spatial,32,8,eyes,1,primary_full_target_density1
-0.03148241987376511,-0.017883787046997675,-0.04558549535159202,released,0.1,20,lpips_alex_spatial,32,8,eyes,1,primary_full_target_density1
-0.057453123997452206,-0.045538606692903445,-0.07019633494940797,adaptive,0.0,20,lpips_alex_spatial,32,8,flame_supported,1,primary_full_target_density1
-0.076205420332844,-0.060784649706541294,-0.09205927078823503,released,0.0,20,lpips_alex_spatial,32,8,flame_supported,1,primary_full_target_density1
0.03170474473808777,0.05841483824713173,0.0044998837979759385,adaptive,0.75,20,lpips_alex_spatial,32,8,flame_unsupported,1,primary_full_target_density1
0.027048500778334168,0.058335805676613235,-0.005492987062014789,released,0.7,20,lpips_alex_spatial,32,8,flame_unsupported,1,primary_full_target_density1
-0.028402224074824494,-0.012103535523774868,-0.044474522123676336,adaptive,0.25,20,lpips_alex_spatial,32,8,foreground,1,primary_full_target_density1
-0.04233425215003804,-0.02392847303360054,-0.06182405796886755,released,0.15,20,lpips_alex_spatial,32,8,foreground,1,primary_full_target_density1
-0.02082563212939672,-0.008907213317496429,-0.03300802728378929,adaptive,0.25,20,lpips_alex_spatial,32,8,full_frame,1,primary_full_target_density1
-0.03476426369184025,-0.02115432750675587,-0.049438547294635295,released,0.15,20,lpips_alex_spatial,32,8,full_frame,1,primary_full_target_density1
-0.0550003117975138,-0.04314061864192293,-0.06828385811469448,adaptive,0.0,20,lpips_alex_spatial,32,8,head_foreground,1,primary_full_target_density1
-0.07325557681962616,-0.05847317262868974,-0.08842043358059896,released,0.0,20,lpips_alex_spatial,32,8,head_foreground,1,primary_full_target_density1
-0.05711109123002069,-0.04532938873537118,-0.06951866308588964,adaptive,0.0,20,lpips_alex_spatial,32,8,head_supported,1,primary_full_target_density1
-0.07650766529454067,-0.06175267875416126,-0.09186472113723335,released,0.0,20,lpips_alex_spatial,32,8,head_supported,1,primary_full_target_density1
-0.04487308640181746,-0.02820239778193985,-0.06521575780876439,adaptive,0.05,20,lpips_alex_spatial,32,8,head_unsupported,1,primary_full_target_density1
-0.04962557928484994,-0.03391018315704066,-0.06702444108085072,released,0.15,20,lpips_alex_spatial,32,8,head_unsupported,1,primary_full_target_density1
-0.04980398972020724,-0.03725104679331292,-0.06296716935299189,adaptive,0.0,20,lpips_alex_spatial,32,8,oral,1,primary_full_target_density1
-0.06644639930467663,-0.050626411859278735,-0.08164809500067569,released,0.0,20,lpips_alex_spatial,32,8,oral,1,primary_full_target_density1
0.025173598263325093,0.05590598417288454,-0.006947585859026683,adaptive,0.75,20,lpips_alex_spatial,32,8,torso_outside_head_roi,1,primary_full_target_density1
0.01833509073878957,0.051839858912242895,-0.01869000272261349,released,0.6,20,lpips_alex_spatial,32,8,torso_outside_head_roi,1,primary_full_target_density1
-0.00850046352771537,0.0010722209209749938,-0.01819072924053463,adaptive,0.35,20,lpips_alex_spatial,128,1,background,1,primary_full_target_density1
-0.018984152813283205,-0.009205786866268871,-0.029695977876265444,released,0.25,20,lpips_alex_spatial,128,1,background,1,primary_full_target_density1
0.0003338716950268966,0.011807411489162867,-0.011647326424234283,adaptive,0.65,20,lpips_alex_spatial,128,1,eyes,1,primary_full_target_density1
-0.009310361405007003,0.0029410508684199455,-0.021850405560545627,released,0.4,20,lpips_alex_spatial,128,1,eyes,1,primary_full_target_density1
-0.04479406024101258,-0.030936693054229514,-0.059382917614054946,adaptive,0.05,20,lpips_alex_spatial,128,1,flame_supported,1,primary_full_target_density1
-0.051134818661424754,-0.0387612292342786,-0.06343914991480785,released,0.05,20,lpips_alex_spatial,128,1,flame_supported,1,primary_full_target_density1
0.04481691652053883,0.07209458097741042,0.0166986902114364,adaptive,0.8,20,lpips_alex_spatial,128,1,flame_unsupported,1,primary_full_target_density1
0.04456563537353487,0.07032068693132976,0.018353477456455183,released,0.8,20,lpips_alex_spatial,128,1,flame_unsupported,1,primary_full_target_density1
-0.01605488661044798,0.0010134179508465746,-0.03404545799925688,adaptive,0.4,20,lpips_alex_spatial,128,1,foreground,1,primary_full_target_density1
-0.02015348222550818,-0.006949744630068195,-0.03358050314481064,released,0.25,20,lpips_alex_spatial,128,1,foreground,1,primary_full_target_density1
-0.012361648988414135,0.0008838710430767404,-0.026252024204700047,adaptive,0.4,20,lpips_alex_spatial,128,1,full_frame,1,primary_full_target_density1
-0.019325326789509174,-0.009278997417007199,-0.03019396692224137,released,0.2,20,lpips_alex_spatial,128,1,full_frame,1,primary_full_target_density1
-0.0431400606071856,-0.028743042656702977,-0.057821742186662466,adaptive,0.05,20,lpips_alex_spatial,128,1,head_foreground,1,primary_full_target_density1
-0.04960081846056809,-0.037515606621727565,-0.06066646232934226,released,0.05,20,lpips_alex_spatial,128,1,head_foreground,1,primary_full_target_density1
-0.04516203754092422,-0.031309510112565345,-0.06000406602918359,adaptive,0.05,20,lpips_alex_spatial,128,1,head_supported,1,primary_full_target_density1
-0.051843026351945265,-0.03961484636483329,-0.06339032407190127,released,0.05,20,lpips_alex_spatial,128,1,head_supported,1,primary_full_target_density1
-0.033797993072349874,-0.017394216997121032,-0.05208797180525391,adaptive,0.25,20,lpips_alex_spatial,128,1,head_unsupported,1,primary_full_target_density1
-0.036030038999317185,-0.022718053029872714,-0.050700997641081616,released,0.15,20,lpips_alex_spatial,128,1,head_unsupported,1,primary_full_target_density1
-0.03138050783999837,-0.013157397075334374,-0.050687922406523915,adaptive,0.2,20,lpips_alex_spatial,128,1,oral,1,primary_full_target_density1
-0.030155025802568576,-0.01605209114043736,-0.043518413872448786,released,0.1,20,lpips_alex_spatial,128,1,oral,1,primary_full_target_density1
0.04219871913335908,0.07438553797354325,0.00760346613037273,adaptive,0.8,20,lpips_alex_spatial,128,1,torso_outside_head_roi,1,primary_full_target_density1
0.044132648663891036,0.0724174335875185,0.01427536022696404,released,0.8,20,lpips_alex_spatial,128,1,torso_outside_head_roi,1,primary_full_target_density1
-0.011019365223559114,-0.0018665849136526146,-0.02041749113607343,adaptive,0.3,20,lpips_alex_spatial,128,4,background,1,primary_full_target_density1
-0.018617457836848948,-0.007838436436936016,-0.030113293723441695,released,0.2,20,lpips_alex_spatial,128,4,background,1,primary_full_target_density1
-0.0060493848123002545,0.005206413843413116,-0.017957668558155022,adaptive,0.45,20,lpips_alex_spatial,128,4,eyes,1,primary_full_target_density1
-0.010633930258942608,0.000940019772637917,-0.022700641421320118,released,0.35,20,lpips_alex_spatial,128,4,eyes,1,primary_full_target_density1
-0.05001910448841429,-0.036304351708434636,-0.06496988075993038,adaptive,0.0,20,lpips_alex_spatial,128,4,flame_supported,1,primary_full_target_density1
-0.05473687001793974,-0.041530005209776746,-0.06900197211113508,released,0.0,20,lpips_alex_spatial,128,4,flame_supported,1,primary_full_target_density1
0.04665416209229364,0.07343600061580238,0.019128286306443996,adaptive,0.8,20,lpips_alex_spatial,128,4,flame_unsupported,1,primary_full_target_density1
0.04741141019578311,0.07058040103143898,0.024701215180643,released,0.85,20,lpips_alex_spatial,128,4,flame_unsupported,1,primary_full_target_density1
-0.01960549671938499,-0.0035051902705085774,-0.03716068163908588,adaptive,0.35,20,lpips_alex_spatial,128,4,foreground,1,primary_full_target_density1
-0.02245980815778867,-0.00996562481179853,-0.03627976608504341,released,0.25,20,lpips_alex_spatial,128,4,foreground,1,primary_full_target_density1
-0.015360961866772865,-0.0030943820668646463,-0.02887671411160595,adaptive,0.25,20,lpips_alex_spatial,128,4,full_frame,1,primary_full_target_density1
-0.020508238057459688,-0.009616723217008532,-0.03291973953035252,released,0.1,20,lpips_alex_spatial,128,4,full_frame,1,primary_full_target_density1
-0.049980020568359804,-0.03585635406605282,-0.06521197908379442,adaptive,0.0,20,lpips_alex_spatial,128,4,head_foreground,1,primary_full_target_density1
-0.054515266212299185,-0.04117334343742743,-0.0685091844627004,released,0.0,20,lpips_alex_spatial,128,4,head_foreground,1,primary_full_target_density1
-0.052145748874814955,-0.03824736748350619,-0.06674781812523334,adaptive,0.0,20,lpips_alex_spatial,128,4,head_supported,1,primary_full_target_density1
-0.05689021274062813,-0.04336596055300994,-0.07121389101300565,released,0.0,20,lpips_alex_spatial,128,4,head_supported,1,primary_full_target_density1
-0.03920898435970839,-0.02151017179820292,-0.057469931980534156,adaptive,0.2,20,lpips_alex_spatial,128,4,head_unsupported,1,primary_full_target_density1
-0.039944381393429915,-0.025123102369187682,-0.057877944193003704,released,0.0,20,lpips_alex_spatial,128,4,head_unsupported,1,primary_full_target_density1
-0.04023915469670524,-0.023831896569887958,-0.0587849195460357,adaptive,0.15,20,lpips_alex_spatial,128,4,oral,1,primary_full_target_density1
-0.043252582660894365,-0.027707680062201583,-0.058852737038991916,released,0.1,20,lpips_alex_spatial,128,4,oral,1,primary_full_target_density1
0.04849653098845304,0.0780209585964772,0.017950127483388582,adaptive,0.8,20,lpips_alex_spatial,128,4,torso_outside_head_roi,1,primary_full_target_density1
0.04945146224754941,0.07326471583763154,0.02489291612174163,released,0.8,20,lpips_alex_spatial,128,4,torso_outside_head_roi,1,primary_full_target_density1
-0.007221561454492181,0.002136993019156671,-0.016494437224614102,adaptive,0.3,20,lpips_alex_spatial,128,8,background,1,primary_full_target_density1
-0.013732089671759313,-0.002446701299011799,-0.025772875022936806,released,0.3,20,lpips_alex_spatial,128,8,background,1,primary_full_target_density1
-0.005220363664255978,0.005504681717346429,-0.017170344932800192,adaptive,0.6,20,lpips_alex_spatial,128,8,eyes,1,primary_full_target_density1
-0.008307474338419562,0.0032656611055306844,-0.02039802473171916,released,0.35,20,lpips_alex_spatial,128,8,eyes,1,primary_full_target_density1
-0.047397799795120765,-0.03321121016452606,-0.06237722965926172,adaptive,0.0,20,lpips_alex_spatial,128,8,flame_supported,1,primary_full_target_density1
-0.05191649978963688,-0.03952185406753615,-0.06650708991547313,released,0.0,20,lpips_alex_spatial,128,8,flame_supported,1,primary_full_target_density1
0.05020376411647929,0.07648874791784785,0.022940421166211845,adaptive,0.8,20,lpips_alex_spatial,128,8,flame_unsupported,1,primary_full_target_density1
0.051729240480449926,0.07577121791513614,0.028301009581491565,released,0.85,20,lpips_alex_spatial,128,8,flame_unsupported,1,primary_full_target_density1
-0.015831257991997777,0.0014532824172512461,-0.032743069876685044,adaptive,0.4,20,lpips_alex_spatial,128,8,foreground,1,primary_full_target_density1
-0.018233280579454014,-0.004720534636631921,-0.0327017318269237,released,0.2,20,lpips_alex_spatial,128,8,foreground,1,primary_full_target_density1
-0.011464362485068201,0.0013219287991523586,-0.024486814396722012,adaptive,0.3,20,lpips_alex_spatial,128,8,full_frame,1,primary_full_target_density1
-0.01572341539643028,-0.0041870575485291545,-0.027971834331363826,released,0.15,20,lpips_alex_spatial,128,8,full_frame,1,primary_full_target_density1
-0.04688980297550238,-0.03300116174303455,-0.061695571394941494,adaptive,0.0,20,lpips_alex_spatial,128,8,head_foreground,1,primary_full_target_density1
-0.0507255674382965,-0.037777112788722755,-0.065304306854336,released,0.0,20,lpips_alex_spatial,128,8,head_foreground,1,primary_full_target_density1
-0.049140429930138396,-0.03526133234366871,-0.06346259298656586,adaptive,0.0,20,lpips_alex_spatial,128,8,head_supported,1,primary_full_target_density1
-0.053450498739442256,-0.04028102461929785,-0.0679453832835351,released,0.0,20,lpips_alex_spatial,128,8,head_supported,1,primary_full_target_density1
-0.03523162178510308,-0.018603214605903605,-0.052469672565512125,adaptive,0.2,20,lpips_alex_spatial,128,8,head_unsupported,1,primary_full_target_density1
-0.033642719795678,-0.018247299669088855,-0.05170880979829796,released,0.15,20,lpips_alex_spatial,128,8,head_unsupported,1,primary_full_target_density1
-0.04019050746866231,-0.02360208241425621,-0.05812405013804606,adaptive,0.2,20,lpips_alex_spatial,128,8,oral,1,primary_full_target_density1
-0.040284204571989356,-0.02609963870326883,-0.05487906912410841,released,0.1,20,lpips_alex_spatial,128,8,oral,1,primary_full_target_density1
0.05100967123781559,0.08027964797204612,0.01998354459035325,adaptive,0.85,20,lpips_alex_spatial,128,8,torso_outside_head_roi,1,primary_full_target_density1
0.05098138548108242,0.07468131212407307,0.027119276437696977,released,0.85,20,lpips_alex_spatial,128,8,torso_outside_head_roi,1,primary_full_target_density1
-0.007566136243673682,0.0008253067767554057,-0.015854799102066906,adaptive,0.25,20,lpips_alex_spatial,384,1,background,1,primary_full_target_density1
-0.009614553545491514,-0.0015504345392806246,-0.01756732095184148,released,0.25,20,lpips_alex_spatial,384,1,background,1,primary_full_target_density1
-0.006874666150742591,0.0016661815449086198,-0.015853161505752604,adaptive,0.5,20,lpips_alex_spatial,384,1,eyes,1,primary_full_target_density1
-0.01238634629128936,-0.0035560678433859375,-0.02152635123017377,released,0.35,20,lpips_alex_spatial,384,1,eyes,1,primary_full_target_density1
-0.04745826496133639,-0.03501847482184259,-0.060355312265846846,adaptive,0.05,20,lpips_alex_spatial,384,1,flame_supported,1,primary_full_target_density1
-0.051749200639132756,-0.042304276302206,-0.060976708711729666,released,0.0,20,lpips_alex_spatial,384,1,flame_supported,1,primary_full_target_density1
0.04432876879509642,0.07225496611546457,0.01612516838322703,adaptive,0.75,20,lpips_alex_spatial,384,1,flame_unsupported,1,primary_full_target_density1
0.05086930530491633,0.07580868254546447,0.02601023376835324,released,0.8,20,lpips_alex_spatial,384,1,flame_unsupported,1,primary_full_target_density1
-0.01761176590788268,-0.001673139171633147,-0.0340845390409865,adaptive,0.35,20,lpips_alex_spatial,384,1,foreground,1,primary_full_target_density1
-0.01875947123805678,-0.006934162938705184,-0.030710792260358662,released,0.15,20,lpips_alex_spatial,384,1,foreground,1,primary_full_target_density1
-0.012368757345459664,-0.0004301243081882196,-0.024237240505489425,adaptive,0.3,20,lpips_alex_spatial,384,1,full_frame,1,primary_full_target_density1
-0.013963892707576992,-0.005206833071522899,-0.022994801191153463,released,0.2,20,lpips_alex_spatial,384,1,full_frame,1,primary_full_target_density1
-0.04575781634995378,-0.033050180984659984,-0.05868874256785124,adaptive,0.05,20,lpips_alex_spatial,384,1,head_foreground,1,primary_full_target_density1
-0.05013552124949109,-0.04081055601523107,-0.05925615878680016,released,0.05,20,lpips_alex_spatial,384,1,head_foreground,1,primary_full_target_density1
-0.04773094483137314,-0.03546003288434552,-0.06076196381404797,adaptive,0.05,20,lpips_alex_spatial,384,1,head_supported,1,primary_full_target_density1
-0.05257273836245104,-0.042876660402813314,-0.061722777494673836,released,0.05,20,lpips_alex_spatial,384,1,head_supported,1,primary_full_target_density1
-0.03742314726569297,-0.02228673513723927,-0.05344784753014231,adaptive,0.2,20,lpips_alex_spatial,384,1,head_unsupported,1,primary_full_target_density1
-0.03588008161357831,-0.024341485589747927,-0.04973133664727712,released,0.0,20,lpips_alex_spatial,384,1,head_unsupported,1,primary_full_target_density1
-0.04404516016456137,-0.024477605764168776,-0.06470308569172202,adaptive,0.15,20,lpips_alex_spatial,384,1,oral,1,primary_full_target_density1
-0.04271787129199194,-0.028803751316821374,-0.05615223426141711,released,0.1,20,lpips_alex_spatial,384,1,oral,1,primary_full_target_density1
0.04209513556601454,0.0722112897793319,0.010469953639489046,adaptive,0.8,20,lpips_alex_spatial,384,1,torso_outside_head_roi,1,primary_full_target_density1
0.04926445884363752,0.07606376019732575,0.021282249461439945,released,0.8,20,lpips_alex_spatial,384,1,torso_outside_head_roi,1,primary_full_target_density1
-0.009524653727262761,-0.0011022888531582063,-0.017788582984699968,adaptive,0.25,20,lpips_alex_spatial,384,4,background,1,primary_full_target_density1
-0.011323925503486832,-0.0048454140457522814,-0.017730161076818216,released,0.3,20,lpips_alex_spatial,384,4,background,1,primary_full_target_density1
-0.01138565754040017,-0.0016872413741654349,-0.021371611338889714,adaptive,0.35,20,lpips_alex_spatial,384,4,eyes,1,primary_full_target_density1
-0.012678499735745785,-0.0038079883747769603,-0.021715770580604914,released,0.25,20,lpips_alex_spatial,384,4,eyes,1,primary_full_target_density1
-0.05527148607156387,-0.04170547944247116,-0.06926968715128429,adaptive,0.0,20,lpips_alex_spatial,384,4,flame_supported,1,primary_full_target_density1
-0.05710620935966574,-0.04850581726999735,-0.06586587912703498,released,0.0,20,lpips_alex_spatial,384,4,flame_supported,1,primary_full_target_density1
0.04379307498048769,0.06828135890239734,0.01920541174603166,adaptive,0.7,20,lpips_alex_spatial,384,4,flame_unsupported,1,primary_full_target_density1
0.048835412448197016,0.07382167994621104,0.024319329376652182,released,0.8,20,lpips_alex_spatial,384,4,flame_unsupported,1,primary_full_target_density1
-0.023995245174678017,-0.008353650514207875,-0.040142827967596384,adaptive,0.3,20,lpips_alex_spatial,384,4,foreground,1,primary_full_target_density1
-0.023732705346926983,-0.012913245600947497,-0.03505885802923773,released,0.3,20,lpips_alex_spatial,384,4,foreground,1,primary_full_target_density1
-0.016829887894559505,-0.005393591897546748,-0.028206073471829907,adaptive,0.3,20,lpips_alex_spatial,384,4,full_frame,1,primary_full_target_density1
-0.01755455712641566,-0.009922472119085065,-0.02527260171849866,released,0.2,20,lpips_alex_spatial,384,4,full_frame,1,primary_full_target_density1
-0.05502561054552961,-0.04099157958172223,-0.06917204818751052,adaptive,0.05,20,lpips_alex_spatial,384,4,head_foreground,1,primary_full_target_density1
-0.056408978955872935,-0.04731189635013653,-0.06521538532006958,released,0.0,20,lpips_alex_spatial,384,4,head_foreground,1,primary_full_target_density1
-0.057299334436981195,-0.04299648213357574,-0.071590087721553,adaptive,0.05,20,lpips_alex_spatial,384,4,head_supported,1,primary_full_target_density1
-0.059015820113783556,-0.050127140229332436,-0.06750737140638535,released,0.0,20,lpips_alex_spatial,384,4,head_supported,1,primary_full_target_density1
-0.04376068842455585,-0.026303180620989474,-0.06083259363185569,adaptive,0.15,20,lpips_alex_spatial,384,4,head_unsupported,1,primary_full_target_density1
-0.04073691560673571,-0.026851506083525885,-0.056157906773996444,released,0.1,20,lpips_alex_spatial,384,4,head_unsupported,1,primary_full_target_density1
-0.05647805519072589,-0.03860557912245836,-0.07499385326887979,adaptive,0.05,20,lpips_alex_spatial,384,4,oral,1,primary_full_target_density1
-0.055731185115452844,-0.04148260385932477,-0.06975209929830148,released,0.0,20,lpips_alex_spatial,384,4,oral,1,primary_full_target_density1
0.04495015301085352,0.07053674940707606,0.019136807844703455,adaptive,0.75,20,lpips_alex_spatial,384,4,torso_outside_head_roi,1,primary_full_target_density1
0.04862336382216063,0.07498903722705438,0.021196146420079068,released,0.75,20,lpips_alex_spatial,384,4,torso_outside_head_roi,1,primary_full_target_density1
-0.006397867769541129,0.001837189584061515,-0.014349959310223632,adaptive,0.3,20,lpips_alex_spatial,384,8,background,1,primary_full_target_density1
-0.007992760229397556,-0.0009713594874180374,-0.014800969515610253,released,0.3,20,lpips_alex_spatial,384,8,background,1,primary_full_target_density1
-0.010457574723733716,-0.0013066263487759532,-0.019971233221649592,adaptive,0.4,20,lpips_alex_spatial,384,8,eyes,1,primary_full_target_density1
-0.011584298305281652,-0.0028972127635861966,-0.021379095590698616,released,0.25,20,lpips_alex_spatial,384,8,eyes,1,primary_full_target_density1
-0.05202696893380547,-0.0386007975852631,-0.06585983325954783,adaptive,0.0,20,lpips_alex_spatial,384,8,flame_supported,1,primary_full_target_density1
-0.0554075652092733,-0.04817924195051266,-0.06338065051476098,released,0.0,20,lpips_alex_spatial,384,8,flame_supported,1,primary_full_target_density1
0.04598336139145583,0.0711223688631531,0.020814862598089186,adaptive,0.8,20,lpips_alex_spatial,384,8,flame_unsupported,1,primary_full_target_density1
0.052216397439712944,0.07831822105201185,0.026893102068134677,released,0.85,20,lpips_alex_spatial,384,8,flame_unsupported,1,primary_full_target_density1
-0.020223521618828448,-0.004376202776937182,-0.036288441386242494,adaptive,0.25,20,lpips_alex_spatial,384,8,foreground,1,primary_full_target_density1
-0.02070814797349746,-0.008921760218696019,-0.0326357172356394,released,0.25,20,lpips_alex_spatial,384,8,foreground,1,primary_full_target_density1
-0.013215190559238588,-0.0016760182187154618,-0.024761943981632017,adaptive,0.3,20,lpips_alex_spatial,384,8,full_frame,1,primary_full_target_density1
-0.014150024389291749,-0.005776920496643382,-0.0224194259554535,released,0.2,20,lpips_alex_spatial,384,8,full_frame,1,primary_full_target_density1
-0.05082015197364531,-0.03710041375841391,-0.06496678807735763,adaptive,0.05,20,lpips_alex_spatial,384,8,head_foreground,1,primary_full_target_density1
-0.05431759403151308,-0.04655203222252334,-0.06211942054617934,released,0.0,20,lpips_alex_spatial,384,8,head_foreground,1,primary_full_target_density1
-0.053107140212429106,-0.03904727409345778,-0.06704105448190074,adaptive,0.05,20,lpips_alex_spatial,384,8,head_supported,1,primary_full_target_density1
-0.05706287593418278,-0.049455805380259274,-0.06473241860506397,released,0.0,20,lpips_alex_spatial,384,8,head_supported,1,primary_full_target_density1
-0.038239820169984826,-0.022615192091056203,-0.053593868363885466,adaptive,0.2,20,lpips_alex_spatial,384,8,head_unsupported,1,primary_full_target_density1
-0.03729189273654788,-0.024572144314953887,-0.05210452716083407,released,0.05,20,lpips_alex_spatial,384,8,head_unsupported,1,primary_full_target_density1
-0.05451881434008118,-0.036659947421957356,-0.07392008764121752,adaptive,0.1,20,lpips_alex_spatial,384,8,oral,1,primary_full_target_density1
-0.052546678545731515,-0.03961850565697578,-0.06509735346869959,released,0.05,20,lpips_alex_spatial,384,8,oral,1,primary_full_target_density1
0.044002780647552364,0.07069257514547884,0.016994905863781523,adaptive,0.75,20,lpips_alex_spatial,384,8,torso_outside_head_roi,1,primary_full_target_density1
0.050534909719350964,0.07743547006501708,0.02361582580052358,released,0.85,20,lpips_alex_spatial,384,8,torso_outside_head_roi,1,primary_full_target_density1
-0.02899664688873312,-0.017471871073631788,-0.04235120802284952,adaptive,0.05,20,lpips_alex_spatial,8,1,background,2,full_target_density2
-0.03366128682095804,-0.02197573759559387,-0.046630479020813166,released,0.1,20,lpips_alex_spatial,8,1,background,2,full_target_density2
-0.017514372258903076,-0.00991653123922201,-0.025400828683826687,adaptive,0.1,20,lpips_alex_spatial,8,1,eyes,2,full_target_density2
-0.029546295534296357,-0.020554497507544636,-0.03871295064272656,released,0.1,20,lpips_alex_spatial,8,1,eyes,2,full_target_density2
-0.056465976891587964,-0.04382452616027555,-0.06980309422919075,adaptive,0.05,20,lpips_alex_spatial,8,1,flame_supported,2,full_target_density2
-0.05698399566049369,-0.046782439220850326,-0.06798753797646627,released,0.0,20,lpips_alex_spatial,8,1,flame_supported,2,full_target_density2
-0.007996999463986954,0.02536130801042321,-0.04330292803480239,adaptive,0.45,20,lpips_alex_spatial,8,1,flame_unsupported,2,full_target_density2
-0.019390097954022762,0.010127986704260773,-0.05202834207278668,released,0.35,20,lpips_alex_spatial,8,1,flame_unsupported,2,full_target_density2
-0.03982427825734608,-0.021032831264551712,-0.059314943371876754,adaptive,0.1,20,lpips_alex_spatial,8,1,foreground,2,full_target_density2
-0.04344919235759076,-0.027445659496294992,-0.060027396994966176,released,0.1,20,lpips_alex_spatial,8,1,foreground,2,full_target_density2
-0.034171785588388306,-0.01990140570642111,-0.05021149173475703,adaptive,0.15,20,lpips_alex_spatial,8,1,full_frame,2,full_target_density2
-0.038699999606454524,-0.025562654146319853,-0.05314486386520523,released,0.05,20,lpips_alex_spatial,8,1,full_frame,2,full_target_density2
-0.05044470832485217,-0.039627594005303746,-0.06152287922502546,adaptive,0.05,20,lpips_alex_spatial,8,1,head_foreground,2,full_target_density2
-0.051959625707330495,-0.043132893294590635,-0.06100602420813632,released,0.0,20,lpips_alex_spatial,8,1,head_foreground,2,full_target_density2
-0.051181887638704085,-0.04061820552270677,-0.062263238354831996,adaptive,0.05,20,lpips_alex_spatial,8,1,head_supported,2,full_target_density2
-0.05197882735602435,-0.043212328314823176,-0.06088819530677315,released,0.0,20,lpips_alex_spatial,8,1,head_supported,2,full_target_density2
-0.047171316086914154,-0.034657897297112314,-0.05943440655997268,adaptive,0.05,20,lpips_alex_spatial,8,1,head_unsupported,2,full_target_density2
-0.05550360136585612,-0.044825745215643184,-0.06670938635322426,released,0.0,20,lpips_alex_spatial,8,1,head_unsupported,2,full_target_density2
-0.04474597359983862,-0.03415299022418998,-0.05469560818501741,adaptive,0.05,20,lpips_alex_spatial,8,1,oral,2,full_target_density2
-0.04996586093794988,-0.03909872424339395,-0.06010630826980484,released,0.05,20,lpips_alex_spatial,8,1,oral,2,full_target_density2
-0.027842006349784454,0.01364720746575246,-0.07582180143180503,adaptive,0.4,20,lpips_alex_spatial,8,1,torso_outside_head_roi,2,full_target_density2
-0.03553344288778803,0.0013498888634105605,-0.07643217328301675,released,0.35,20,lpips_alex_spatial,8,1,torso_outside_head_roi,2,full_target_density2
-0.01919564136233287,-0.005595268005561165,-0.034232316229199804,adaptive,0.4,20,lpips_alex_spatial,8,4,background,2,full_target_density2
-0.022489906322061142,-0.009778391665987025,-0.03685061510374727,released,0.3,20,lpips_alex_spatial,8,4,background,2,full_target_density2
-0.005806604657746911,0.0019395939368831753,-0.01407446999614127,adaptive,0.4,20,lpips_alex_spatial,8,4,eyes,2,full_target_density2
-0.012162925049966694,-0.0038197678794707497,-0.02040066163280458,released,0.35,20,lpips_alex_spatial,8,4,eyes,2,full_target_density2
-0.04265869417311817,-0.027121131534326708,-0.057904925330709456,adaptive,0.2,20,lpips_alex_spatial,8,4,flame_supported,2,full_target_density2
-0.04402051039606161,-0.03127550242439143,-0.05661374695658278,released,0.1,20,lpips_alex_spatial,8,4,flame_supported,2,full_target_density2
0.007675843391765762,0.03856786501845026,-0.02805630012056122,adaptive,0.65,20,lpips_alex_spatial,8,4,flame_unsupported,2,full_target_density2
-0.008449619791511922,0.019298265246936196,-0.03941399773959408,released,0.55,20,lpips_alex_spatial,8,4,flame_unsupported,2,full_target_density2
-0.026108876033716123,-0.006775109304247299,-0.04695029249611738,adaptive,0.35,20,lpips_alex_spatial,8,4,foreground,2,full_target_density2
-0.031624397512983654,-0.01550566112563678,-0.04861997927488619,released,0.25,20,lpips_alex_spatial,8,4,foreground,2,full_target_density2
-0.022590099336687187,-0.0067347918524722295,-0.040223228101395364,adaptive,0.3,20,lpips_alex_spatial,8,4,full_frame,2,full_target_density2
-0.027303113129513314,-0.01348569866546914,-0.04215854249463594,released,0.2,20,lpips_alex_spatial,8,4,full_frame,2,full_target_density2
-0.03670098745316832,-0.023208696292842085,-0.05018789916991583,adaptive,0.2,20,lpips_alex_spatial,8,4,head_foreground,2,full_target_density2
-0.03882547575602948,-0.027366151854638615,-0.049999244303663044,released,0.1,20,lpips_alex_spatial,8,4,head_foreground,2,full_target_density2
-0.037386708256483867,-0.024082149625009788,-0.050258442726408115,adaptive,0.2,20,lpips_alex_spatial,8,4,head_supported,2,full_target_density2
-0.03842344187152716,-0.02697691141808016,-0.04927852002565064,released,0.05,20,lpips_alex_spatial,8,4,head_supported,2,full_target_density2
-0.037068740838943966,-0.018735788173276636,-0.05665303027736753,adaptive,0.2,20,lpips_alex_spatial,8,4,head_unsupported,2,full_target_density2
-0.04930985304045969,-0.03287938744312809,-0.06682265047422255,released,0.1,20,lpips_alex_spatial,8,4,head_unsupported,2,full_target_density2
-0.033776052571815623,-0.02029211348545323,-0.04664710572060571,adaptive,0.15,20,lpips_alex_spatial,8,4,oral,2,full_target_density2
-0.0350028765496753,-0.022279539315873544,-0.046688245444349734,released,0.15,20,lpips_alex_spatial,8,4,oral,2,full_target_density2
-0.00928848330829668,0.03158545392100079,-0.05602261737933315,adaptive,0.5,20,lpips_alex_spatial,8,4,torso_outside_head_roi,2,full_target_density2
-0.021973062560894256,0.013046980540052265,-0.061276224010043345,released,0.5,20,lpips_alex_spatial,8,4,torso_outside_head_roi,2,full_target_density2
-0.01453474890176101,-0.0012625396038732255,-0.02861525556180119,adaptive,0.35,20,lpips_alex_spatial,8,8,background,2,full_target_density2
-0.017868831513561296,-0.005758786931164702,-0.0317878634271711,released,0.2,20,lpips_alex_spatial,8,8,background,2,full_target_density2
-0.006237438852058299,0.0013850257971512326,-0.014066508088794125,adaptive,0.4,20,lpips_alex_spatial,8,8,eyes,2,full_target_density2
-0.011116234779586561,-0.0025600185025759035,-0.019343778089741238,released,0.3,20,lpips_alex_spatial,8,8,eyes,2,full_target_density2
-0.04033226586820284,-0.02588434343741572,-0.05486872382528753,adaptive,0.15,20,lpips_alex_spatial,8,8,flame_supported,2,full_target_density2
-0.04286650887490771,-0.030878754333023763,-0.05499403429749308,released,0.0,20,lpips_alex_spatial,8,8,flame_supported,2,full_target_density2
0.013996298221438375,0.04564015277259766,-0.0239351313287065,adaptive,0.75,20,lpips_alex_spatial,8,8,flame_unsupported,2,full_target_density2
-0.001633484784478896,0.024386982788931567,-0.03202245171669436,released,0.55,20,lpips_alex_spatial,8,8,flame_unsupported,2,full_target_density2
-0.022448401017895542,-0.003682430588830733,-0.04313858084684947,adaptive,0.4,20,lpips_alex_spatial,8,8,foreground,2,full_target_density2
-0.028861398661118698,-0.013579847604332522,-0.04501018524908908,released,0.25,20,lpips_alex_spatial,8,8,foreground,2,full_target_density2
-0.018570193609633998,-0.002763836817307908,-0.03548832683594196,adaptive,0.35,20,lpips_alex_spatial,8,8,full_frame,2,full_target_density2
-0.023773551606512705,-0.011044466385206635,-0.03835246730160406,released,0.25,20,lpips_alex_spatial,8,8,full_frame,2,full_target_density2
-0.03294603585690899,-0.02045733000067461,-0.045264523973350484,adaptive,0.15,20,lpips_alex_spatial,8,8,head_foreground,2,full_target_density2
-0.03600703604467094,-0.025342334336993025,-0.046998666910812115,released,0.05,20,lpips_alex_spatial,8,8,head_foreground,2,full_target_density2
-0.03409834467211627,-0.022251191207571398,-0.04629214743254196,adaptive,0.15,20,lpips_alex_spatial,8,8,head_supported,2,full_target_density2
-0.03614932363927942,-0.025523562666527725,-0.04660413802791724,released,0.0,20,lpips_alex_spatial,8,8,head_supported,2,full_target_density2
-0.029305635001408897,-0.011181206736421478,-0.047548064208611594,adaptive,0.3,20,lpips_alex_spatial,8,8,head_unsupported,2,full_target_density2
-0.041715379756684726,-0.025426149225863857,-0.058564692656315157,released,0.2,20,lpips_alex_spatial,8,8,head_unsupported,2,full_target_density2
-0.03258935920772876,-0.01883499731983559,-0.045310154913072075,adaptive,0.15,20,lpips_alex_spatial,8,8,oral,2,full_target_density2
-0.0367038694747893,-0.024109634492198946,-0.04853405929146747,released,0.1,20,lpips_alex_spatial,8,8,oral,2,full_target_density2
-0.005840192462424695,0.035731636240418786,-0.05429630835378245,adaptive,0.65,20,lpips_alex_spatial,8,8,torso_outside_head_roi,2,full_target_density2
-0.018943470649081074,0.013095094654633016,-0.05590614779078975,released,0.45,20,lpips_alex_spatial,8,8,torso_outside_head_roi,2,full_target_density2
0.002181196387972993,0.011511908871831511,-0.006486712732839613,adaptive,0.5,20,lpips_alex_spatial,384,1,background,2,full_target_density2
-0.0017619329537855437,0.005585226317227524,-0.009139977344139608,released,0.4,20,lpips_alex_spatial,384,1,background,2,full_target_density2
0.0065321348623134405,0.013696674216605732,-0.000979929806579018,adaptive,0.7,20,lpips_alex_spatial,384,1,eyes,2,full_target_density2
0.0013076131810627195,0.009289078355477293,-0.0075849817384011425,released,0.7,20,lpips_alex_spatial,384,1,eyes,2,full_target_density2
-0.029874774656250776,-0.018170212555670962,-0.04217138751872659,adaptive,0.15,20,lpips_alex_spatial,384,1,flame_supported,2,full_target_density2
-0.034229894400711953,-0.024206189692105917,-0.04492538458664477,released,0.05,20,lpips_alex_spatial,384,1,flame_supported,2,full_target_density2
0.04006793982829626,0.06843565058578689,0.01239282876775097,adaptive,0.85,20,lpips_alex_spatial,384,1,flame_unsupported,2,full_target_density2
0.04184559741335776,0.06653326399164791,0.0159382523153535,released,0.8,20,lpips_alex_spatial,384,1,flame_unsupported,2,full_target_density2
-0.006812859143322321,0.01148762511006189,-0.02362331050741616,adaptive,0.4,20,lpips_alex_spatial,384,1,foreground,2,full_target_density2
-0.009705548961979867,0.004958355942171303,-0.024599609743108788,released,0.4,20,lpips_alex_spatial,384,1,foreground,2,full_target_density2
-0.0022148713663027106,0.011507020012124768,-0.015498738945885162,adaptive,0.4,20,lpips_alex_spatial,384,1,full_frame,2,full_target_density2
-0.005545924236248077,0.005382372210552153,-0.016616659970446087,released,0.35,20,lpips_alex_spatial,384,1,full_frame,2,full_target_density2
-0.024251782035031456,-0.013748540627168623,-0.03512569977339928,adaptive,0.15,20,lpips_alex_spatial,384,1,head_foreground,2,full_target_density2
-0.02904579272491713,-0.019677839222849814,-0.03915689418332267,released,0.1,20,lpips_alex_spatial,384,1,head_foreground,2,full_target_density2
-0.025278395713246554,-0.015241489161721163,-0.03608152459215811,adaptive,0.1,20,lpips_alex_spatial,384,1,head_supported,2,full_target_density2
-0.030688647602970694,-0.021897957060662828,-0.04041938421037408,released,0.05,20,lpips_alex_spatial,384,1,head_supported,2,full_target_density2
-0.020834794604508065,-0.006319874300051305,-0.03597685186004992,adaptive,0.15,20,lpips_alex_spatial,384,1,head_unsupported,2,full_target_density2
-0.01913267475619987,-0.007014431104688221,-0.03128134556568648,released,0.25,20,lpips_alex_spatial,384,1,head_unsupported,2,full_target_density2
-0.012332909835890603,-0.0015550808457401141,-0.024233612689158256,adaptive,0.3,20,lpips_alex_spatial,384,1,oral,2,full_target_density2
-0.015176981892904845,-0.004907000995315551,-0.025811414586988646,released,0.2,20,lpips_alex_spatial,384,1,oral,2,full_target_density2
0.02806046918236708,0.06223023887557662,-0.006163728926296677,adaptive,0.6,20,lpips_alex_spatial,384,1,torso_outside_head_roi,2,full_target_density2
0.030802887844506698,0.0602412320449349,-0.0004507366618415937,released,0.75,20,lpips_alex_spatial,384,1,torso_outside_head_roi,2,full_target_density2
0.003881906740394609,0.011764888399698822,-0.003923168503233531,adaptive,0.6,20,lpips_alex_spatial,384,4,background,2,full_target_density2
0.00028873094740095864,0.007225468381251469,-0.006226550047989307,released,0.4,20,lpips_alex_spatial,384,4,background,2,full_target_density2
0.005477326883106548,0.01370121489770716,-0.0029586218239122026,adaptive,0.65,20,lpips_alex_spatial,384,4,eyes,2,full_target_density2
0.00712280696848743,0.016583190690581527,-0.004455065617316625,released,0.75,20,lpips_alex_spatial,384,4,eyes,2,full_target_density2
-0.028965098855529635,-0.01813483180953702,-0.039875680362113,adaptive,0.15,20,lpips_alex_spatial,384,4,flame_supported,2,full_target_density2
-0.03152682107780869,-0.02098006611804397,-0.0429182109173219,released,0.1,20,lpips_alex_spatial,384,4,flame_supported,2,full_target_density2
0.04307423225280098,0.0704245778582752,0.016482278820581064,adaptive,0.65,20,lpips_alex_spatial,384,4,flame_unsupported,2,full_target_density2
0.04264191187647473,0.06943590827521906,0.015689068553749106,released,0.75,20,lpips_alex_spatial,384,4,flame_unsupported,2,full_target_density2
-0.005485067092719844,0.011677993105792695,-0.02222554929683168,adaptive,0.4,20,lpips_alex_spatial,384,4,foreground,2,full_target_density2
-0.00771776797824463,0.008303043979275358,-0.02354302034516231,released,0.4,20,lpips_alex_spatial,384,4,foreground,2,full_target_density2
-0.0008618202091248403,0.011749053406567631,-0.012609890877954218,adaptive,0.45,20,lpips_alex_spatial,384,4,full_frame,2,full_target_density2
-0.003621129605395723,0.0076337689875571185,-0.014943745171974502,released,0.4,20,lpips_alex_spatial,384,4,full_frame,2,full_target_density2
-0.02348781785437229,-0.013710468864627751,-0.033341506431158005,adaptive,0.15,20,lpips_alex_spatial,384,4,head_foreground,2,full_target_density2
-0.025927150711238828,-0.015553040825726203,-0.03653475068299077,released,0.15,20,lpips_alex_spatial,384,4,head_foreground,2,full_target_density2
-0.025039117808498074,-0.015732186236229153,-0.03454304890790835,adaptive,0.15,20,lpips_alex_spatial,384,4,head_supported,2,full_target_density2
-0.02773672624867639,-0.018007285295765982,-0.03794039428913529,released,0.05,20,lpips_alex_spatial,384,4,head_supported,2,full_target_density2
-0.015913939813063643,-0.001452422685086347,-0.030106429941361864,adaptive,0.2,20,lpips_alex_spatial,384,4,head_unsupported,2,full_target_density2
-0.016784941258449124,-0.001678507737661575,-0.03195846135676955,released,0.35,20,lpips_alex_spatial,384,4,head_unsupported,2,full_target_density2
-0.014094668917050034,-0.004758893288102078,-0.023664848565981805,adaptive,0.3,20,lpips_alex_spatial,384,4,oral,2,full_target_density2
-0.014462644206534703,-0.0033753940685376715,-0.025992104482518166,released,0.3,20,lpips_alex_spatial,384,4,oral,2,full_target_density2
0.03174845827111703,0.06338833992172827,0.00042873292257491943,adaptive,0.65,20,lpips_alex_spatial,384,4,torso_outside_head_roi,2,full_target_density2
0.02952903976919006,0.05991962134595673,-0.0024275562048510957,released,0.65,20,lpips_alex_spatial,384,4,torso_outside_head_roi,2,full_target_density2
0.008211240594313062,0.016991030825994624,-5.735294533434681e-05,adaptive,0.65,20,lpips_alex_spatial,384,8,background,2,full_target_density2
0.0023925770477198115,0.009865396580506064,-0.004617513739713699,released,0.45,20,lpips_alex_spatial,384,8,background,2,full_target_density2
0.004853627721008387,0.012818248468918348,-0.0034587820132849093,adaptive,0.7,20,lpips_alex_spatial,384,8,eyes,2,full_target_density2
0.004681255945433088,0.014314286758274668,-0.006078728485387145,released,0.7,20,lpips_alex_spatial,384,8,eyes,2,full_target_density2
-0.027597488314090736,-0.01569691139767213,-0.03969827522327693,adaptive,0.15,20,lpips_alex_spatial,384,8,flame_supported,2,full_target_density2
-0.03401357657390624,-0.022362634116530198,-0.045768988630304624,released,0.1,20,lpips_alex_spatial,384,8,flame_supported,2,full_target_density2
0.047277762090302176,0.07562576135898595,0.019438158094271997,adaptive,0.75,20,lpips_alex_spatial,384,8,flame_unsupported,2,full_target_density2
0.044887543539204086,0.07227828504067559,0.016868092726555282,released,0.7,20,lpips_alex_spatial,384,8,flame_unsupported,2,full_target_density2
-0.0031348438300453072,0.01529137405182768,-0.021110756131948568,adaptive,0.4,20,lpips_alex_spatial,384,8,foreground,2,full_target_density2
-0.008513843806966398,0.008648523050286946,-0.025096919636912105,released,0.4,20,lpips_alex_spatial,384,8,foreground,2,full_target_density2
0.0023350312338246844,0.016197462437988867,-0.01082042241831881,adaptive,0.5,20,lpips_alex_spatial,384,8,full_frame,2,full_target_density2
-0.003173694517705361,0.008830971346273036,-0.01475863712948639,released,0.4,20,lpips_alex_spatial,384,8,full_frame,2,full_target_density2
-0.020689205679905308,-0.009644682895555411,-0.03170534839344684,adaptive,0.25,20,lpips_alex_spatial,384,8,head_foreground,2,full_target_density2
-0.026799836493075276,-0.016019494884549724,-0.03798599138994088,released,0.15,20,lpips_alex_spatial,384,8,head_foreground,2,full_target_density2
-0.0227874034806056,-0.012146010028510108,-0.033298272778571135,adaptive,0.2,20,lpips_alex_spatial,384,8,head_supported,2,full_target_density2
-0.029214657221394914,-0.019014331775550685,-0.03975568630306803,released,0.1,20,lpips_alex_spatial,384,8,head_supported,2,full_target_density2
-0.008284251834851047,0.006406967998591122,-0.02253364983518066,adaptive,0.35,20,lpips_alex_spatial,384,8,head_unsupported,2,full_target_density2
-0.013416983542998206,0.002879420285954541,-0.028706921760368074,released,0.35,20,lpips_alex_spatial,384,8,head_unsupported,2,full_target_density2
-0.01085082320674299,-0.0010502566207965965,-0.021457935810840868,adaptive,0.35,20,lpips_alex_spatial,384,8,oral,2,full_target_density2
-0.015383386384420772,-0.004406833599851239,-0.02710290478771557,released,0.25,20,lpips_alex_spatial,384,8,oral,2,full_target_density2
0.031598212133570024,0.0656672070077332,-0.0022196094544069175,adaptive,0.65,20,lpips_alex_spatial,384,8,torso_outside_head_roi,2,full_target_density2
0.027670637865948245,0.05944664780351125,-0.005264889153541919,released,0.7,20,lpips_alex_spatial,384,8,torso_outside_head_roi,2,full_target_density2
-0.0053685772517102215,0.002635000103281161,-0.014211438110692929,adaptive,0.35,20,lpips_alex_spatial,8,1,background,2,head_target_density1
-0.00862009398360451,-0.00046563008865766554,-0.017789913865756214,released,0.35,20,lpips_alex_spatial,8,1,background,2,head_target_density1
0.02597949136810867,0.03351663188964703,0.018920081151064232,adaptive,1.0,20,lpips_alex_spatial,8,1,eyes,2,head_target_density1
0.02052806012009249,0.028693589770458463,0.012123662942155946,released,0.9,20,lpips_alex_spatial,8,1,eyes,2,head_target_density1
0.0061570970728485495,0.01209126918421252,0.0006563602128090654,adaptive,0.6,20,lpips_alex_spatial,8,1,flame_supported,2,head_target_density1
0.0016182830653077643,0.009274004262473807,-0.006199601373337741,released,0.55,20,lpips_alex_spatial,8,1,flame_supported,2,head_target_density1
0.003010365522837577,0.009951255182614992,-0.00310242864514272,adaptive,0.5,20,lpips_alex_spatial,8,1,flame_unsupported,2,head_target_density1
0.0026339463692351267,0.009816090903023666,-0.004463722068110592,released,0.5,20,lpips_alex_spatial,8,1,flame_unsupported,2,head_target_density1
0.005648006578228786,0.011156019445806931,0.0002930728970902831,adaptive,0.65,20,lpips_alex_spatial,8,1,foreground,2,head_target_density1
0.002015512209274073,0.009111463813538112,-0.005329177694464207,released,0.6,20,lpips_alex_spatial,8,1,foreground,2,head_target_density1
0.0005503746983292742,0.006257270588116204,-0.005502713992224121,adaptive,0.5,20,lpips_alex_spatial,8,1,full_frame,2,head_target_density1
-0.0029855831102891376,0.003428607793016884,-0.010104661760005086,released,0.45,20,lpips_alex_spatial,8,1,full_frame,2,head_target_density1
0.006646990264229831,0.012739800202260142,0.0009803823529220932,adaptive,0.6,20,lpips_alex_spatial,8,1,head_foreground,2,head_target_density1
0.0021498661967089714,0.009645187401543796,-0.005474233979620915,released,0.6,20,lpips_alex_spatial,8,1,head_foreground,2,head_target_density1
0.006985050756238264,0.013064811090032208,0.001140270054451074,adaptive,0.6,20,lpips_alex_spatial,8,1,head_supported,2,head_target_density1
0.00226321311333635,0.01011747886746179,-0.005471207867015954,released,0.55,20,lpips_alex_spatial,8,1,head_supported,2,head_target_density1
0.001022743246377697,0.006965995236605935,-0.004707536540176296,adaptive,0.6,20,lpips_alex_spatial,8,1,head_unsupported,2,head_target_density1
-0.0016462063553755305,0.00475131554238455,-0.00797210323240511,released,0.4,20,lpips_alex_spatial,8,1,head_unsupported,2,head_target_density1
0.007067960626806315,0.0149624387191294,-0.00020990960069921442,adaptive,0.65,20,lpips_alex_spatial,8,1,oral,2,head_target_density1
0.0004708771794775191,0.008436215702517576,-0.007360727968007446,released,0.45,20,lpips_alex_spatial,8,1,oral,2,head_target_density1
0.001497275406623208,0.009815015171676716,-0.005732155112983847,adaptive,0.4,20,lpips_alex_spatial,8,1,torso_outside_head_roi,2,head_target_density1
0.0012404304554810535,0.009589779146000886,-0.006877315922482574,released,0.4,20,lpips_alex_spatial,8,1,torso_outside_head_roi,2,head_target_density1
-0.0014464075639879545,0.005174270457368652,-0.008396893544468239,adaptive,0.5,20,lpips_alex_spatial,8,4,background,2,head_target_density1
-0.005507622510540602,0.0009585337991440294,-0.012063460611060377,released,0.35,20,lpips_alex_spatial,8,4,background,2,head_target_density1
0.028700547899202455,0.034999947828565296,0.022433211809902615,adaptive,1.0,20,lpips_alex_spatial,8,4,eyes,2,head_target_density1
0.0256296904820263,0.03326317501953126,0.017661792518625208,released,0.95,20,lpips_alex_spatial,8,4,eyes,2,head_target_density1
0.007901729341560713,0.01373917108694975,0.0018900545040250437,adaptive,0.65,20,lpips_alex_spatial,8,4,flame_supported,2,head_target_density1
0.00335555630453533,0.010392109474316095,-0.003967446108256742,released,0.6,20,lpips_alex_spatial,8,4,flame_supported,2,head_target_density1
0.004900124795505492,0.012700343275082336,-0.002463118101354416,adaptive,0.65,20,lpips_alex_spatial,8,4,flame_unsupported,2,head_target_density1
0.0025305900982523387,0.008884575232909135,-0.004194814082540727,released,0.55,20,lpips_alex_spatial,8,4,flame_unsupported,2,head_target_density1
0.007299034209435296,0.013361920585382223,0.0009428921574365013,adaptive,0.7,20,lpips_alex_spatial,8,4,foreground,2,head_target_density1
0.003155562451889321,0.009579668726457978,-0.003805057940298026,released,0.6,20,lpips_alex_spatial,8,4,foreground,2,head_target_density1
0.0033047307621348956,0.008440999942870162,-0.0024617021007478854,adaptive,0.6,20,lpips_alex_spatial,8,4,full_frame,2,head_target_density1
-0.0009676196851020988,0.004798702085313709,-0.006796546691705362,released,0.45,20,lpips_alex_spatial,8,4,full_frame,2,head_target_density1
0.008590869051731289,0.014199523257230146,0.002633947742115127,adaptive,0.65,20,lpips_alex_spatial,8,4,head_foreground,2,head_target_density1
0.004123196671611632,0.011077211064183898,-0.0031408821160497976,released,0.65,20,lpips_alex_spatial,8,4,head_foreground,2,head_target_density1
0.00900412194130966,0.014754586171028561,0.003134615824256657,adaptive,0.7,20,lpips_alex_spatial,8,4,head_supported,2,head_target_density1
0.004568999400789276,0.01185863628881639,-0.003153870121150461,released,0.65,20,lpips_alex_spatial,8,4,head_supported,2,head_target_density1
0.001907912066260082,0.009600669738126314,-0.005955940023802242,adaptive,0.6,20,lpips_alex_spatial,8,4,head_unsupported,2,head_target_density1
-0.0015818747849889923,0.005843670506199895,-0.008695561869303804,released,0.35,20,lpips_alex_spatial,8,4,head_unsupported,2,head_target_density1
0.005912062850597447,0.010434610246606923,0.0014780760925317727,adaptive,0.7,20,lpips_alex_spatial,8,4,oral,2,head_target_density1
-0.0012281601942773183,0.004886459913997072,-0.0074276308467246185,released,0.45,20,lpips_alex_spatial,8,4,oral,2,head_target_density1
0.0034285285598750935,0.012206202272126808,-0.004641944945968715,adaptive,0.55,20,lpips_alex_spatial,8,4,torso_outside_head_roi,2,head_target_density1
0.0011688854481998051,0.008293054571955633,-0.006544384165411887,released,0.55,20,lpips_alex_spatial,8,4,torso_outside_head_roi,2,head_target_density1
-0.0002934163738958134,0.006562023284525743,-0.007763689904885192,adaptive,0.55,20,lpips_alex_spatial,8,8,background,2,head_target_density1
-0.0024632372019869507,0.0041022395915940495,-0.009176613922239814,released,0.4,20,lpips_alex_spatial,8,8,background,2,head_target_density1
0.028482691250400365,0.0339776658160164,0.023180849497673166,adaptive,1.0,20,lpips_alex_spatial,8,8,eyes,2,head_target_density1
0.028781403320579536,0.03544225953859852,0.021897252080089028,released,0.95,20,lpips_alex_spatial,8,8,eyes,2,head_target_density1
0.005302443100978773,0.011071451194228277,-0.0010331305065569467,adaptive,0.8,20,lpips_alex_spatial,8,8,flame_supported,2,head_target_density1
0.004186284641912395,0.01062409144234543,-0.0030983661916059372,released,0.75,20,lpips_alex_spatial,8,8,flame_supported,2,head_target_density1
0.0032583506150891868,0.01138452962317873,-0.004221156619562029,adaptive,0.6,20,lpips_alex_spatial,8,8,flame_unsupported,2,head_target_density1
0.002489068416394666,0.009079819826776343,-0.0042287714673853154,released,0.6,20,lpips_alex_spatial,8,8,flame_unsupported,2,head_target_density1
0.0047147803836385714,0.011130233023385826,-0.001763212437120585,adaptive,0.65,20,lpips_alex_spatial,8,8,foreground,2,head_target_density1
0.0035873771986069114,0.00974895475185606,-0.0031595801459900594,released,0.65,20,lpips_alex_spatial,8,8,foreground,2,head_target_density1
0.002468034663757712,0.007790990280253542,-0.003477229795285643,adaptive,0.5,20,lpips_alex_spatial,8,8,full_frame,2,head_target_density1
0.0007310799189976167,0.005807109020360093,-0.0048562638171307584,released,0.55,20,lpips_alex_spatial,8,8,full_frame,2,head_target_density1
0.006294833308787174,0.011834030350898785,0.00019919708668578206,adaptive,0.8,20,lpips_alex_spatial,8,8,head_foreground,2,head_target_density1
0.005450671451681134,0.011867030491528516,-0.0017538011257623417,released,0.75,20,lpips_alex_spatial,8,8,head_foreground,2,head_target_density1
0.0066197528997348305,0.0120103456658829,0.00045535936904796196,adaptive,0.8,20,lpips_alex_spatial,8,8,head_supported,2,head_target_density1
0.0058502231015203614,0.012334651320646315,-0.0016072234685704711,released,0.8,20,lpips_alex_spatial,8,8,head_supported,2,head_target_density1
-0.00013514899932190737,0.008085579421596246,-0.008788155942610655,adaptive,0.65,20,lpips_alex_spatial,8,8,head_unsupported,2,head_target_density1
0.0003164449917865547,0.007951287783746827,-0.0075590945784166875,released,0.55,20,lpips_alex_spatial,8,8,head_unsupported,2,head_target_density1
0.005806569772231511,0.011081542622551791,0.0004066617995337984,adaptive,0.75,20,lpips_alex_spatial,8,8,oral,2,head_target_density1
0.002500168138905279,0.008792894340454263,-0.0037783753847069564,released,0.55,20,lpips_alex_spatial,8,8,oral,2,head_target_density1
0.001391049660427568,0.010477215146106665,-0.007227412297090385,adaptive,0.5,20,lpips_alex_spatial,8,8,torso_outside_head_roi,2,head_target_density1
-0.0004862047855870077,0.007610529372615361,-0.008726111978093294,released,0.5,20,lpips_alex_spatial,8,8,torso_outside_head_roi,2,head_target_density1
-0.004299837065981233,0.0016348960353250697,-0.010026060000456676,adaptive,0.4,20,lpips_alex_spatial,384,1,background,2,head_target_density1
-0.008360832570023844,-0.0010233684439044006,-0.015795838706212453,released,0.35,20,lpips_alex_spatial,384,1,background,2,head_target_density1
0.00019362901026379747,0.006023699047249169,-0.005877156826870236,adaptive,0.55,20,lpips_alex_spatial,384,1,eyes,2,head_target_density1
0.003916718426643366,0.01122101451009923,-0.003369148473572364,released,0.6,20,lpips_alex_spatial,384,1,eyes,2,head_target_density1
-0.023445779153400615,-0.015632123562206463,-0.031335563885295833,adaptive,0.1,20,lpips_alex_spatial,384,1,flame_supported,2,head_target_density1
-0.02710465621467511,-0.018423587494499197,-0.03566240625723735,released,0.05,20,lpips_alex_spatial,384,1,flame_supported,2,head_target_density1
-0.006989246784914041,0.0031472339157481194,-0.016257459567795028,adaptive,0.3,20,lpips_alex_spatial,384,1,flame_unsupported,2,head_target_density1
-0.009138415947959144,0.0007782538845151854,-0.01852473610065952,released,0.25,20,lpips_alex_spatial,384,1,flame_unsupported,2,head_target_density1
-0.01824220342959255,-0.010871385102286094,-0.025995408167129454,adaptive,0.15,20,lpips_alex_spatial,384,1,foreground,2,head_target_density1
-0.02140955971480652,-0.013435073613263631,-0.02932294739085388,released,0.2,20,lpips_alex_spatial,384,1,foreground,2,head_target_density1
-0.011785951876021031,-0.00566214259278464,-0.01780402717652257,adaptive,0.2,20,lpips_alex_spatial,384,1,full_frame,2,head_target_density1
-0.01523603096410825,-0.008729461298941,-0.022063384734384392,released,0.2,20,lpips_alex_spatial,384,1,full_frame,2,head_target_density1
-0.022073725389847445,-0.014513910004668134,-0.02988912026013577,adaptive,0.1,20,lpips_alex_spatial,384,1,head_foreground,2,head_target_density1
-0.025158252415154736,-0.016991572513596908,-0.03332194756911272,released,0.1,20,lpips_alex_spatial,384,1,head_foreground,2,head_target_density1
-0.023947032379662968,-0.01649383770961718,-0.032049942994745326,adaptive,0.1,20,lpips_alex_spatial,384,1,head_supported,2,head_target_density1
-0.027125311856239502,-0.018659052458874455,-0.035646614895889994,released,0.05,20,lpips_alex_spatial,384,1,head_supported,2,head_target_density1
-0.012361741887727682,-0.0030407628397695883,-0.021686334704962888,adaptive,0.3,20,lpips_alex_spatial,384,1,head_unsupported,2,head_target_density1
-0.014278808941678989,-0.0045040124840203715,-0.023914841940512365,released,0.3,20,lpips_alex_spatial,384,1,head_unsupported,2,head_target_density1
-0.022031775220625605,-0.0130676026175928,-0.03096191191499384,adaptive,0.2,20,lpips_alex_spatial,384,1,oral,2,head_target_density1
-0.02162360935535677,-0.013699663226841454,-0.0294315659115413,released,0.1,20,lpips_alex_spatial,384,1,oral,2,head_target_density1
-0.007037160067670714,0.004779577840583802,-0.01797701261792314,adaptive,0.35,20,lpips_alex_spatial,384,1,torso_outside_head_roi,2,head_target_density1
-0.010182617501590208,0.002993769998438387,-0.022345896935689367,released,0.35,20,lpips_alex_spatial,384,1,torso_outside_head_roi,2,head_target_density1
0.0013669063005381343,0.008106568126078018,-0.006395493445209196,adaptive,0.5,20,lpips_alex_spatial,384,4,background,2,head_target_density1
-0.0020667726374669253,0.004965910218527311,-0.009373701964938481,released,0.5,20,lpips_alex_spatial,384,4,background,2,head_target_density1
0.015218134463953838,0.02265891545447623,0.006433846869158997,adaptive,0.85,20,lpips_alex_spatial,384,4,eyes,2,head_target_density1
0.016750256320683256,0.025323332467283088,0.007575101014075614,released,0.8,20,lpips_alex_spatial,384,4,eyes,2,head_target_density1
-0.009145260749428282,-0.001615298582755078,-0.01767381039075983,adaptive,0.5,20,lpips_alex_spatial,384,4,flame_supported,2,head_target_density1
-0.012219582123513794,-0.003402245059084028,-0.02145098320603702,released,0.35,20,lpips_alex_spatial,384,4,flame_supported,2,head_target_density1
-0.0009644652999471149,0.008749587125892017,-0.010100847472156664,adaptive,0.5,20,lpips_alex_spatial,384,4,flame_unsupported,2,head_target_density1
-0.0023317376768463376,0.007987417317021479,-0.012374194623972401,released,0.5,20,lpips_alex_spatial,384,4,flame_unsupported,2,head_target_density1
-0.006454143056153697,0.0006532671197701539,-0.014386499372296874,adaptive,0.5,20,lpips_alex_spatial,384,4,foreground,2,head_target_density1
-0.00911618925066077,-0.0009940277972928032,-0.017757995827632295,released,0.45,20,lpips_alex_spatial,384,4,foreground,2,head_target_density1
-0.0029830187805428053,0.0034062538991782238,-0.00989056977851333,adaptive,0.5,20,lpips_alex_spatial,384,4,full_frame,2,head_target_density1
-0.005917655485720684,0.00039129975044036014,-0.012959509852750269,released,0.45,20,lpips_alex_spatial,384,4,full_frame,2,head_target_density1
-0.0072088540020272445,0.0004407009866998942,-0.01595675331093511,adaptive,0.45,20,lpips_alex_spatial,384,4,head_foreground,2,head_target_density1
-0.009948717677474636,-0.0014277028449056503,-0.019095398013217017,released,0.35,20,lpips_alex_spatial,384,4,head_foreground,2,head_target_density1
-0.008724919356335386,-0.0008471398163916034,-0.01741124428861472,adaptive,0.45,20,lpips_alex_spatial,384,4,head_supported,2,head_target_density1
-0.011596594548890535,-0.0030635270413609246,-0.02089334975407227,released,0.35,20,lpips_alex_spatial,384,4,head_supported,2,head_target_density1
-9.825857449026892e-05,0.009682365063739077,-0.010345414789198147,adaptive,0.5,20,lpips_alex_spatial,384,4,head_unsupported,2,head_target_density1
-0.0017221563121173962,0.008172673389232091,-0.011905903777327628,released,0.45,20,lpips_alex_spatial,384,4,head_unsupported,2,head_target_density1
0.0002638823748242022,0.006302265542156137,-0.005882128131149232,adaptive,0.55,20,lpips_alex_spatial,384,4,oral,2,head_target_density1
-0.0038364956045624787,0.00337804049690823,-0.01105827619246873,released,0.45,20,lpips_alex_spatial,384,4,oral,2,head_target_density1
-0.004267151285640156,0.006639515029255496,-0.01452826491203291,adaptive,0.4,20,lpips_alex_spatial,384,4,torso_outside_head_roi,2,head_target_density1
-0.005864941939795146,0.006478350055560592,-0.017381602564886266,released,0.4,20,lpips_alex_spatial,384,4,torso_outside_head_roi,2,head_target_density1
0.0026556194718027615,0.00952053953704192,-0.004775213670913967,adaptive,0.6,20,lpips_alex_spatial,384,8,background,2,head_target_density1
0.0003943077874912299,0.00842237234168507,-0.0074779045453522985,released,0.55,20,lpips_alex_spatial,384,8,background,2,head_target_density1
0.015751670412197605,0.02300311122531128,0.007849940533276065,adaptive,0.85,20,lpips_alex_spatial,384,8,eyes,2,head_target_density1
0.014828250624543965,0.022362764428873725,0.0070736659337149255,released,0.8,20,lpips_alex_spatial,384,8,eyes,2,head_target_density1
-0.007692676987340321,-0.00032024595557433904,-0.01564689532087363,adaptive,0.4,20,lpips_alex_spatial,384,8,flame_supported,2,head_target_density1
-0.012372950350155287,-0.004008430979744444,-0.02082337960194582,released,0.3,20,lpips_alex_spatial,384,8,flame_supported,2,head_target_density1
0.00174411261079383,0.012095312766796875,-0.007589156342606685,adaptive,0.5,20,lpips_alex_spatial,384,8,flame_unsupported,2,head_target_density1
-0.0014963369198469022,0.008918230664083735,-0.011650094276408824,released,0.5,20,lpips_alex_spatial,384,8,flame_unsupported,2,head_target_density1
-0.004694163381238928,0.0030636087625593245,-0.012287899990525972,adaptive,0.45,20,lpips_alex_spatial,384,8,foreground,2,head_target_density1
-0.009137560491168522,-0.0011092548739996282,-0.017293191899053248,released,0.35,20,lpips_alex_spatial,384,8,foreground,2,head_target_density1
-0.0013368375115580312,0.005212628268576297,-0.008332013514908873,adaptive,0.55,20,lpips_alex_spatial,384,8,full_frame,2,head_target_density1
-0.004646562136612924,0.0019076952086640741,-0.011378975951826414,released,0.4,20,lpips_alex_spatial,384,8,full_frame,2,head_target_density1
-0.005221480272088433,0.002453717796695797,-0.013843634495314984,adaptive,0.35,20,lpips_alex_spatial,384,8,head_foreground,2,head_target_density1
-0.00981755982053087,-0.0017166198024977841,-0.018212043808219565,released,0.35,20,lpips_alex_spatial,384,8,head_foreground,2,head_target_density1
-0.007005905648213534,0.00027315281303180017,-0.0155416535327587,adaptive,0.4,20,lpips_alex_spatial,384,8,head_supported,2,head_target_density1
-0.011694250406875866,-0.00355328948473195,-0.020366809683098352,released,0.3,20,lpips_alex_spatial,384,8,head_supported,2,head_target_density1
0.004926429852119203,0.015225129093956393,-0.005584259383417818,adaptive,0.55,20,lpips_alex_spatial,384,8,head_unsupported,2,head_target_density1
0.0003720552478874775,0.010800564453849044,-0.010360919551899222,released,0.5,20,lpips_alex_spatial,384,8,head_unsupported,2,head_target_density1
0.0028285901257703765,0.009100355912593384,-0.003785223860199668,adaptive,0.55,20,lpips_alex_spatial,384,8,oral,2,head_target_density1
-0.00324031943871672,0.003151328988924102,-0.010122034185953161,released,0.5,20,lpips_alex_spatial,384,8,oral,2,head_target_density1
-0.002487061109524083,0.009488111517657969,-0.013129946966245181,adaptive,0.35,20,lpips_alex_spatial,384,8,torso_outside_head_roi,2,head_target_density1
-0.0054854262926106205,0.0076416221396839136,-0.016892172855912786,released,0.35,20,lpips_alex_spatial,384,8,torso_outside_head_roi,2,head_target_density1
-0.03245266865773145,-0.01962855906406624,-0.04539869433215805,adaptive,0.1,20,lpips_alex_spatial,8,1,background,2,primary_full_target_density1
-0.039287608953193776,-0.027718442837743145,-0.05117180452489447,released,0.05,20,lpips_alex_spatial,8,1,background,2,primary_full_target_density1
-0.016431339669867456,-0.009063009883867473,-0.024458665433773216,adaptive,0.2,20,lpips_alex_spatial,8,1,eyes,2,primary_full_target_density1
-0.034440479065240844,-0.02678192485217425,-0.04242516674994284,released,0.0,20,lpips_alex_spatial,8,1,eyes,2,primary_full_target_density1
-0.041169135923697045,-0.02740056860286223,-0.05483898727739666,adaptive,0.05,20,lpips_alex_spatial,8,1,flame_supported,2,primary_full_target_density1
-0.06670499256045861,-0.05443496900710691,-0.07803930169340063,released,0.0,20,lpips_alex_spatial,8,1,flame_supported,2,primary_full_target_density1
0.03139841344225469,0.0653967274688298,-0.004045123033754482,adaptive,0.65,20,lpips_alex_spatial,8,1,flame_unsupported,2,primary_full_target_density1
-0.01595452600581317,0.013607225233708609,-0.04691005618384815,released,0.5,20,lpips_alex_spatial,8,1,flame_unsupported,2,primary_full_target_density1
-0.017397953663680875,0.0017345120950200547,-0.03577788716572007,adaptive,0.35,20,lpips_alex_spatial,8,1,foreground,2,primary_full_target_density1
-0.04949435257833378,-0.032577122216405956,-0.0661537079802382,released,0.1,20,lpips_alex_spatial,8,1,foreground,2,primary_full_target_density1
-0.023869423432783657,-0.009299749788138783,-0.038467779854288356,adaptive,0.25,20,lpips_alex_spatial,8,1,full_frame,2,primary_full_target_density1
-0.044526158021642025,-0.03142798603064828,-0.05799794251365323,released,0.0,20,lpips_alex_spatial,8,1,full_frame,2,primary_full_target_density1
-0.040911667371511716,-0.029503026950813055,-0.05271053580372073,adaptive,0.1,20,lpips_alex_spatial,8,1,head_foreground,2,primary_full_target_density1
-0.06492368516323826,-0.05377497873546081,-0.07516746427464993,released,0.0,20,lpips_alex_spatial,8,1,head_foreground,2,primary_full_target_density1
-0.042131032656226156,-0.030345075752631696,-0.05443739740156109,adaptive,0.05,20,lpips_alex_spatial,8,1,head_supported,2,primary_full_target_density1
-0.06555053076120008,-0.05444609797615793,-0.075588598914105,released,0.0,20,lpips_alex_spatial,8,1,head_supported,2,primary_full_target_density1
-0.03440073468748376,-0.021098296730943815,-0.04754986584926302,adaptive,0.15,20,lpips_alex_spatial,8,1,head_unsupported,2,primary_full_target_density1
-0.0625857266854766,-0.04924155728908863,-0.07599730792552405,released,0.0,20,lpips_alex_spatial,8,1,head_unsupported,2,primary_full_target_density1
-0.0411119384500476,-0.029216159770694316,-0.05286687473719995,adaptive,0.05,20,lpips_alex_spatial,8,1,oral,2,primary_full_target_density1
-0.05984084372632285,-0.05017346012086449,-0.06920766875489962,released,0.0,20,lpips_alex_spatial,8,1,oral,2,primary_full_target_density1
0.027859743133588948,0.06708088461882641,-0.0125325665251519,adaptive,0.65,20,lpips_alex_spatial,8,1,torso_outside_head_roi,2,primary_full_target_density1
-0.023370453144202222,0.012367888328154815,-0.0624570402195019,released,0.5,20,lpips_alex_spatial,8,1,torso_outside_head_roi,2,primary_full_target_density1
-0.02606844610314566,-0.0115875555350806,-0.04131785222892475,adaptive,0.15,20,lpips_alex_spatial,8,4,background,2,primary_full_target_density1
-0.031318698946028276,-0.01880859472149496,-0.04468492168780721,released,0.1,20,lpips_alex_spatial,8,4,background,2,primary_full_target_density1
-0.013997936610435812,-0.00650187486795403,-0.022646587654766823,adaptive,0.25,20,lpips_alex_spatial,8,4,eyes,2,primary_full_target_density1
-0.027285015882026593,-0.018495641064250157,-0.03663260086591595,released,0.1,20,lpips_alex_spatial,8,4,eyes,2,primary_full_target_density1
-0.038646962857576385,-0.022252974968039546,-0.055130844683774,adaptive,0.1,20,lpips_alex_spatial,8,4,flame_supported,2,primary_full_target_density1
-0.05924451555529582,-0.046296219667726915,-0.07153808914195833,released,0.0,20,lpips_alex_spatial,8,4,flame_supported,2,primary_full_target_density1
0.034429522609331964,0.06564375392869655,-0.0019538065108164375,adaptive,0.8,20,lpips_alex_spatial,8,4,flame_unsupported,2,primary_full_target_density1
-0.0063923922863271,0.019960455353542076,-0.036598548414404956,released,0.55,20,lpips_alex_spatial,8,4,flame_unsupported,2,primary_full_target_density1
-0.015458600794295837,0.0041244068612306456,-0.03685027056810838,adaptive,0.35,20,lpips_alex_spatial,8,4,foreground,2,primary_full_target_density1
-0.04218961668815323,-0.025649005173543977,-0.058803823170828544,released,0.2,20,lpips_alex_spatial,8,4,foreground,2,primary_full_target_density1
-0.019890013657325543,-0.0035435630565832433,-0.038203713712859716,adaptive,0.4,20,lpips_alex_spatial,8,4,full_frame,2,primary_full_target_density1
-0.03707527365566285,-0.023202038079746506,-0.05187131331971854,released,0.2,20,lpips_alex_spatial,8,4,full_frame,2,primary_full_target_density1
-0.038781795686786316,-0.024527605944314405,-0.053183778907214145,adaptive,0.1,20,lpips_alex_spatial,8,4,head_foreground,2,primary_full_target_density1
-0.05772617065456835,-0.04554195180097226,-0.0691460116599446,released,0.0,20,lpips_alex_spatial,8,4,head_foreground,2,primary_full_target_density1
-0.0399050044590758,-0.026206448396720407,-0.0542995918240917,adaptive,0.1,20,lpips_alex_spatial,8,4,head_supported,2,primary_full_target_density1
-0.058442539064410846,-0.04648286652848971,-0.06959442454933204,released,0.0,20,lpips_alex_spatial,8,4,head_supported,2,primary_full_target_density1
-0.033346196039013024,-0.01636121262093325,-0.05205644807516891,adaptive,0.2,20,lpips_alex_spatial,8,4,head_unsupported,2,primary_full_target_density1
-0.05556118262239394,-0.039470825686713264,-0.07210917766486663,released,0.05,20,lpips_alex_spatial,8,4,head_unsupported,2,primary_full_target_density1
-0.04022388599038175,-0.027081512875479222,-0.053013386825641814,adaptive,0.1,20,lpips_alex_spatial,8,4,oral,2,primary_full_target_density1
-0.05271749623845281,-0.04202139359800662,-0.06345833740455573,released,0.0,20,lpips_alex_spatial,8,4,oral,2,primary_full_target_density1
0.03307329777556363,0.07194679718991404,-0.011882983860915708,adaptive,0.8,20,lpips_alex_spatial,8,4,torso_outside_head_roi,2,primary_full_target_density1
-0.011285435530327315,0.02192504396614891,-0.04791017710863003,released,0.55,20,lpips_alex_spatial,8,4,torso_outside_head_roi,2,primary_full_target_density1
-0.02635325342213507,-0.011480173579563751,-0.0426233658365948,adaptive,0.2,20,lpips_alex_spatial,8,8,background,2,primary_full_target_density1
-0.029977647081287872,-0.01763468858303135,-0.04374446735707544,released,0.1,20,lpips_alex_spatial,8,8,background,2,primary_full_target_density1
-0.013566937997433864,-0.006021400961546619,-0.021010815848034763,adaptive,0.25,20,lpips_alex_spatial,8,8,eyes,2,primary_full_target_density1
-0.02716086184409342,-0.018809700091893353,-0.03553421001871793,released,0.05,20,lpips_alex_spatial,8,8,eyes,2,primary_full_target_density1
-0.03813825935237518,-0.021524304879380965,-0.055300038283732825,adaptive,0.15,20,lpips_alex_spatial,8,8,flame_supported,2,primary_full_target_density1
-0.05861144883119068,-0.045882506365576906,-0.07113417893749364,released,0.0,20,lpips_alex_spatial,8,8,flame_supported,2,primary_full_target_density1
0.03632962642871998,0.06640748304263128,0.0019142606623626685,adaptive,0.8,20,lpips_alex_spatial,8,8,flame_unsupported,2,primary_full_target_density1
-0.0024047531052197924,0.023859487722874207,-0.031154697788877524,released,0.55,20,lpips_alex_spatial,8,8,flame_unsupported,2,primary_full_target_density1
-0.01433536993621148,0.005377105168535583,-0.03581299657007952,adaptive,0.5,20,lpips_alex_spatial,8,8,foreground,2,primary_full_target_density1
-0.04025224437782527,-0.023572984083426493,-0.0573230275957006,released,0.2,20,lpips_alex_spatial,8,8,foreground,2,primary_full_target_density1
-0.019462440385446915,-0.00271353207818874,-0.03741923808083905,adaptive,0.45,20,lpips_alex_spatial,8,8,full_frame,2,primary_full_target_density1
-0.03527677941631962,-0.0213145245398794,-0.05021589447925617,released,0.15,20,lpips_alex_spatial,8,8,full_frame,2,primary_full_target_density1
-0.038108522830186606,-0.023335144771810878,-0.05297139503875785,adaptive,0.15,20,lpips_alex_spatial,8,8,head_foreground,2,primary_full_target_density1
-0.05632821609938414,-0.044640128529185204,-0.06754661177847933,released,0.0,20,lpips_alex_spatial,8,8,head_foreground,2,primary_full_target_density1
-0.03907236819919109,-0.024471924741123866,-0.053775573781502814,adaptive,0.1,20,lpips_alex_spatial,8,8,head_supported,2,primary_full_target_density1
-0.057242839338578655,-0.04561684049295686,-0.06797903092588167,released,0.0,20,lpips_alex_spatial,8,8,head_supported,2,primary_full_target_density1
-0.03558788265095695,-0.017155412424393605,-0.05530396883877105,adaptive,0.25,20,lpips_alex_spatial,8,8,head_unsupported,2,primary_full_target_density1
-0.05349094045207229,-0.037129783061807156,-0.07031064527899324,released,0.05,20,lpips_alex_spatial,8,8,head_unsupported,2,primary_full_target_density1
-0.03504603319350275,-0.02183028224010858,-0.04787152358622119,adaptive,0.15,20,lpips_alex_spatial,8,8,oral,2,primary_full_target_density1
-0.052922505417223785,-0.042460927130330166,-0.06360400037229358,released,0.0,20,lpips_alex_spatial,8,8,oral,2,primary_full_target_density1
0.03525622857919888,0.07089146910602848,-0.005723065729770248,adaptive,0.8,20,lpips_alex_spatial,8,8,torso_outside_head_roi,2,primary_full_target_density1
-0.009729268145190626,0.022783442593793606,-0.04645659450325597,released,0.55,20,lpips_alex_spatial,8,8,torso_outside_head_roi,2,primary_full_target_density1
-0.024381749615547198,-0.014191941002047395,-0.035796993569263795,adaptive,0.15,20,lpips_alex_spatial,32,1,background,2,primary_full_target_density1
-0.02210862985994743,-0.01183429440755354,-0.03278678404408885,released,0.2,20,lpips_alex_spatial,32,1,background,2,primary_full_target_density1
-0.014764445452016611,-0.006016864859002724,-0.023733406493083573,adaptive,0.2,20,lpips_alex_spatial,32,1,eyes,2,primary_full_target_density1
-0.01214873808305264,-0.0006254345825043756,-0.024569301416583252,released,0.35,20,lpips_alex_spatial,32,1,eyes,2,primary_full_target_density1
-0.06633220814581249,-0.05399148933547758,-0.07923366064153586,adaptive,0.0,20,lpips_alex_spatial,32,1,flame_supported,2,primary_full_target_density1
-0.05439159129333162,-0.04063912044351914,-0.06827308832046255,released,0.0,20,lpips_alex_spatial,32,1,flame_supported,2,primary_full_target_density1
0.023035991871506973,0.0547148170166268,-0.011465317184386469,adaptive,0.65,20,lpips_alex_spatial,32,1,flame_unsupported,2,primary_full_target_density1
0.03859620547900537,0.06912826816103407,0.006402615505039773,released,0.8,20,lpips_alex_spatial,32,1,flame_unsupported,2,primary_full_target_density1
-0.037460269721627956,-0.019841455054457155,-0.055503692272154855,adaptive,0.2,20,lpips_alex_spatial,32,1,foreground,2,primary_full_target_density1
-0.024596086493381235,-0.0069745270141742255,-0.04229501112830139,released,0.3,20,lpips_alex_spatial,32,1,foreground,2,primary_full_target_density1
-0.03107150618906146,-0.01817774428562687,-0.045114781613667304,adaptive,0.15,20,lpips_alex_spatial,32,1,full_frame,2,primary_full_target_density1
-0.02297452336007898,-0.010146395801143225,-0.03679082403322317,released,0.2,20,lpips_alex_spatial,32,1,full_frame,2,primary_full_target_density1
-0.06458272634246771,-0.05362728365475561,-0.07677167985030149,adaptive,0.0,20,lpips_alex_spatial,32,1,head_foreground,2,primary_full_target_density1
-0.051977897547364635,-0.040091744230322905,-0.06445791093011603,released,0.0,20,lpips_alex_spatial,32,1,head_foreground,2,primary_full_target_density1
-0.06664943872032855,-0.055779954996174816,-0.0782512681055797,adaptive,0.0,20,lpips_alex_spatial,32,1,head_supported,2,primary_full_target_density1
-0.05450809271600939,-0.04210965942986086,-0.06720713996559682,released,0.0,20,lpips_alex_spatial,32,1,head_supported,2,primary_full_target_density1
-0.0531468952359368,-0.03820180884278006,-0.06966580978722893,adaptive,0.0,20,lpips_alex_spatial,32,1,head_unsupported,2,primary_full_target_density1
-0.03495002482149838,-0.02126436203599965,-0.048991644207299255,released,0.3,20,lpips_alex_spatial,32,1,head_unsupported,2,primary_full_target_density1
-0.05661796377957899,-0.04104060270526274,-0.07226655540295934,adaptive,0.05,20,lpips_alex_spatial,32,1,oral,2,primary_full_target_density1
-0.04059880451806973,-0.027626144607827783,-0.05343191602105553,released,0.1,20,lpips_alex_spatial,32,1,oral,2,primary_full_target_density1
0.019000189179875455,0.05492040147340478,-0.020309284299865647,adaptive,0.7,20,lpips_alex_spatial,32,1,torso_outside_head_roi,2,primary_full_target_density1
0.03394510366629107,0.06784488807697198,-0.0030810710453782284,released,0.75,20,lpips_alex_spatial,32,1,torso_outside_head_roi,2,primary_full_target_density1
-0.021460335763523575,-0.01185409591261571,-0.03202830970426522,adaptive,0.2,20,lpips_alex_spatial,32,4,background,2,primary_full_target_density1
-0.022675222834884136,-0.011037904397666673,-0.0353517864141657,released,0.25,20,lpips_alex_spatial,32,4,background,2,primary_full_target_density1
-0.015105314814718811,-0.005161725874232217,-0.024921860407914696,adaptive,0.25,20,lpips_alex_spatial,32,4,eyes,2,primary_full_target_density1
-0.013562896477381292,-0.0020734182841608234,-0.02643380905833175,released,0.3,20,lpips_alex_spatial,32,4,eyes,2,primary_full_target_density1
-0.06463814229659065,-0.053074226971147935,-0.07685869051916905,adaptive,0.0,20,lpips_alex_spatial,32,4,flame_supported,2,primary_full_target_density1
-0.05940331424647895,-0.04453352985458384,-0.07583334561121861,released,0.0,20,lpips_alex_spatial,32,4,flame_supported,2,primary_full_target_density1
0.024944481892281094,0.05659023257396649,-0.007994485153258894,adaptive,0.6,20,lpips_alex_spatial,32,4,flame_unsupported,2,primary_full_target_density1
0.02912052663335893,0.06078635415818368,-0.004140998152939583,released,0.7,20,lpips_alex_spatial,32,4,flame_unsupported,2,primary_full_target_density1
-0.03619370582230561,-0.01893912952010866,-0.0533915359616103,adaptive,0.2,20,lpips_alex_spatial,32,4,foreground,2,primary_full_target_density1
-0.031650458593711225,-0.012085347896661741,-0.05223228230545252,released,0.25,20,lpips_alex_spatial,32,4,foreground,2,primary_full_target_density1
-0.029149669063977958,-0.01642020972922813,-0.04292596638818417,adaptive,0.15,20,lpips_alex_spatial,32,4,full_frame,2,primary_full_target_density1
-0.027097596659148026,-0.012096022514026038,-0.043685790274507724,released,0.25,20,lpips_alex_spatial,32,4,full_frame,2,primary_full_target_density1
-0.06313255181763552,-0.052583620464010855,-0.07550229220126978,adaptive,0.0,20,lpips_alex_spatial,32,4,head_foreground,2,primary_full_target_density1
-0.056277268423607564,-0.042374291924796775,-0.07130835365012796,released,0.0,20,lpips_alex_spatial,32,4,head_foreground,2,primary_full_target_density1
-0.06528808451051338,-0.05480349459035212,-0.07688282696778846,adaptive,0.0,20,lpips_alex_spatial,32,4,head_supported,2,primary_full_target_density1
-0.059023427997233514,-0.04535160651419653,-0.07380959136626554,released,0.0,20,lpips_alex_spatial,32,4,head_supported,2,primary_full_target_density1
-0.05025551539704083,-0.03370727516422982,-0.06877395947842063,adaptive,0.05,20,lpips_alex_spatial,32,4,head_unsupported,2,primary_full_target_density1
-0.037893999002211104,-0.020044463791506265,-0.05616197299849251,released,0.25,20,lpips_alex_spatial,32,4,head_unsupported,2,primary_full_target_density1
-0.05656972645997064,-0.04455391491997232,-0.06946326960197781,adaptive,0.0,20,lpips_alex_spatial,32,4,oral,2,primary_full_target_density1
-0.04829904213500909,-0.034763248880442306,-0.06234369951402595,released,0.0,20,lpips_alex_spatial,32,4,oral,2,primary_full_target_density1
0.021356070349031833,0.056572060455268115,-0.01772527435848751,adaptive,0.65,20,lpips_alex_spatial,32,4,torso_outside_head_roi,2,primary_full_target_density1
0.02284084921315655,0.05904047152198585,-0.016989134003377867,released,0.65,20,lpips_alex_spatial,32,4,torso_outside_head_roi,2,primary_full_target_density1
-0.018159649758419168,-0.008252067348732866,-0.028898581870664197,adaptive,0.2,20,lpips_alex_spatial,32,8,background,2,primary_full_target_density1
-0.01819421933181009,-0.007162829553132723,-0.02999579938984271,released,0.3,20,lpips_alex_spatial,32,8,background,2,primary_full_target_density1
-0.013479172834274286,-0.004184454166093374,-0.023419736541921834,adaptive,0.25,20,lpips_alex_spatial,32,8,eyes,2,primary_full_target_density1
-0.013082265049580438,-0.0020425087515630407,-0.025532708437514196,released,0.35,20,lpips_alex_spatial,32,8,eyes,2,primary_full_target_density1
-0.06136456386371024,-0.04854983889365039,-0.07429719183678196,adaptive,0.05,20,lpips_alex_spatial,32,8,flame_supported,2,primary_full_target_density1
-0.057025421714243074,-0.04229506915910013,-0.07270749143454562,released,0.0,20,lpips_alex_spatial,32,8,flame_supported,2,primary_full_target_density1
0.029695221535243777,0.061766025837088206,-0.0047303026833998415,adaptive,0.65,20,lpips_alex_spatial,32,8,flame_unsupported,2,primary_full_target_density1
0.03421811148781686,0.06630082032049098,-0.0005106530171225984,released,0.75,20,lpips_alex_spatial,32,8,flame_unsupported,2,primary_full_target_density1
-0.031587499530215925,-0.012834507588753643,-0.049944922611108195,adaptive,0.25,20,lpips_alex_spatial,32,8,foreground,2,primary_full_target_density1
-0.027680374830337084,-0.00781296536089242,-0.048253302279280694,released,0.4,20,lpips_alex_spatial,32,8,foreground,2,primary_full_target_density1
-0.024883657229411153,-0.011647417245360189,-0.03853518366039576,adaptive,0.2,20,lpips_alex_spatial,32,8,full_frame,2,primary_full_target_density1
-0.02267130404323727,-0.007938752470465478,-0.038506867107632875,released,0.3,20,lpips_alex_spatial,32,8,full_frame,2,primary_full_target_density1
-0.059100878218984354,-0.047460873570091607,-0.07122436374650289,adaptive,0.0,20,lpips_alex_spatial,32,8,head_foreground,2,primary_full_target_density1
-0.053258365838945776,-0.04010853211607481,-0.06744083820488903,released,0.0,20,lpips_alex_spatial,32,8,head_foreground,2,primary_full_target_density1
-0.06137816414827986,-0.05018974255128442,-0.07344736835206556,adaptive,0.0,20,lpips_alex_spatial,32,8,head_supported,2,primary_full_target_density1
-0.056107084593225054,-0.04309480447528176,-0.07071351325670162,released,0.0,20,lpips_alex_spatial,32,8,head_supported,2,primary_full_target_density1
-0.04456728220798558,-0.028070112984531805,-0.062204298058934876,adaptive,0.1,20,lpips_alex_spatial,32,8,head_unsupported,2,primary_full_target_density1
-0.03382440117572356,-0.016570196013133084,-0.05164078440933336,released,0.2,20,lpips_alex_spatial,32,8,head_unsupported,2,primary_full_target_density1
-0.05297540199696103,-0.03990793036567402,-0.06652738459879576,adaptive,0.0,20,lpips_alex_spatial,32,8,oral,2,primary_full_target_density1
-0.046207934641124535,-0.032722720870866376,-0.06102635155142711,released,0.05,20,lpips_alex_spatial,32,8,oral,2,primary_full_target_density1
0.024141402908651636,0.06198360612326696,-0.015487806273862894,adaptive,0.7,20,lpips_alex_spatial,32,8,torso_outside_head_roi,2,primary_full_target_density1
0.02585527598729081,0.062334760261838755,-0.014295388107222178,released,0.75,20,lpips_alex_spatial,32,8,torso_outside_head_roi,2,primary_full_target_density1
-0.005355070218490645,0.0033408469766778148,-0.013921541792766305,adaptive,0.35,20,lpips_alex_spatial,128,1,background,2,primary_full_target_density1
-0.01676421303437748,-0.0066379605551782185,-0.027837334386612348,released,0.2,20,lpips_alex_spatial,128,1,background,2,primary_full_target_density1
-0.0034944959895855873,0.00638469684107265,-0.013926778402240733,adaptive,0.45,20,lpips_alex_spatial,128,1,eyes,2,primary_full_target_density1
-0.014124667229903312,-0.0016034134883711403,-0.026984523864151948,released,0.4,20,lpips_alex_spatial,128,1,eyes,2,primary_full_target_density1
-0.04121877911949297,-0.02767810431887579,-0.05574347644704659,adaptive,0.1,20,lpips_alex_spatial,128,1,flame_supported,2,primary_full_target_density1
-0.0496261111323635,-0.035812437268099344,-0.06417803978385,released,0.05,20,lpips_alex_spatial,128,1,flame_supported,2,primary_full_target_density1
0.047079321994919154,0.06761700183579859,0.02651849666142757,adaptive,0.85,20,lpips_alex_spatial,128,1,flame_unsupported,2,primary_full_target_density1
0.04627690277049106,0.07200274358114868,0.018978155163804966,released,0.75,20,lpips_alex_spatial,128,1,flame_unsupported,2,primary_full_target_density1
-0.012666769376437662,0.001594819243907982,-0.02716374940186789,adaptive,0.4,20,lpips_alex_spatial,128,1,foreground,2,primary_full_target_density1
-0.018962617958160725,-0.004177659422755915,-0.03506680989537928,released,0.3,20,lpips_alex_spatial,128,1,foreground,2,primary_full_target_density1
-0.008929562220325716,0.0018949746988810511,-0.019980879587593016,adaptive,0.4,20,lpips_alex_spatial,128,1,full_frame,2,primary_full_target_density1
-0.01773519210227124,-0.006191298587175172,-0.030427714765265387,released,0.2,20,lpips_alex_spatial,128,1,full_frame,2,primary_full_target_density1
-0.04094195461145064,-0.026495400858723598,-0.05577923858866786,adaptive,0.1,20,lpips_alex_spatial,128,1,head_foreground,2,primary_full_target_density1
-0.04843951418768988,-0.035406974670797786,-0.061995042126943484,released,0.05,20,lpips_alex_spatial,128,1,head_foreground,2,primary_full_target_density1
-0.0428291686157392,-0.028195084202780718,-0.057184770617003146,adaptive,0.1,20,lpips_alex_spatial,128,1,head_supported,2,primary_full_target_density1
-0.05083299884674557,-0.03740589816592177,-0.06472122342830772,released,0.05,20,lpips_alex_spatial,128,1,head_supported,2,primary_full_target_density1
-0.03227385275775721,-0.016360922747359948,-0.050031301232536456,adaptive,0.2,20,lpips_alex_spatial,128,1,head_unsupported,2,primary_full_target_density1
-0.03351735020531229,-0.018507695141867148,-0.05103207280710461,released,0.2,20,lpips_alex_spatial,128,1,head_unsupported,2,primary_full_target_density1
-0.03617594095566447,-0.017200198092178206,-0.05540109963889545,adaptive,0.2,20,lpips_alex_spatial,128,1,oral,2,primary_full_target_density1
-0.04082863073344264,-0.02429818799518174,-0.05747579285534261,released,0.2,20,lpips_alex_spatial,128,1,oral,2,primary_full_target_density1
0.049742226392360304,0.07103755156543691,0.028280788983263448,adaptive,0.8,20,lpips_alex_spatial,128,1,torso_outside_head_roi,2,primary_full_target_density1
0.04649063588006919,0.07514845757632994,0.01412651379995546,released,0.75,20,lpips_alex_spatial,128,1,torso_outside_head_roi,2,primary_full_target_density1
-0.00897364282226985,-0.0007186411166916857,-0.01740193576140569,adaptive,0.35,20,lpips_alex_spatial,128,4,background,2,primary_full_target_density1
-0.01768771452171538,-0.008321547462964787,-0.02766691836756784,released,0.15,20,lpips_alex_spatial,128,4,background,2,primary_full_target_density1
-0.007912470930699234,0.002459068461874776,-0.01872401547492632,adaptive,0.45,20,lpips_alex_spatial,128,4,eyes,2,primary_full_target_density1
-0.012096605540167955,0.0004855990052584439,-0.02554797480020352,released,0.45,20,lpips_alex_spatial,128,4,eyes,2,primary_full_target_density1
-0.04931311847681617,-0.034881662804216895,-0.06417764620595796,adaptive,0.05,20,lpips_alex_spatial,128,4,flame_supported,2,primary_full_target_density1
-0.05431690414344027,-0.041765806070026355,-0.06828547865190245,released,0.0,20,lpips_alex_spatial,128,4,flame_supported,2,primary_full_target_density1
0.04328879833396334,0.0670019412924125,0.019806949625724102,adaptive,0.75,20,lpips_alex_spatial,128,4,flame_unsupported,2,primary_full_target_density1
0.04902985382851288,0.07233600946819162,0.025203205050615955,released,0.85,20,lpips_alex_spatial,128,4,flame_unsupported,2,primary_full_target_density1
-0.019857788589439866,-0.0040543535663707785,-0.036328845897343316,adaptive,0.4,20,lpips_alex_spatial,128,4,foreground,2,primary_full_target_density1
-0.02204253989567123,-0.008420924185058463,-0.036922639883857,released,0.25,20,lpips_alex_spatial,128,4,foreground,2,primary_full_target_density1
-0.014517602201335678,-0.0028071089421422128,-0.026694799452281176,adaptive,0.3,20,lpips_alex_spatial,128,4,full_frame,2,primary_full_target_density1
-0.01966961060673736,-0.00911956818266347,-0.03143796838142654,released,0.2,20,lpips_alex_spatial,128,4,full_frame,2,primary_full_target_density1
-0.04962999117491608,-0.035049027399200426,-0.06529784964660561,adaptive,0.05,20,lpips_alex_spatial,128,4,head_foreground,2,primary_full_target_density1
-0.05373956460053788,-0.041365395667447666,-0.06778481158589734,released,0.0,20,lpips_alex_spatial,128,4,head_foreground,2,primary_full_target_density1
-0.05189473091816975,-0.03699861947114508,-0.06693209506528182,adaptive,0.05,20,lpips_alex_spatial,128,4,head_supported,2,primary_full_target_density1
-0.0564535960882465,-0.04369147338357644,-0.07058946065013949,released,0.0,20,lpips_alex_spatial,128,4,head_supported,2,primary_full_target_density1
-0.03756972726695411,-0.020466575328311684,-0.056352158055843114,adaptive,0.25,20,lpips_alex_spatial,128,4,head_unsupported,2,primary_full_target_density1
-0.034804875980205686,-0.020943400398596487,-0.050211416215049993,released,0.1,20,lpips_alex_spatial,128,4,head_unsupported,2,primary_full_target_density1
-0.04711572965712137,-0.029708148767867548,-0.06540473052771818,adaptive,0.1,20,lpips_alex_spatial,128,4,oral,2,primary_full_target_density1
-0.04940055887896705,-0.033508833697761184,-0.06582562096817772,released,0.0,20,lpips_alex_spatial,128,4,oral,2,primary_full_target_density1
0.04568184506275317,0.07040600190370286,0.02081234599788805,adaptive,0.7,20,lpips_alex_spatial,128,4,torso_outside_head_roi,2,primary_full_target_density1
0.049948100895139735,0.07491143101197996,0.02412331424538465,released,0.85,20,lpips_alex_spatial,128,4,torso_outside_head_roi,2,primary_full_target_density1
-0.004682604415338659,0.0037909570842262082,-0.013166024220276235,adaptive,0.4,20,lpips_alex_spatial,128,8,background,2,primary_full_target_density1
-0.011630235157560167,-0.0014702305036536961,-0.022258886158891825,released,0.3,20,lpips_alex_spatial,128,8,background,2,primary_full_target_density1
-0.005241227662669809,0.004476383371823881,-0.015639517592567563,adaptive,0.5,20,lpips_alex_spatial,128,8,eyes,2,primary_full_target_density1
-0.007357966826896071,0.0048258187855504345,-0.020754939248341986,released,0.5,20,lpips_alex_spatial,128,8,eyes,2,primary_full_target_density1
-0.0460924477774863,-0.03033051628974673,-0.06239260208420636,adaptive,0.1,20,lpips_alex_spatial,128,8,flame_supported,2,primary_full_target_density1
-0.04849919842426482,-0.035943559820249105,-0.06289730198010246,released,0.0,20,lpips_alex_spatial,128,8,flame_supported,2,primary_full_target_density1
0.04959481280687116,0.07294695274162945,0.026925284787875727,adaptive,0.85,20,lpips_alex_spatial,128,8,flame_unsupported,2,primary_full_target_density1
0.052466018714289596,0.0758023442750806,0.02917177353381857,released,0.85,20,lpips_alex_spatial,128,8,flame_unsupported,2,primary_full_target_density1
-0.015095440072231908,0.0011775099075508784,-0.03210787397089009,adaptive,0.4,20,lpips_alex_spatial,128,8,foreground,2,primary_full_target_density1
-0.016176496874174877,-0.002494354867834216,-0.030952855735866425,released,0.3,20,lpips_alex_spatial,128,8,foreground,2,primary_full_target_density1
-0.009953206390529493,0.0019208274394660642,-0.022242228013354504,adaptive,0.35,20,lpips_alex_spatial,128,8,full_frame,2,primary_full_target_density1
-0.01375885528403443,-0.0028859931772405385,-0.025935190633519904,released,0.25,20,lpips_alex_spatial,128,8,full_frame,2,primary_full_target_density1
-0.04599583689924182,-0.029779339348173152,-0.06216753436035466,adaptive,0.1,20,lpips_alex_spatial,128,8,head_foreground,2,primary_full_target_density1
-0.04690481493480799,-0.034669260516417374,-0.061419089452814886,released,0.0,20,lpips_alex_spatial,128,8,head_foreground,2,primary_full_target_density1
-0.0483766970803892,-0.0324391902632673,-0.06433373409533591,adaptive,0.1,20,lpips_alex_spatial,128,8,head_supported,2,primary_full_target_density1
-0.04969112500661962,-0.03723445087316783,-0.06365106964278859,released,0.0,20,lpips_alex_spatial,128,8,head_supported,2,primary_full_target_density1
-0.032279904825863764,-0.01406939983941733,-0.050653703105633094,adaptive,0.4,20,lpips_alex_spatial,128,8,head_unsupported,2,primary_full_target_density1
-0.02815693047042715,-0.014707347757250796,-0.04312916062460657,released,0.15,20,lpips_alex_spatial,128,8,head_unsupported,2,primary_full_target_density1
-0.04694235624261882,-0.027946567893841548,-0.06637057477254489,adaptive,0.05,20,lpips_alex_spatial,128,8,oral,2,primary_full_target_density1
-0.04239266013829947,-0.027805029247895716,-0.057876885703722306,released,0.05,20,lpips_alex_spatial,128,8,oral,2,primary_full_target_density1
0.05099798060006183,0.07440293687117237,0.02774832376473675,adaptive,0.85,20,lpips_alex_spatial,128,8,torso_outside_head_roi,2,primary_full_target_density1
0.050387151981419596,0.07562242336075058,0.025044689491229545,released,0.85,20,lpips_alex_spatial,128,8,torso_outside_head_roi,2,primary_full_target_density1
-0.00691681895988755,0.002537969740008847,-0.0160196601039051,adaptive,0.35,20,lpips_alex_spatial,384,1,background,2,primary_full_target_density1
-0.013008214445021326,-0.003660878016116273,-0.022238681609336657,released,0.25,20,lpips_alex_spatial,384,1,background,2,primary_full_target_density1
-0.0035312009725594284,0.004098326864291968,-0.011491429902166114,adaptive,0.4,20,lpips_alex_spatial,384,1,eyes,2,primary_full_target_density1
-0.022365525851384634,-0.01157892177444101,-0.03408094748825279,released,0.25,20,lpips_alex_spatial,384,1,eyes,2,primary_full_target_density1
-0.04630963456966419,-0.03493695145839376,-0.05790096159375876,adaptive,0.05,20,lpips_alex_spatial,384,1,flame_supported,2,primary_full_target_density1
-0.05817848342292851,-0.04675398413984695,-0.07024041518812707,released,0.0,20,lpips_alex_spatial,384,1,flame_supported,2,primary_full_target_density1
0.044775503711218356,0.07298158093334929,0.015544072942675137,adaptive,0.8,20,lpips_alex_spatial,384,1,flame_unsupported,2,primary_full_target_density1
0.048216222269470935,0.074199798323167,0.02206472228995269,released,0.75,20,lpips_alex_spatial,384,1,flame_unsupported,2,primary_full_target_density1
-0.017027873739351218,-0.0004650135337787939,-0.03283864359287994,adaptive,0.35,20,lpips_alex_spatial,384,1,foreground,2,primary_full_target_density1
-0.02418788933653595,-0.010003867413799019,-0.0387761425640766,released,0.2,20,lpips_alex_spatial,384,1,foreground,2,primary_full_target_density1
-0.011661007806852275,0.000914391356629185,-0.02405835539586358,adaptive,0.3,20,lpips_alex_spatial,384,1,full_frame,2,primary_full_target_density1
-0.018465120026043485,-0.0076229876715254484,-0.029327353383233005,released,0.25,20,lpips_alex_spatial,384,1,full_frame,2,primary_full_target_density1
-0.04547905631367748,-0.03382769939220237,-0.05722749342492555,adaptive,0.05,20,lpips_alex_spatial,384,1,head_foreground,2,primary_full_target_density1
-0.0577479363047851,-0.04600183625748679,-0.06944204714120408,released,0.0,20,lpips_alex_spatial,384,1,head_foreground,2,primary_full_target_density1
-0.047161661358451526,-0.0357389884033515,-0.05861736286508329,adaptive,0.05,20,lpips_alex_spatial,384,1,head_supported,2,primary_full_target_density1
-0.060237432685830025,-0.048028460544139395,-0.07225797352879512,released,0.0,20,lpips_alex_spatial,384,1,head_supported,2,primary_full_target_density1
-0.0371606143550525,-0.02194179075360721,-0.0538955715863112,adaptive,0.2,20,lpips_alex_spatial,384,1,head_unsupported,2,primary_full_target_density1
-0.04151091003932422,-0.02922462806523234,-0.05508851747837029,released,0.05,20,lpips_alex_spatial,384,1,head_unsupported,2,primary_full_target_density1
-0.044713401517981886,-0.02697922394140441,-0.06242791043006551,adaptive,0.15,20,lpips_alex_spatial,384,1,oral,2,primary_full_target_density1
-0.054012562471823025,-0.03718314260740099,-0.070601898698269,released,0.05,20,lpips_alex_spatial,384,1,oral,2,primary_full_target_density1
0.044667112273898635,0.07544445133298079,0.011232556328504542,adaptive,0.75,20,lpips_alex_spatial,384,1,torso_outside_head_roi,2,primary_full_target_density1
0.04890040905913802,0.07757636625831198,0.0190713847595678,released,0.7,20,lpips_alex_spatial,384,1,torso_outside_head_roi,2,primary_full_target_density1
-0.009486062641174211,-0.0009857768400996592,-0.01758399669456585,adaptive,0.25,20,lpips_alex_spatial,384,4,background,2,primary_full_target_density1
-0.01349181837977471,-0.005372807559884552,-0.022037180192814986,released,0.25,20,lpips_alex_spatial,384,4,background,2,primary_full_target_density1
-0.008718212951387808,-0.0009129870446386162,-0.016967041259505915,adaptive,0.3,20,lpips_alex_spatial,384,4,eyes,2,primary_full_target_density1
-0.01828386327797247,-0.007371046281059068,-0.030780845605318175,released,0.25,20,lpips_alex_spatial,384,4,eyes,2,primary_full_target_density1
-0.055150536955696536,-0.04462479999183325,-0.06593021848337323,adaptive,0.0,20,lpips_alex_spatial,384,4,flame_supported,2,primary_full_target_density1
-0.057144612921080126,-0.04734499802139203,-0.0675952430463393,released,0.0,20,lpips_alex_spatial,384,4,flame_supported,2,primary_full_target_density1
0.044180781246397904,0.07074203041258251,0.0177711842141673,adaptive,0.8,20,lpips_alex_spatial,384,4,flame_unsupported,2,primary_full_target_density1
0.049973595123100435,0.0750043805392927,0.02528576772068143,released,0.8,20,lpips_alex_spatial,384,4,flame_unsupported,2,primary_full_target_density1
-0.023829519962233668,-0.008779486067533414,-0.03889426713365764,adaptive,0.25,20,lpips_alex_spatial,384,4,foreground,2,primary_full_target_density1
-0.023618015510064462,-0.012145192019225193,-0.03587037463931237,released,0.25,20,lpips_alex_spatial,384,4,foreground,2,primary_full_target_density1
-0.016585201123529236,-0.0051798251037262835,-0.027167644822154172,adaptive,0.25,20,lpips_alex_spatial,384,4,full_frame,2,primary_full_target_density1
-0.018465344718665146,-0.009820696438147043,-0.02737100614003899,released,0.2,20,lpips_alex_spatial,384,4,full_frame,2,primary_full_target_density1
-0.05498768197760227,-0.04357870505740138,-0.06644088015449388,adaptive,0.0,20,lpips_alex_spatial,384,4,head_foreground,2,primary_full_target_density1
-0.05758543195465214,-0.0467975212510658,-0.06864993327282677,released,0.0,20,lpips_alex_spatial,384,4,head_foreground,2,primary_full_target_density1
-0.05695180497200365,-0.04518178399244902,-0.06841377765996458,adaptive,0.0,20,lpips_alex_spatial,384,4,head_supported,2,primary_full_target_density1
-0.06015227788175578,-0.049805105872074706,-0.07121205472075234,released,0.0,20,lpips_alex_spatial,384,4,head_supported,2,primary_full_target_density1
-0.043880423585893995,-0.02818289409713817,-0.060264138083599886,adaptive,0.1,20,lpips_alex_spatial,384,4,head_unsupported,2,primary_full_target_density1
-0.041490585337655636,-0.02689107371215955,-0.05738119310429885,released,0.05,20,lpips_alex_spatial,384,4,head_unsupported,2,primary_full_target_density1
-0.051174192644336314,-0.03451588829071368,-0.06901837731102185,adaptive,0.05,20,lpips_alex_spatial,384,4,oral,2,primary_full_target_density1
-0.0559392787272688,-0.04048883696060795,-0.07244582759538382,released,0.0,20,lpips_alex_spatial,384,4,oral,2,primary_full_target_density1
0.045024275675481,0.0737318852048362,0.01479754553699336,adaptive,0.8,20,lpips_alex_spatial,384,4,torso_outside_head_roi,2,primary_full_target_density1
0.052235134610442394,0.07893386183261858,0.024618038901962885,released,0.85,20,lpips_alex_spatial,384,4,torso_outside_head_roi,2,primary_full_target_density1
-0.00659262517391265,0.002138940031004802,-0.014912952157675947,adaptive,0.35,20,lpips_alex_spatial,384,8,background,2,primary_full_target_density1
-0.008642556543882284,0.0005013522407777865,-0.01750052559764917,released,0.3,20,lpips_alex_spatial,384,8,background,2,primary_full_target_density1
-0.008306048793823094,-5.5247256772878196e-05,-0.01642388421743417,adaptive,0.35,20,lpips_alex_spatial,384,8,eyes,2,primary_full_target_density1
-0.016586186783309427,-0.0050916588731596615,-0.029392580143780118,released,0.25,20,lpips_alex_spatial,384,8,eyes,2,primary_full_target_density1
-0.05170989370804213,-0.04079919763811396,-0.06254823430749032,adaptive,0.05,20,lpips_alex_spatial,384,8,flame_supported,2,primary_full_target_density1
-0.05368011737111913,-0.04300333419524349,-0.06495529294766655,released,0.0,20,lpips_alex_spatial,384,8,flame_supported,2,primary_full_target_density1
0.047535301736063726,0.07510074869910445,0.019948001812565286,adaptive,0.85,20,lpips_alex_spatial,384,8,flame_unsupported,2,primary_full_target_density1
0.056613254709105984,0.0824610631771138,0.03252325128334084,released,0.85,20,lpips_alex_spatial,384,8,flame_unsupported,2,primary_full_target_density1
-0.019634240422446585,-0.0037548924782232498,-0.03410659459003571,adaptive,0.25,20,lpips_alex_spatial,384,8,foreground,2,primary_full_target_density1
-0.018535996266103062,-0.005497289218344737,-0.032178163599606104,released,0.25,20,lpips_alex_spatial,384,8,foreground,2,primary_full_target_density1
-0.012779073049495725,-0.0007793420495150762,-0.023585027961374853,adaptive,0.25,20,lpips_alex_spatial,384,8,full_frame,2,primary_full_target_density1
-0.01336869984478144,-0.002808313007865632,-0.023556771915067318,released,0.25,20,lpips_alex_spatial,384,8,full_frame,2,primary_full_target_density1
-0.050972402925589556,-0.03943988992355052,-0.06208673227406872,adaptive,0.05,20,lpips_alex_spatial,384,8,head_foreground,2,primary_full_target_density1
-0.05370515787481446,-0.04230777820257851,-0.0657207802933846,released,0.0,20,lpips_alex_spatial,384,8,head_foreground,2,primary_full_target_density1
-0.05327018491436568,-0.041936843946618015,-0.06422774736542809,adaptive,0.0,20,lpips_alex_spatial,384,8,head_supported,2,primary_full_target_density1
-0.05646956241674998,-0.04482269208676335,-0.06830263223911856,released,0.0,20,lpips_alex_spatial,384,8,head_supported,2,primary_full_target_density1
-0.03704680388703086,-0.022953218211219407,-0.05142860141469695,adaptive,0.1,20,lpips_alex_spatial,384,8,head_unsupported,2,primary_full_target_density1
-0.03596687990867766,-0.021908220029278763,-0.05280206799498105,released,0.1,20,lpips_alex_spatial,384,8,head_unsupported,2,primary_full_target_density1
-0.04882253579002056,-0.032818387559873284,-0.06562467258407048,adaptive,0.1,20,lpips_alex_spatial,384,8,oral,2,primary_full_target_density1
-0.05282902080143873,-0.036822190872234144,-0.06959290710227742,released,0.05,20,lpips_alex_spatial,384,8,oral,2,primary_full_target_density1
0.046558500179977744,0.07573703116901719,0.014810905483444462,adaptive,0.85,20,lpips_alex_spatial,384,8,torso_outside_head_roi,2,primary_full_target_density1
0.056387146664909585,0.08314349192828925,0.029343856798604514,released,0.85,20,lpips_alex_spatial,384,8,torso_outside_head_roi,2,primary_full_target_density1
