ci_high,ci_low,condition,identity_count,mean_displacement_fraction,metric,n_id,n_obs,positive_means_better_quality_at_matched_linear_displacement,region,release_radius_mm,utility_above_hard_released_chord
1.6205130919319686,-0.597226595011593,adaptive_r30,20,0.3930599934450275,masked_psnr,8,1,True,background,30.0,0.36547863455632046
-0.09654804099374503,-0.4869090324261256,adaptive_r30,20,0.3930599934450275,masked_psnr,8,1,True,eyes,30.0,-0.30060974621645825
0.010214810161670649,-0.7930553952225651,adaptive_r30,20,0.3930599934450275,masked_psnr,8,1,True,flame_supported,30.0,-0.3698500469341307
-0.16589745349735247,-0.378767173971968,adaptive_r30,20,0.3930599934450275,masked_psnr,8,1,True,flame_unsupported,30.0,-0.27163049362452557
-0.11476044720581889,-0.4487762964599755,adaptive_r30,20,0.3930599934450275,masked_psnr,8,1,True,foreground,30.0,-0.26807042060648223
-0.014338250954345218,-0.4075899702130743,adaptive_r30,20,0.3930599934450275,masked_psnr,8,1,True,full_frame,30.0,-0.19057053826075593
0.019056311943540728,-0.5363813416768289,adaptive_r30,20,0.3930599934450275,masked_psnr,8,1,True,head_foreground,30.0,-0.24952263324776788
-0.048542939332671196,-0.7756101023601961,adaptive_r30,20,0.3930599934450275,masked_psnr,8,1,True,head_supported,30.0,-0.3984158474647609
0.161105590598091,-0.55179453801008,adaptive_r30,20,0.3930599934450275,masked_psnr,8,1,True,head_unsupported,30.0,-0.19138559492207627
0.24885739875135302,-0.05139765734926133,adaptive_r30,20,0.3930599934450275,masked_psnr,8,1,True,oral,30.0,0.10337525740518175
-0.280286622348291,-0.7002747489259735,adaptive_r30,20,0.3930599934450275,masked_psnr,8,1,True,torso_outside_head_roi,30.0,-0.4769584464818111
2.2088493166121954,-0.19990401555835896,adaptive_r30,20,0.39390022335708524,masked_psnr,8,4,True,background,30.0,0.8365075991653029
0.05585416243458012,-0.46039475700110966,adaptive_r30,20,0.39390022335708524,masked_psnr,8,4,True,eyes,30.0,-0.20342000400754526
-0.08421680734827672,-0.6496105494351564,adaptive_r30,20,0.39390022335708524,masked_psnr,8,4,True,flame_supported,30.0,-0.3648353387083724
-0.08945129151552794,-0.36676210493262706,adaptive_r30,20,0.39390022335708524,masked_psnr,8,4,True,flame_unsupported,30.0,-0.23701760305185732
-0.10278353128875035,-0.3306161791706142,adaptive_r30,20,0.39390022335708524,masked_psnr,8,4,True,foreground,30.0,-0.2227396580364258
-0.020951078255265806,-0.2717567624698643,adaptive_r30,20,0.39390022335708524,masked_psnr,8,4,True,full_frame,30.0,-0.1448129931017766
0.037923377796061884,-0.4580946354138719,adaptive_r30,20,0.39390022335708524,masked_psnr,8,4,True,head_foreground,30.0,-0.2126969481799324
-0.1528856182876587,-0.7596717024067683,adaptive_r30,20,0.39390022335708524,masked_psnr,8,4,True,head_supported,30.0,-0.459077707717487
0.16050871852467097,-0.5387945744578769,adaptive_r30,20,0.39390022335708524,masked_psnr,8,4,True,head_unsupported,30.0,-0.18092826562293854
0.13801504280602866,-0.27743369082314495,adaptive_r30,20,0.39390022335708524,masked_psnr,8,4,True,oral,30.0,-0.06817702081761663
-0.2959932763483861,-0.5599680257234377,adaptive_r30,20,0.39390022335708524,masked_psnr,8,4,True,torso_outside_head_roi,30.0,-0.41958529735822603
1.7779898792687736,-0.15793227841714588,adaptive_r30,20,0.3900710891203474,masked_psnr,8,8,True,background,30.0,0.6631210490142103
0.04090486036357793,-0.388530053830241,adaptive_r30,20,0.3900710891203474,masked_psnr,8,8,True,eyes,30.0,-0.1781267051152849
-0.0012072938114335648,-0.6408806342151891,adaptive_r30,20,0.3900710891203474,masked_psnr,8,8,True,flame_supported,30.0,-0.3148056230934026
-0.10282923589847238,-0.3540635251846938,adaptive_r30,20,0.3900710891203474,masked_psnr,8,8,True,flame_unsupported,30.0,-0.23465362767689507
-0.10307038479447662,-0.3218529556909365,adaptive_r30,20,0.3900710891203474,masked_psnr,8,8,True,foreground,30.0,-0.2173135421451204
-0.014217231970102866,-0.25202885366846756,adaptive_r30,20,0.3900710891203474,masked_psnr,8,8,True,full_frame,30.0,-0.13278422837965217
0.052799582226789585,-0.41739500859998896,adaptive_r30,20,0.3900710891203474,masked_psnr,8,8,True,head_foreground,30.0,-0.17390735315931574
-0.11586029532079077,-0.7200920572492443,adaptive_r30,20,0.3900710891203474,masked_psnr,8,8,True,head_supported,30.0,-0.4159386827565738
0.18785617755109157,-0.47777724766243984,adaptive_r30,20,0.3900710891203474,masked_psnr,8,8,True,head_unsupported,30.0,-0.13253629103804074
0.06415822455489481,-0.29514767596160496,adaptive_r30,20,0.3900710891203474,masked_psnr,8,8,True,oral,30.0,-0.11968250329752941
-0.3169305224359514,-0.5973022212900656,adaptive_r30,20,0.3900710891203474,masked_psnr,8,8,True,torso_outside_head_roi,30.0,-0.4518780979790461
1.341254380859459,-0.23703533835870708,adaptive_r30,20,0.24962245730201954,masked_psnr,384,1,True,background,30.0,0.43903951655571494
1.0798129499598177,0.5574182986820242,adaptive_r30,20,0.24962245730201954,masked_psnr,384,1,True,eyes,30.0,0.8207138117349387
0.718726700580467,0.2677780990640706,adaptive_r30,20,0.24962245730201954,masked_psnr,384,1,True,flame_supported,30.0,0.49410681441640214
0.3057398504348504,-0.12583556370190885,adaptive_r30,20,0.24962245730201954,masked_psnr,384,1,True,flame_unsupported,30.0,0.08765435807210815
0.49173542171227885,0.1072880586958222,adaptive_r30,20,0.24962245730201954,masked_psnr,384,1,True,foreground,30.0,0.29285169792044125
0.5873447581773034,0.2428119103092218,adaptive_r30,20,0.24962245730201954,masked_psnr,384,1,True,full_frame,30.0,0.40688691824105483
1.508777730611179,0.6438767402316812,adaptive_r30,20,0.24962245730201954,masked_psnr,384,1,True,head_foreground,30.0,1.0843102113690335
0.4415004275469647,0.025569689364929604,adaptive_r30,20,0.24962245730201954,masked_psnr,384,1,True,head_supported,30.0,0.23285286342938213
1.865851121674021,0.5476550259517537,adaptive_r30,20,0.24962245730201954,masked_psnr,384,1,True,head_unsupported,30.0,1.219275957043729
0.34420047268194137,-0.030824681197527515,adaptive_r30,20,0.24962245730201954,masked_psnr,384,1,True,oral,30.0,0.15685880815065917
0.044241714542710926,-0.4052822655924383,adaptive_r30,20,0.24962245730201954,masked_psnr,384,1,True,torso_outside_head_roi,30.0,-0.1998716444456494
1.1625275849023906,-0.08622887902369675,adaptive_r30,20,0.25493201662670534,masked_psnr,384,4,True,background,30.0,0.4809364564570687
1.181868300572477,0.6264722566746379,adaptive_r30,20,0.25493201662670534,masked_psnr,384,4,True,eyes,30.0,0.9074658466509012
0.6472636644625982,0.2667686792972891,adaptive_r30,20,0.25493201662670534,masked_psnr,384,4,True,flame_supported,30.0,0.45192405410485537
0.2602998865199442,-0.09702535523325408,adaptive_r30,20,0.25493201662670534,masked_psnr,384,4,True,flame_unsupported,30.0,0.07640315744031245
0.4256604522499545,0.11860495872506328,adaptive_r30,20,0.25493201662670534,masked_psnr,384,4,True,foreground,30.0,0.26904392169803504
0.5999685933796167,0.28892818429631517,adaptive_r30,20,0.25493201662670534,masked_psnr,384,4,True,full_frame,30.0,0.43838805753380344
1.379109296716531,0.602426549950512,adaptive_r30,20,0.25493201662670534,masked_psnr,384,4,True,head_foreground,30.0,0.9911653319171723
0.27827077835377456,-0.09584755675551701,adaptive_r30,20,0.25493201662670534,masked_psnr,384,4,True,head_supported,30.0,0.09800880832725908
1.6936830687592976,0.511200034486094,adaptive_r30,20,0.25493201662670534,masked_psnr,384,4,True,head_unsupported,30.0,1.1153114816041712
0.32221794500127743,-0.03678198089900298,adaptive_r30,20,0.25493201662670534,masked_psnr,384,4,True,oral,30.0,0.14180804785949927
0.05393520845801094,-0.3626735219669118,adaptive_r30,20,0.25493201662670534,masked_psnr,384,4,True,torso_outside_head_roi,30.0,-0.16508798899813598
1.0767868733899832,-0.04578750820072002,adaptive_r30,20,0.2531436453685204,masked_psnr,384,8,True,background,30.0,0.4548407226811732
1.116783926176496,0.6160181782629589,adaptive_r30,20,0.2531436453685204,masked_psnr,384,8,True,eyes,30.0,0.8691549628077994
0.6387064419015628,0.26213280443992915,adaptive_r30,20,0.2531436453685204,masked_psnr,384,8,True,flame_supported,30.0,0.44571843136882416
0.2342133361651217,-0.12728294495272782,adaptive_r30,20,0.2531436453685204,masked_psnr,384,8,True,flame_unsupported,30.0,0.05012253958167294
0.403320221976615,0.10625567360577866,adaptive_r30,20,0.2531436453685204,masked_psnr,384,8,True,foreground,30.0,0.2515736994010965
0.6066629460638463,0.28918554621494685,adaptive_r30,20,0.2531436453685204,masked_psnr,384,8,True,full_frame,30.0,0.441589979206036
1.3709125994567948,0.6211552072501504,adaptive_r30,20,0.2531436453685204,masked_psnr,384,8,True,head_foreground,30.0,1.0027699945457904
0.25197526312615603,-0.1448287160798107,adaptive_r30,20,0.2531436453685204,masked_psnr,384,8,True,head_supported,30.0,0.06403632057520295
1.6833247394339053,0.5527023944035728,adaptive_r30,20,0.2531436453685204,masked_psnr,384,8,True,head_unsupported,30.0,1.131271721167419
0.3392611896941871,0.03866440821226559,adaptive_r30,20,0.2531436453685204,masked_psnr,384,8,True,oral,30.0,0.18574717346929076
0.03857795139313189,-0.3728707735825314,adaptive_r30,20,0.2531436453685204,masked_psnr,384,8,True,torso_outside_head_roi,30.0,-0.18192853024222155
0.4167892870942954,-0.6028201484384845,adaptive_r75,20,0.7657837051037668,masked_psnr,8,1,True,background,75.0,-0.07401305639091724
0.9998711611735035,0.20079619564808018,adaptive_r75,20,0.7657837051037668,masked_psnr,8,1,True,eyes,75.0,0.5761238632550854
0.1512315767530242,-0.513433886964854,adaptive_r75,20,0.7657837051037668,masked_psnr,8,1,True,flame_supported,75.0,-0.17092915843480236
0.3968041253816389,-0.19485405931985061,adaptive_r75,20,0.7657837051037668,masked_psnr,8,1,True,flame_unsupported,75.0,0.09117521858536633
0.35928647247730705,-0.20160494926353398,adaptive_r75,20,0.7657837051037668,masked_psnr,8,1,True,foreground,75.0,0.07372247975967068
0.3248539547528214,-0.21703739853251489,adaptive_r75,20,0.7657837051037668,masked_psnr,8,1,True,full_frame,75.0,0.05901740964156872
0.3961413140408624,-0.18571449586843383,adaptive_r75,20,0.7657837051037668,masked_psnr,8,1,True,head_foreground,75.0,0.10684545963323674
0.02149038821358371,-0.40936115643206533,adaptive_r75,20,0.7657837051037668,masked_psnr,8,1,True,head_supported,75.0,-0.1902338868733496
0.6029079319684221,-0.1251729522583542,adaptive_r75,20,0.7657837051037668,masked_psnr,8,1,True,head_unsupported,75.0,0.23969623984059382
0.45444495565617415,0.11772573143002052,adaptive_r75,20,0.7657837051037668,masked_psnr,8,1,True,oral,75.0,0.29279483019610436
0.24320030922619235,-0.3878175921649809,adaptive_r75,20,0.7657837051037668,masked_psnr,8,1,True,torso_outside_head_roi,75.0,-0.07517516667074191
0.6300564764266612,-0.43490336565932985,adaptive_r75,20,0.7557253331963469,masked_psnr,8,4,True,background,75.0,0.08720224505267167
1.0272709228183015,0.22815817900875077,adaptive_r75,20,0.7557253331963469,masked_psnr,8,4,True,eyes,75.0,0.6054912449153861
0.042051519961146484,-0.6381174449113446,adaptive_r75,20,0.7557253331963469,masked_psnr,8,4,True,flame_supported,75.0,-0.29869525625746657
0.20024367611654598,-0.22499444176374253,adaptive_r75,20,0.7557253331963469,masked_psnr,8,4,True,flame_unsupported,75.0,-0.009368684082647016
0.16874944347731335,-0.2401693214044649,adaptive_r75,20,0.7557253331963469,masked_psnr,8,4,True,foreground,75.0,-0.03393960948704726
0.1756238385320954,-0.2437588149941297,adaptive_r75,20,0.7557253331963469,masked_psnr,8,4,True,full_frame,75.0,-0.027901634059962266
0.140116176384019,-0.3001393443547371,adaptive_r75,20,0.7557253331963469,masked_psnr,8,4,True,head_foreground,75.0,-0.08494077270131477
-0.11651157128841594,-0.5328917137272375,adaptive_r75,20,0.7557253331963469,masked_psnr,8,4,True,head_supported,75.0,-0.3341043400543443
0.18339537290543081,-0.3808278768157825,adaptive_r75,20,0.7557253331963469,masked_psnr,8,4,True,head_unsupported,75.0,-0.09071203321571694
0.47860394162097286,0.015222505638260487,adaptive_r75,20,0.7557253331963469,masked_psnr,8,4,True,oral,75.0,0.24374166009320924
0.11357221751634687,-0.49401425338104266,adaptive_r75,20,0.7557253331963469,masked_psnr,8,4,True,torso_outside_head_roi,75.0,-0.17596128837793876
0.6086089997446852,-0.3069908521742395,adaptive_r75,20,0.7549274088829978,masked_psnr,8,8,True,background,75.0,0.16293131833178887
0.900951373277803,0.28162604857079626,adaptive_r75,20,0.7549274088829978,masked_psnr,8,8,True,eyes,75.0,0.5808981558823044
-0.01828609738454279,-0.6908959918125781,adaptive_r75,20,0.7549274088829978,masked_psnr,8,8,True,flame_supported,75.0,-0.3592361165145455
0.1621486247114471,-0.23474821702939164,adaptive_r75,20,0.7549274088829978,masked_psnr,8,8,True,flame_unsupported,75.0,-0.03449799231858006
0.13384189262085688,-0.25936537967904844,adaptive_r75,20,0.7549274088829978,masked_psnr,8,8,True,foreground,75.0,-0.05814245818731267
0.18688554475297403,-0.24693675863830722,adaptive_r75,20,0.7549274088829978,masked_psnr,8,8,True,full_frame,75.0,-0.025931679553388952
0.09461774418513501,-0.29070535130335745,adaptive_r75,20,0.7549274088829978,masked_psnr,8,8,True,head_foreground,75.0,-0.09725077305032208
-0.19823518249103175,-0.5583979394616809,adaptive_r75,20,0.7549274088829978,masked_psnr,8,8,True,head_supported,75.0,-0.38457336000782905
0.14770228655017004,-0.32974412300213635,adaptive_r75,20,0.7549274088829978,masked_psnr,8,8,True,head_unsupported,75.0,-0.07458897831751152
0.4372628747505863,-0.004945366869654149,adaptive_r75,20,0.7549274088829978,masked_psnr,8,8,True,oral,75.0,0.20451342703653505
0.053486549160102904,-0.569339416535106,adaptive_r75,20,0.7549274088829978,masked_psnr,8,8,True,torso_outside_head_roi,75.0,-0.23503200395671014
1.4102065779148634,-0.8557978166488343,adaptive_r75,20,0.5007303649625863,masked_psnr,384,1,True,background,75.0,0.06612390236110458
0.018430534958102197,-0.354606383483979,adaptive_r75,20,0.5007303649625863,masked_psnr,384,1,True,eyes,75.0,-0.17194005686104977
0.4185851665587877,-0.05591331832318216,adaptive_r75,20,0.5007303649625863,masked_psnr,384,1,True,flame_supported,75.0,0.18750419316599362
1.3508633451591432,0.578113182732001,adaptive_r75,20,0.5007303649625863,masked_psnr,384,1,True,flame_unsupported,75.0,0.9703589850277659
1.3096295762251013,0.638045600688802,adaptive_r75,20,0.5007303649625863,masked_psnr,384,1,True,foreground,75.0,0.9776363208862939
1.0641549491137405,0.5186510106964806,adaptive_r75,20,0.5007303649625863,masked_psnr,384,1,True,full_frame,75.0,0.7891530278657061
1.500145775198226,0.5075257027514318,adaptive_r75,20,0.5007303649625863,masked_psnr,384,1,True,head_foreground,75.0,1.0054575133906383
0.06899008890081822,-0.3086354601233,adaptive_r75,20,0.5007303649625863,masked_psnr,384,1,True,head_supported,75.0,-0.13090440014547652
2.4649799868210645,0.7184955691250756,adaptive_r75,20,0.5007303649625863,masked_psnr,384,1,True,head_unsupported,75.0,1.6132100328693837
-0.12810546740535877,-0.4404201156738647,adaptive_r75,20,0.5007303649625863,masked_psnr,384,1,True,oral,75.0,-0.2862481054741293
1.033242098783191,0.48458449898893446,adaptive_r75,20,0.5007303649625863,masked_psnr,384,1,True,torso_outside_head_roi,75.0,0.75124575141878
1.2506459095440556,-0.6122414811157314,adaptive_r75,20,0.5129847676080846,masked_psnr,384,4,True,background,75.0,0.1504245046251916
-0.041295702003690156,-0.4660709604234917,adaptive_r75,20,0.5129847676080846,masked_psnr,384,4,True,eyes,75.0,-0.2540479016431405
0.2081918328445235,-0.30538739868943204,adaptive_r75,20,0.5129847676080846,masked_psnr,384,4,True,flame_supported,75.0,-0.0563874042109183
1.3826816568876896,0.6752481678232194,adaptive_r75,20,0.5129847676080846,masked_psnr,384,4,True,flame_unsupported,75.0,1.0373132758303143
1.2494739829682304,0.6336324198914792,adaptive_r75,20,0.5129847676080846,masked_psnr,384,4,True,foreground,75.0,0.9505610338197261
1.0833320544246912,0.5672303368325513,adaptive_r75,20,0.5129847676080846,masked_psnr,384,4,True,full_frame,75.0,0.8239872122979663
1.2537916272750183,0.32689578571835937,adaptive_r75,20,0.5129847676080846,masked_psnr,384,4,True,head_foreground,75.0,0.7813866189481493
-0.342599641298575,-0.6768373624408145,adaptive_r75,20,0.5129847676080846,masked_psnr,384,4,True,head_supported,75.0,-0.5069891649002762
2.1447403459997716,0.6511345967441261,adaptive_r75,20,0.5129847676080846,masked_psnr,384,4,True,head_unsupported,75.0,1.4140784618173696
-0.19114631453075157,-0.537672078070317,adaptive_r75,20,0.5129847676080846,masked_psnr,384,4,True,oral,75.0,-0.36304709993098216
1.1519322986988874,0.5955086490950056,adaptive_r75,20,0.5129847676080846,masked_psnr,384,4,True,torso_outside_head_roi,75.0,0.8704745351202888
1.0740577831234275,-0.5191331332220526,adaptive_r75,20,0.5130229698829549,masked_psnr,384,8,True,background,75.0,0.1704099183423473
0.04665780436798563,-0.38838998873295955,adaptive_r75,20,0.5130229698829549,masked_psnr,384,8,True,eyes,75.0,-0.1775305038827037
0.1731017901014932,-0.35237894452860824,adaptive_r75,20,0.5130229698829549,masked_psnr,384,8,True,flame_supported,75.0,-0.1025023255652929
1.343090571536341,0.6211795291739242,adaptive_r75,20,0.5130229698829549,masked_psnr,384,8,True,flame_unsupported,75.0,0.9873891104698073
1.226401746602428,0.5968542287462015,adaptive_r75,20,0.5130229698829549,masked_psnr,384,8,True,foreground,75.0,0.9187070351628505
1.138882260800488,0.5845097512788628,adaptive_r75,20,0.5130229698829549,masked_psnr,384,8,True,full_frame,75.0,0.8541098461954248
1.214594917066615,0.30306704039067883,adaptive_r75,20,0.5130229698829549,masked_psnr,384,8,True,head_foreground,75.0,0.7636802187423866
-0.3855786678399537,-0.7575447926153293,adaptive_r75,20,0.5130229698829549,masked_psnr,384,8,True,head_supported,75.0,-0.5615371329105987
2.1366076758733934,0.6275032233431731,adaptive_r75,20,0.5130229698829549,masked_psnr,384,8,True,head_unsupported,75.0,1.3855368039589444
-0.1633092244882205,-0.48667393566022243,adaptive_r75,20,0.5130229698829549,masked_psnr,384,8,True,oral,75.0,-0.32158036319279654
1.1304693330892714,0.5681692956305787,adaptive_r75,20,0.5130229698829549,masked_psnr,384,8,True,torso_outside_head_roi,75.0,0.846252044342424
0.30953957776495183,-0.6242923344304785,adaptive_r150,20,1.1559077702781342,masked_psnr,8,1,True,background,150.0,-0.1200545317077494
0.8820432850183946,-0.006022639123185028,adaptive_r150,20,1.1559077702781342,masked_psnr,8,1,True,eyes,150.0,0.40199992103895843
0.32568596010066314,-0.08303676226745045,adaptive_r150,20,1.1559077702781342,masked_psnr,8,1,True,flame_supported,150.0,0.12058226965056358
0.36977304052966,-0.4567592447931741,adaptive_r150,20,1.1559077702781342,masked_psnr,8,1,True,flame_unsupported,150.0,-0.05699542228106056
0.3361322204103848,-0.3306928254513019,adaptive_r150,20,1.1559077702781342,masked_psnr,8,1,True,foreground,150.0,-0.0074783310329003426
0.26397414396308116,-0.18859543960767847,adaptive_r150,20,1.1559077702781342,masked_psnr,8,1,True,full_frame,150.0,0.03662147864485714
0.5217709875466626,-0.14244684922416875,adaptive_r150,20,1.1559077702781342,masked_psnr,8,1,True,head_foreground,150.0,0.16905409320170878
0.4380210219745181,0.12041959397587558,adaptive_r150,20,1.1559077702781342,masked_psnr,8,1,True,head_supported,150.0,0.2762964073027451
0.7378824475506773,-0.46806139784067796,adaptive_r150,20,1.1559077702781342,masked_psnr,8,1,True,head_unsupported,150.0,0.1169840186287114
-0.0695441399370945,-0.5598046741159644,adaptive_r150,20,1.1559077702781342,masked_psnr,8,1,True,oral,150.0,-0.3133372845846731
0.44751826303239384,-0.4306034187412518,adaptive_r150,20,1.1559077702781342,masked_psnr,8,1,True,torso_outside_head_roi,150.0,0.013103652156877121
0.2873422343248046,-0.568363712865918,adaptive_r150,20,1.1130257648182256,masked_psnr,8,4,True,background,150.0,-0.12454845311189393
0.7190044661286249,-0.1252449562683281,adaptive_r150,20,1.1130257648182256,masked_psnr,8,4,True,eyes,150.0,0.2777934391627837
0.34370445498871155,-0.19209142247429656,adaptive_r150,20,1.1130257648182256,masked_psnr,8,4,True,flame_supported,150.0,0.07107756368303271
0.1055805533508069,-0.42354087073610264,adaptive_r150,20,1.1130257648182256,masked_psnr,8,4,True,flame_unsupported,150.0,-0.15225923451707804
0.1462049717167716,-0.31369879465376194,adaptive_r150,20,1.1130257648182256,masked_psnr,8,4,True,foreground,150.0,-0.08800499356414995
0.19417406465057485,-0.24058332819725822,adaptive_r150,20,1.1130257648182256,masked_psnr,8,4,True,full_frame,150.0,-0.030802301908136532
0.1809233939364755,-0.20398381722415465,adaptive_r150,20,1.1130257648182256,masked_psnr,8,4,True,head_foreground,150.0,-0.011822766047028477
0.4139021049098631,-0.0644160216685084,adaptive_r150,20,1.1130257648182256,masked_psnr,8,4,True,head_supported,150.0,0.17569696186199
0.29454780760161087,-0.4795072253716076,adaptive_r150,20,1.1130257648182256,masked_psnr,8,4,True,head_unsupported,150.0,-0.11896123236341816
0.01626560824435991,-0.4494534346345649,adaptive_r150,20,1.1130257648182256,masked_psnr,8,4,True,oral,150.0,-0.2210258406006064
0.2140821508702319,-0.41484468644748107,adaptive_r150,20,1.1130257648182256,masked_psnr,8,4,True,torso_outside_head_roi,150.0,-0.10206883430293176
0.33123211924169976,-0.6438189031095277,adaptive_r150,20,1.1171089545972943,masked_psnr,8,8,True,background,150.0,-0.13241123634447013
0.517201224032302,-0.12204257227072819,adaptive_r150,20,1.1171089545972943,masked_psnr,8,8,True,eyes,150.0,0.18338395099739566
0.2097612572008013,-0.30674121562082907,adaptive_r150,20,1.1171089545972943,masked_psnr,8,8,True,flame_supported,150.0,-0.04322897827808072
-0.03223667974741003,-0.5379675161389617,adaptive_r150,20,1.1171089545972943,masked_psnr,8,8,True,flame_unsupported,150.0,-0.28438865965747834
0.001986490472062398,-0.4475476849285565,adaptive_r150,20,1.1171089545972943,masked_psnr,8,8,True,foreground,150.0,-0.22486953000804982
0.10315806483794146,-0.3333737197599066,adaptive_r150,20,1.1171089545972943,masked_psnr,8,8,True,full_frame,150.0,-0.11500212540709417
0.12773602985949367,-0.24432558076896063,adaptive_r150,20,1.1171089545972943,masked_psnr,8,8,True,head_foreground,150.0,-0.05194848515217201
0.3596279535725813,-0.064905869539249,adaptive_r150,20,1.1171089545972943,masked_psnr,8,8,True,head_supported,150.0,0.1536233523717499
0.1785134019779639,-0.489465099739127,adaptive_r150,20,1.1171089545972943,masked_psnr,8,8,True,head_unsupported,150.0,-0.16621300438857217
-0.03343275699665915,-0.45776777267554775,adaptive_r150,20,1.1171089545972943,masked_psnr,8,8,True,oral,150.0,-0.24503048608004682
-0.010501091651057292,-0.6188285926441374,adaptive_r150,20,1.1171089545972943,masked_psnr,8,8,True,torso_outside_head_roi,150.0,-0.3122666225048253
-0.3997209880722538,-0.9866952123881997,adaptive_r150,20,0.8381189533475739,masked_psnr,32,1,True,background,150.0,-0.6963588321389732
0.7607035654457465,0.05342800694569176,adaptive_r150,20,0.8381189533475739,masked_psnr,32,1,True,eyes,150.0,0.39328272679421444
0.08804292468569933,-0.2971975256856448,adaptive_r150,20,0.8381189533475739,masked_psnr,32,1,True,flame_supported,150.0,-0.11383037919034358
1.0926255165550824,0.4212425858494985,adaptive_r150,20,0.8381189533475739,masked_psnr,32,1,True,flame_unsupported,150.0,0.7810335422910695
0.8347503729243967,0.28805471449905906,adaptive_r150,20,0.8381189533475739,masked_psnr,32,1,True,foreground,150.0,0.5675196422809184
0.47254479269754585,-0.0424496113849141,adaptive_r150,20,0.8381189533475739,masked_psnr,32,1,True,full_frame,150.0,0.2182790775624616
0.6002629175253708,-0.06965182577090658,adaptive_r150,20,0.8381189533475739,masked_psnr,32,1,True,head_foreground,150.0,0.2551076027506868
0.0002091010328173943,-0.3815597843028191,adaptive_r150,20,0.8381189533475739,masked_psnr,32,1,True,head_supported,150.0,-0.20410137869917397
1.1284311936647684,0.12485562234303704,adaptive_r150,20,0.8381189533475739,masked_psnr,32,1,True,head_unsupported,150.0,0.6365737987577762
-0.245307234628656,-0.6768795777659369,adaptive_r150,20,0.8381189533475739,masked_psnr,32,1,True,oral,150.0,-0.4713711144776255
1.1044081643464148,0.5418775254248407,adaptive_r150,20,0.8381189533475739,masked_psnr,32,1,True,torso_outside_head_roi,150.0,0.8367699294677804
-0.44974636270122004,-0.8724146784437959,adaptive_r150,20,0.8405634965263189,masked_psnr,32,4,True,background,150.0,-0.6666362610865784
0.7412458034137698,0.003754657042203839,adaptive_r150,20,0.8405634965263189,masked_psnr,32,4,True,eyes,150.0,0.35884456969175516
0.12211357448106548,-0.4639128999836401,adaptive_r150,20,0.8405634965263189,masked_psnr,32,4,True,flame_supported,150.0,-0.18651681710101914
1.0314756736823585,0.253863417100164,adaptive_r150,20,0.8405634965263189,masked_psnr,32,4,True,flame_unsupported,150.0,0.68469675502805
0.7553415423230818,0.1495376121514814,adaptive_r150,20,0.8405634965263189,masked_psnr,32,4,True,foreground,150.0,0.48062768796908245
0.45195101252224384,-0.009059555326298046,adaptive_r150,20,0.8405634965263189,masked_psnr,32,4,True,full_frame,150.0,0.22488442911203183
0.4694714108736835,-0.332466948942676,adaptive_r150,20,0.8405634965263189,masked_psnr,32,4,True,head_foreground,150.0,0.08202067488275802
-0.0002459927748216571,-0.5739979947168875,adaptive_r150,20,0.8405634965263189,masked_psnr,32,4,True,head_supported,150.0,-0.2894344035198288
0.9517293752133237,-0.25756438458886244,adaptive_r150,20,0.8405634965263189,masked_psnr,32,4,True,head_unsupported,150.0,0.3796162448933197
-0.23313308284985937,-0.6398733579298633,adaptive_r150,20,0.8405634965263189,masked_psnr,32,4,True,oral,150.0,-0.44954271210614555
1.132751628638572,0.5748936522924669,adaptive_r150,20,0.8405634965263189,masked_psnr,32,4,True,torso_outside_head_roi,150.0,0.8693573346191682
-0.001385802564056194,-0.826066745166225,adaptive_r150,20,0.8429268509139123,masked_psnr,32,8,True,background,150.0,-0.4603841233836081
0.7127766175107092,-0.0014782446653867332,adaptive_r150,20,0.8429268509139123,masked_psnr,32,8,True,eyes,150.0,0.3461602327370418
0.1617320692672239,-0.39477383015454975,adaptive_r150,20,0.8429268509139123,masked_psnr,32,8,True,flame_supported,150.0,-0.13672797445906024
1.0560791000553131,0.36712792001686545,adaptive_r150,20,0.8429268509139123,masked_psnr,32,8,True,flame_unsupported,150.0,0.7362926918768038
0.7975322440215422,0.24682590463168316,adaptive_r150,20,0.8429268509139123,masked_psnr,32,8,True,foreground,150.0,0.5368366074014685
0.4822852930235178,0.05118864398659105,adaptive_r150,20,0.8429268509139123,masked_psnr,32,8,True,full_frame,150.0,0.2591287452541063
0.4490965220292816,-0.1676491186704059,adaptive_r150,20,0.8429268509139123,masked_psnr,32,8,True,head_foreground,150.0,0.13481872290476637
0.015336165714850383,-0.5190356335462037,adaptive_r150,20,0.8429268509139123,masked_psnr,32,8,True,head_supported,150.0,-0.26222195795701014
0.9626288373686273,-0.07576673012218416,adaptive_r150,20,0.8429268509139123,masked_psnr,32,8,True,head_unsupported,150.0,0.4632847291020582
-0.23598827251683382,-0.6954263949088482,adaptive_r150,20,0.8429268509139123,masked_psnr,32,8,True,oral,150.0,-0.47633159802725267
1.147513565568641,0.6318735194544359,adaptive_r150,20,0.8429268509139123,masked_psnr,32,8,True,torso_outside_head_roi,150.0,0.8918454725391418
-0.4303721262052923,-1.1548663627010873,adaptive_r150,20,0.7849021677670207,masked_psnr,128,1,True,background,150.0,-0.7951810200731119
0.44968312375136427,-0.2118781010124738,adaptive_r150,20,0.7849021677670207,masked_psnr,128,1,True,eyes,150.0,0.10591784220861715
0.2642852614422267,-0.13494666117843837,adaptive_r150,20,0.7849021677670207,masked_psnr,128,1,True,flame_supported,150.0,0.05210409793059556
1.1625937181987067,0.5679676084302224,adaptive_r150,20,0.7849021677670207,masked_psnr,128,1,True,flame_unsupported,150.0,0.8679926002019182
0.9127133175733291,0.4736320773938159,adaptive_r150,20,0.7849021677670207,masked_psnr,128,1,True,foreground,150.0,0.6933275073289777
0.6210740699730065,0.16545268006641764,adaptive_r150,20,0.7849021677670207,masked_psnr,128,1,True,full_frame,150.0,0.3848559439665228
0.681851112425461,0.018216851947928502,adaptive_r150,20,0.7849021677670207,masked_psnr,128,1,True,head_foreground,150.0,0.3296966351398809
0.05036014872027235,-0.28480675108760367,adaptive_r150,20,0.7849021677670207,masked_psnr,128,1,True,head_supported,150.0,-0.12176645923717562
1.1161685873716742,0.12012026315982137,adaptive_r150,20,0.7849021677670207,masked_psnr,128,1,True,head_unsupported,150.0,0.6055400444733549
-0.1529767115954111,-0.6625514724004471,adaptive_r150,20,0.7849021677670207,masked_psnr,128,1,True,oral,150.0,-0.39540674991106284
1.2243894574696657,0.6551592849612352,adaptive_r150,20,0.7849021677670207,masked_psnr,128,1,True,torso_outside_head_roi,150.0,0.9359669880673532
-0.4235805032232189,-1.110877408691869,adaptive_r150,20,0.8055640362658674,masked_psnr,128,4,True,background,150.0,-0.7773048662713136
0.307847590152495,-0.3216710426956986,adaptive_r150,20,0.8055640362658674,masked_psnr,128,4,True,eyes,150.0,-0.01998050327697918
0.16549538006782163,-0.2697371658960669,adaptive_r150,20,0.8055640362658674,masked_psnr,128,4,True,flame_supported,150.0,-0.0840829805485761
1.0231571104821842,0.37830330097634074,adaptive_r150,20,0.8055640362658674,masked_psnr,128,4,True,flame_unsupported,150.0,0.7090634126052391
0.7766206854470159,0.2908521372982985,adaptive_r150,20,0.8055640362658674,masked_psnr,128,4,True,foreground,150.0,0.532523300311601
0.5284097747761574,0.02580982695138082,adaptive_r150,20,0.8055640362658674,masked_psnr,128,4,True,full_frame,150.0,0.2612092121953221
0.5717595097615141,-0.04426459846983291,adaptive_r150,20,0.8055640362658674,masked_psnr,128,4,True,head_foreground,150.0,0.2404361564942298
-0.07620994378099519,-0.4220836505146727,adaptive_r150,20,0.8055640362658674,masked_psnr,128,4,True,head_supported,150.0,-0.26572067560212964
1.0722302021319159,0.12725706240377035,adaptive_r150,20,0.8055640362658674,masked_psnr,128,4,True,head_unsupported,150.0,0.5842192869740128
-0.1585204044374628,-0.8651077742630531,adaptive_r150,20,0.8055640362658674,masked_psnr,128,4,True,oral,150.0,-0.501399357137252
1.0167615546679611,0.3598690051844866,adaptive_r150,20,0.8055640362658674,masked_psnr,128,4,True,torso_outside_head_roi,150.0,0.709103070181719
-0.06227755953443705,-0.9079955813006255,adaptive_r150,20,0.812701197969744,masked_psnr,128,8,True,background,150.0,-0.5098093282779507
0.3406617017353376,-0.2783631575272994,adaptive_r150,20,0.812701197969744,masked_psnr,128,8,True,eyes,150.0,0.02908470010160773
0.12074694686101813,-0.29684998041108546,adaptive_r150,20,0.812701197969744,masked_psnr,128,8,True,flame_supported,150.0,-0.11654372951272451
1.0548083304732678,0.48615845979255584,adaptive_r150,20,0.812701197969744,masked_psnr,128,8,True,flame_unsupported,150.0,0.7727271467374182
0.8032038733880835,0.3558432259569431,adaptive_r150,20,0.812701197969744,masked_psnr,128,8,True,foreground,150.0,0.5747774275474571
0.5795782818207681,0.07250209573399113,adaptive_r150,20,0.812701197969744,masked_psnr,128,8,True,full_frame,150.0,0.3118584547950003
0.5498827287151129,-0.06049287112773152,adaptive_r150,20,0.812701197969744,masked_psnr,128,8,True,head_foreground,150.0,0.2221836385074651
-0.12564993574429015,-0.4664804943152813,adaptive_r150,20,0.812701197969744,masked_psnr,128,8,True,head_supported,150.0,-0.30907819492402966
1.057563053216915,0.10070422130114957,adaptive_r150,20,0.812701197969744,masked_psnr,128,8,True,head_unsupported,150.0,0.5757507345028643
-0.14347778070258027,-0.823824930120396,adaptive_r150,20,0.812701197969744,masked_psnr,128,8,True,oral,150.0,-0.4709185596218635
1.035160970238444,0.5429664872263831,adaptive_r150,20,0.812701197969744,masked_psnr,128,8,True,torso_outside_head_roi,150.0,0.7864241285115756
1.1073745705120808,-1.0412130692549657,adaptive_r150,20,0.8126011960330258,masked_psnr,384,1,True,background,150.0,-0.26449322917108553
0.6140908776408731,0.05119962882650045,adaptive_r150,20,0.8126011960330258,masked_psnr,384,1,True,eyes,150.0,0.33159124267121687
0.1858565069542157,-0.3307700277909253,adaptive_r150,20,0.8126011960330258,masked_psnr,384,1,True,flame_supported,150.0,-0.08518111515316037
1.0379430494027697,0.31589681761761856,adaptive_r150,20,0.8126011960330258,masked_psnr,384,1,True,flame_unsupported,150.0,0.6847816385894209
0.7983425122513658,0.27472710043277215,adaptive_r150,20,0.8126011960330258,masked_psnr,384,1,True,foreground,150.0,0.5444642880109775
0.41373806111423833,-0.030083909064209043,adaptive_r150,20,0.8126011960330258,masked_psnr,384,1,True,full_frame,150.0,0.19247239656527276
0.40002202148797095,-0.19534399444011472,adaptive_r150,20,0.8126011960330258,masked_psnr,384,1,True,head_foreground,150.0,0.10255774807391704
0.08109504393734336,-0.4515407637444493,adaptive_r150,20,0.8126011960330258,masked_psnr,384,1,True,head_supported,150.0,-0.21006759512457124
0.8882326128234,-0.286313244349407,adaptive_r150,20,0.8126011960330258,masked_psnr,384,1,True,head_unsupported,150.0,0.3189883905533117
-0.04482296615988233,-0.44414113789492216,adaptive_r150,20,0.8126011960330258,masked_psnr,384,1,True,oral,150.0,-0.24105319696567057
1.0822195594428434,0.5263336125111662,adaptive_r150,20,0.8126011960330258,masked_psnr,384,1,True,torso_outside_head_roi,150.0,0.8151477266888099
1.1076553967028437,-0.7819984189320627,adaptive_r150,20,0.8252997387996706,masked_psnr,384,4,True,background,150.0,-0.09248423825627725
0.4355201475784154,-0.1473098605026514,adaptive_r150,20,0.8252997387996706,masked_psnr,384,4,True,eyes,150.0,0.13895805565493208
-0.07044615227659881,-0.4129068329542752,adaptive_r150,20,0.8252997387996706,masked_psnr,384,4,True,flame_supported,150.0,-0.2565817398911837
0.8785947354448685,0.22769227113710558,adaptive_r150,20,0.8252997387996706,masked_psnr,384,4,True,flame_unsupported,150.0,0.562873640433742
0.6323671172219165,0.16251158843855776,adaptive_r150,20,0.8252997387996706,masked_psnr,384,4,True,foreground,150.0,0.4052387793512701
0.32160593575262786,-0.03806059578260357,adaptive_r150,20,0.8252997387996706,masked_psnr,384,4,True,full_frame,150.0,0.1398355087754945
0.15392846811124467,-0.3255553004720315,adaptive_r150,20,0.8252997387996706,masked_psnr,384,4,True,head_foreground,150.0,-0.07912607243379037
-0.25920328246908925,-0.6174720334471208,adaptive_r150,20,0.8252997387996706,masked_psnr,384,4,True,head_supported,150.0,-0.43928442546758084
0.7163445615549273,-0.28350364932206906,adaptive_r150,20,0.8252997387996706,masked_psnr,384,4,True,head_unsupported,150.0,0.21408414426906427
-0.061836539201430694,-0.4767008961192119,adaptive_r150,20,0.8252997387996706,masked_psnr,384,4,True,oral,150.0,-0.25856721777177827
0.95242620214195,0.4826877062145134,adaptive_r150,20,0.8252997387996706,masked_psnr,384,4,True,torso_outside_head_roi,150.0,0.7196139636022746
1.0970885237409556,-0.6106386278313345,adaptive_r150,20,0.81935261463418,masked_psnr,384,8,True,background,150.0,0.037106275032735246
0.5572561144039261,-0.04184287001327534,adaptive_r150,20,0.81935261463418,masked_psnr,384,8,True,eyes,150.0,0.2599085496151236
-0.061277399213337407,-0.41322699373176774,adaptive_r150,20,0.81935261463418,masked_psnr,384,8,True,flame_supported,150.0,-0.24967488834825194
0.9025625050961734,0.22219956582854547,adaptive_r150,20,0.81935261463418,masked_psnr,384,8,True,flame_unsupported,150.0,0.5704873032530094
0.6689628654003081,0.1851336660468176,adaptive_r150,20,0.81935261463418,masked_psnr,384,8,True,foreground,150.0,0.43184071955695974
0.42441038925819013,0.04829147256941982,adaptive_r150,20,0.81935261463418,masked_psnr,384,8,True,full_frame,150.0,0.23210146267078766
0.17785555787283455,-0.28421784180409176,adaptive_r150,20,0.81935261463418,masked_psnr,384,8,True,head_foreground,150.0,-0.052757086214728764
-0.23743131164637318,-0.6085664652016155,adaptive_r150,20,0.81935261463418,masked_psnr,384,8,True,head_supported,150.0,-0.42614539235268667
0.7489386364648922,-0.3136598460832358,adaptive_r150,20,0.81935261463418,masked_psnr,384,8,True,head_unsupported,150.0,0.21108668838046762
-0.03431593017471385,-0.4484908726828804,adaptive_r150,20,0.81935261463418,masked_psnr,384,8,True,oral,150.0,-0.23724073558882014
0.9637319879043341,0.4780198019405784,adaptive_r150,20,0.81935261463418,masked_psnr,384,8,True,torso_outside_head_roi,150.0,0.7257147029989828
0.0050506226796107,-0.0010056149022232125,adaptive_r30,20,0.3930599934450275,masked_mae,8,1,True,background,30.0,0.0020740810613658397
-0.0005738123811709116,-0.004769829935713666,adaptive_r30,20,0.3930599934450275,masked_mae,8,1,True,eyes,30.0,-0.002756652203951546
0.0026190504949753246,-0.007741047754714678,adaptive_r30,20,0.3930599934450275,masked_mae,8,1,True,flame_supported,30.0,-0.0023038205661284885
0.006778840523080962,-0.00585386858028171,adaptive_r30,20,0.3930599934450275,masked_mae,8,1,True,flame_unsupported,30.0,0.000749367148334118
0.0028463400105129587,-0.006393884155435017,adaptive_r30,20,0.3930599934450275,masked_mae,8,1,True,foreground,30.0,-0.0016519712849474622
0.0033028019844597123,-0.0032849269307325245,adaptive_r30,20,0.3930599934450275,masked_mae,8,1,True,full_frame,30.0,8.517781120080948e-05
0.003824048020834779,-0.004716180189437409,adaptive_r30,20,0.3930599934450275,masked_mae,8,1,True,head_foreground,30.0,-0.00031981846590758837
0.002887821951948626,-0.005172048154087604,adaptive_r30,20,0.3930599934450275,masked_mae,8,1,True,head_supported,30.0,-0.001150932259560595
0.017730104139741153,-0.023475552513786357,adaptive_r30,20,0.3930599934450275,masked_mae,8,1,True,head_unsupported,30.0,-0.0019062443493027214
0.0020102233390554567,-0.0007217711764357647,adaptive_r30,20,0.3930599934450275,masked_mae,8,1,True,oral,30.0,0.0006732436868342323
0.002375239734275697,-0.017727490343924773,adaptive_r30,20,0.3930599934450275,masked_mae,8,1,True,torso_outside_head_roi,30.0,-0.007510204992743183
0.0063374792200307966,0.0006143813107256396,adaptive_r30,20,0.39390022335708524,masked_mae,8,4,True,background,30.0,0.003535734327243023
0.0012619536013959325,-0.003933214556262807,adaptive_r30,20,0.39390022335708524,masked_mae,8,4,True,eyes,30.0,-0.0014091742174679699
0.0004275314159432806,-0.006149898224082707,adaptive_r30,20,0.39390022335708524,masked_mae,8,4,True,flame_supported,30.0,-0.0027577712248167798
0.005054331853323408,-0.010206095034908503,adaptive_r30,20,0.39390022335708524,masked_mae,8,4,True,flame_unsupported,30.0,-0.00257225704049886
-8.459972991502697e-05,-0.006197918930125121,adaptive_r30,20,0.39390022335708524,masked_mae,8,4,True,foreground,30.0,-0.0031547806379391722
0.002365791068058515,-0.002215497242371286,adaptive_r30,20,0.39390022335708524,masked_mae,8,4,True,full_frame,30.0,0.00011915518950239845
0.002019638073680763,-0.005072915036081047,adaptive_r30,20,0.39390022335708524,masked_mae,8,4,True,head_foreground,30.0,-0.0013222463677824438
0.0006082551070096407,-0.005165700602350011,adaptive_r30,20,0.39390022335708524,masked_mae,8,4,True,head_supported,30.0,-0.0021794986733616054
0.015821181224805202,-0.02658586835268178,adaptive_r30,20,0.39390022335708524,masked_mae,8,4,True,head_unsupported,30.0,-0.004351165624776346
0.0013074531841883012,-0.0025109031586523557,adaptive_r30,20,0.39390022335708524,masked_mae,8,4,True,oral,30.0,-0.0006774113020391739
-0.0012724927226943812,-0.018673564058645148,adaptive_r30,20,0.39390022335708524,masked_mae,8,4,True,torso_outside_head_roi,30.0,-0.009885557295340353
0.0062044989496068586,0.0010057074677571884,adaptive_r30,20,0.3900710891203474,masked_mae,8,8,True,background,30.0,0.0036959455023344544
0.000979480189431502,-0.0037067257513462904,adaptive_r30,20,0.3900710891203474,masked_mae,8,8,True,eyes,30.0,-0.0014001082262488653
0.00044143673646202886,-0.007055824674761875,adaptive_r30,20,0.3900710891203474,masked_mae,8,8,True,flame_supported,30.0,-0.0031014781456917264
0.0063252481549111676,-0.008567024895926941,adaptive_r30,20,0.3900710891203474,masked_mae,8,8,True,flame_unsupported,30.0,-0.0011139473629772675
0.00014571660115357096,-0.006350859783385951,adaptive_r30,20,0.3900710891203474,masked_mae,8,8,True,foreground,30.0,-0.0031197151318277704
0.0025615973042553185,-0.002251421798470965,adaptive_r30,20,0.3900710891203474,masked_mae,8,8,True,full_frame,30.0,0.0002244798756119791
0.001667239846276504,-0.004996441045600801,adaptive_r30,20,0.3900710891203474,masked_mae,8,8,True,head_foreground,30.0,-0.0015209600848485488
0.00041637513312341976,-0.005459524558463618,adaptive_r30,20,0.3900710891203474,masked_mae,8,8,True,head_supported,30.0,-0.002421613384561145
0.0166651319963421,-0.023185031961054415,adaptive_r30,20,0.3900710891203474,masked_mae,8,8,True,head_unsupported,30.0,-0.0021225467460306846
0.0007716496751068803,-0.0025288983977531,adaptive_r30,20,0.3900710891203474,masked_mae,8,8,True,oral,30.0,-0.0010045707940224049
-6.741326809461987e-05,-0.018924537660571665,adaptive_r30,20,0.3900710891203474,masked_mae,8,8,True,torso_outside_head_roi,30.0,-0.009139132828197418
0.004761301228452253,-0.0012015380490611955,adaptive_r30,20,0.24962245730201954,masked_mae,384,1,True,background,30.0,0.001759934978148403
0.008351665435576573,0.004280394856452568,adaptive_r30,20,0.24962245730201954,masked_mae,384,1,True,eyes,30.0,0.006286851029271496
0.005843850315641416,0.0018711406919603244,adaptive_r30,20,0.24962245730201954,masked_mae,384,1,True,flame_supported,30.0,0.0038590822591948034
0.08583154930463653,0.04643513519074223,adaptive_r30,20,0.24962245730201954,masked_mae,384,1,True,flame_unsupported,30.0,0.06650931551493848
0.02690589691894122,0.016150549109280533,adaptive_r30,20,0.24962245730201954,masked_mae,384,1,True,foreground,30.0,0.021484314260926164
0.015590069446355718,0.00899231578295612,adaptive_r30,20,0.24962245730201954,masked_mae,384,1,True,full_frame,30.0,0.012223301641917003
0.022754408708400148,0.01019965069568439,adaptive_r30,20,0.24962245730201954,masked_mae,384,1,True,head_foreground,30.0,0.016293806693102087
0.004184868965206535,0.00032626016562394835,adaptive_r30,20,0.24962245730201954,masked_mae,384,1,True,head_supported,30.0,0.0022839676396331178
0.14187383214000954,0.06139106384921804,adaptive_r30,20,0.24962245730201954,masked_mae,384,1,True,head_unsupported,30.0,0.10263185526979506
0.003029866839503993,2.2960023611280117e-05,adaptive_r30,20,0.24962245730201954,masked_mae,384,1,True,oral,30.0,0.0015241773150732
0.04855869868784446,0.02288626493772712,adaptive_r30,20,0.24962245730201954,masked_mae,384,1,True,torso_outside_head_roi,30.0,0.03545661446087209
0.005888897423956983,0.0015175251775078683,adaptive_r30,20,0.25493201662670534,masked_mae,384,4,True,background,30.0,0.00369165171661651
0.00985002780285598,0.005221089745120859,adaptive_r30,20,0.25493201662670534,masked_mae,384,4,True,eyes,30.0,0.007494279404383443
0.004570501680265938,0.0011023775099341865,adaptive_r30,20,0.25493201662670534,masked_mae,384,4,True,flame_supported,30.0,0.0028195235066416865
0.08215834205012056,0.04597811327445651,adaptive_r30,20,0.25493201662670534,masked_mae,384,4,True,flame_unsupported,30.0,0.06437894637228705
0.024882215796527524,0.014682645976920657,adaptive_r30,20,0.25493201662670534,masked_mae,384,4,True,foreground,30.0,0.019741236855465704
0.015716207411889282,0.009269148707954531,adaptive_r30,20,0.25493201662670534,masked_mae,384,4,True,full_frame,30.0,0.01240095063565739
0.019586642084648588,0.00871733344505005,adaptive_r30,20,0.25493201662670534,masked_mae,384,4,True,head_foreground,30.0,0.013885578257592119
0.002280586500227095,-0.0009795910767205,adaptive_r30,20,0.25493201662670534,masked_mae,384,4,True,head_supported,30.0,0.000705695075276255
0.13408168760220282,0.06172041202826519,adaptive_r30,20,0.25493201662670534,masked_mae,384,4,True,head_unsupported,30.0,0.09836211959538452
0.0024252048413146146,-0.00028509519471638437,adaptive_r30,20,0.25493201662670534,masked_mae,384,4,True,oral,30.0,0.001075545507371214
0.04780506981204645,0.023389550255841204,adaptive_r30,20,0.25493201662670534,masked_mae,384,4,True,torso_outside_head_roi,30.0,0.03535181038986698
0.006119030859560051,0.0014926812118159927,adaptive_r30,20,0.2531436453685204,masked_mae,384,8,True,background,30.0,0.0037722379457866715
0.009575423601988545,0.00509513104124017,adaptive_r30,20,0.2531436453685204,masked_mae,384,8,True,eyes,30.0,0.007381282844983361
0.004283545707574871,0.0008364546141425672,adaptive_r30,20,0.2531436453685204,masked_mae,384,8,True,flame_supported,30.0,0.0025599819111805262
0.08224783378633654,0.04557842681337886,adaptive_r30,20,0.2531436453685204,masked_mae,384,8,True,flame_unsupported,30.0,0.06422000903528846
0.024762904524108346,0.0144942076408363,adaptive_r30,20,0.2531436453685204,masked_mae,384,8,True,foreground,30.0,0.01965828833517496
0.015842019180271175,0.009105564212375518,adaptive_r30,20,0.2531436453685204,masked_mae,384,8,True,full_frame,30.0,0.012390003379006235
0.018777376254607025,0.008547580125443086,adaptive_r30,20,0.2531436453685204,masked_mae,384,8,True,head_foreground,30.0,0.013412450610372962
0.001980286143095781,-0.0013449308478160214,adaptive_r30,20,0.2531436453685204,masked_mae,384,8,True,head_supported,30.0,0.00035634128113648175
0.13297650765597874,0.061471882785889394,adaptive_r30,20,0.2531436453685204,masked_mae,384,8,True,head_unsupported,30.0,0.09889090648925707
0.0025764421968965507,0.00020245501929168656,adaptive_r30,20,0.2531436453685204,masked_mae,384,8,True,oral,30.0,0.0013811059716863
0.04812954606044757,0.023200258448352763,adaptive_r30,20,0.2531436453685204,masked_mae,384,8,True,torso_outside_head_roi,30.0,0.03550743606786472
0.004091719777655368,-0.002641754390023155,adaptive_r75,20,0.7657837051037668,masked_mae,8,1,True,background,75.0,0.000816517640733205
0.010340014513975922,0.0017258050421071847,adaptive_r75,20,0.7657837051037668,masked_mae,8,1,True,eyes,75.0,0.005739224486033581
0.001986299643750308,-0.006570181272077091,adaptive_r75,20,0.7657837051037668,masked_mae,8,1,True,flame_supported,75.0,-0.002019491376702788
0.044496100581883864,0.004258655493782011,adaptive_r75,20,0.7657837051037668,masked_mae,8,1,True,flame_unsupported,75.0,0.023870837625715298
0.011457234559368416,-0.0024334809048510682,adaptive_r75,20,0.7657837051037668,masked_mae,8,1,True,foreground,75.0,0.004530257409399196
0.007556775564721013,-0.0021404640470554727,adaptive_r75,20,0.7657837051037668,masked_mae,8,1,True,full_frame,75.0,0.0027500744712179856
0.005561652243835992,-0.0021630671138761046,adaptive_r75,20,0.7657837051037668,masked_mae,8,1,True,head_foreground,75.0,0.001785567332184853
0.001352959146831774,-0.004133690681978944,adaptive_r75,20,0.7657837051037668,masked_mae,8,1,True,head_supported,75.0,-0.0012825398492638598
0.04379346014328647,0.006394260163849078,adaptive_r75,20,0.7657837051037668,masked_mae,8,1,True,head_unsupported,75.0,0.0248542072479934
0.004226914093450511,0.00089359330600273,adaptive_r75,20,0.7657837051037668,masked_mae,8,1,True,oral,75.0,0.00262240340204986
0.03127992510828991,-0.007331843758362424,adaptive_r75,20,0.7657837051037668,masked_mae,8,1,True,torso_outside_head_roi,75.0,0.011679024679336635
0.004255042756216387,-0.0019441107631659542,adaptive_r75,20,0.7557253331963469,masked_mae,8,4,True,background,75.0,0.0013043346702941096
0.010321529829065902,0.0020093794612699354,adaptive_r75,20,0.7557253331963469,masked_mae,8,4,True,eyes,75.0,0.005941443490394056
0.0014968136783592436,-0.007195634251615021,adaptive_r75,20,0.7557253331963469,masked_mae,8,4,True,flame_supported,75.0,-0.0028972744593989907
0.032846993943333964,0.0010912624820774818,adaptive_r75,20,0.7557253331963469,masked_mae,8,4,True,flame_unsupported,75.0,0.01684429796368093
0.008495712621254524,-0.003159529554636152,adaptive_r75,20,0.7557253331963469,masked_mae,8,4,True,foreground,75.0,0.002503905405196999
0.006230395329305743,-0.0021089592415807316,adaptive_r75,20,0.7557253331963469,masked_mae,8,4,True,full_frame,75.0,0.002107871070259913
0.002713709047365673,-0.0036726391319258896,adaptive_r75,20,0.7557253331963469,masked_mae,8,4,True,head_foreground,75.0,-0.0005225989056458408
3.507805867128967e-05,-0.004752994569539741,adaptive_r75,20,0.7557253331963469,masked_mae,8,4,True,head_supported,75.0,-0.0023395789443649813
0.023411837406795484,-0.0040247832443464126,adaptive_r75,20,0.7557253331963469,masked_mae,8,4,True,head_unsupported,75.0,0.009440665088365035
0.004880806083218214,0.000511780207853366,adaptive_r75,20,0.7557253331963469,masked_mae,8,4,True,oral,75.0,0.002625750421812686
0.024669549354185548,-0.012838234609918814,adaptive_r75,20,0.7557253331963469,masked_mae,8,4,True,torso_outside_head_roi,75.0,0.006195587156403044
0.004862797279987999,-0.00169653630862141,adaptive_r75,20,0.7549274088829978,masked_mae,8,8,True,background,75.0,0.0017136425636261592
0.009105681491933597,0.0026094383870641498,adaptive_r75,20,0.7549274088829978,masked_mae,8,8,True,eyes,75.0,0.0056488958759586035
0.0007958075220639133,-0.007514680662519124,adaptive_r75,20,0.7549274088829978,masked_mae,8,8,True,flame_supported,75.0,-0.0033371101115039796
0.030267187214852484,0.0007614317829796841,adaptive_r75,20,0.7549274088829978,masked_mae,8,8,True,flame_unsupported,75.0,0.01561916445938058
0.00793775351970989,-0.0036479179958601835,adaptive_r75,20,0.7549274088829978,masked_mae,8,8,True,foreground,75.0,0.0021254772095741573
0.006384034137035345,-0.0021213088681793853,adaptive_r75,20,0.7549274088829978,masked_mae,8,8,True,full_frame,75.0,0.0021033474828296055
0.002010038244931576,-0.003583516200980235,adaptive_r75,20,0.7549274088829978,masked_mae,8,8,True,head_foreground,75.0,-0.0007982079789037213
-0.0005399478288357585,-0.0047968865340654865,adaptive_r75,20,0.7549274088829978,masked_mae,8,8,True,head_supported,75.0,-0.0026674294249855366
0.02076390348703773,-0.001094665975700977,adaptive_r75,20,0.7549274088829978,masked_mae,8,8,True,head_unsupported,75.0,0.010078157133657244
0.004312764964817006,0.00012843511078548076,adaptive_r75,20,0.7549274088829978,masked_mae,8,8,True,oral,75.0,0.002141121142507645
0.023293591553215184,-0.013608100006059122,adaptive_r75,20,0.7549274088829978,masked_mae,8,8,True,torso_outside_head_roi,75.0,0.005079406742159969
0.001283642231166713,-0.007297466094266461,adaptive_r75,20,0.5007303649625863,masked_mae,384,1,True,background,75.0,-0.0030026196833941358
-0.00022834450175684076,-0.003543421456610718,adaptive_r75,20,0.5007303649625863,masked_mae,384,1,True,eyes,75.0,-0.0019235731406841174
0.0024476189756752788,-0.0021941254408195054,adaptive_r75,20,0.5007303649625863,masked_mae,384,1,True,flame_supported,75.0,0.00016222382053045006
0.14255424065026903,0.08356671894747354,adaptive_r75,20,0.5007303649625863,masked_mae,384,1,True,flame_unsupported,75.0,0.11330700772464242
0.0413698879955334,0.02442530600011814,adaptive_r75,20,0.5007303649625863,masked_mae,384,1,True,foreground,75.0,0.033245629470828764
0.022025851224249028,0.012016187426895919,adaptive_r75,20,0.5007303649625863,masked_mae,384,1,True,full_frame,75.0,0.016832079039159502
0.01691677409641461,0.005295781761189839,adaptive_r75,20,0.5007303649625863,masked_mae,384,1,True,head_foreground,75.0,0.011020188049251357
0.00031017572693281157,-0.0037014839972141834,adaptive_r75,20,0.5007303649625863,masked_mae,384,1,True,head_supported,75.0,-0.0017669129441635644
0.13925862959804736,0.05316197255590831,adaptive_r75,20,0.5007303649625863,masked_mae,384,1,True,head_unsupported,75.0,0.09642690736125112
-0.0009322643325557056,-0.00397626141705672,adaptive_r75,20,0.5007303649625863,masked_mae,384,1,True,oral,75.0,-0.002378639430280587
0.10991238361731001,0.06871087159806988,adaptive_r75,20,0.5007303649625863,masked_mae,384,1,True,torso_outside_head_roi,75.0,0.08885396217414585
0.0021863777825946195,-0.004506333563826459,adaptive_r75,20,0.5129847676080846,masked_mae,384,4,True,background,75.0,-0.0012394689626505687
-0.0006280313111450293,-0.004359231918463639,adaptive_r75,20,0.5129847676080846,masked_mae,384,4,True,eyes,75.0,-0.0025170174558663354
-0.0009074199995935415,-0.0054477415283871265,adaptive_r75,20,0.5129847676080846,masked_mae,384,4,True,flame_supported,75.0,-0.003210582434031753
0.14301740027283655,0.0872866918957506,adaptive_r75,20,0.5129847676080846,masked_mae,384,4,True,flame_unsupported,75.0,0.11504516547253352
0.039424951422212695,0.022589530252131663,adaptive_r75,20,0.5129847676080846,masked_mae,384,4,True,foreground,75.0,0.030946316074528198
0.021924356674598328,0.01179292587707301,adaptive_r75,20,0.5129847676080846,masked_mae,384,4,True,full_frame,75.0,0.01670565737673666
0.012003712027301964,0.0014385373009283345,adaptive_r75,20,0.5129847676080846,masked_mae,384,4,True,head_foreground,75.0,0.006652397586753236
-0.004582132143883373,-0.007390767916508796,adaptive_r75,20,0.5129847676080846,masked_mae,384,4,True,head_supported,75.0,-0.0059834091359869486
0.13197305835555415,0.052234664706201736,adaptive_r75,20,0.5129847676080846,masked_mae,384,4,True,head_unsupported,75.0,0.0924035813587091
-0.001321579068067117,-0.004887991486711583,adaptive_r75,20,0.5129847676080846,masked_mae,384,4,True,oral,75.0,-0.00303385600351519
0.1110709399452013,0.07127238914705243,adaptive_r75,20,0.5129847676080846,masked_mae,384,4,True,torso_outside_head_roi,75.0,0.09070349876103118
0.0035658200452989056,-0.0037264401250252147,adaptive_r75,20,0.5130229698829549,masked_mae,384,8,True,background,75.0,-8.063702878115582e-05
0.00034546684809151455,-0.0036393974077255325,adaptive_r75,20,0.5130229698829549,masked_mae,384,8,True,eyes,75.0,-0.0016941265519668444
-0.0011752621532658035,-0.005951401746029926,adaptive_r75,20,0.5130229698829549,masked_mae,384,8,True,flame_supported,75.0,-0.0035776241793128204
0.14095598285868005,0.08636476089914112,adaptive_r75,20,0.5130229698829549,masked_mae,384,8,True,flame_unsupported,75.0,0.1138644928721438
0.03953442351406053,0.022645048968685386,adaptive_r75,20,0.5130229698829549,masked_mae,384,8,True,foreground,75.0,0.03093913000496968
0.022572533821410605,0.011810690520013184,adaptive_r75,20,0.5130229698829549,masked_mae,384,8,True,full_frame,75.0,0.017098900890232315
0.011225935337397021,0.0010447606487370672,adaptive_r75,20,0.5130229698829549,masked_mae,384,8,True,head_foreground,75.0,0.006111415882530355
-0.004688021866125063,-0.007997402217706027,adaptive_r75,20,0.5130229698829549,masked_mae,384,8,True,head_supported,75.0,-0.006283924388465198
0.13031335353592133,0.05009168483318963,adaptive_r75,20,0.5130229698829549,masked_mae,384,8,True,head_unsupported,75.0,0.0906826766826004
-0.0010501722658897994,-0.004440353922899669,adaptive_r75,20,0.5130229698829549,masked_mae,384,8,True,oral,75.0,-0.002702777314682415
0.11046404277114347,0.07066245400742914,adaptive_r75,20,0.5130229698829549,masked_mae,384,8,True,torso_outside_head_roi,75.0,0.09034921093317827
0.0038409067153194897,-0.0020574825302916077,adaptive_r150,20,1.1559077702781342,masked_mae,8,1,True,background,150.0,0.000547219789172297
0.008460650442089459,-0.0006681862752599845,adaptive_r150,20,1.1559077702781342,masked_mae,8,1,True,eyes,150.0,0.0034101045022125165
0.0032748278669940444,-0.0012590617153537236,adaptive_r150,20,1.1559077702781342,masked_mae,8,1,True,flame_supported,150.0,0.001014180150497452
0.020753958656286434,-0.026221494200160858,adaptive_r150,20,1.1559077702781342,masked_mae,8,1,True,flame_unsupported,150.0,-0.003594358093112107
0.00628307982182334,-0.007403382742764965,adaptive_r150,20,1.1559077702781342,masked_mae,8,1,True,foreground,150.0,-0.0008758237288446526
0.0037828216785524118,-0.003870249017986084,adaptive_r150,20,1.1559077702781342,masked_mae,8,1,True,full_frame,150.0,-0.00016987047091722787
0.007040517071087306,-0.0012545406231256472,adaptive_r150,20,1.1559077702781342,masked_mae,8,1,True,head_foreground,150.0,0.002615581936898274
0.0033065346037731386,-0.0006592016701389488,adaptive_r150,20,1.1559077702781342,masked_mae,8,1,True,head_supported,150.0,0.0013119015263196184
0.03676137264724175,-0.021117656872238953,adaptive_r150,20,1.1559077702781342,masked_mae,8,1,True,head_unsupported,150.0,0.006307021298488336
-0.0012822222353324252,-0.006915446437837468,adaptive_r150,20,1.1559077702781342,masked_mae,8,1,True,oral,150.0,-0.004058293171405437
0.018583157249466575,-0.02395906408406416,adaptive_r150,20,1.1559077702781342,masked_mae,8,1,True,torso_outside_head_roi,150.0,-0.0034461016289104958
0.004236815143577273,-0.002014010031240483,adaptive_r150,20,1.1130257648182256,masked_mae,8,4,True,background,150.0,0.0009270408959244338
0.006353845099309394,-0.0018389819046009293,adaptive_r150,20,1.1130257648182256,masked_mae,8,4,True,eyes,150.0,0.0019992747254531057
0.002765548817719751,-0.002850209515345086,adaptive_r150,20,1.1130257648182256,masked_mae,8,4,True,flame_supported,150.0,-6.653443657951632e-05
0.006135681086228137,-0.02319749274714156,adaptive_r150,20,1.1130257648182256,masked_mae,8,4,True,flame_unsupported,150.0,-0.008500070250993351
0.003104747042987736,-0.00702354088144819,adaptive_r150,20,1.1130257648182256,masked_mae,8,4,True,foreground,150.0,-0.0021222530162931805
0.003104202044484394,-0.003900531121195028,adaptive_r150,20,1.1130257648182256,masked_mae,8,4,True,full_frame,150.0,-0.0004892657434390962
0.003134367878570046,-0.0030483126878625647,adaptive_r150,20,1.1130257648182256,masked_mae,8,4,True,head_foreground,150.0,-4.168104834124247e-06
0.002725868381491268,-0.00235175818331609,adaptive_r150,20,1.1130257648182256,masked_mae,8,4,True,head_supported,150.0,0.00024435612009640964
0.00791858328982516,-0.021468073821247696,adaptive_r150,20,1.1130257648182256,masked_mae,8,4,True,head_unsupported,150.0,-0.006888385591512856
-0.000655300066509399,-0.0056386821313273855,adaptive_r150,20,1.1130257648182256,masked_mae,8,4,True,oral,150.0,-0.003159371730664161
0.006863246129767065,-0.018743170073265283,adaptive_r150,20,1.1130257648182256,masked_mae,8,4,True,torso_outside_head_roi,150.0,-0.005908187513775495
0.005596337712627052,-0.0017165798139400122,adaptive_r150,20,1.1171089545972943,masked_mae,8,8,True,background,150.0,0.0015333072538974168
0.004398935164328726,-0.0020550233908448886,adaptive_r150,20,1.1171089545972943,masked_mae,8,8,True,eyes,150.0,0.0009544408645370195
0.001972381390538863,-0.003201513838494451,adaptive_r150,20,1.1171089545972943,masked_mae,8,8,True,flame_supported,150.0,-0.0006341076327737678
-0.001105986567443895,-0.03137103996439389,adaptive_r150,20,1.1171089545972943,masked_mae,8,8,True,flame_unsupported,150.0,-0.016366297877307198
1.236296416488739e-05,-0.009905682987614678,adaptive_r150,20,1.1171089545972943,masked_mae,8,8,True,foreground,150.0,-0.004995470705266548
0.002173014897281755,-0.005418219776542178,adaptive_r150,20,1.1171089545972943,masked_mae,8,8,True,full_frame,150.0,-0.001753508898080399
0.002576439609150011,-0.002842831689208261,adaptive_r150,20,1.1171089545972943,masked_mae,8,8,True,head_foreground,150.0,-0.00018847912339845646
0.0024414460722455666,-0.0018107959943815732,adaptive_r150,20,1.1171089545972943,masked_mae,8,8,True,head_supported,150.0,0.0003658262394347883
0.00486813438171097,-0.022148690546204015,adaptive_r150,20,1.1171089545972943,masked_mae,8,8,True,head_unsupported,150.0,-0.008629618975664511
-0.0011532728870496882,-0.005817571870619931,adaptive_r150,20,1.1171089545972943,masked_mae,8,8,True,oral,150.0,-0.003428168030485711
-0.0019212979635463427,-0.028281931857228444,adaptive_r150,20,1.1171089545972943,masked_mae,8,8,True,torso_outside_head_roi,150.0,-0.014994101613157318
-0.003421058827225945,-0.0111011589549802,adaptive_r150,20,0.8381189533475739,masked_mae,32,1,True,background,150.0,-0.007067186180341844
0.007448771784978442,0.00010675890588107082,adaptive_r150,20,0.8381189533475739,masked_mae,32,1,True,eyes,150.0,0.003576300133866877
-0.001163126961518569,-0.005199824054207962,adaptive_r150,20,0.8381189533475739,masked_mae,32,1,True,flame_supported,150.0,-0.0032347673850382794
0.06462610141584219,0.0318281968118223,adaptive_r150,20,0.8381189533475739,masked_mae,32,1,True,flame_unsupported,150.0,0.048417702771085966
0.01934337729403227,0.007189323122159917,adaptive_r150,20,0.8381189533475739,masked_mae,32,1,True,foreground,150.0,0.013275291971044323
0.008232135533760208,-0.00010505299369931735,adaptive_r150,20,0.8381189533475739,masked_mae,32,1,True,full_frame,150.0,0.00401442644838513
0.005097385334893518,-0.002822428571456343,adaptive_r150,20,0.8381189533475739,masked_mae,32,1,True,head_foreground,150.0,0.0010859201132820454
-0.0021515612785248635,-0.005757670298029346,adaptive_r150,20,0.8381189533475739,masked_mae,32,1,True,head_supported,150.0,-0.0039561173434001255
0.05599842800758614,0.009734702540752066,adaptive_r150,20,0.8381189533475739,masked_mae,32,1,True,head_unsupported,150.0,0.0333073819912996
-0.0026858277655152,-0.007385079339716497,adaptive_r150,20,0.8381189533475739,masked_mae,32,1,True,oral,150.0,-0.005166565296174303
0.054019067267837485,0.03129264758364235,adaptive_r150,20,0.8381189533475739,masked_mae,32,1,True,torso_outside_head_roi,150.0,0.042681251158669144
-0.002059211247777463,-0.0077370109660950944,adaptive_r150,20,0.8405634965263189,masked_mae,32,4,True,background,150.0,-0.004767991222158029
0.007317224503844341,-8.465750870943166e-05,adaptive_r150,20,0.8405634965263189,masked_mae,32,4,True,eyes,150.0,0.003468613177567826
-0.0016924511681942539,-0.006209275167025428,adaptive_r150,20,0.8405634965263189,masked_mae,32,4,True,flame_supported,150.0,-0.004029327100180792
0.05717834984494432,0.023446585800084303,adaptive_r150,20,0.8405634965263189,masked_mae,32,4,True,flame_unsupported,150.0,0.0419400148861817
0.016578474041750803,0.004605706476565856,adaptive_r150,20,0.8405634965263189,masked_mae,32,4,True,foreground,150.0,0.01074275156358607
0.007710800797878393,0.0007300335609483486,adaptive_r150,20,0.8405634965263189,masked_mae,32,4,True,full_frame,150.0,0.004054030570140762
0.0031228660395664827,-0.005615846391115723,adaptive_r150,20,0.8405634965263189,masked_mae,32,4,True,head_foreground,150.0,-0.00126672425804657
-0.0025505877459452214,-0.006830471072485399,adaptive_r150,20,0.8405634965263189,masked_mae,32,4,True,head_supported,150.0,-0.00470875408987799
0.04370155790673947,-0.005797449317795107,adaptive_r150,20,0.8405634965263189,masked_mae,32,4,True,head_unsupported,150.0,0.020738968475612223
-0.002269997373405415,-0.006606154044304654,adaptive_r150,20,0.8405634965263189,masked_mae,32,4,True,oral,150.0,-0.004516991776057004
0.04930886459152529,0.029783087088497633,adaptive_r150,20,0.8405634965263189,masked_mae,32,4,True,torso_outside_head_roi,150.0,0.039977679160537
-0.002366164054515693,-0.00835429240225354,adaptive_r150,20,0.8429268509139123,masked_mae,32,8,True,background,150.0,-0.005270819288969177
0.0073452706136876945,-0.00016238881378425756,adaptive_r150,20,0.8429268509139123,masked_mae,32,8,True,eyes,150.0,0.0034480191908312628
-0.0009814502470447844,-0.005591153882590739,adaptive_r150,20,0.8429268509139123,masked_mae,32,8,True,flame_supported,150.0,-0.0033577932018649123
0.05825489996810322,0.030245931147218498,adaptive_r150,20,0.8429268509139123,masked_mae,32,8,True,flame_unsupported,150.0,0.04492767535409219
0.01741373078699989,0.006707819083826288,adaptive_r150,20,0.8429268509139123,masked_mae,32,8,True,foreground,150.0,0.011965123678261979
0.007813267290862855,0.0012741250900076874,adaptive_r150,20,0.8429268509139123,masked_mae,32,8,True,full_frame,150.0,0.0043090755789219806
0.0032646065066861394,-0.003804516646133748,adaptive_r150,20,0.8429268509139123,masked_mae,32,8,True,head_foreground,150.0,-0.0003980416897889201
-0.001994513367642347,-0.006250063396182105,adaptive_r150,20,0.8429268509139123,masked_mae,32,8,True,head_supported,150.0,-0.0041666131408310625
0.04625390609294242,0.005647952625237,adaptive_r150,20,0.8429268509139123,masked_mae,32,8,True,head_unsupported,150.0,0.02657189428236517
-0.0023263619303169735,-0.00704452998097809,adaptive_r150,20,0.8429268509139123,masked_mae,32,8,True,oral,150.0,-0.004788753668125508
0.05066113427426985,0.03078527008622542,adaptive_r150,20,0.8429268509139123,masked_mae,32,8,True,torso_outside_head_roi,150.0,0.04050773335164147
-0.0007971887457303443,-0.008764415291705527,adaptive_r150,20,0.7849021677670207,masked_mae,128,1,True,background,150.0,-0.004991434909745322
0.0042684173120539235,-0.002323539563921594,adaptive_r150,20,0.7849021677670207,masked_mae,128,1,True,eyes,150.0,0.0008357395970093554
0.0014890216951309394,-0.0028912713043951965,adaptive_r150,20,0.7849021677670207,masked_mae,128,1,True,flame_supported,150.0,-0.0007660897247042588
0.0757527621342758,0.044923651795641374,adaptive_r150,20,0.7849021677670207,masked_mae,128,1,True,flame_unsupported,150.0,0.060118417480176434
0.024741578773474573,0.012031486444678737,adaptive_r150,20,0.7849021677670207,masked_mae,128,1,True,foreground,150.0,0.017989657164101145
0.012808996209002457,0.003641702364073648,adaptive_r150,20,0.7849021677670207,masked_mae,128,1,True,full_frame,150.0,0.007861742692563218
0.008048406207952264,-0.0009427189387337205,adaptive_r150,20,0.7849021677670207,masked_mae,128,1,True,head_foreground,150.0,0.003364309293779757
-0.00012449080936967463,-0.00408075033586998,adaptive_r150,20,0.7849021677670207,masked_mae,128,1,True,head_supported,150.0,-0.0021241804775709154
0.058669646270648766,0.014449303998704713,adaptive_r150,20,0.7849021677670207,masked_mae,128,1,True,head_unsupported,150.0,0.036014314436099364
-0.0011664468987367645,-0.0060503293083531305,adaptive_r150,20,0.7849021677670207,masked_mae,128,1,True,oral,150.0,-0.003456927753778131
0.06577525359760569,0.0392542643406186,adaptive_r150,20,0.7849021677670207,masked_mae,128,1,True,torso_outside_head_roi,150.0,0.052262256831204244
-0.0006670697021460914,-0.008744286494065877,adaptive_r150,20,0.8055640362658674,masked_mae,128,4,True,background,150.0,-0.004920042245480466
0.0030741599667380624,-0.0029129352795825426,adaptive_r150,20,0.8055640362658674,masked_mae,128,4,True,eyes,150.0,-2.8014090888310583e-05
-0.0012319883183033256,-0.00484229292233952,adaptive_r150,20,0.8055640362658674,masked_mae,128,4,True,flame_supported,150.0,-0.0031712943297473465
0.06936764305391323,0.035488728016005854,adaptive_r150,20,0.8055640362658674,masked_mae,128,4,True,flame_unsupported,150.0,0.05166351121805116
0.02045365679022267,0.007779100505464253,adaptive_r150,20,0.8055640362658674,masked_mae,128,4,True,foreground,150.0,0.013454594397212286
0.010755568276696045,0.0013749551970522152,adaptive_r150,20,0.8055640362658674,masked_mae,128,4,True,full_frame,150.0,0.00560047466057892
0.005436341265335022,-0.0028539603686630684,adaptive_r150,20,0.8055640362658674,masked_mae,128,4,True,head_foreground,150.0,0.0008739608001173016
-0.0029407605239285314,-0.006068612354396345,adaptive_r150,20,0.8055640362658674,masked_mae,128,4,True,head_supported,150.0,-0.004557267990735632
0.057014807095716866,0.01419568460436417,adaptive_r150,20,0.8055640362658674,masked_mae,128,4,True,head_unsupported,150.0,0.035135098020992364
-0.0014955764722441025,-0.00826771394627149,adaptive_r150,20,0.8055640362658674,masked_mae,128,4,True,oral,150.0,-0.004704667337134466
0.05715771561637088,0.0266739639514241,adaptive_r150,20,0.8055640362658674,masked_mae,128,4,True,torso_outside_head_roi,150.0,0.04191033026943914
3.7775978255128545e-05,-0.0074812991767495545,adaptive_r150,20,0.812701197969744,masked_mae,128,8,True,background,150.0,-0.0037632238345369773
0.003808722103151981,-0.0023406141368547684,adaptive_r150,20,0.812701197969744,masked_mae,128,8,True,eyes,150.0,0.0006401148269143404
-0.001459279455280778,-0.005107139507965846,adaptive_r150,20,0.812701197969744,masked_mae,128,8,True,flame_supported,150.0,-0.0034041789043393013
0.0700398508430512,0.03810385578690648,adaptive_r150,20,0.812701197969744,masked_mae,128,8,True,flame_unsupported,150.0,0.05353489716099933
0.020921604089087664,0.008343471563592343,adaptive_r150,20,0.812701197969744,masked_mae,128,8,True,foreground,150.0,0.014126581332697372
0.011258016659222044,0.002110257109614849,adaptive_r150,20,0.812701197969744,masked_mae,128,8,True,full_frame,150.0,0.006292441341644564
0.005032807788925705,-0.003086275387721262,adaptive_r150,20,0.812701197969744,masked_mae,128,8,True,head_foreground,150.0,0.0005853305564229152
-0.003036755671267158,-0.006352981872660852,adaptive_r150,20,0.812701197969744,masked_mae,128,8,True,head_supported,150.0,-0.004727222018817036
0.053846829741314474,0.012064407095523729,adaptive_r150,20,0.812701197969744,masked_mae,128,8,True,head_unsupported,150.0,0.032669071442766595
-0.0011908256981240305,-0.007809995236227493,adaptive_r150,20,0.812701197969744,masked_mae,128,8,True,oral,150.0,-0.0043608171024582185
0.0585166549221727,0.03234576595798439,adaptive_r150,20,0.812701197969744,masked_mae,128,8,True,torso_outside_head_roi,150.0,0.04465884640151187
-0.00532565046182829,-0.010639620091138991,adaptive_r150,20,0.8126011960330258,masked_mae,384,1,True,background,150.0,-0.008014877170202371
0.005151822147524468,-3.3125965707295874e-05,adaptive_r150,20,0.8126011960330258,masked_mae,384,1,True,eyes,150.0,0.0025074878385413393
0.0008940479462579858,-0.0046608905110780115,adaptive_r150,20,0.8126011960330258,masked_mae,384,1,True,flame_supported,150.0,-0.0020239104869616137
0.07221231335875733,0.03476003324306343,adaptive_r150,20,0.8126011960330258,masked_mae,384,1,True,flame_unsupported,150.0,0.05328863493132373
0.02173481526753098,0.00931248247190296,adaptive_r150,20,0.8126011960330258,masked_mae,384,1,True,foreground,150.0,0.015508154408208302
0.00940015538417651,0.0013062926740608845,adaptive_r150,20,0.8126011960330258,masked_mae,384,1,True,full_frame,150.0,0.005139368265696045
0.004721691208952613,-0.0030928447874839842,adaptive_r150,20,0.8126011960330258,masked_mae,384,1,True,head_foreground,150.0,0.0006513259886622325
7.764897187608776e-05,-0.005475619146808409,adaptive_r150,20,0.8126011960330258,masked_mae,384,1,True,head_supported,150.0,-0.0028783372544638024
0.04517487006877366,-0.0034163912703452566,adaptive_r150,20,0.8126011960330258,masked_mae,384,1,True,head_unsupported,150.0,0.020751376477806987
-0.0002849486062103735,-0.004350807220905002,adaptive_r150,20,0.8126011960330258,masked_mae,384,1,True,oral,150.0,-0.002204785488473245
0.06441024822870224,0.036066036469194464,adaptive_r150,20,0.8126011960330258,masked_mae,384,1,True,torso_outside_head_roi,150.0,0.05028425452984634
-0.003963886215471716,-0.009434616840067508,adaptive_r150,20,0.8252997387996706,masked_mae,384,4,True,background,150.0,-0.006695468291080387
0.003991669533166149,-0.0015746723638753904,adaptive_r150,20,0.8252997387996706,masked_mae,384,4,True,eyes,150.0,0.0012048007814705144
-0.002389262278334207,-0.005956983584296832,adaptive_r150,20,0.8252997387996706,masked_mae,384,4,True,flame_supported,150.0,-0.004324312196202819
0.0648308591859974,0.029529523564753957,adaptive_r150,20,0.8252997387996706,masked_mae,384,4,True,flame_unsupported,150.0,0.047076220022246984
0.01769059051200297,0.0061055326478900015,adaptive_r150,20,0.8252997387996706,masked_mae,384,4,True,foreground,150.0,0.01185059433244299
0.0076276997893932,0.0007125850941549906,adaptive_r150,20,0.8252997387996706,masked_mae,384,4,True,full_frame,150.0,0.003951096866803476
0.0003878078629036679,-0.005580461843107667,adaptive_r150,20,0.8252997387996706,masked_mae,384,4,True,head_foreground,150.0,-0.0025952897196065876
-0.0037775310238928436,-0.007462967341972118,adaptive_r150,20,0.8252997387996706,masked_mae,384,4,True,head_supported,150.0,-0.005653933549470696
0.03673218072726596,-0.0039367289219085794,adaptive_r150,20,0.8252997387996706,masked_mae,384,4,True,head_unsupported,150.0,0.016695809378577266
-0.00032955534267735496,-0.004455298456402049,adaptive_r150,20,0.8252997387996706,masked_mae,384,4,True,oral,150.0,-0.0022582405605494115
0.05882767976040427,0.03210939716985545,adaptive_r150,20,0.8252997387996706,masked_mae,384,4,True,torso_outside_head_roi,150.0,0.04502275769401598
-0.0023191882017717428,-0.007556928012500095,adaptive_r150,20,0.81935261463418,masked_mae,384,8,True,background,150.0,-0.004952902895664607
0.005300429067203874,-0.0003357297156160715,adaptive_r150,20,0.81935261463418,masked_mae,384,8,True,eyes,150.0,0.0025080251807742026
-0.0021279364777228495,-0.0057812107719330715,adaptive_r150,20,0.81935261463418,masked_mae,384,8,True,flame_supported,150.0,-0.0040564891724230315
0.06690910034327509,0.030352705488000724,adaptive_r150,20,0.81935261463418,masked_mae,384,8,True,flame_unsupported,150.0,0.048533937975814984
0.01893437189394837,0.0071063163168554044,adaptive_r150,20,0.81935261463418,masked_mae,384,8,True,foreground,150.0,0.012778613540293466
0.0089381196454025,0.0017442323757773073,adaptive_r150,20,0.81935261463418,masked_mae,384,8,True,full_frame,150.0,0.005111519837070268
0.0005623136975402502,-0.0050027367244323325,adaptive_r150,20,0.81935261463418,masked_mae,384,8,True,head_foreground,150.0,-0.0022467926782673876
-0.003269197304730709,-0.007129636748079386,adaptive_r150,20,0.81935261463418,masked_mae,384,8,True,head_supported,150.0,-0.005224082346485116
0.03739895973856963,-0.004876110347917592,adaptive_r150,20,0.81935261463418,masked_mae,384,8,True,head_unsupported,150.0,0.016055327701398604
0.0001378123093576206,-0.004110178783786853,adaptive_r150,20,0.81935261463418,masked_mae,384,8,True,oral,150.0,-0.001960952102661273
0.060311828926369326,0.032822742525791614,adaptive_r150,20,0.81935261463418,masked_mae,384,8,True,torso_outside_head_roi,150.0,0.04621221703450976
0.01216766390463677,-0.001412925768823757,adaptive_r30,20,0.3930599934450275,ssim,8,1,True,full_frame,30.0,0.005228085018439926
0.008635295787849015,-0.003960463779543999,adaptive_r30,20,0.39390022335708524,ssim,8,4,True,full_frame,30.0,0.002217562772615858
0.007462304543524481,-0.0045012741595424,adaptive_r30,20,0.3900710891203474,ssim,8,8,True,full_frame,30.0,0.0011956043738697408
0.018185042463639462,0.005042516603646914,adaptive_r30,20,0.24962245730201954,ssim,384,1,True,full_frame,30.0,0.01194323671154993
0.01536186591667995,0.005380497857022912,adaptive_r30,20,0.25493201662670534,ssim,384,4,True,full_frame,30.0,0.010350199387197875
0.01439587037484525,0.00431314339787358,adaptive_r30,20,0.2531436453685204,ssim,384,8,True,full_frame,30.0,0.009413317580425892
0.011561153844419244,-0.001231370690601174,adaptive_r75,20,0.7657837051037668,ssim,8,1,True,full_frame,75.0,0.005157558800138851
0.004983414421416404,-0.006541180786890368,adaptive_r75,20,0.7557253331963469,ssim,8,4,True,full_frame,75.0,-0.000691188271629084
0.004138054158857965,-0.006979738672516808,adaptive_r75,20,0.7549274088829978,ssim,8,8,True,full_frame,75.0,-0.0012833491704057232
-0.00585426542564812,-0.0190243848889266,adaptive_r75,20,0.5007303649625863,ssim,384,1,True,full_frame,75.0,-0.012365453482610788
-0.012762587880026764,-0.026325426045968957,adaptive_r75,20,0.5129847676080846,ssim,384,4,True,full_frame,75.0,-0.01946681631381554
-0.010719764246916171,-0.025301204849888365,adaptive_r75,20,0.5130229698829549,ssim,384,8,True,full_frame,75.0,-0.01816892138050703
0.017128716403376043,0.004990076462156448,adaptive_r150,20,1.1559077702781342,ssim,8,1,True,full_frame,150.0,0.0109622716406594
0.014570592600279259,0.0016933705894460187,adaptive_r150,20,1.1130257648182256,ssim,8,4,True,full_frame,150.0,0.008187317388413332
0.014158289960402618,0.0009056305619301276,adaptive_r150,20,1.1171089545972943,ssim,8,8,True,full_frame,150.0,0.00766991296348484
-0.008202245784644156,-0.02085633291637703,adaptive_r150,20,0.8381189533475739,ssim,32,1,True,full_frame,150.0,-0.014427291838790482
-0.011708486493788093,-0.021755768401850492,adaptive_r150,20,0.8405634965263189,ssim,32,4,True,full_frame,150.0,-0.01692067500698476
-0.01128623075511508,-0.021673494251806275,adaptive_r150,20,0.8429268509139123,ssim,32,8,True,full_frame,150.0,-0.016746376809575133
-0.0042373285344967405,-0.018883944348511185,adaptive_r150,20,0.7849021677670207,ssim,128,1,True,full_frame,150.0,-0.012071260152427784
-0.009615140033768132,-0.024390854634325426,adaptive_r150,20,0.8055640362658674,ssim,128,4,True,full_frame,150.0,-0.017417824236926394
-0.008006221801042926,-0.022116369111874312,adaptive_r150,20,0.812701197969744,ssim,128,8,True,full_frame,150.0,-0.015279231392045668
-0.009533901348018927,-0.023409566549637443,adaptive_r150,20,0.8126011960330258,ssim,384,1,True,full_frame,150.0,-0.016691727277717658
-0.014624590112022762,-0.02656118666168279,adaptive_r150,20,0.8252997387996706,ssim,384,4,True,full_frame,150.0,-0.020616912387289573
-0.012376142270569353,-0.02430804133455789,adaptive_r150,20,0.81935261463418,ssim,384,8,True,full_frame,150.0,-0.01831833451345829
0.014070218385728354,0.006735764676265973,adaptive_r30,20,0.3930599934450275,lpips_alex_spatial,8,1,True,background,30.0,0.01034662981213912
0.016785711428186793,0.0035984284025581807,adaptive_r30,20,0.3930599934450275,lpips_alex_spatial,8,1,True,eyes,30.0,0.010136794111281417
0.02305436035437462,0.011176479926773527,adaptive_r30,20,0.3930599934450275,lpips_alex_spatial,8,1,True,flame_supported,30.0,0.01714348930191067
0.021430930295226833,0.008325558292268533,adaptive_r30,20,0.3930599934450275,lpips_alex_spatial,8,1,True,flame_unsupported,30.0,0.014611023544692903
0.022247833353165557,0.01048397517092058,adaptive_r30,20,0.3930599934450275,lpips_alex_spatial,8,1,True,foreground,30.0,0.016305045798948516
0.018016853292688186,0.009106114811331754,adaptive_r30,20,0.3930599934450275,lpips_alex_spatial,8,1,True,full_frame,30.0,0.013570393594625207
0.022609212472248265,0.012270395328270262,adaptive_r30,20,0.3930599934450275,lpips_alex_spatial,8,1,True,head_foreground,30.0,0.017512472230007608
0.0229055720003127,0.011923092674711812,adaptive_r30,20,0.3930599934450275,lpips_alex_spatial,8,1,True,head_supported,30.0,0.017485020527654528
0.01840952874302921,0.007973352248570025,adaptive_r30,20,0.3930599934450275,lpips_alex_spatial,8,1,True,head_unsupported,30.0,0.013386686645690237
0.015412300135889252,0.0043405952955831995,adaptive_r30,20,0.3930599934450275,lpips_alex_spatial,8,1,True,oral,30.0,0.009727871789258045
0.024798812641703707,0.0038865207207536274,adaptive_r30,20,0.3930599934450275,lpips_alex_spatial,8,1,True,torso_outside_head_roi,30.0,0.013973728275821945
0.013146666847169046,0.007127527441535486,adaptive_r30,20,0.39390022335708524,lpips_alex_spatial,8,4,True,background,30.0,0.009958563025634682
0.01547318753489518,0.00309482507775477,adaptive_r30,20,0.39390022335708524,lpips_alex_spatial,8,4,True,eyes,30.0,0.009296767592421878
0.022005679195983053,0.010970151277874297,adaptive_r30,20,0.39390022335708524,lpips_alex_spatial,8,4,True,flame_supported,30.0,0.016436483917892465
0.022977574197028016,0.007982664701706813,adaptive_r30,20,0.39390022335708524,lpips_alex_spatial,8,4,True,flame_unsupported,30.0,0.015169763592443476
0.021660833178698012,0.010680192041358899,adaptive_r30,20,0.39390022335708524,lpips_alex_spatial,8,4,True,foreground,30.0,0.0160636141317322
0.017216112556635774,0.009394190963022613,adaptive_r30,20,0.39390022335708524,lpips_alex_spatial,8,4,True,full_frame,30.0,0.013263851142001962
0.020835565501171802,0.012357148345370618,adaptive_r30,20,0.39390022335708524,lpips_alex_spatial,8,4,True,head_foreground,30.0,0.01666310587142885
0.02136376656043907,0.01182570325010458,adaptive_r30,20,0.39390022335708524,lpips_alex_spatial,8,4,True,head_supported,30.0,0.016521489479465506
0.019335820205845632,0.008777219821514625,adaptive_r30,20,0.39390022335708524,lpips_alex_spatial,8,4,True,head_unsupported,30.0,0.01419684905999254
0.010676618792476235,0.001104735851501295,adaptive_r30,20,0.39390022335708524,lpips_alex_spatial,8,4,True,oral,30.0,0.005918090827203003
0.02748768801658073,0.004316776868919073,adaptive_r30,20,0.39390022335708524,lpips_alex_spatial,8,4,True,torso_outside_head_roi,30.0,0.015873321593407187
0.010396024551288045,0.004949188873733929,adaptive_r30,20,0.3900710891203474,lpips_alex_spatial,8,8,True,background,30.0,0.007420605409248694
0.012623286612212178,0.0003844460240687424,adaptive_r30,20,0.3900710891203474,lpips_alex_spatial,8,8,True,eyes,30.0,0.006483012162897979
0.01858625171151333,0.007811282919789179,adaptive_r30,20,0.3900710891203474,lpips_alex_spatial,8,8,True,flame_supported,30.0,0.013207415381797455
0.022871625026555376,0.006386775080184066,adaptive_r30,20,0.3900710891203474,lpips_alex_spatial,8,8,True,flame_unsupported,30.0,0.014511948382976664
0.01913441759320239,0.007634095735722237,adaptive_r30,20,0.3900710891203474,lpips_alex_spatial,8,8,True,foreground,30.0,0.01343278431718956
0.01448932710906163,0.006776428495718161,adaptive_r30,20,0.3900710891203474,lpips_alex_spatial,8,8,True,full_frame,30.0,0.010654657608039748
0.017660642194715116,0.009291137921310985,adaptive_r30,20,0.3900710891203474,lpips_alex_spatial,8,8,True,head_foreground,30.0,0.013553623219275623
0.017882298713466402,0.008571916364928366,adaptive_r30,20,0.3900710891203474,lpips_alex_spatial,8,8,True,head_supported,30.0,0.013274904262892578
0.017158557988574175,0.008288388202193568,adaptive_r30,20,0.3900710891203474,lpips_alex_spatial,8,8,True,head_unsupported,30.0,0.012863062822370968
0.009103380272299092,-0.0023067365428820785,adaptive_r30,20,0.3900710891203474,lpips_alex_spatial,8,8,True,oral,30.0,0.0034388294619704315
0.028339575783133335,0.0029517643675065785,adaptive_r30,20,0.3900710891203474,lpips_alex_spatial,8,8,True,torso_outside_head_roi,30.0,0.015605747503524175
0.010408741984610994,0.0034932330848727773,adaptive_r30,20,0.24962245730201954,lpips_alex_spatial,384,1,True,background,30.0,0.0069797302419401745
0.010258576137483148,0.0036507699706993498,adaptive_r30,20,0.24962245730201954,lpips_alex_spatial,384,1,True,eyes,30.0,0.006976994956580653
-0.0015767812821784752,-0.014005415738084493,adaptive_r30,20,0.24962245730201954,lpips_alex_spatial,384,1,True,flame_supported,30.0,-0.0077700488195686455
0.020221277302205003,0.003941806514490513,adaptive_r30,20,0.24962245730201954,lpips_alex_spatial,384,1,True,flame_unsupported,30.0,0.012149333330333637
0.0045836121342673645,-0.008076570968002994,adaptive_r30,20,0.24962245730201954,lpips_alex_spatial,384,1,True,foreground,30.0,-0.0018215990287318794
0.006576275516896197,-0.0018721092271902977,adaptive_r30,20,0.24962245730201954,lpips_alex_spatial,384,1,True,full_frame,30.0,0.0022965448404625374
0.0016302639198418518,-0.009319032044262052,adaptive_r30,20,0.24962245730201954,lpips_alex_spatial,384,1,True,head_foreground,30.0,-0.0038259437469126273
1.6447768575519685e-06,-0.011647079451694737,adaptive_r30,20,0.24962245730201954,lpips_alex_spatial,384,1,True,head_supported,30.0,-0.005812888369939495
0.01408532207547039,0.002158125424279569,adaptive_r30,20,0.24962245730201954,lpips_alex_spatial,384,1,True,head_unsupported,30.0,0.008030597046160536
0.0037687274913908073,-0.0068214877593557564,adaptive_r30,20,0.24962245730201954,lpips_alex_spatial,384,1,True,oral,30.0,-0.0013248738665054354
0.012781440611914977,-0.005480416370403809,adaptive_r30,20,0.24962245730201954,lpips_alex_spatial,384,1,True,torso_outside_head_roi,30.0,0.0036260990519638354
0.011308086943068112,0.0057225668782881975,adaptive_r30,20,0.25493201662670534,lpips_alex_spatial,384,4,True,background,30.0,0.008509959469457712
0.014984361614905994,0.0073766418617064195,adaptive_r30,20,0.25493201662670534,lpips_alex_spatial,384,4,True,eyes,30.0,0.011209802481178765
0.0036042849571097046,-0.008249332535183434,adaptive_r30,20,0.25493201662670534,lpips_alex_spatial,384,4,True,flame_supported,30.0,-0.0022041652783286957
0.019800823282592903,0.006039789331751089,adaptive_r30,20,0.25493201662670534,lpips_alex_spatial,384,4,True,flame_unsupported,30.0,0.012933085031596927
0.007789357328380223,-0.003298271214174609,adaptive_r30,20,0.25493201662670534,lpips_alex_spatial,384,4,True,foreground,30.0,0.0022736252632386197
0.008794836195518954,0.0014914554668995301,adaptive_r30,20,0.25493201662670534,lpips_alex_spatial,384,4,True,full_frame,30.0,0.005067581518472452
0.00626467539701027,-0.0034698748008255313,adaptive_r30,20,0.25493201662670534,lpips_alex_spatial,384,4,True,head_foreground,30.0,0.0014227248162708844
0.005234330439899971,-0.005607943213255153,adaptive_r30,20,0.25493201662670534,lpips_alex_spatial,384,4,True,head_supported,30.0,-0.0001329471329651444
0.015803049444796623,0.0058280250745666165,adaptive_r30,20,0.25493201662670534,lpips_alex_spatial,384,4,True,head_unsupported,30.0,0.01064822886034038
0.01280608256292583,0.003486227976038011,adaptive_r30,20,0.25493201662670534,lpips_alex_spatial,384,4,True,oral,30.0,0.008306365308814572
0.01371026060905618,-0.0030187819567253876,adaptive_r30,20,0.25493201662670534,lpips_alex_spatial,384,4,True,torso_outside_head_roi,30.0,0.005112167364688791
0.010187072114598173,0.005128620347729351,adaptive_r30,20,0.2531436453685204,lpips_alex_spatial,384,8,True,background,30.0,0.007723848474290709
0.012409657931999139,0.005408923005796856,adaptive_r30,20,0.2531436453685204,lpips_alex_spatial,384,8,True,eyes,30.0,0.0088865569218336
0.0035389096207260862,-0.009234022271206519,adaptive_r30,20,0.2531436453685204,lpips_alex_spatial,384,8,True,flame_supported,30.0,-0.0027855035199662688
0.021193227382969665,0.007037352435563361,adaptive_r30,20,0.2531436453685204,lpips_alex_spatial,384,8,True,flame_unsupported,30.0,0.014169239582023846
0.007881489149242542,-0.0036014789789047554,adaptive_r30,20,0.2531436453685204,lpips_alex_spatial,384,8,True,foreground,30.0,0.0021762533303830113
0.008799679205117952,0.0010662222222988346,adaptive_r30,20,0.2531436453685204,lpips_alex_spatial,384,8,True,full_frame,30.0,0.004805436639185441
0.006252838323758127,-0.004601784652663254,adaptive_r30,20,0.2531436453685204,lpips_alex_spatial,384,8,True,head_foreground,30.0,0.0008898154563178551
0.005317272824930497,-0.006521273346833378,adaptive_r30,20,0.2531436453685204,lpips_alex_spatial,384,8,True,head_supported,30.0,-0.0006225847641833399
0.016285914180616364,0.0053395593546370235,adaptive_r30,20,0.2531436453685204,lpips_alex_spatial,384,8,True,head_unsupported,30.0,0.01063210602823848
0.01387245784615801,0.0029274332765094734,adaptive_r30,20,0.2531436453685204,lpips_alex_spatial,384,8,True,oral,30.0,0.008413759573585724
0.015379281982820518,-0.0012227437513609714,adaptive_r30,20,0.2531436453685204,lpips_alex_spatial,384,8,True,torso_outside_head_roi,30.0,0.006953329903899882
0.014927023025001587,0.0040793095113288,adaptive_r75,20,0.7657837051037668,lpips_alex_spatial,8,1,True,background,75.0,0.00959826277852099
0.027215309553327592,0.014488972526626464,adaptive_r75,20,0.7657837051037668,lpips_alex_spatial,8,1,True,eyes,75.0,0.02071379073304407
0.015514846341736544,0.004072900981225783,adaptive_r75,20,0.7657837051037668,lpips_alex_spatial,8,1,True,flame_supported,75.0,0.009943986759685688
0.02151064654315693,0.003443177692961075,adaptive_r75,20,0.7657837051037668,lpips_alex_spatial,8,1,True,flame_unsupported,75.0,0.01261769766231138
0.016485654316392522,0.004010385582978599,adaptive_r75,20,0.7657837051037668,lpips_alex_spatial,8,1,True,foreground,75.0,0.010476906464933863
0.015871821744470663,0.004658105816153375,adaptive_r75,20,0.7657837051037668,lpips_alex_spatial,8,1,True,full_frame,75.0,0.010402304927261255
0.016556071691347818,0.005693609425811908,adaptive_r75,20,0.7657837051037668,lpips_alex_spatial,8,1,True,head_foreground,75.0,0.01128650673800385
0.016460492553300544,0.005179841137152722,adaptive_r75,20,0.7657837051037668,lpips_alex_spatial,8,1,True,head_supported,75.0,0.011054208323743932
0.01734277043463812,0.007212696712343446,adaptive_r75,20,0.7657837051037668,lpips_alex_spatial,8,1,True,head_unsupported,75.0,0.012389716910235037
0.014807876575700252,0.002352063697954373,adaptive_r75,20,0.7657837051037668,lpips_alex_spatial,8,1,True,oral,75.0,0.009133758475302827
0.017878188050673288,-0.0031100262708431852,adaptive_r75,20,0.7657837051037668,lpips_alex_spatial,8,1,True,torso_outside_head_roi,75.0,0.007735603196356466
0.01362389813037789,0.005330935452382083,adaptive_r75,20,0.7557253331963469,lpips_alex_spatial,8,4,True,background,75.0,0.009467472853829508
0.026119440867965995,0.015052909145099587,adaptive_r75,20,0.7557253331963469,lpips_alex_spatial,8,4,True,eyes,75.0,0.020507785597672218
0.016909275127507836,0.005473944895380945,adaptive_r75,20,0.7557253331963469,lpips_alex_spatial,8,4,True,flame_supported,75.0,0.011277831157362556
0.02626711516819904,0.00667102798004517,adaptive_r75,20,0.7557253331963469,lpips_alex_spatial,8,4,True,flame_unsupported,75.0,0.016435122779874026
0.0192709133252813,0.006553455805172159,adaptive_r75,20,0.7557253331963469,lpips_alex_spatial,8,4,True,foreground,75.0,0.01299591810060918
0.016684857951409022,0.006600446484275284,adaptive_r75,20,0.7557253331963469,lpips_alex_spatial,8,4,True,full_frame,75.0,0.011721452680463236
0.016982296745128855,0.007282682323564393,adaptive_r75,20,0.7557253331963469,lpips_alex_spatial,8,4,True,head_foreground,75.0,0.012231154231162082
0.017073436804138722,0.006616222659295986,adaptive_r75,20,0.7557253331963469,lpips_alex_spatial,8,4,True,head_supported,75.0,0.01195601664918697
0.017886191096221256,0.010066867041855287,adaptive_r75,20,0.7557253331963469,lpips_alex_spatial,8,4,True,head_unsupported,75.0,0.013989474484809295
0.014498324660574845,0.0008350606780533099,adaptive_r75,20,0.7557253331963469,lpips_alex_spatial,8,4,True,oral,75.0,0.007893903666256974
0.025208528291430183,6.007409857658658e-06,adaptive_r75,20,0.7557253331963469,lpips_alex_spatial,8,4,True,torso_outside_head_roi,75.0,0.012370239149839446
0.010024765775912433,0.001758700593521156,adaptive_r75,20,0.7549274088829978,lpips_alex_spatial,8,8,True,background,75.0,0.005847638883986128
0.0230180284449905,0.011888449113582602,adaptive_r75,20,0.7549274088829978,lpips_alex_spatial,8,8,True,eyes,75.0,0.017396972684487595
0.013170034763061134,0.002380107884213383,adaptive_r75,20,0.7549274088829978,lpips_alex_spatial,8,8,True,flame_supported,75.0,0.007712372329418483
0.023804130872334003,0.004476312916659568,adaptive_r75,20,0.7549274088829978,lpips_alex_spatial,8,8,True,flame_unsupported,75.0,0.014260704776320748
0.01591617092647617,0.003685441015998108,adaptive_r75,20,0.7549274088829978,lpips_alex_spatial,8,8,True,foreground,75.0,0.009752263441001805
0.013334644240958858,0.003283926572074613,adaptive_r75,20,0.7549274088829978,lpips_alex_spatial,8,8,True,full_frame,75.0,0.008187751708957237
0.013253428266474309,0.0038072205425008854,adaptive_r75,20,0.7549274088829978,lpips_alex_spatial,8,8,True,head_foreground,75.0,0.008537768787705501
0.013077201860961245,0.0032280745647614005,adaptive_r75,20,0.7549274088829978,lpips_alex_spatial,8,8,True,head_supported,75.0,0.008259812785074256
0.014335021319844252,0.005549939776138755,adaptive_r75,20,0.7549274088829978,lpips_alex_spatial,8,8,True,head_unsupported,75.0,0.00991740461588517
0.011663999665579025,0.00015828656468272023,adaptive_r75,20,0.7549274088829978,lpips_alex_spatial,8,8,True,oral,75.0,0.006175906127848391
0.023968616572548354,0.00044120280464487603,adaptive_r75,20,0.7549274088829978,lpips_alex_spatial,8,8,True,torso_outside_head_roi,75.0,0.01235928330270528
0.010135547025428706,-0.0011189315173117166,adaptive_r75,20,0.5007303649625863,lpips_alex_spatial,384,1,True,background,75.0,0.00462903065201109
0.00666480246881962,-0.002383382947684953,adaptive_r75,20,0.5007303649625863,lpips_alex_spatial,384,1,True,eyes,75.0,0.0022660059457076096
-0.009365065972115347,-0.024738191731363324,adaptive_r75,20,0.5007303649625863,lpips_alex_spatial,384,1,True,flame_supported,75.0,-0.016940784080156878
0.01713636196855082,-0.009869500926290286,adaptive_r75,20,0.5007303649625863,lpips_alex_spatial,384,1,True,flame_unsupported,75.0,0.0034864791697646223
-0.0012239539540892734,-0.018936930352417884,adaptive_r75,20,0.5007303649625863,lpips_alex_spatial,384,1,True,foreground,75.0,-0.010189895742479246
0.0034975716609038175,-0.010323961092759851,adaptive_r75,20,0.5007303649625863,lpips_alex_spatial,384,1,True,full_frame,75.0,-0.0033873428009650514
-0.00613014499750091,-0.022154031486692413,adaptive_r75,20,0.5007303649625863,lpips_alex_spatial,384,1,True,head_foreground,75.0,-0.013980437077588549
-0.006879595241623237,-0.022915510961971763,adaptive_r75,20,0.5007303649625863,lpips_alex_spatial,384,1,True,head_supported,75.0,-0.014838181130326571
0.0021907260816606587,-0.020814488701832192,adaptive_r75,20,0.5007303649625863,lpips_alex_spatial,384,1,True,head_unsupported,75.0,-0.009076323650555811
-0.0020772170029095256,-0.02299341987214536,adaptive_r75,20,0.5007303649625863,lpips_alex_spatial,384,1,True,oral,75.0,-0.012076088381759473
0.012385609540769338,-0.015997481342273225,adaptive_r75,20,0.5007303649625863,lpips_alex_spatial,384,1,True,torso_outside_head_roi,75.0,-0.0017320463887968874
0.011728106230308264,0.0009787681772826006,adaptive_r75,20,0.5129847676080846,lpips_alex_spatial,384,4,True,background,75.0,0.006312003878396795
0.009126532862573011,-0.0009792000544045997,adaptive_r75,20,0.5129847676080846,lpips_alex_spatial,384,4,True,eyes,75.0,0.004210379838469292
-0.007172399854982945,-0.02235231996971551,adaptive_r75,20,0.5129847676080846,lpips_alex_spatial,384,4,True,flame_supported,75.0,-0.01478598268943809
0.020423078065134437,-0.006265797668452358,adaptive_r75,20,0.5129847676080846,lpips_alex_spatial,384,4,True,flame_unsupported,75.0,0.006524098605761838
0.0017320121027611772,-0.016657513620536305,adaptive_r75,20,0.5129847676080846,lpips_alex_spatial,384,4,True,foreground,75.0,-0.00782536185770354
0.005993482310622688,-0.00830325545011635,adaptive_r75,20,0.5129847676080846,lpips_alex_spatial,384,4,True,full_frame,75.0,-0.0013569739008802233
-0.004172465534864936,-0.01909060268234327,adaptive_r75,20,0.5129847676080846,lpips_alex_spatial,384,4,True,head_foreground,75.0,-0.011581863124829447
-0.005325773982029052,-0.020283326601242314,adaptive_r75,20,0.5129847676080846,lpips_alex_spatial,384,4,True,head_supported,75.0,-0.01271835876323509
0.005554510223559326,-0.015305632720057754,adaptive_r75,20,0.5129847676080846,lpips_alex_spatial,384,4,True,head_unsupported,75.0,-0.004823703813526206
0.0005202892949424065,-0.014393226578169127,adaptive_r75,20,0.5129847676080846,lpips_alex_spatial,384,4,True,oral,75.0,-0.006588520782679623
0.01597743813680176,-0.014453546698631903,adaptive_r75,20,0.5129847676080846,lpips_alex_spatial,384,4,True,torso_outside_head_roi,75.0,0.00044245792453600217
0.010518240758984616,-3.3082383535062094e-05,adaptive_r75,20,0.5130229698829549,lpips_alex_spatial,384,8,True,background,75.0,0.005310111451662039
0.00677916782338575,-0.0033340151838144334,adaptive_r75,20,0.5130229698829549,lpips_alex_spatial,384,8,True,eyes,75.0,0.0018684862278459309
-0.007740657378959871,-0.023778466506613413,adaptive_r75,20,0.5130229698829549,lpips_alex_spatial,384,8,True,flame_supported,75.0,-0.015595698358874328
0.021361198766407536,-0.004182825872511069,adaptive_r75,20,0.5130229698829549,lpips_alex_spatial,384,8,True,flame_unsupported,75.0,0.008732966371095682
0.0015308270006087134,-0.016764517093220587,adaptive_r75,20,0.5130229698829549,lpips_alex_spatial,384,8,True,foreground,75.0,-0.007704525061373486
0.0053536961654719745,-0.008847563888647991,adaptive_r75,20,0.5130229698829549,lpips_alex_spatial,384,8,True,full_frame,75.0,-0.001658622553765525
-0.004164569284615404,-0.020762752954918865,adaptive_r75,20,0.5130229698829549,lpips_alex_spatial,384,8,True,head_foreground,75.0,-0.012347837448936399
-0.0052360147722811026,-0.021921941903273946,adaptive_r75,20,0.5130229698829549,lpips_alex_spatial,384,8,True,head_supported,75.0,-0.013527490736108632
0.005330907309161695,-0.016107614019687903,adaptive_r75,20,0.5130229698829549,lpips_alex_spatial,384,8,True,head_unsupported,75.0,-0.0051435000540925825
-0.0025755984117989284,-0.0189985221500355,adaptive_r75,20,0.5130229698829549,lpips_alex_spatial,384,8,True,oral,75.0,-0.010409148677417625
0.017967192801114553,-0.010585237905796595,adaptive_r75,20,0.5130229698829549,lpips_alex_spatial,384,8,True,torso_outside_head_roi,75.0,0.0036092386589433034
0.021267167574772622,0.008050459876056697,adaptive_r150,20,1.1559077702781342,lpips_alex_spatial,8,1,True,background,150.0,0.014913700488337503
0.023984215589575246,0.01286372555876622,adaptive_r150,20,1.1559077702781342,lpips_alex_spatial,8,1,True,eyes,150.0,0.018457497762316026
0.04365379154791685,0.02251863951357172,adaptive_r150,20,1.1559077702781342,lpips_alex_spatial,8,1,True,flame_supported,150.0,0.03297567050182922
0.05802320753580817,0.025811796384598826,adaptive_r150,20,1.1559077702781342,lpips_alex_spatial,8,1,True,flame_unsupported,150.0,0.041643284696759555
0.047001020877096615,0.02385234201034528,adaptive_r150,20,1.1559077702781342,lpips_alex_spatial,8,1,True,foreground,150.0,0.03512120188415918
0.034739101611987455,0.017432452593576012,adaptive_r150,20,1.1559077702781342,lpips_alex_spatial,8,1,True,full_frame,150.0,0.02606671124844661
0.04020023948887491,0.0222201156289932,adaptive_r150,20,1.1559077702781342,lpips_alex_spatial,8,1,True,head_foreground,150.0,0.030945978747861407
0.039911040286402466,0.02157156611304888,adaptive_r150,20,1.1559077702781342,lpips_alex_spatial,8,1,True,head_supported,150.0,0.03069920001434301
0.04525888192572306,0.0208616118935157,adaptive_r150,20,1.1559077702781342,lpips_alex_spatial,8,1,True,head_unsupported,150.0,0.032496329928472865
0.02946354536563906,0.015317492629300338,adaptive_r150,20,1.1559077702781342,lpips_alex_spatial,8,1,True,oral,150.0,0.022494349876003884
0.06854248851778692,0.02811813431491001,adaptive_r150,20,1.1559077702781342,lpips_alex_spatial,8,1,True,torso_outside_head_roi,150.0,0.047935391268034866
0.016009313217524173,0.005079202237916376,adaptive_r150,20,1.1130257648182256,lpips_alex_spatial,8,4,True,background,150.0,0.010618108845785361
0.01757566766549349,0.006666683429635575,adaptive_r150,20,1.1130257648182256,lpips_alex_spatial,8,4,True,eyes,150.0,0.011989804079117018
0.033909251274995375,0.018247357021862032,adaptive_r150,20,1.1130257648182256,lpips_alex_spatial,8,4,True,flame_supported,150.0,0.02597472675968155
0.05021683592999442,0.024569323305351026,adaptive_r150,20,1.1130257648182256,lpips_alex_spatial,8,4,True,flame_unsupported,150.0,0.03684143053828569
0.038195913676313774,0.020522701027174153,adaptive_r150,20,1.1130257648182256,lpips_alex_spatial,8,4,True,foreground,150.0,0.029058629850423918
0.027996300171316504,0.01399597422441267,adaptive_r150,20,1.1130257648182256,lpips_alex_spatial,8,4,True,full_frame,150.0,0.0209439034950701
0.03119170717363348,0.017063918089815756,adaptive_r150,20,1.1130257648182256,lpips_alex_spatial,8,4,True,head_foreground,150.0,0.023987788610672613
0.030763881975521004,0.01666845021277097,adaptive_r150,20,1.1130257648182256,lpips_alex_spatial,8,4,True,head_supported,150.0,0.02361773768038591
0.038234907432443684,0.01747096846154617,adaptive_r150,20,1.1130257648182256,lpips_alex_spatial,8,4,True,head_unsupported,150.0,0.027572569396286474
0.020701323301354296,0.009612601949998929,adaptive_r150,20,1.1130257648182256,lpips_alex_spatial,8,4,True,oral,150.0,0.015337937064089235
0.05793011505797458,0.0264144875229489,adaptive_r150,20,1.1130257648182256,lpips_alex_spatial,8,4,True,torso_outside_head_roi,150.0,0.0417944521564242
0.01368927472875504,0.001873341825618151,adaptive_r150,20,1.1171089545972943,lpips_alex_spatial,8,8,True,background,150.0,0.007798792571550847
0.014630008138256188,0.004844653829582003,adaptive_r150,20,1.1171089545972943,lpips_alex_spatial,8,8,True,eyes,150.0,0.009769104824479255
0.03270814581145473,0.016632853025696597,adaptive_r150,20,1.1171089545972943,lpips_alex_spatial,8,8,True,flame_supported,150.0,0.02466260032169013
0.04891507115714559,0.02140361830511497,adaptive_r150,20,1.1171089545972943,lpips_alex_spatial,8,8,True,flame_unsupported,150.0,0.03485771820301731
0.037180652165459835,0.018164717881782547,adaptive_r150,20,1.1171089545972943,lpips_alex_spatial,8,8,True,foreground,150.0,0.027526172446036813
0.02624711895210598,0.011093643343584864,adaptive_r150,20,1.1171089545972943,lpips_alex_spatial,8,8,True,full_frame,150.0,0.01863906594202095
0.028952031082718332,0.014781282523881858,adaptive_r150,20,1.1171089545972943,lpips_alex_spatial,8,8,True,head_foreground,150.0,0.02183771984653298
0.02871223227059791,0.014327108566683448,adaptive_r150,20,1.1171089545972943,lpips_alex_spatial,8,8,True,head_supported,150.0,0.021552745308258764
0.03600172809602249,0.014390096929551347,adaptive_r150,20,1.1171089545972943,lpips_alex_spatial,8,8,True,head_unsupported,150.0,0.024627158855846116
0.021522251437338085,0.009129725026213984,adaptive_r150,20,1.1171089545972943,lpips_alex_spatial,8,8,True,oral,150.0,0.015482502804385262
0.05975441716727137,0.025782556320437418,adaptive_r150,20,1.1171089545972943,lpips_alex_spatial,8,8,True,torso_outside_head_roi,150.0,0.042631130921988655
0.008165536320918623,-0.0034050821381610102,adaptive_r150,20,0.8381189533475739,lpips_alex_spatial,32,1,True,background,150.0,0.0025530467702652273
0.012955944293842283,-5.797303838248993e-05,adaptive_r150,20,0.8381189533475739,lpips_alex_spatial,32,1,True,eyes,150.0,0.00647082051418606
-0.0029032931091822027,-0.013289554533645997,adaptive_r150,20,0.8381189533475739,lpips_alex_spatial,32,1,True,flame_supported,150.0,-0.008209104775525883
0.0069325214351082295,-0.009678893587058025,adaptive_r150,20,0.8381189533475739,lpips_alex_spatial,32,1,True,flame_unsupported,150.0,-0.0011585635895261016
-0.00010678232039581018,-0.0111213848750106,adaptive_r150,20,0.8381189533475739,lpips_alex_spatial,32,1,True,foreground,150.0,-0.0056209437897424
0.0032123087133447805,-0.0071796343757907655,adaptive_r150,20,0.8381189533475739,lpips_alex_spatial,32,1,True,full_frame,150.0,-0.001848094675197691
-0.002562773365455365,-0.013164677671355018,adaptive_r150,20,0.8381189533475739,lpips_alex_spatial,32,1,True,head_foreground,150.0,-0.007820151435395651
-0.0026908646961284898,-0.012979111292661251,adaptive_r150,20,0.8381189533475739,lpips_alex_spatial,32,1,True,head_supported,150.0,-0.007769266710970642
-0.003096944180445965,-0.02040408722889831,adaptive_r150,20,0.8381189533475739,lpips_alex_spatial,32,1,True,head_unsupported,150.0,-0.011025110648697416
-0.002532097831199714,-0.018036106831424776,adaptive_r150,20,0.8381189533475739,lpips_alex_spatial,32,1,True,oral,150.0,-0.010690874803059625
0.007917636730507507,-0.013448774521937263,adaptive_r150,20,0.8381189533475739,lpips_alex_spatial,32,1,True,torso_outside_head_roi,150.0,-0.00219816544868483
0.008923108581092564,-0.0003216245109646273,adaptive_r150,20,0.8405634965263189,lpips_alex_spatial,32,4,True,background,150.0,0.004433834973933874
0.014084183204983133,2.3060315083446346e-05,adaptive_r150,20,0.8405634965263189,lpips_alex_spatial,32,4,True,eyes,150.0,0.007006060539232928
0.001097536599094211,-0.009419827764910363,adaptive_r150,20,0.8405634965263189,lpips_alex_spatial,32,4,True,flame_supported,150.0,-0.004045761319556597
0.01219175546742119,-0.003786101342046117,adaptive_r150,20,0.8405634965263189,lpips_alex_spatial,32,4,True,flame_unsupported,150.0,0.004234484748904041
0.004405288030190898,-0.006724836335538564,adaptive_r150,20,0.8405634965263189,lpips_alex_spatial,32,4,True,foreground,150.0,-0.0010823558953485274
0.005640660379789645,-0.003483978608029762,adaptive_r150,20,0.8405634965263189,lpips_alex_spatial,32,4,True,full_frame,150.0,0.0013198179918306394
0.0006664190640182806,-0.010259162545404283,adaptive_r150,20,0.8405634965263189,lpips_alex_spatial,32,4,True,head_foreground,150.0,-0.0046817592127744775
0.001130647090805948,-0.009722302033688263,adaptive_r150,20,0.8405634965263189,lpips_alex_spatial,32,4,True,head_supported,150.0,-0.004330294245262068
-0.0021794483714202523,-0.0204993503571524,adaptive_r150,20,0.8405634965263189,lpips_alex_spatial,32,4,True,head_unsupported,150.0,-0.010565725525397134
0.0017807745408498351,-0.01260477262104948,adaptive_r150,20,0.8405634965263189,lpips_alex_spatial,32,4,True,oral,150.0,-0.005261386017160211
0.014805934560464208,-0.003802998663560321,adaptive_r150,20,0.8405634965263189,lpips_alex_spatial,32,4,True,torso_outside_head_roi,150.0,0.0059698690320783235
0.009319521051373049,-0.0012595322865457679,adaptive_r150,20,0.8429268509139123,lpips_alex_spatial,32,8,True,background,150.0,0.004305994411923203
0.016759224830097376,0.0010810174238188885,adaptive_r150,20,0.8429268509139123,lpips_alex_spatial,32,8,True,eyes,150.0,0.008863896701368928
0.0028505928561557885,-0.008286103282474314,adaptive_r150,20,0.8429268509139123,lpips_alex_spatial,32,8,True,flame_supported,150.0,-0.0026127735899100476
0.01253083483112119,-0.0021762376298513336,adaptive_r150,20,0.8429268509139123,lpips_alex_spatial,32,8,True,flame_unsupported,150.0,0.0052683901848537915
0.005817067038765774,-0.005386194272802896,adaptive_r150,20,0.8429268509139123,lpips_alex_spatial,32,8,True,foreground,150.0,0.0003233171893977649
0.006819728397567156,-0.0030160591216845216,adaptive_r150,20,0.8429268509139123,lpips_alex_spatial,32,8,True,full_frame,150.0,0.002108210097782598
0.0025576933279885202,-0.009265394316213071,adaptive_r150,20,0.8429268509139123,lpips_alex_spatial,32,8,True,head_foreground,150.0,-0.003279699300105744
0.0030197341652244045,-0.008773427563685906,adaptive_r150,20,0.8429268509139123,lpips_alex_spatial,32,8,True,head_supported,150.0,-0.0028194350063014406
-0.0011973446710059922,-0.019956291589184924,adaptive_r150,20,0.8429268509139123,lpips_alex_spatial,32,8,True,head_unsupported,150.0,-0.009536430266637506
0.0028164412463402254,-0.01186154163128615,adaptive_r150,20,0.8429268509139123,lpips_alex_spatial,32,8,True,oral,150.0,-0.004466024593826558
0.015185551478783086,-0.0013192265660070493,adaptive_r150,20,0.8429268509139123,lpips_alex_spatial,32,8,True,torso_outside_head_roi,150.0,0.007258943362907786
0.014086675075379435,0.0018581050213747098,adaptive_r150,20,0.7849021677670207,lpips_alex_spatial,128,1,True,background,150.0,0.007999181133324231
0.01697705218311633,0.0009276070005448572,adaptive_r150,20,0.7849021677670207,lpips_alex_spatial,128,1,True,eyes,150.0,0.009070742016920819
0.004763049141701693,-0.009738348845619579,adaptive_r150,20,0.7849021677670207,lpips_alex_spatial,128,1,True,flame_supported,150.0,-0.0024740761358104614
0.020462549489903874,-6.232285903034765e-05,adaptive_r150,20,0.7849021677670207,lpips_alex_spatial,128,1,True,flame_unsupported,150.0,0.010321726521021543
0.010174313080436126,-0.006336769213860811,adaptive_r150,20,0.7849021677670207,lpips_alex_spatial,128,1,True,foreground,150.0,0.0019124291296497356
0.011704886582034708,-0.0021221125731577884,adaptive_r150,20,0.7849021677670207,lpips_alex_spatial,128,1,True,full_frame,150.0,0.004740451917808933
0.005877858661653496,-0.00982518418023954,adaptive_r150,20,0.7849021677670207,lpips_alex_spatial,128,1,True,head_foreground,150.0,-0.0021080765833775494
0.005320174830683904,-0.010019680942754645,adaptive_r150,20,0.7849021677670207,lpips_alex_spatial,128,1,True,head_supported,150.0,-0.0023314392821845165
0.006786530930274403,-0.014224914021720695,adaptive_r150,20,0.7849021677670207,lpips_alex_spatial,128,1,True,head_unsupported,150.0,-0.0038739609471246566
0.003777879258656348,-0.01541419549653552,adaptive_r150,20,0.7849021677670207,lpips_alex_spatial,128,1,True,oral,150.0,-0.005421203226767353
0.020632362432351684,-0.0015103129342368992,adaptive_r150,20,0.7849021677670207,lpips_alex_spatial,128,1,True,torso_outside_head_roi,150.0,0.009771834883167926
0.010474031113266386,0.00027215008241166893,adaptive_r150,20,0.8055640362658674,lpips_alex_spatial,128,4,True,background,150.0,0.005300544374377497
0.009555950478675171,-0.0023531398000057337,adaptive_r150,20,0.8055640362658674,lpips_alex_spatial,128,4,True,eyes,150.0,0.0036304980748162836
0.0016767678549033905,-0.0124033567230281,adaptive_r150,20,0.8055640362658674,lpips_alex_spatial,128,4,True,flame_supported,150.0,-0.005218763395306187
0.01576972633740724,-0.0026452299576044665,adaptive_r150,20,0.8055640362658674,lpips_alex_spatial,128,4,True,flame_unsupported,150.0,0.006620229668338517
0.006577127808206641,-0.008672968468344809,adaptive_r150,20,0.8055640362658674,lpips_alex_spatial,128,4,True,foreground,150.0,-0.0010589217782803293
0.007933048415031157,-0.004095708132376188,adaptive_r150,20,0.8055640362658674,lpips_alex_spatial,128,4,True,full_frame,150.0,0.0018905979019852594
0.0020971005968669727,-0.012912615921470286,adaptive_r150,20,0.8055640362658674,lpips_alex_spatial,128,4,True,head_foreground,150.0,-0.0053518435666951025
0.0016179306257085937,-0.012993815532758551,adaptive_r150,20,0.8055640362658674,lpips_alex_spatial,128,4,True,head_supported,150.0,-0.0055399919567436645
0.001989174124483376,-0.016977876803117374,adaptive_r150,20,0.8055640362658674,lpips_alex_spatial,128,4,True,head_unsupported,150.0,-0.0075653398097104115
0.0021464429771085422,-0.014950746115180944,adaptive_r150,20,0.8055640362658674,lpips_alex_spatial,128,4,True,oral,150.0,-0.00609081861520086
0.016521083947746245,-0.0031505734189543433,adaptive_r150,20,0.8055640362658674,lpips_alex_spatial,128,4,True,torso_outside_head_roi,150.0,0.006835576157002856
0.010051818429831858,0.00019583043120573182,adaptive_r150,20,0.812701197969744,lpips_alex_spatial,128,8,True,background,150.0,0.0051466584737298055
0.008277788872537925,-0.00329056118957248,adaptive_r150,20,0.812701197969744,lpips_alex_spatial,128,8,True,eyes,150.0,0.0026769115133684893
0.0014552007181188422,-0.012459467517847708,adaptive_r150,20,0.812701197969744,lpips_alex_spatial,128,8,True,flame_supported,150.0,-0.005315007159973168
0.017992419661242206,-0.0009265266573108443,adaptive_r150,20,0.812701197969744,lpips_alex_spatial,128,8,True,flame_unsupported,150.0,0.008596094279917948
0.006657119154636405,-0.00804307690153389,adaptive_r150,20,0.812701197969744,lpips_alex_spatial,128,8,True,foreground,150.0,-0.0005381418940144378
0.007909938307071667,-0.00389253414416404,adaptive_r150,20,0.812701197969744,lpips_alex_spatial,128,8,True,full_frame,150.0,0.002071620386414305
0.0016295423974428782,-0.01316182556092962,adaptive_r150,20,0.812701197969744,lpips_alex_spatial,128,8,True,head_foreground,150.0,-0.005647761042339698
0.0012220601358310884,-0.013176810353803073,adaptive_r150,20,0.812701197969744,lpips_alex_spatial,128,8,True,head_supported,150.0,-0.005835407536656269
0.0019177876966470938,-0.016430801955333568,adaptive_r150,20,0.812701197969744,lpips_alex_spatial,128,8,True,head_unsupported,150.0,-0.007152968034265647
-0.0006972614623674051,-0.019262069112121055,adaptive_r150,20,0.812701197969744,lpips_alex_spatial,128,8,True,oral,150.0,-0.009755529962343728
0.0203353057381832,-0.0009139740247995379,adaptive_r150,20,0.812701197969744,lpips_alex_spatial,128,8,True,torso_outside_head_roi,150.0,0.009603701731491934
0.007978332855353706,-0.0024699336206031918,adaptive_r150,20,0.8126011960330258,lpips_alex_spatial,384,1,True,background,150.0,0.0026353544429079208
0.01640217516506415,0.002763774431005064,adaptive_r150,20,0.8126011960330258,lpips_alex_spatial,384,1,True,eyes,150.0,0.009803793700978402
0.003863480933143457,-0.009376137876953532,adaptive_r150,20,0.8126011960330258,lpips_alex_spatial,384,1,True,flame_supported,150.0,-0.002693747185041127
0.015680124253779192,-0.005029876975903279,adaptive_r150,20,0.8126011960330258,lpips_alex_spatial,384,1,True,flame_unsupported,150.0,0.005503904915691282
0.00742722547930785,-0.00658001960521932,adaptive_r150,20,0.8126011960330258,lpips_alex_spatial,384,1,True,foreground,150.0,0.00031647616311289705
0.007442457664739578,-0.0042395282726907495,adaptive_r150,20,0.8126011960330258,lpips_alex_spatial,384,1,True,full_frame,150.0,0.0014534785318207108
0.004556040976326297,-0.009031890889684131,adaptive_r150,20,0.8126011960330258,lpips_alex_spatial,384,1,True,head_foreground,150.0,-0.002338844535575815
0.0044703354113194045,-0.008889715950550636,adaptive_r150,20,0.8126011960330258,lpips_alex_spatial,384,1,True,head_supported,150.0,-0.0021318989570521863
0.0021538471856479293,-0.015174563693613427,adaptive_r150,20,0.8126011960330258,lpips_alex_spatial,384,1,True,head_unsupported,150.0,-0.006789305715475867
0.003454803006309417,-0.01492729890738272,adaptive_r150,20,0.8126011960330258,lpips_alex_spatial,384,1,True,oral,150.0,-0.005508250701097508
0.016114503326749175,-0.007742095374886386,adaptive_r150,20,0.8126011960330258,lpips_alex_spatial,384,1,True,torso_outside_head_roi,150.0,0.004586089558102721
0.00581587738901274,-0.0029122163876684807,adaptive_r150,20,0.8252997387996706,lpips_alex_spatial,384,4,True,background,150.0,0.0013627158479544849
0.009738123213047813,-0.00035021974181581345,adaptive_r150,20,0.8252997387996706,lpips_alex_spatial,384,4,True,eyes,150.0,0.004647875201635314
-0.0009667077271333128,-0.013248985678490897,adaptive_r150,20,0.8252997387996706,lpips_alex_spatial,384,4,True,flame_supported,150.0,-0.007192907624675231
0.01278905965003183,-0.004065618338636278,adaptive_r150,20,0.8252997387996706,lpips_alex_spatial,384,4,True,flame_unsupported,150.0,0.004162821538266861
0.0032052513914752013,-0.00941606350702864,adaptive_r150,20,0.8252997387996706,lpips_alex_spatial,384,4,True,foreground,150.0,-0.0032159107108639465
0.004246116614256213,-0.006144160717756457,adaptive_r150,20,0.8252997387996706,lpips_alex_spatial,384,4,True,full_frame,150.0,-0.001062359758405533
-0.0008148065195841733,-0.013687077896880277,adaptive_r150,20,0.8252997387996706,lpips_alex_spatial,384,4,True,head_foreground,150.0,-0.007256493594806646
-0.0008465792421574828,-0.013276118407133605,adaptive_r150,20,0.8252997387996706,lpips_alex_spatial,384,4,True,head_supported,150.0,-0.007103904214242241
-0.0023361117062797483,-0.018924709354841224,adaptive_r150,20,0.8252997387996706,lpips_alex_spatial,384,4,True,head_unsupported,150.0,-0.010726603390796438
0.0001435035275661984,-0.016187985658228717,adaptive_r150,20,0.8252997387996706,lpips_alex_spatial,384,4,True,oral,150.0,-0.007569000007316859
0.013068315480845851,-0.004509736812136072,adaptive_r150,20,0.8252997387996706,lpips_alex_spatial,384,4,True,torso_outside_head_roi,150.0,0.0042038567525723575
0.005638930920025934,-0.0030139267515093093,adaptive_r150,20,0.81935261463418,lpips_alex_spatial,384,8,True,background,150.0,0.0013538795932198145
0.009263831754797095,-0.0024257792863421014,adaptive_r150,20,0.81935261463418,lpips_alex_spatial,384,8,True,eyes,150.0,0.003353828220970577
-0.00019422080029979152,-0.011991436187504666,adaptive_r150,20,0.81935261463418,lpips_alex_spatial,384,8,True,flame_supported,150.0,-0.005994753177183082
0.013866967528514969,-0.004353582184580641,adaptive_r150,20,0.81935261463418,lpips_alex_spatial,384,8,True,flame_unsupported,150.0,0.004712227940127847
0.004038182138845526,-0.008173839277468807,adaptive_r150,20,0.81935261463418,lpips_alex_spatial,384,8,True,foreground,150.0,-0.0020118573566204902
0.004591769051257941,-0.005559500955747387,adaptive_r150,20,0.81935261463418,lpips_alex_spatial,384,8,True,full_frame,150.0,-0.0003675305097280854
0.000366739922659174,-0.012020548205814342,adaptive_r150,20,0.81935261463418,lpips_alex_spatial,384,8,True,head_foreground,150.0,-0.005799782084980669
0.0003353411314499108,-0.011931299647825397,adaptive_r150,20,0.81935261463418,lpips_alex_spatial,384,8,True,head_supported,150.0,-0.005761579174069921
-0.0005118360127091377,-0.014837667365094181,adaptive_r150,20,0.81935261463418,lpips_alex_spatial,384,8,True,head_unsupported,150.0,-0.007710104799500192
-8.809289573598724e-05,-0.01909748283429595,adaptive_r150,20,0.81935261463418,lpips_alex_spatial,384,8,True,oral,150.0,-0.009058647242449041
0.014021018743955675,-0.0057525509498220625,adaptive_r150,20,0.81935261463418,lpips_alex_spatial,384,8,True,torso_outside_head_roi,150.0,0.004512243692114013
