ci_high,ci_low,identity_count,mean,mean_offset_mm,method,metric,n_id,n_obs,region,release_radius_mm,variant
20.580942118838504,16.601906157626793,20,18.473891431295122,0.0,hard,masked_psnr,8,1,background,0.0,primary_s5_h128_20k
21.077144707905568,19.982706375770825,20,20.523824862319305,0.0,hard,masked_psnr,8,1,eyes,0.0,primary_s5_h128_20k
17.38568793102055,16.506123027522857,20,16.945980319846633,0.0,hard,masked_psnr,8,1,flame_supported,0.0,primary_s5_h128_20k
5.565261863797716,3.385053465350556,20,4.414549420794462,0.0,hard,masked_psnr,8,1,flame_unsupported,0.0,primary_s5_h128_20k
10.34536099706929,8.255317553235129,20,9.227435718876254,0.0,hard,masked_psnr,8,1,foreground,0.0,primary_s5_h128_20k
12.18469463028061,10.326005147586708,20,11.209317547749432,0.0,hard,masked_psnr,8,1,full_frame,0.0,primary_s5_h128_20k
14.579413600440732,12.581078597389723,20,13.563895225279206,0.0,hard,masked_psnr,8,1,head_foreground,0.0,primary_s5_h128_20k
18.57169239272141,17.806138424240913,20,18.183418123091876,0.0,hard,masked_psnr,8,1,head_supported,0.0,primary_s5_h128_20k
6.729375320475364,4.699820131778997,20,5.682162233224718,0.0,hard,masked_psnr,8,1,head_unsupported,0.0,primary_s5_h128_20k
21.143257057275843,19.546610666506588,20,20.263056601438667,0.0,hard,masked_psnr,8,1,oral,0.0,primary_s5_h128_20k
6.472719868040894,4.108773176363096,20,5.224159151791164,0.0,hard,masked_psnr,8,1,torso_outside_head_roi,0.0,primary_s5_h128_20k
20.46247788049543,16.530134850348862,20,18.391946066830762,0.0,hard,masked_psnr,8,4,background,0.0,primary_s5_h128_20k
20.953458866231845,19.946806244241255,20,20.426794835850963,0.0,hard,masked_psnr,8,4,eyes,0.0,primary_s5_h128_20k
17.846935020930477,16.935864824330096,20,17.397876712372245,0.0,hard,masked_psnr,8,4,flame_supported,0.0,primary_s5_h128_20k
5.543056428344619,3.395095322187541,20,4.42432887494322,0.0,hard,masked_psnr,8,4,flame_unsupported,0.0,primary_s5_h128_20k
10.452030170119754,8.315856014936479,20,9.307488228302407,0.0,hard,masked_psnr,8,4,foreground,0.0,primary_s5_h128_20k
12.214305674894117,10.360226812366854,20,11.244857657878395,0.0,hard,masked_psnr,8,4,full_frame,0.0,primary_s5_h128_20k
14.808142233378849,12.739714875237553,20,13.762673268841866,0.0,hard,masked_psnr,8,4,head_foreground,0.0,primary_s5_h128_20k
19.251049436971563,18.418321798250965,20,18.835740081885575,0.0,hard,masked_psnr,8,4,head_supported,0.0,primary_s5_h128_20k
6.696007360883989,4.6832664904120085,20,5.655086243452113,0.0,hard,masked_psnr,8,4,head_unsupported,0.0,primary_s5_h128_20k
21.501335678876433,19.627846994823425,20,20.422871489768117,0.0,hard,masked_psnr,8,4,oral,0.0,primary_s5_h128_20k
6.545267157266842,4.143016491961355,20,5.257085883382799,0.0,hard,masked_psnr,8,4,torso_outside_head_roi,0.0,primary_s5_h128_20k
20.266049561756837,16.57112903506564,20,18.278903505464825,0.0,hard,masked_psnr,8,8,background,0.0,primary_s5_h128_20k
20.72498684455166,19.718209179084628,20,20.205472546662683,0.0,hard,masked_psnr,8,8,eyes,0.0,primary_s5_h128_20k
18.02514305371285,17.059890176606693,20,17.55322106543229,0.0,hard,masked_psnr,8,8,flame_supported,0.0,primary_s5_h128_20k
5.648989028455829,3.395352588307323,20,4.440906727154957,0.0,hard,masked_psnr,8,8,flame_unsupported,0.0,primary_s5_h128_20k
10.430528629337527,8.258395378151373,20,9.282131700950686,0.0,hard,masked_psnr,8,8,foreground,0.0,primary_s5_h128_20k
12.267906173996439,10.280026854464158,20,11.25063628175227,0.0,hard,masked_psnr,8,8,full_frame,0.0,primary_s5_h128_20k
14.914937251256648,12.85063212139865,20,13.861456505740748,0.0,hard,masked_psnr,8,8,head_foreground,0.0,primary_s5_h128_20k
19.471271265554833,18.60400458089423,20,19.040788239218603,0.0,hard,masked_psnr,8,8,head_supported,0.0,primary_s5_h128_20k
6.739780220034718,4.739629422388685,20,5.700078380515755,0.0,hard,masked_psnr,8,8,head_unsupported,0.0,primary_s5_h128_20k
20.583177342203825,19.59688385061275,20,20.058126799836558,0.0,hard,masked_psnr,8,8,oral,0.0,primary_s5_h128_20k
6.662113417682807,4.161704480204517,20,5.295347317670114,0.0,hard,masked_psnr,8,8,torso_outside_head_roi,0.0,primary_s5_h128_20k
20.24812021627035,16.551316673759118,20,18.282135913196484,0.0,hard,masked_psnr,32,1,background,0.0,primary_s5_h128_20k
21.316502119135063,20.312684667565,20,20.812241936246746,0.0,hard,masked_psnr,32,1,eyes,0.0,primary_s5_h128_20k
17.501205267547412,16.55306083441185,20,17.021866792119773,0.0,hard,masked_psnr,32,1,flame_supported,0.0,primary_s5_h128_20k
5.5928388222645395,3.405080696049849,20,4.429261712840869,0.0,hard,masked_psnr,32,1,flame_unsupported,0.0,primary_s5_h128_20k
10.425090332478415,8.27179239395303,20,9.271821541004892,0.0,hard,masked_psnr,32,1,foreground,0.0,primary_s5_h128_20k
12.301052310608261,10.304622540415581,20,11.26150500437303,0.0,hard,masked_psnr,32,1,full_frame,0.0,primary_s5_h128_20k
14.646381226822363,12.601232887067376,20,13.61432249075143,0.0,hard,masked_psnr,32,1,head_foreground,0.0,primary_s5_h128_20k
18.618499141091064,17.799779614559746,20,18.207694938851496,0.0,hard,masked_psnr,32,1,head_supported,0.0,primary_s5_h128_20k
6.748152166845498,4.770312909433095,20,5.71879890486219,0.0,hard,masked_psnr,32,1,head_unsupported,0.0,primary_s5_h128_20k
21.220475751298917,19.535806459044228,20,20.275888387323427,0.0,hard,masked_psnr,32,1,oral,0.0,primary_s5_h128_20k
6.602522263619087,4.1252417132626364,20,5.273850132832693,0.0,hard,masked_psnr,32,1,torso_outside_head_roi,0.0,primary_s5_h128_20k
20.210188673402463,16.534390264256547,20,18.25406739889238,0.0,hard,masked_psnr,32,4,background,0.0,primary_s5_h128_20k
21.25333256052005,20.28571387699969,20,20.74874759202612,0.0,hard,masked_psnr,32,4,eyes,0.0,primary_s5_h128_20k
18.064267352030768,17.075185212003685,20,17.577121724927746,0.0,hard,masked_psnr,32,4,flame_supported,0.0,primary_s5_h128_20k
5.587654121607025,3.4023846139389184,20,4.4367293220103265,0.0,hard,masked_psnr,32,4,flame_unsupported,0.0,primary_s5_h128_20k
10.49937844839839,8.327265971241099,20,9.362281108407965,0.0,hard,masked_psnr,32,4,foreground,0.0,primary_s5_h128_20k
12.299892292961365,10.333947611518644,20,11.303978513563196,0.0,hard,masked_psnr,32,4,full_frame,0.0,primary_s5_h128_20k
14.918601959220933,12.817821861178777,20,13.851217858443686,0.0,hard,masked_psnr,32,4,head_foreground,0.0,primary_s5_h128_20k
19.453895233415484,18.52571132156746,20,18.991884468896956,0.0,hard,masked_psnr,32,4,head_supported,0.0,primary_s5_h128_20k
6.723539617615005,4.750317672983835,20,5.689997865475005,0.0,hard,masked_psnr,32,4,head_unsupported,0.0,primary_s5_h128_20k
21.682203238879996,19.78570175684985,20,20.593036717270383,0.0,hard,masked_psnr,32,4,oral,0.0,primary_s5_h128_20k
6.628314486747009,4.167713027620729,20,5.306387619359595,0.0,hard,masked_psnr,32,4,torso_outside_head_roi,0.0,primary_s5_h128_20k
19.91642278294212,16.465238128242834,20,18.100183531470474,0.0,hard,masked_psnr,32,8,background,0.0,primary_s5_h128_20k
21.03343915086532,20.03427560035025,20,20.522647085187963,0.0,hard,masked_psnr,32,8,eyes,0.0,primary_s5_h128_20k
18.19370293510855,17.141741350275357,20,17.676336823480792,0.0,hard,masked_psnr,32,8,flame_supported,0.0,primary_s5_h128_20k
5.6258320262938755,3.437949619279774,20,4.450362898635625,0.0,hard,masked_psnr,32,8,flame_unsupported,0.0,primary_s5_h128_20k
10.490373125174562,8.288070153363718,20,9.320927039384134,0.0,hard,masked_psnr,32,8,foreground,0.0,primary_s5_h128_20k
12.345848600742013,10.343703630754172,20,11.291109939468193,0.0,hard,masked_psnr,32,8,full_frame,0.0,primary_s5_h128_20k
14.951055416475224,12.88111053364465,20,13.919064835780835,0.0,hard,masked_psnr,32,8,head_foreground,0.0,primary_s5_h128_20k
19.61346937007482,18.65779962844892,20,19.13052431133682,0.0,hard,masked_psnr,32,8,head_supported,0.0,primary_s5_h128_20k
6.757095860848652,4.756467703606902,20,5.722663199281697,0.0,hard,masked_psnr,32,8,head_unsupported,0.0,primary_s5_h128_20k
20.731479688701164,19.73378403371791,20,20.19234692154669,0.0,hard,masked_psnr,32,8,oral,0.0,primary_s5_h128_20k
6.671675157996615,4.173410355582887,20,5.333687788312811,0.0,hard,masked_psnr,32,8,torso_outside_head_roi,0.0,primary_s5_h128_20k
20.492046193389548,16.839215952062155,20,18.522479750710286,0.0,hard,masked_psnr,128,1,background,0.0,primary_s5_h128_20k
21.359501736922557,20.239281617207222,20,20.783438749265123,0.0,hard,masked_psnr,128,1,eyes,0.0,primary_s5_h128_20k
17.719016641096815,16.671985626060803,20,17.185999807893154,0.0,hard,masked_psnr,128,1,flame_supported,0.0,primary_s5_h128_20k
5.5930867651022265,3.404113854162945,20,4.421712289283457,0.0,hard,masked_psnr,128,1,flame_unsupported,0.0,primary_s5_h128_20k
10.425485540533577,8.261751468764436,20,9.29960653131325,0.0,hard,masked_psnr,128,1,foreground,0.0,primary_s5_h128_20k
12.404714103031457,10.355422323827899,20,11.330595543070674,0.0,hard,masked_psnr,128,1,full_frame,0.0,primary_s5_h128_20k
14.72618138367452,12.638135574673933,20,13.673000835072475,0.0,hard,masked_psnr,128,1,head_foreground,0.0,primary_s5_h128_20k
18.799483739395477,17.93601658694945,20,18.35687570695658,0.0,hard,masked_psnr,128,1,head_supported,0.0,primary_s5_h128_20k
6.739141113799297,4.746762109766264,20,5.709292553701353,0.0,hard,masked_psnr,128,1,head_unsupported,0.0,primary_s5_h128_20k
21.218211105864867,19.537759577585636,20,20.27706111190917,0.0,hard,masked_psnr,128,1,oral,0.0,primary_s5_h128_20k
6.659155292190826,4.11370695690955,20,5.3188025636039615,0.0,hard,masked_psnr,128,1,torso_outside_head_roi,0.0,primary_s5_h128_20k
20.320497480752017,16.637162264825058,20,18.376896807386494,0.0,hard,masked_psnr,128,4,background,0.0,primary_s5_h128_20k
21.16384551316606,20.107174731660308,20,20.609920416613566,0.0,hard,masked_psnr,128,4,eyes,0.0,primary_s5_h128_20k
18.21032721581041,17.137690717162396,20,17.68583175034549,0.0,hard,masked_psnr,128,4,flame_supported,0.0,primary_s5_h128_20k
5.638855319446931,3.396346361944948,20,4.435389683389432,0.0,hard,masked_psnr,128,4,flame_unsupported,0.0,primary_s5_h128_20k
10.550507061785348,8.342004360719665,20,9.386793962302825,0.0,hard,masked_psnr,128,4,foreground,0.0,primary_s5_h128_20k
12.421416405842544,10.36721789468947,20,11.35567077427741,0.0,hard,masked_psnr,128,4,full_frame,0.0,primary_s5_h128_20k
14.942936328480313,12.85167953020172,20,13.886547885695597,0.0,hard,masked_psnr,128,4,head_foreground,0.0,primary_s5_h128_20k
19.535973915829988,18.61429681211327,20,19.08003112766898,0.0,hard,masked_psnr,128,4,head_supported,0.0,primary_s5_h128_20k
6.72090327105602,4.742044677114405,20,5.6919911564727546,0.0,hard,masked_psnr,128,4,head_unsupported,0.0,primary_s5_h128_20k
21.60679170189186,19.833587078191446,20,20.607309301935754,0.0,hard,masked_psnr,128,4,oral,0.0,primary_s5_h128_20k
6.720878211366455,4.165279406288826,20,5.346442560211399,0.0,hard,masked_psnr,128,4,torso_outside_head_roi,0.0,primary_s5_h128_20k
20.010684538241666,16.55676321739493,20,18.214920710627048,0.0,hard,masked_psnr,128,8,background,0.0,primary_s5_h128_20k
20.93387688100015,19.903702214225092,20,20.399835815491677,0.0,hard,masked_psnr,128,8,eyes,0.0,primary_s5_h128_20k
18.282583213207822,17.201835171929368,20,17.743015663407995,0.0,hard,masked_psnr,128,8,flame_supported,0.0,primary_s5_h128_20k
5.647843899377882,3.4074376854501414,20,4.449045535094632,0.0,hard,masked_psnr,128,8,flame_unsupported,0.0,primary_s5_h128_20k
10.500967073318694,8.263448544226623,20,9.33668322794106,0.0,hard,masked_psnr,128,8,foreground,0.0,primary_s5_h128_20k
12.416617845974633,10.343479314974122,20,11.335797416143176,0.0,hard,masked_psnr,128,8,full_frame,0.0,primary_s5_h128_20k
15.0264802671209,12.923184454761858,20,13.939754001375245,0.0,hard,masked_psnr,128,8,head_foreground,0.0,primary_s5_h128_20k
19.649457154909182,18.685962156770277,20,19.16924859574853,0.0,hard,masked_psnr,128,8,head_supported,0.0,primary_s5_h128_20k
6.732184406350308,4.766235259220779,20,5.722369751632284,0.0,hard,masked_psnr,128,8,head_unsupported,0.0,primary_s5_h128_20k
20.704789201720274,19.754081109951404,20,20.191289995196335,0.0,hard,masked_psnr,128,8,oral,0.0,primary_s5_h128_20k
6.753243736031513,4.1692518159161205,20,5.364388355607457,0.0,hard,masked_psnr,128,8,torso_outside_head_roi,0.0,primary_s5_h128_20k
20.472280695937272,16.855174860284293,20,18.553273310940828,0.0,hard,masked_psnr,384,1,background,0.0,primary_s5_h128_20k
21.421211585715373,20.277872262756212,20,20.840155710086133,0.0,hard,masked_psnr,384,1,eyes,0.0,primary_s5_h128_20k
17.73799895552928,16.7167305049562,20,17.23950542765072,0.0,hard,masked_psnr,384,1,flame_supported,0.0,primary_s5_h128_20k
5.579504750013933,3.3873147568019033,20,4.421174116409096,0.0,hard,masked_psnr,384,1,flame_unsupported,0.0,primary_s5_h128_20k
10.484091321110396,8.26298249081697,20,9.305845699952686,0.0,hard,masked_psnr,384,1,foreground,0.0,primary_s5_h128_20k
12.376453439824731,10.368773528950042,20,11.32862603054469,0.0,hard,masked_psnr,384,1,full_frame,0.0,primary_s5_h128_20k
14.775489919227672,12.659986296655523,20,13.695259711736085,0.0,hard,masked_psnr,384,1,head_foreground,0.0,primary_s5_h128_20k
18.851616481399933,17.989475193482043,20,18.415354095837017,0.0,hard,masked_psnr,384,1,head_supported,0.0,primary_s5_h128_20k
6.743382991612337,4.741678161966804,20,5.708036806989982,0.0,hard,masked_psnr,384,1,head_unsupported,0.0,primary_s5_h128_20k
21.285812592245886,19.656876401493374,20,20.385829591823775,0.0,hard,masked_psnr,384,1,oral,0.0,primary_s5_h128_20k
6.699868406339774,4.133603356407006,20,5.308512365631071,0.0,hard,masked_psnr,384,1,torso_outside_head_roi,0.0,primary_s5_h128_20k
20.402340853627834,16.700368174129718,20,18.459135103658525,0.0,hard,masked_psnr,384,4,background,0.0,primary_s5_h128_20k
21.20608251212156,20.103547612479577,20,20.6300415627882,0.0,hard,masked_psnr,384,4,eyes,0.0,primary_s5_h128_20k
18.293502919318655,17.205633107494837,20,17.75382236742202,0.0,hard,masked_psnr,384,4,flame_supported,0.0,primary_s5_h128_20k
5.6101252674618936,3.416219423905987,20,4.432679209043625,0.0,hard,masked_psnr,384,4,flame_unsupported,0.0,primary_s5_h128_20k
10.562275598626826,8.363410315025662,20,9.39317456232033,0.0,hard,masked_psnr,384,4,foreground,0.0,primary_s5_h128_20k
12.421816783263363,10.389320300019795,20,11.365228853482144,0.0,hard,masked_psnr,384,4,full_frame,0.0,primary_s5_h128_20k
14.983471872701228,12.85299294705063,20,13.913502936770907,0.0,hard,masked_psnr,384,4,head_foreground,0.0,primary_s5_h128_20k
19.637155700502966,18.697826721668633,20,19.16778855677485,0.0,hard,masked_psnr,384,4,head_supported,0.0,primary_s5_h128_20k
6.718797912097203,4.736984348160361,20,5.688044277278252,0.0,hard,masked_psnr,384,4,head_unsupported,0.0,primary_s5_h128_20k
21.69279188688743,19.88969943591832,20,20.664679807049186,0.0,hard,masked_psnr,384,4,oral,0.0,primary_s5_h128_20k
6.725854480775302,4.173106537948022,20,5.34712770238286,0.0,hard,masked_psnr,384,4,torso_outside_head_roi,0.0,primary_s5_h128_20k
20.047729272687512,16.64157209995879,20,18.269278835473482,0.0,hard,masked_psnr,384,8,background,0.0,primary_s5_h128_20k
20.9970366505972,19.88381249661841,20,20.4300935832135,0.0,hard,masked_psnr,384,8,eyes,0.0,primary_s5_h128_20k
18.36412698188522,17.263073763823257,20,17.807095915446713,0.0,hard,masked_psnr,384,8,flame_supported,0.0,primary_s5_h128_20k
5.616490860864263,3.4117447279252975,20,4.446993755010999,0.0,hard,masked_psnr,384,8,flame_unsupported,0.0,primary_s5_h128_20k
10.533781627482925,8.28327814095678,20,9.342911108415937,0.0,hard,masked_psnr,384,8,foreground,0.0,primary_s5_h128_20k
12.451483401222124,10.331178252745973,20,11.341553438140945,0.0,hard,masked_psnr,384,8,full_frame,0.0,primary_s5_h128_20k
15.048278367447212,12.9207526186677,20,13.965998841764044,0.0,hard,masked_psnr,384,8,head_foreground,0.0,primary_s5_h128_20k
19.740393743708772,18.787132063252688,20,19.25627025365506,0.0,hard,masked_psnr,384,8,head_supported,0.0,primary_s5_h128_20k
6.721987076082417,4.780644637788181,20,5.722240894394516,0.0,hard,masked_psnr,384,8,head_unsupported,0.0,primary_s5_h128_20k
20.78151388746152,19.82509075680367,20,20.272965865985604,0.0,hard,masked_psnr,384,8,oral,0.0,primary_s5_h128_20k
6.772789714284189,4.198552538905517,20,5.365363625369277,0.0,hard,masked_psnr,384,8,torso_outside_head_roi,0.0,primary_s5_h128_20k
22.600804681230013,15.824626579502967,20,18.63896998052062,9.748636515935262,adaptive,masked_psnr,8,1,background,30.0,dose_r30_s5_h128_20k
20.630095422417327,19.547532162268116,20,20.07897004213084,9.748636515935262,adaptive,masked_psnr,8,1,eyes,30.0,dose_r30_s5_h128_20k
16.627589411696224,15.31622246491073,20,15.967710422509834,9.748636515935262,adaptive,masked_psnr,8,1,flame_supported,30.0,dose_r30_s5_h128_20k
6.157457961814485,4.213168028265593,20,5.152031979062331,9.748636515935262,adaptive,masked_psnr,8,1,flame_unsupported,30.0,dose_r30_s5_h128_20k
10.52836412235153,8.787929364376323,20,9.618697356311689,9.748636515935262,adaptive,masked_psnr,8,1,foreground,30.0,dose_r30_s5_h128_20k
12.04976192808297,10.668742543393025,20,11.361262001013081,9.748636515935262,adaptive,masked_psnr,8,1,full_frame,30.0,dose_r30_s5_h128_20k
14.140570957355784,12.457166160225784,20,13.293924414750538,9.748636515935262,adaptive,masked_psnr,8,1,head_foreground,30.0,dose_r30_s5_h128_20k
17.599206387216437,16.35514402514491,20,16.96890582001314,9.748636515935262,adaptive,masked_psnr,8,1,head_supported,30.0,dose_r30_s5_h128_20k
7.134747748497746,5.091472459780167,20,6.092843236538519,9.748636515935262,adaptive,masked_psnr,8,1,head_unsupported,30.0,dose_r30_s5_h128_20k
21.134897372812084,19.418568468874337,20,20.207231807244874,9.748636515935262,adaptive,masked_psnr,8,1,oral,30.0,dose_r30_s5_h128_20k
6.627129263860814,4.866208427194579,20,5.720346035965209,9.748636515935262,adaptive,masked_psnr,8,1,torso_outside_head_roi,30.0,dose_r30_s5_h128_20k
23.144349850481536,16.136118212181717,20,19.099574455442244,9.930507222811382,adaptive,masked_psnr,8,4,background,30.0,dose_r30_s5_h128_20k
20.461336169517264,19.566196768770663,20,20.02323047278062,9.930507222811382,adaptive,masked_psnr,8,4,eyes,30.0,dose_r30_s5_h128_20k
16.939259827968627,15.83097356916576,20,16.37939659836159,9.930507222811382,adaptive,masked_psnr,8,4,flame_supported,30.0,dose_r30_s5_h128_20k
6.451369554266338,4.2621342222278695,20,5.284644961458257,9.930507222811382,adaptive,masked_psnr,8,4,flame_unsupported,30.0,dose_r30_s5_h128_20k
10.865263138307764,8.884951163309813,20,9.824255731386337,9.930507222811382,adaptive,masked_psnr,8,4,foreground,30.0,dose_r30_s5_h128_20k
12.29600390934203,10.769108417929381,20,11.517300530650937,9.930507222811382,adaptive,masked_psnr,8,4,full_frame,30.0,dose_r30_s5_h128_20k
14.476949576240832,12.640070348250683,20,13.54167700670536,9.930507222811382,adaptive,masked_psnr,8,4,head_foreground,30.0,dose_r30_s5_h128_20k
18.04087031831619,16.852380157648327,20,17.447783659532867,9.930507222811382,adaptive,masked_psnr,8,4,head_supported,30.0,dose_r30_s5_h128_20k
7.234802085254277,5.043183160816666,20,6.08409462505672,9.930507222811382,adaptive,masked_psnr,8,4,head_unsupported,30.0,dose_r30_s5_h128_20k
21.22513111151941,19.20323529730678,20,20.095685366156886,9.930507222811382,adaptive,masked_psnr,8,4,oral,30.0,dose_r30_s5_h128_20k
7.064231094042086,4.957687562530664,20,5.9425574411009645,9.930507222811382,adaptive,masked_psnr,8,4,torso_outside_head_roi,30.0,dose_r30_s5_h128_20k
22.238487010473705,16.094729686661438,20,18.820335328967673,9.718489734331767,adaptive,masked_psnr,8,8,background,30.0,dose_r30_s5_h128_20k
20.351709598163644,19.446838816852267,20,19.893785427027755,9.718489734331767,adaptive,masked_psnr,8,8,eyes,30.0,dose_r30_s5_h128_20k
17.162828299066643,16.009080992702582,20,16.577305665551915,9.718489734331767,adaptive,masked_psnr,8,8,flame_supported,30.0,dose_r30_s5_h128_20k
6.505869462942617,4.294534335127059,20,5.3394253450658,9.718489734331767,adaptive,masked_psnr,8,8,flame_unsupported,30.0,dose_r30_s5_h128_20k
10.924540520972117,8.89366301651535,20,9.838157376188963,9.718489734331767,adaptive,masked_psnr,8,8,foreground,30.0,dose_r30_s5_h128_20k
12.401458212935065,10.813012245475846,20,11.560525772431152,9.718489734331767,adaptive,masked_psnr,8,8,full_frame,30.0,dose_r30_s5_h128_20k
14.60139638444782,12.7190573817104,20,13.66226544795675,9.718489734331767,adaptive,masked_psnr,8,8,head_foreground,30.0,dose_r30_s5_h128_20k
18.251063668480523,17.042892653983678,20,17.654195983875134,9.718489734331767,adaptive,masked_psnr,8,8,head_supported,30.0,dose_r30_s5_h128_20k
7.268726858618239,5.105598851601063,20,6.163016676200897,9.718489734331767,adaptive,masked_psnr,8,8,head_unsupported,30.0,dose_r30_s5_h128_20k
20.29529936974641,19.16896581477101,20,19.715486609531318,9.718489734331767,adaptive,masked_psnr,8,8,oral,30.0,dose_r30_s5_h128_20k
7.130895580461603,5.020151893155975,20,6.011300110132682,9.718489734331767,adaptive,masked_psnr,8,8,torso_outside_head_roi,30.0,dose_r30_s5_h128_20k
20.973100550970372,16.541592364112,20,18.54174640338532,7.774038521448771,adaptive,masked_psnr,384,1,background,30.0,dose_r30_s5_h128_20k
22.14452099236886,21.140442540878848,20,21.629697359492262,7.774038521448771,adaptive,masked_psnr,384,1,eyes,30.0,dose_r30_s5_h128_20k
18.262482042531683,17.23628182809746,20,17.74650546734824,7.774038521448771,adaptive,masked_psnr,384,1,flame_supported,30.0,dose_r30_s5_h128_20k
6.98221698331457,5.150694238624747,20,6.032565143139086,7.774038521448771,adaptive,masked_psnr,384,1,flame_unsupported,30.0,dose_r30_s5_h128_20k
11.720056573526794,9.849697131575399,20,10.734450992853144,7.774038521448771,adaptive,masked_psnr,384,1,foreground,30.0,dose_r30_s5_h128_20k
13.414717504355446,11.62560295302073,20,12.502619807434435,7.774038521448771,adaptive,masked_psnr,384,1,full_frame,30.0,dose_r30_s5_h128_20k
16.001211013785507,14.646137613343635,20,15.312569006092474,7.774038521448771,adaptive,masked_psnr,384,1,head_foreground,30.0,dose_r30_s5_h128_20k
19.027889272223817,17.978930567743284,20,18.48806588601458,7.774038521448771,adaptive,masked_psnr,384,1,head_supported,30.0,dose_r30_s5_h128_20k
8.802566624685811,7.342253866174335,20,8.068960196220127,7.774038521448771,adaptive,masked_psnr,384,1,head_unsupported,30.0,dose_r30_s5_h128_20k
21.393309493485493,19.646319614629814,20,20.431689188000878,7.774038521448771,adaptive,masked_psnr,384,1,oral,30.0,dose_r30_s5_h128_20k
8.009585761923,5.579220636338666,20,6.710050737641889,7.774038521448771,adaptive,masked_psnr,384,1,torso_outside_head_roi,30.0,dose_r30_s5_h128_20k
20.635976227481812,16.490745565376628,20,18.368557209431025,7.624054789543152,adaptive,masked_psnr,384,4,background,30.0,dose_r30_s5_h128_20k
21.96351165037321,21.08961364116217,20,21.507312961842672,7.624054789543152,adaptive,masked_psnr,384,4,eyes,30.0,dose_r30_s5_h128_20k
18.718334209793248,17.682494962022467,20,18.20000942804169,7.624054789543152,adaptive,masked_psnr,384,4,flame_supported,30.0,dose_r30_s5_h128_20k
7.048506732789205,5.130819633300845,20,6.052855383050028,7.624054789543152,adaptive,masked_psnr,384,4,flame_unsupported,30.0,dose_r30_s5_h128_20k
11.827715867376316,9.90954383633061,20,10.833742801624211,7.624054789543152,adaptive,masked_psnr,384,4,foreground,30.0,dose_r30_s5_h128_20k
13.484664626161912,11.683275620149189,20,12.55733252976655,7.624054789543152,adaptive,masked_psnr,384,4,full_frame,30.0,dose_r30_s5_h128_20k
16.23902331132296,14.765363948679703,20,15.47748003578123,7.624054789543152,adaptive,masked_psnr,384,4,head_foreground,30.0,dose_r30_s5_h128_20k
19.537725300443455,18.51121882485476,20,19.02656209744701,7.624054789543152,adaptive,masked_psnr,384,4,head_supported,30.0,dose_r30_s5_h128_20k
8.773618527522602,7.2201370632408235,20,7.996763790982658,7.624054789543152,adaptive,masked_psnr,384,4,head_unsupported,30.0,dose_r30_s5_h128_20k
21.72539883022659,19.842482800898097,20,20.646493416991184,7.624054789543152,adaptive,masked_psnr,384,4,oral,30.0,dose_r30_s5_h128_20k
8.10574436278107,5.616976405014937,20,6.770623157517524,7.624054789543152,adaptive,masked_psnr,384,4,torso_outside_head_roi,30.0,dose_r30_s5_h128_20k
20.142433104251694,16.332244368474775,20,18.11079166710081,7.57645235856374,adaptive,masked_psnr,384,8,background,30.0,dose_r30_s5_h128_20k
21.75159682689979,20.84262561182132,20,21.284111664064277,7.57645235856374,adaptive,masked_psnr,384,8,eyes,30.0,dose_r30_s5_h128_20k
18.75312903893601,17.716305235420208,20,18.233466616017527,7.57645235856374,adaptive,masked_psnr,384,8,flame_supported,30.0,dose_r30_s5_h128_20k
7.084440325255158,5.178954215835527,20,6.087713356642417,7.57645235856374,adaptive,masked_psnr,384,8,flame_unsupported,30.0,dose_r30_s5_h128_20k
11.850338862332501,9.846610655279806,20,10.803097443554943,7.57645235856374,adaptive,masked_psnr,384,8,foreground,30.0,dose_r30_s5_h128_20k
13.50395564555375,11.625125790472014,20,12.535777968994516,7.57645235856374,adaptive,masked_psnr,384,8,full_frame,30.0,dose_r30_s5_h128_20k
16.285104883241804,14.82538497230691,20,15.537173074726514,7.57645235856374,adaptive,masked_psnr,384,8,head_foreground,30.0,dose_r30_s5_h128_20k
19.593568396423464,18.559709322866006,20,19.059899643122918,7.57645235856374,adaptive,masked_psnr,384,8,head_supported,30.0,dose_r30_s5_h128_20k
8.824819368848328,7.331521060794951,20,8.06818597474009,7.57645235856374,adaptive,masked_psnr,384,8,head_unsupported,30.0,dose_r30_s5_h128_20k
20.79344771416328,19.83006963638921,20,20.284285278120407,7.57645235856374,adaptive,masked_psnr,384,8,oral,30.0,dose_r30_s5_h128_20k
8.142997346016573,5.628092049613366,20,6.813628987782337,7.57645235856374,adaptive,masked_psnr,384,8,torso_outside_head_roi,30.0,dose_r30_s5_h128_20k
21.77109646557394,15.163927946657513,20,17.934571186435768,18.84681270917257,adaptive,masked_psnr,8,1,background,75.0,dose_r75_s5_h128_20k
21.338015365011127,20.363811373488964,20,20.846312934391534,18.84681270917257,adaptive,masked_psnr,8,1,eyes,75.0,dose_r75_s5_h128_20k
16.24535929831394,14.869366129225789,20,15.569950478981847,18.84681270917257,adaptive,masked_psnr,8,1,flame_supported,75.0,dose_r75_s5_h128_20k
7.367496106546765,5.542722576479362,20,6.436165325008799,18.84681270917257,adaptive,masked_psnr,8,1,flame_unsupported,75.0,dose_r75_s5_h128_20k
11.469135425449826,9.706724743496386,20,10.553356947983508,18.84681270917257,adaptive,masked_psnr,8,1,foreground,75.0,dose_r75_s5_h128_20k
12.543106787588709,11.294121257756895,20,11.905694791931193,18.84681270917257,adaptive,masked_psnr,8,1,full_frame,75.0,dose_r75_s5_h128_20k
14.44849136387542,12.824567311036605,20,13.636939696925001,18.84681270917257,adaptive,masked_psnr,8,1,head_foreground,75.0,dose_r75_s5_h128_20k
17.025090401569464,15.812535575051722,20,16.411258656214464,18.84681270917257,adaptive,masked_psnr,8,1,head_supported,75.0,dose_r75_s5_h128_20k
7.9416395062712395,6.208962367518969,20,7.090598933524835,18.84681270917257,adaptive,masked_psnr,8,1,head_unsupported,75.0,dose_r75_s5_h128_20k
21.118716127926003,19.51654949596738,20,20.246287606115033,18.84681270917257,adaptive,masked_psnr,8,1,oral,75.0,dose_r75_s5_h128_20k
7.927384781898326,6.07857038932162,20,6.987386824438292,18.84681270917257,adaptive,masked_psnr,8,1,torso_outside_head_roi,75.0,dose_r75_s5_h128_20k
22.140011393091093,15.25581985958069,20,18.165159795433226,18.91845823923747,adaptive,masked_psnr,8,4,background,75.0,dose_r75_s5_h128_20k
21.180239335172132,20.209291254962395,20,20.680892264916395,18.91845823923747,adaptive,masked_psnr,8,4,eyes,75.0,dose_r75_s5_h128_20k
16.38212320769713,15.282028268083705,20,15.830215194516962,18.91845823923747,adaptive,masked_psnr,8,4,flame_supported,75.0,dose_r75_s5_h128_20k
7.5112395543543355,5.545722575914617,20,6.489117899326949,18.91845823923747,adaptive,masked_psnr,8,4,flame_unsupported,75.0,dose_r75_s5_h128_20k
11.531334170313896,9.840021140560754,20,10.657523606436277,18.91845823923747,adaptive,masked_psnr,8,4,foreground,75.0,dose_r75_s5_h128_20k
12.549234317746297,11.40928928790641,20,11.967267867277393,18.91845823923747,adaptive,masked_psnr,8,4,full_frame,75.0,dose_r75_s5_h128_20k
14.409686536851348,12.85301003207478,20,13.647293857706694,18.91845823923747,adaptive,masked_psnr,8,4,head_foreground,75.0,dose_r75_s5_h128_20k
17.272149404808754,16.17218104795682,20,16.718495706127555,18.91845823923747,adaptive,masked_psnr,8,4,head_supported,75.0,dose_r75_s5_h128_20k
7.562772272602079,5.854026103997039,20,6.72096422061532,18.91845823923747,adaptive,masked_psnr,8,4,head_unsupported,75.0,dose_r75_s5_h128_20k
21.22202922137615,19.38913827015539,20,20.173883140349158,18.91845823923747,adaptive,masked_psnr,8,4,oral,75.0,dose_r75_s5_h128_20k
8.098320812816887,6.217717775559383,20,7.145132287140248,18.91845823923747,adaptive,masked_psnr,8,4,torso_outside_head_roi,75.0,dose_r75_s5_h128_20k
21.599406919352067,15.37257122559739,20,18.13680562349566,18.68691800435384,adaptive,masked_psnr,8,8,background,75.0,dose_r75_s5_h128_20k
21.049831568450973,20.07014672019291,20,20.553829504144566,18.68691800435384,adaptive,masked_psnr,8,8,eyes,75.0,dose_r75_s5_h128_20k
16.459061629806964,15.343537480819545,20,15.898706403012133,18.68691800435384,adaptive,masked_psnr,8,8,flame_supported,75.0,dose_r75_s5_h128_20k
7.592867717076105,5.609150227248256,20,6.568303689218868,18.68691800435384,adaptive,masked_psnr,8,8,flame_unsupported,75.0,dose_r75_s5_h128_20k
11.594024861302938,9.836794855630597,20,10.686180851343252,18.68691800435384,adaptive,masked_psnr,8,8,foreground,75.0,dose_r75_s5_h128_20k
12.691818863612419,11.399220138889374,20,12.031738760127318,18.68691800435384,adaptive,masked_psnr,8,8,full_frame,75.0,dose_r75_s5_h128_20k
14.49220385546176,12.905035661761934,20,13.702170897890152,18.68691800435384,adaptive,masked_psnr,8,8,head_foreground,75.0,dose_r75_s5_h128_20k
17.31547592662187,16.264017474607677,20,16.77809321362486,18.68691800435384,adaptive,masked_psnr,8,8,head_supported,75.0,dose_r75_s5_h128_20k
7.620601347336627,5.871966588311846,20,6.761003487013892,18.68691800435384,adaptive,masked_psnr,8,8,head_unsupported,75.0,dose_r75_s5_h128_20k
20.358797854942914,19.371215657566527,20,19.832589597044915,18.68691800435384,adaptive,masked_psnr,8,8,oral,75.0,dose_r75_s5_h128_20k
8.256708945111564,6.329187829424846,20,7.26418026837449,18.68691800435384,adaptive,masked_psnr,8,8,torso_outside_head_roi,75.0,dose_r75_s5_h128_20k
20.29264789865562,15.44321800225415,20,17.61576280279267,15.951529328028366,adaptive,masked_psnr,384,1,background,75.0,dose_r75_s5_h128_20k
21.103285623902437,20.126951589839052,20,20.60456945892831,15.951529328028366,adaptive,masked_psnr,384,1,eyes,75.0,dose_r75_s5_h128_20k
17.913853896208956,17.021830081254887,20,17.475921154197636,15.951529328028366,adaptive,masked_psnr,384,1,flame_supported,75.0,dose_r75_s5_h128_20k
9.435316454948639,7.716700920330781,20,8.576986129204808,15.951529328028366,adaptive,masked_psnr,384,1,flame_unsupported,75.0,dose_r75_s5_h128_20k
13.419475062491806,11.904612333660264,20,12.673311010018208,15.951529328028366,adaptive,masked_psnr,384,1,foreground,75.0,dose_r75_s5_h128_20k
14.469584316362349,12.965807617598767,20,13.717247447794147,15.951529328028366,adaptive,masked_psnr,384,1,full_frame,75.0,dose_r75_s5_h128_20k
16.362301710948884,15.29285415190855,20,15.843670143960619,15.951529328028366,adaptive,masked_psnr,384,1,head_foreground,75.0,dose_r75_s5_h128_20k
18.430535351903213,17.49468889122164,20,17.956740469106386,15.951529328028366,adaptive,masked_psnr,384,1,head_supported,75.0,dose_r75_s5_h128_20k
10.473463250801625,8.934781573042708,20,9.69551745063999,15.951529328028366,adaptive,masked_psnr,384,1,head_unsupported,75.0,dose_r75_s5_h128_20k
20.84705168337758,19.050349235648234,20,19.87116725572198,15.951529328028366,adaptive,masked_psnr,384,1,oral,75.0,dose_r75_s5_h128_20k
10.43263264330235,8.424976412861815,20,9.42775459110629,15.951529328028366,adaptive,masked_psnr,384,1,torso_outside_head_roi,75.0,dose_r75_s5_h128_20k
19.97291173165865,15.348640023337946,20,17.39362734860863,15.594336128234866,adaptive,masked_psnr,384,4,background,75.0,dose_r75_s5_h128_20k
20.760753331055433,19.869517973251465,20,20.310838502680546,15.594336128234866,adaptive,masked_psnr,384,4,eyes,75.0,dose_r75_s5_h128_20k
18.17539027916386,17.173813519802003,20,17.69762725723242,15.594336128234866,adaptive,masked_psnr,384,4,flame_supported,75.0,dose_r75_s5_h128_20k
9.500318875368494,7.771385347999201,20,8.661246008809867,15.594336128234866,adaptive,masked_psnr,384,4,flame_unsupported,75.0,dose_r75_s5_h128_20k
13.55194191626452,11.968375707302771,20,12.776287186091746,15.594336128234866,adaptive,masked_psnr,384,4,foreground,75.0,dose_r75_s5_h128_20k
14.534582841347307,13.00109064717651,20,13.761341039463641,15.594336128234866,adaptive,masked_psnr,384,4,full_frame,75.0,dose_r75_s5_h128_20k
16.414985034071993,15.36784920539266,20,15.90767356713846,15.594336128234866,adaptive,masked_psnr,384,4,head_foreground,75.0,dose_r75_s5_h128_20k
18.633130256253903,17.696112941133084,20,18.171216618776302,15.594336128234866,adaptive,masked_psnr,384,4,head_supported,75.0,dose_r75_s5_h128_20k
10.31221665009622,8.848478049908127,20,9.570066572064576,15.594336128234866,adaptive,masked_psnr,384,4,head_unsupported,75.0,dose_r75_s5_h128_20k
21.12930576332563,19.083858458460043,20,19.984603686121766,15.594336128234866,adaptive,masked_psnr,384,4,oral,75.0,dose_r75_s5_h128_20k
10.560222399802308,8.50576547312344,20,9.518083819593322,15.594336128234866,adaptive,masked_psnr,384,4,torso_outside_head_roi,75.0,dose_r75_s5_h128_20k
19.412595659477606,15.264621155658405,20,17.132123074837043,15.565579764048257,adaptive,masked_psnr,384,8,background,75.0,dose_r75_s5_h128_20k
20.697115155190428,19.75986436681885,20,20.215305488735233,15.565579764048257,adaptive,masked_psnr,384,8,eyes,75.0,dose_r75_s5_h128_20k
18.159197280203248,17.157323991269596,20,17.684390629202152,15.565579764048257,adaptive,masked_psnr,384,8,flame_supported,75.0,dose_r75_s5_h128_20k
9.604558462476042,7.858513995284189,20,8.738593456962551,15.565579764048257,adaptive,masked_psnr,384,8,flame_unsupported,75.0,dose_r75_s5_h128_20k
13.607828850777455,11.97013599532114,20,12.783903170998544,15.565579764048257,adaptive,masked_psnr,384,8,foreground,75.0,dose_r75_s5_h128_20k
14.560098148832123,12.967484176927922,20,13.772066293232205,15.565579764048257,adaptive,masked_psnr,384,8,full_frame,75.0,dose_r75_s5_h128_20k
16.419810065326466,15.448297408658672,20,15.94041818268226,15.565579764048257,adaptive,masked_psnr,384,8,head_foreground,75.0,dose_r75_s5_h128_20k
18.6327616518324,17.689428984380918,20,18.165591885698568,15.565579764048257,adaptive,masked_psnr,384,8,head_supported,75.0,dose_r75_s5_h128_20k
10.28368781512389,8.976832440793842,20,9.623765204168304,15.565579764048257,adaptive,masked_psnr,384,8,head_unsupported,75.0,dose_r75_s5_h128_20k
20.193232465285384,19.036239330739715,20,19.605131883346584,15.565579764048257,adaptive,masked_psnr,384,8,oral,75.0,dose_r75_s5_h128_20k
10.703520534541335,8.559114232740123,20,9.617395089194117,15.565579764048257,adaptive,masked_psnr,384,8,torso_outside_head_roi,75.0,dose_r75_s5_h128_20k
21.648244057052228,14.610578218267221,20,17.497462097583053,29.003266080220538,adaptive,masked_psnr,8,1,background,150.0,primary_s5_h128_20k
21.142162880912135,19.613307031436616,20,20.45059754480642,29.003266080220538,adaptive,masked_psnr,8,1,eyes,150.0,primary_s5_h128_20k
15.900717977881243,14.465700903574419,20,15.204222449292326,29.003266080220538,adaptive,masked_psnr,8,1,flame_supported,150.0,primary_s5_h128_20k
8.199294047163463,6.466813312984787,20,7.335619262302197,29.003266080220538,adaptive,masked_psnr,8,1,flame_unsupported,150.0,primary_s5_h128_20k
12.004224943532435,10.323227661910677,20,11.13813535367063,29.003266080220538,adaptive,masked_psnr,8,1,foreground,150.0,primary_s5_h128_20k
12.831115299003633,11.644879979823163,20,12.219426972440614,29.003266080220538,adaptive,masked_psnr,8,1,full_frame,150.0,primary_s5_h128_20k
14.441029413754233,12.769457951196536,20,13.61738951706449,29.003266080220538,adaptive,masked_psnr,8,1,head_foreground,150.0,primary_s5_h128_20k
16.801343884454884,15.198580854564325,20,16.018953260074433,29.003266080220538,adaptive,masked_psnr,8,1,head_supported,150.0,primary_s5_h128_20k
8.678366245641675,6.61397511980198,20,7.613430833114487,29.003266080220538,adaptive,masked_psnr,8,1,head_unsupported,150.0,primary_s5_h128_20k
20.464615225931624,18.575277273761138,20,19.452909054442333,29.003266080220538,adaptive,masked_psnr,8,1,oral,150.0,primary_s5_h128_20k
8.922581089636543,7.158792486072861,20,8.046526711828431,29.003266080220538,adaptive,masked_psnr,8,1,torso_outside_head_roi,150.0,primary_s5_h128_20k
21.69513254129643,14.730579496057382,20,17.680611458848634,28.202806790669758,adaptive,masked_psnr,8,4,background,150.0,primary_s5_h128_20k
20.745068215265025,19.399227394450406,20,20.090146631984297,28.202806790669758,adaptive,masked_psnr,8,4,eyes,150.0,primary_s5_h128_20k
16.300219833536985,14.917613145783422,20,15.615789758127814,28.202806790669758,adaptive,masked_psnr,8,4,flame_supported,150.0,primary_s5_h128_20k
8.33703517947392,6.483110615332162,20,7.407191962767901,28.202806790669758,adaptive,masked_psnr,8,4,flame_unsupported,150.0,primary_s5_h128_20k
12.15047310651641,10.498262652011778,20,11.306910712458974,28.202806790669758,adaptive,masked_psnr,8,4,foreground,150.0,primary_s5_h128_20k
12.962729231197871,11.744898397568099,20,12.346613903010725,28.202806790669758,adaptive,masked_psnr,8,4,full_frame,150.0,primary_s5_h128_20k
14.398591534377054,12.833748246262646,20,13.632534910057302,28.202806790669758,adaptive,masked_psnr,8,4,head_foreground,150.0,primary_s5_h128_20k
17.131309607326518,15.622942986576167,20,16.387642796243533,28.202806790669758,adaptive,masked_psnr,8,4,head_supported,150.0,primary_s5_h128_20k
8.29658331827086,6.254761010994569,20,7.230997725413974,28.202806790669758,adaptive,masked_psnr,8,4,head_unsupported,150.0,primary_s5_h128_20k
20.6003054361721,18.538786101499436,20,19.423477055594507,28.202806790669758,adaptive,masked_psnr,8,4,oral,150.0,primary_s5_h128_20k
9.148642446389786,7.419272416745244,20,8.280380309698938,28.202806790669758,adaptive,masked_psnr,8,4,torso_outside_head_roi,150.0,primary_s5_h128_20k
21.000868257939143,14.885325692084166,20,17.590720910295826,27.980905501047765,adaptive,masked_psnr,8,8,background,150.0,primary_s5_h128_20k
20.606373155963908,19.25824250039327,20,19.964610315098838,27.980905501047765,adaptive,masked_psnr,8,8,eyes,150.0,primary_s5_h128_20k
16.273367949136045,14.92001167182107,20,15.593113422055882,27.980905501047765,adaptive,masked_psnr,8,8,flame_supported,150.0,primary_s5_h128_20k
8.419399143529603,6.4893992895509145,20,7.435704008449891,27.980905501047765,adaptive,masked_psnr,8,8,flame_unsupported,150.0,primary_s5_h128_20k
12.132992712506248,10.45889946958925,20,11.270648017259713,27.980905501047765,adaptive,masked_psnr,8,8,foreground,150.0,primary_s5_h128_20k
13.035001083148002,11.739732267994318,20,12.362875257839173,27.980905501047765,adaptive,masked_psnr,8,8,full_frame,150.0,primary_s5_h128_20k
14.437117491243246,12.844490669835535,20,13.644382376408382,27.980905501047765,adaptive,masked_psnr,8,8,head_foreground,150.0,primary_s5_h128_20k
17.119384012081927,15.686736804800955,20,16.40509064449693,27.980905501047765,adaptive,masked_psnr,8,8,head_supported,150.0,primary_s5_h128_20k
8.264219576874973,6.207546028809268,20,7.208255843031461,27.980905501047765,adaptive,masked_psnr,8,8,head_unsupported,150.0,primary_s5_h128_20k
19.74155048433165,18.53445271507101,20,19.131000666153202,27.980905501047765,adaptive,masked_psnr,8,8,oral,150.0,primary_s5_h128_20k
9.231492140885575,7.4389712832903045,20,8.322350317608521,27.980905501047765,adaptive,masked_psnr,8,8,torso_outside_head_roi,150.0,primary_s5_h128_20k
18.2661562091842,13.516137524818518,20,15.497899832598387,29.046521027882896,adaptive,masked_psnr,32,1,background,150.0,primary_s5_h128_20k
21.216135798529386,20.286231198704463,20,20.74466206291065,29.046521027882896,adaptive,masked_psnr,32,1,eyes,150.0,primary_s5_h128_20k
17.116075088937137,15.955144261323305,20,16.537156039850025,29.046521027882896,adaptive,masked_psnr,32,1,flame_supported,150.0,primary_s5_h128_20k
10.814963164525373,9.388384096365696,20,10.116819745743292,29.046521027882896,adaptive,masked_psnr,32,1,flame_unsupported,150.0,primary_s5_h128_20k
14.04289433500639,12.86866369202332,20,13.45055172528699,29.046521027882896,adaptive,masked_psnr,32,1,foreground,150.0,primary_s5_h128_20k
14.150573043103028,12.940118336241555,20,13.539828582570044,29.046521027882896,adaptive,masked_psnr,32,1,full_frame,150.0,primary_s5_h128_20k
15.832396251277338,14.763179816960227,20,15.28710251706381,29.046521027882896,adaptive,masked_psnr,32,1,head_foreground,150.0,primary_s5_h128_20k
17.565164318753464,16.365803018883753,20,16.962613031177828,29.046521027882896,adaptive,masked_psnr,32,1,head_supported,150.0,primary_s5_h128_20k
10.979181148071206,9.134482772444732,20,10.080316264507438,29.046521027882896,adaptive,masked_psnr,32,1,head_unsupported,150.0,primary_s5_h128_20k
20.512332602005024,18.696241636952657,20,19.52685113827974,29.046521027882896,adaptive,masked_psnr,32,1,oral,150.0,primary_s5_h128_20k
11.937213289018938,10.407149599160448,20,11.179709869403512,29.046521027882896,adaptive,masked_psnr,32,1,torso_outside_head_roi,150.0,primary_s5_h128_20k
18.593895858451276,13.651551898219434,20,15.683180250364813,28.104712963104248,adaptive,masked_psnr,32,4,background,150.0,primary_s5_h128_20k
21.129650549493622,20.127613164796408,20,20.60957719306646,28.104712963104248,adaptive,masked_psnr,32,4,eyes,150.0,primary_s5_h128_20k
17.559293675831814,16.401954690941,20,16.98592696690107,28.104712963104248,adaptive,masked_psnr,32,4,flame_supported,150.0,primary_s5_h128_20k
10.867514368109363,9.30880825511678,20,10.129026489592693,28.104712963104248,adaptive,masked_psnr,32,4,flame_unsupported,150.0,primary_s5_h128_20k
14.201359536403665,12.980482211470203,20,13.595010640640874,28.104712963104248,adaptive,masked_psnr,32,4,foreground,150.0,primary_s5_h128_20k
14.347079192890641,13.065941171632748,20,13.712039340654915,28.104712963104248,adaptive,masked_psnr,32,4,full_frame,150.0,primary_s5_h128_20k
16.010395822689947,14.946533745946553,20,15.4751576486641,28.104712963104248,adaptive,masked_psnr,32,4,head_foreground,150.0,primary_s5_h128_20k
17.983432940767518,16.798911936243158,20,17.404949683017506,28.104712963104248,adaptive,masked_psnr,32,4,head_supported,150.0,primary_s5_h128_20k
10.815037320860858,8.93950070509888,20,9.896644944412348,28.104712963104248,adaptive,masked_psnr,32,4,head_unsupported,150.0,primary_s5_h128_20k
20.744085769217495,18.677689990194374,20,19.573643831612006,28.104712963104248,adaptive,masked_psnr,32,4,oral,150.0,primary_s5_h128_20k
12.077156470803727,10.507329594798792,20,11.314494128867157,28.104712963104248,adaptive,masked_psnr,32,4,torso_outside_head_roi,150.0,primary_s5_h128_20k
18.677584287633604,13.591616476244775,20,15.740837377595636,28.180259895324713,adaptive,masked_psnr,32,8,background,150.0,primary_s5_h128_20k
21.0432140728045,19.986915157329715,20,20.501934882449397,28.180259895324713,adaptive,masked_psnr,32,8,eyes,150.0,primary_s5_h128_20k
17.666464564359778,16.51215406127236,20,17.09063435557307,28.180259895324713,adaptive,masked_psnr,32,8,flame_supported,150.0,primary_s5_h128_20k
10.937509915135932,9.478848646967517,20,10.24131057346636,28.180259895324713,adaptive,masked_psnr,32,8,flame_unsupported,150.0,primary_s5_h128_20k
14.266851242114525,13.066608644148882,20,13.69166510110243,28.180259895324713,adaptive,masked_psnr,32,8,foreground,150.0,primary_s5_h128_20k
14.45150595367254,13.08578960707058,20,13.78329005181493,28.180259895324713,adaptive,masked_psnr,32,8,full_frame,150.0,primary_s5_h128_20k
16.061718426775393,15.122999169632962,20,15.57765532400452,28.180259895324713,adaptive,masked_psnr,32,8,head_foreground,150.0,primary_s5_h128_20k
18.077203700737915,16.958508604853044,20,17.516514043451583,28.180259895324713,adaptive,masked_psnr,32,8,head_supported,150.0,primary_s5_h128_20k
10.76560385163722,9.074324697125935,20,9.922277581421383,28.180259895324713,adaptive,masked_psnr,32,8,head_unsupported,150.0,primary_s5_h128_20k
19.806159913232804,18.57468349855364,20,19.169078459315937,28.180259895324713,adaptive,masked_psnr,32,8,oral,150.0,primary_s5_h128_20k
12.226099261848631,10.567028107523962,20,11.410744253893872,28.180259895324713,adaptive,masked_psnr,32,8,torso_outside_head_roi,150.0,primary_s5_h128_20k
18.34925730597177,14.710980257583506,20,16.360686268751042,24.948460547129315,adaptive,masked_psnr,128,1,background,150.0,primary_s5_h128_20k
21.298453612978125,20.337835108421856,20,20.80977344978007,24.948460547129315,adaptive,masked_psnr,128,1,eyes,150.0,primary_s5_h128_20k
17.88052142323077,16.829844209946557,20,17.361071700292513,24.948460547129315,adaptive,masked_psnr,128,1,flame_supported,150.0,primary_s5_h128_20k
11.22255469171732,9.33196686989589,20,10.290697227196517,24.948460547129315,adaptive,masked_psnr,128,1,flame_unsupported,150.0,primary_s5_h128_20k
14.522506210564634,13.035309398097636,20,13.779832580248613,24.948460547129315,adaptive,masked_psnr,128,1,foreground,150.0,primary_s5_h128_20k
14.811499555318507,13.619558047216879,20,14.209716811137213,24.948460547129315,adaptive,masked_psnr,128,1,full_frame,150.0,primary_s5_h128_20k
16.222653453103327,15.067218951784474,20,15.662373059724477,24.948460547129315,adaptive,masked_psnr,128,1,head_foreground,150.0,primary_s5_h128_20k
18.26996223287761,17.13384646732937,20,17.699976701926495,24.948460547129315,adaptive,masked_psnr,128,1,head_supported,150.0,primary_s5_h128_20k
10.911981100974284,9.163276649580839,20,10.040935386406511,24.948460547129315,adaptive,masked_psnr,128,1,head_unsupported,150.0,primary_s5_h128_20k
20.695650242573997,18.923531604041496,20,19.726042139386756,24.948460547129315,adaptive,masked_psnr,128,1,oral,150.0,primary_s5_h128_20k
12.587704915444645,10.483204330425421,20,11.540382089539358,24.948460547129315,adaptive,masked_psnr,128,1,torso_outside_head_roi,150.0,primary_s5_h128_20k
18.226528128647193,14.221898461424182,20,15.973453230259489,24.185869693756104,adaptive,masked_psnr,128,4,background,150.0,primary_s5_h128_20k
21.085876004930928,20.175051086356696,20,20.632047551169133,24.185869693756104,adaptive,masked_psnr,128,4,eyes,150.0,primary_s5_h128_20k
18.195444166575353,17.17855157498583,20,17.6934424516331,24.185869693756104,adaptive,masked_psnr,128,4,flame_supported,150.0,primary_s5_h128_20k
11.177858912641708,9.265070546643573,20,10.249046679254503,24.185869693756104,adaptive,masked_psnr,128,4,flame_unsupported,150.0,primary_s5_h128_20k
14.59627499221862,13.079948884851651,20,13.850450429359688,24.185869693756104,adaptive,masked_psnr,128,4,foreground,150.0,primary_s5_h128_20k
14.676895003368632,13.465579141121873,20,14.071265323346537,24.185869693756104,adaptive,masked_psnr,128,4,full_frame,150.0,primary_s5_h128_20k
16.442221044203286,15.30594611173903,20,15.873037102320449,24.185869693756104,adaptive,masked_psnr,128,4,head_foreground,150.0,primary_s5_h128_20k
18.57373691908893,17.492090196875246,20,18.04026642688441,24.185869693756104,adaptive,masked_psnr,128,4,head_supported,150.0,primary_s5_h128_20k
10.887979175718405,9.246503553842718,20,10.066838492797265,24.185869693756104,adaptive,masked_psnr,128,4,head_unsupported,150.0,primary_s5_h128_20k
20.855324869132726,18.91176159509425,20,19.76251441778549,24.185869693756104,adaptive,masked_psnr,128,4,oral,150.0,primary_s5_h128_20k
12.54504964611413,10.335933990349742,20,11.45926916036808,24.185869693756104,adaptive,masked_psnr,128,4,torso_outside_head_roi,150.0,primary_s5_h128_20k
18.393701285182587,14.108803428461822,20,15.98648081689927,24.25598875681559,adaptive,masked_psnr,128,8,background,150.0,primary_s5_h128_20k
21.063177447208794,20.081005358759942,20,20.571685008390723,24.25598875681559,adaptive,masked_psnr,128,8,eyes,150.0,primary_s5_h128_20k
18.221987523265497,17.163582673193783,20,17.712758727390927,24.25598875681559,adaptive,masked_psnr,128,8,flame_supported,150.0,primary_s5_h128_20k
11.378282087253035,9.604431659512914,20,10.499923546133349,24.25598875681559,adaptive,masked_psnr,128,8,flame_unsupported,150.0,primary_s5_h128_20k
14.777214193188916,13.26789462828613,20,14.002556244148934,24.25598875681559,adaptive,masked_psnr,128,8,foreground,150.0,primary_s5_h128_20k
14.783393560382855,13.542980491902508,20,14.151823253593438,24.25598875681559,adaptive,masked_psnr,128,8,full_frame,150.0,primary_s5_h128_20k
16.495024981092808,15.463686512355935,20,15.976886552610097,24.25598875681559,adaptive,masked_psnr,128,8,head_foreground,150.0,primary_s5_h128_20k
18.594940309043015,17.51308591314243,20,18.060186404947387,24.25598875681559,adaptive,masked_psnr,128,8,head_supported,150.0,primary_s5_h128_20k
11.030529166894448,9.488577218544268,20,10.237869402648668,24.25598875681559,adaptive,masked_psnr,128,8,head_unsupported,150.0,primary_s5_h128_20k
19.92242693206751,18.83402829379091,20,19.37826754244741,24.25598875681559,adaptive,masked_psnr,128,8,oral,150.0,primary_s5_h128_20k
12.715910508395918,10.640904963260388,20,11.694027092243493,24.25598875681559,adaptive,masked_psnr,128,8,torso_outside_head_roi,150.0,primary_s5_h128_20k
19.353071745631972,14.514330322849988,20,16.55290355051205,27.14368890126546,adaptive,masked_psnr,384,1,background,150.0,primary_s5_h128_20k
21.576873466483654,20.546867253574536,20,21.05852624034299,27.14368890126546,adaptive,masked_psnr,384,1,eyes,150.0,primary_s5_h128_20k
17.880993831622177,16.80504122217334,20,17.342307770285554,27.14368890126546,adaptive,masked_psnr,384,1,flame_supported,150.0,primary_s5_h128_20k
11.512799324862247,9.775266356506283,20,10.65409319692608,27.14368890126546,adaptive,masked_psnr,384,1,flame_unsupported,150.0,primary_s5_h128_20k
14.672701457421121,13.401472859520485,20,14.030444099701432,27.14368890126546,adaptive,masked_psnr,384,1,foreground,150.0,primary_s5_h128_20k
14.850796457622598,13.76494815787761,20,14.307213325864728,27.14368890126546,adaptive,masked_psnr,384,1,full_frame,150.0,primary_s5_h128_20k
16.222526676406584,15.12818345643346,20,15.683563191482387,27.14368890126546,adaptive,masked_psnr,384,1,head_foreground,150.0,primary_s5_h128_20k
18.275868029305137,17.117367974507047,20,17.697632137817543,27.14368890126546,adaptive,masked_psnr,384,1,head_supported,150.0,primary_s5_h128_20k
10.977464620295912,9.183420649968001,20,10.0651213290377,27.14368890126546,adaptive,masked_psnr,384,1,head_unsupported,150.0,primary_s5_h128_20k
20.7868837910816,18.913405433034338,20,19.757893610671594,27.14368890126546,adaptive,masked_psnr,384,1,oral,150.0,primary_s5_h128_20k
12.987754154828544,11.149546245321261,20,12.048898299603556,27.14368890126546,adaptive,masked_psnr,384,1,torso_outside_head_roi,150.0,primary_s5_h128_20k
18.8610537001607,14.337651966822406,20,16.287206325111853,26.646078968048094,adaptive,masked_psnr,384,4,background,150.0,primary_s5_h128_20k
21.250406326873055,20.208846490674524,20,20.711915062825284,26.646078968048094,adaptive,masked_psnr,384,4,eyes,150.0,primary_s5_h128_20k
18.149270355808078,17.077421509083877,20,17.630039071807587,26.646078968048094,adaptive,masked_psnr,384,4,flame_supported,150.0,primary_s5_h128_20k
11.383434989336974,9.783621773276328,20,10.590996001756547,26.646078968048094,adaptive,masked_psnr,384,4,flame_unsupported,150.0,primary_s5_h128_20k
14.721972358001162,13.46511708567143,20,14.095004304907736,26.646078968048094,adaptive,masked_psnr,384,4,foreground,150.0,primary_s5_h128_20k
14.83585976198069,13.711416890044251,20,14.275419236903847,26.646078968048094,adaptive,masked_psnr,384,4,full_frame,150.0,primary_s5_h128_20k
16.41133739677545,15.349527286770725,20,15.887079721389643,26.646078968048094,adaptive,masked_psnr,384,4,head_foreground,150.0,primary_s5_h128_20k
18.534187175825537,17.418891869772633,20,17.977033796915514,26.646078968048094,adaptive,masked_psnr,384,4,head_supported,150.0,primary_s5_h128_20k
11.000305708642783,9.303489077105077,20,10.14307361594639,26.646078968048094,adaptive,masked_psnr,384,4,head_unsupported,150.0,primary_s5_h128_20k
21.050326702283215,18.976031606145522,20,19.87508747527766,26.646078968048094,adaptive,masked_psnr,384,4,oral,150.0,primary_s5_h128_20k
12.804623654751088,11.078593020466883,20,11.938437999628226,26.646078968048094,adaptive,masked_psnr,384,4,torso_outside_head_roi,150.0,primary_s5_h128_20k
18.659176079177715,14.286989066409227,20,16.14798413547376,26.244172191619874,adaptive,masked_psnr,384,8,background,150.0,primary_s5_h128_20k
21.224117591123555,20.140558691340804,20,20.66590488269234,26.244172191619874,adaptive,masked_psnr,384,8,eyes,150.0,primary_s5_h128_20k
18.196145410980048,17.059750355348157,20,17.647605595536636,26.244172191619874,adaptive,masked_psnr,384,8,flame_supported,150.0,primary_s5_h128_20k
11.503755853592745,9.89767671091473,20,10.711689579725597,26.244172191619874,adaptive,masked_psnr,384,8,flame_unsupported,150.0,primary_s5_h128_20k
14.815840699959278,13.506174711715172,20,14.153629093022829,26.244172191619874,adaptive,masked_psnr,384,8,foreground,150.0,primary_s5_h128_20k
14.92303551385342,13.726171558912432,20,14.31269237740268,26.244172191619874,adaptive,masked_psnr,384,8,full_frame,150.0,primary_s5_h128_20k
16.435535231036983,15.406147589418527,20,15.928131834395378,26.244172191619874,adaptive,masked_psnr,384,8,head_foreground,150.0,primary_s5_h128_20k
18.586063555999154,17.433385531795018,20,18.01641224631597,26.244172191619874,adaptive,masked_psnr,384,8,head_supported,150.0,primary_s5_h128_20k
11.039971956126276,9.4086458646839,20,10.197482258900866,26.244172191619874,adaptive,masked_psnr,384,8,head_unsupported,150.0,primary_s5_h128_20k
20.037092403092924,18.908754446531255,20,19.473577791697288,26.244172191619874,adaptive,masked_psnr,384,8,oral,150.0,primary_s5_h128_20k
12.966905763069185,11.123722896197991,20,12.03178047193545,26.244172191619874,adaptive,masked_psnr,384,8,torso_outside_head_roi,150.0,primary_s5_h128_20k
21.746562271638467,14.915439050758502,20,17.7660942603611,25.45573271115621,released,masked_psnr,8,1,background,150.0,primary_s5_h128_20k
20.83145175099769,19.2746837431871,20,20.075752617724348,25.45573271115621,released,masked_psnr,8,1,eyes,150.0,primary_s5_h128_20k
16.08410512362633,14.654845205450066,20,15.365705962207993,25.45573271115621,released,masked_psnr,8,1,flame_supported,150.0,primary_s5_h128_20k
8.100037320970527,6.056651288022011,20,7.0654800880082105,25.45573271115621,released,masked_psnr,8,1,flame_unsupported,150.0,primary_s5_h128_20k
11.912440278230143,10.05758563387841,20,10.95633768618386,25.45573271115621,released,masked_psnr,8,1,foreground,150.0,primary_s5_h128_20k
12.79723638854259,11.515947903921411,20,12.13947996601507,25.45573271115621,released,masked_psnr,8,1,full_frame,150.0,primary_s5_h128_20k
14.323045581834734,12.617787529742332,20,13.46573026955843,25.45573271115621,released,masked_psnr,8,1,head_foreground,150.0,primary_s5_h128_20k
16.772252084396577,15.37363551089454,20,16.07536729600312,25.45573271115621,released,masked_psnr,8,1,head_supported,150.0,primary_s5_h128_20k
8.188161024626476,6.261058952962493,20,7.223920685795756,25.45573271115621,released,masked_psnr,8,1,head_unsupported,150.0,primary_s5_h128_20k
20.877898158973245,18.960492019910838,20,19.80899671891293,25.45573271115621,released,masked_psnr,8,1,oral,150.0,primary_s5_h128_20k
8.823265648026027,6.837304000320803,20,7.8128914236578595,25.45573271115621,released,masked_psnr,8,1,torso_outside_head_roi,150.0,primary_s5_h128_20k
21.97167814112582,14.95652083478154,20,17.986196272387694,25.569035228093465,released,masked_psnr,8,4,background,150.0,primary_s5_h128_20k
20.604653980289008,19.04244311874489,20,19.84567475770314,25.569035228093465,released,masked_psnr,8,4,eyes,150.0,primary_s5_h128_20k
16.39104621184495,15.110695202256549,20,15.746000565627531,25.569035228093465,released,masked_psnr,8,4,flame_supported,150.0,primary_s5_h128_20k
8.284367250000583,6.3072089489696666,20,7.276756386375079,25.569035228093465,released,masked_psnr,8,4,flame_unsupported,150.0,primary_s5_h128_20k
12.12962339308599,10.360911393679952,20,11.228847969973627,25.569035228093465,released,masked_psnr,8,4,foreground,150.0,primary_s5_h128_20k
12.983275129888783,11.693721035077749,20,12.33017837320477,25.569035228093465,released,masked_psnr,8,4,full_frame,150.0,primary_s5_h128_20k
14.524989991725128,12.823145857537462,20,13.667907091402114,25.569035228093465,released,masked_psnr,8,4,head_foreground,150.0,primary_s5_h128_20k
17.1468628627166,15.760395963902576,20,16.463704097831226,25.569035228093465,released,masked_psnr,8,4,head_supported,150.0,primary_s5_h128_20k
8.121007684100006,6.206332123704176,20,7.165334594769367,25.569035228093465,released,masked_psnr,8,4,head_unsupported,150.0,primary_s5_h128_20k
20.95143292824891,18.785265021831083,20,19.715609904474974,25.569035228093465,released,masked_psnr,8,4,oral,150.0,primary_s5_h128_20k
9.060509886297773,7.238492270816601,20,8.149704050140029,25.569035228093465,released,masked_psnr,8,4,torso_outside_head_roi,150.0,primary_s5_h128_20k
21.552736276883493,14.973771655185212,20,17.90281546417369,25.207965278625487,released,masked_psnr,8,8,background,150.0,primary_s5_h128_20k
20.46182278056354,19.111850820138617,20,19.803170061729098,25.207965278625487,released,masked_psnr,8,8,eyes,150.0,primary_s5_h128_20k
16.526297618845135,15.211876734506127,20,15.866847375766133,25.207965278625487,released,masked_psnr,8,8,flame_supported,150.0,primary_s5_h128_20k
8.441018264384725,6.384369453294747,20,7.399986975208337,25.207965278625487,released,masked_psnr,8,8,flame_unsupported,150.0,primary_s5_h128_20k
12.255573519625578,10.40844091571581,20,11.306866133495856,25.207965278625487,released,masked_psnr,8,8,foreground,150.0,primary_s5_h128_20k
13.150347191485524,11.727927650544522,20,12.422569392558282,25.207965278625487,released,masked_psnr,8,8,full_frame,150.0,primary_s5_h128_20k
14.617525402513738,12.867000602208227,20,13.738373522846809,25.207965278625487,released,masked_psnr,8,8,head_foreground,150.0,primary_s5_h128_20k
17.22673418624429,15.861070107638026,20,16.54488556448865,25.207965278625487,released,masked_psnr,8,8,head_supported,150.0,primary_s5_h128_20k
8.167551571152059,6.204598463768222,20,7.188142384822022,25.207965278625487,released,masked_psnr,8,8,head_unsupported,150.0,primary_s5_h128_20k
20.022754661201986,18.890849262145988,20,19.446284783194805,25.207965278625487,released,masked_psnr,8,8,oral,150.0,primary_s5_h128_20k
9.325316302398356,7.43122950097343,20,8.367710809971072,25.207965278625487,released,masked_psnr,8,8,torso_outside_head_roi,150.0,primary_s5_h128_20k
18.57673979804207,13.67075232118784,20,15.749701362601243,34.42893028259278,released,masked_psnr,32,1,background,150.0,primary_s5_h128_20k
20.91793946876385,19.681038759071456,20,20.2979649876513,34.42893028259278,released,masked_psnr,32,1,eyes,150.0,primary_s5_h128_20k
17.152292312465118,15.964931808949347,20,16.557041924023544,34.42893028259278,released,masked_psnr,32,1,flame_supported,150.0,primary_s5_h128_20k
10.809536974649744,9.53023794576245,20,10.17923755072022,34.42893028259278,released,masked_psnr,32,1,flame_unsupported,150.0,primary_s5_h128_20k
14.101547427159359,12.885928583254419,20,13.506678000878495,34.42893028259278,released,masked_psnr,32,1,foreground,150.0,primary_s5_h128_20k
14.279502494284007,12.988803308058369,20,13.627147041991128,34.42893028259278,released,masked_psnr,32,1,full_frame,150.0,primary_s5_h128_20k
15.833121438949425,14.84425221841456,20,15.318081758889814,34.42893028259278,released,masked_psnr,32,1,head_foreground,150.0,primary_s5_h128_20k
17.559367221765314,16.396284404760998,20,16.97408754895761,34.42893028259278,released,masked_psnr,32,1,head_supported,150.0,primary_s5_h128_20k
11.0294221547797,9.25283891539349,20,10.133485610125327,34.42893028259278,released,masked_psnr,32,1,head_unsupported,150.0,primary_s5_h128_20k
20.959627702909053,19.155308443338996,20,19.95620498970757,34.42893028259278,released,masked_psnr,32,1,oral,150.0,primary_s5_h128_20k
11.90297711415951,10.4446051125511,20,11.196516355518243,34.42893028259278,released,masked_psnr,32,1,torso_outside_head_roi,150.0,primary_s5_h128_20k
19.103248999076207,13.72356932694407,20,15.976938590517658,33.19757089614869,released,masked_psnr,32,4,background,150.0,primary_s5_h128_20k
20.761642629426014,19.56815943495978,20,20.18717507090239,33.19757089614869,released,masked_psnr,32,4,eyes,150.0,primary_s5_h128_20k
17.630983293179117,16.469169803173386,20,17.047188985712324,33.19757089614869,released,masked_psnr,32,4,flame_supported,150.0,primary_s5_h128_20k
10.959354400804505,9.58667103001289,20,10.283254460026617,33.19757089614869,released,masked_psnr,32,4,flame_unsupported,150.0,primary_s5_h128_20k
14.317037389015871,13.10167661915672,20,13.722400880930644,33.19757089614869,released,masked_psnr,32,4,foreground,150.0,primary_s5_h128_20k
14.44302571744975,13.118791102420474,20,13.796131969334729,33.19757089614869,released,masked_psnr,32,4,full_frame,150.0,primary_s5_h128_20k
16.14375091694294,15.141763031595628,20,15.635993528915927,33.19757089614869,released,masked_psnr,32,4,head_foreground,150.0,primary_s5_h128_20k
17.96669832775168,16.88092437073446,20,17.433051355020876,33.19757089614869,released,masked_psnr,32,4,head_supported,150.0,primary_s5_h128_20k
11.019056419223453,9.30457355320743,20,10.161696912618044,33.19757089614869,released,masked_psnr,32,4,head_unsupported,150.0,primary_s5_h128_20k
21.098190469317185,19.003185442445552,20,19.918616666157526,33.19757089614869,released,masked_psnr,32,4,oral,150.0,primary_s5_h128_20k
11.984558370328275,10.54863857223255,20,11.296752103879907,33.19757089614869,released,masked_psnr,32,4,torso_outside_head_roi,150.0,primary_s5_h128_20k
18.71678337175882,13.705699277566774,20,15.855870758621483,33.195003255208334,released,masked_psnr,32,8,background,150.0,primary_s5_h128_20k
20.6851983241826,19.52648678653688,20,20.126678674686197,33.195003255208334,released,masked_psnr,32,8,eyes,150.0,primary_s5_h128_20k
17.68425379386994,16.50897093060963,20,17.102935902555995,33.195003255208334,released,masked_psnr,32,8,flame_supported,150.0,primary_s5_h128_20k
11.023692048720054,9.634207971941196,20,10.334226101293021,33.195003255208334,released,masked_psnr,32,8,flame_unsupported,150.0,primary_s5_h128_20k
14.362589324837515,13.134815519780688,20,13.76544711701564,33.195003255208334,released,masked_psnr,32,8,foreground,150.0,primary_s5_h128_20k
14.527862138473246,13.118777604556744,20,13.838227029895766,33.195003255208334,released,masked_psnr,32,8,full_frame,150.0,primary_s5_h128_20k
16.180698505539617,15.16739820724655,20,15.676037020352439,33.195003255208334,released,masked_psnr,32,8,head_foreground,150.0,primary_s5_h128_20k
18.057782011975583,16.975360514322922,20,17.52015866790847,33.195003255208334,released,masked_psnr,32,8,head_supported,150.0,primary_s5_h128_20k
10.942285947767273,9.198342827647158,20,10.07198911785244,33.195003255208334,released,masked_psnr,32,8,head_unsupported,150.0,primary_s5_h128_20k
20.117308082393723,19.018975785823354,20,19.546705888512946,33.195003255208334,released,masked_psnr,32,8,oral,150.0,primary_s5_h128_20k
12.099264800121004,10.578563213062449,20,11.364616027684374,33.195003255208334,released,masked_psnr,32,8,torso_outside_head_roi,150.0,primary_s5_h128_20k
18.85011030754513,14.84853577160702,20,16.721678578418434,31.69501647949219,released,masked_psnr,128,1,background,150.0,primary_s5_h128_20k
21.247712126506627,20.149646244753136,20,20.6881701589148,31.69501647949219,released,masked_psnr,128,1,eyes,150.0,primary_s5_h128_20k
17.861870294887513,16.732894336971537,20,17.299413423246552,31.69501647949219,released,masked_psnr,128,1,flame_supported,150.0,primary_s5_h128_20k
11.614689747950836,9.769440252660774,20,10.731909047899924,31.69501647949219,released,masked_psnr,128,1,flame_unsupported,150.0,primary_s5_h128_20k
14.738803708675162,13.367715048538674,20,14.078541584674207,31.69501647949219,released,masked_psnr,128,1,foreground,150.0,primary_s5_h128_20k
15.115616844626418,13.82561926565423,20,14.463257256811588,31.69501647949219,released,masked_psnr,128,1,full_frame,150.0,primary_s5_h128_20k
16.39198790232257,15.184499048105607,20,15.810707254155844,31.69501647949219,released,masked_psnr,128,1,head_foreground,150.0,primary_s5_h128_20k
18.256366036996415,17.04949972389691,20,17.65868132549499,31.69501647949219,released,masked_psnr,128,1,head_supported,150.0,primary_s5_h128_20k
11.266562478037141,9.568096082381308,20,10.430882349340383,31.69501647949219,released,masked_psnr,128,1,head_unsupported,150.0,primary_s5_h128_20k
21.042893984618967,19.283785882062404,20,20.083719068909538,31.69501647949219,released,masked_psnr,128,1,oral,150.0,primary_s5_h128_20k
12.8916237139078,10.995771247504198,20,11.958489530090148,31.69501647949219,released,masked_psnr,128,1,torso_outside_head_roi,150.0,primary_s5_h128_20k
18.95398341615123,14.313905538539947,20,16.34448849079663,29.89190004666646,released,masked_psnr,128,4,background,150.0,primary_s5_h128_20k
21.220930890318378,20.127739900729274,20,20.653274982016036,29.89190004666646,released,masked_psnr,128,4,eyes,150.0,primary_s5_h128_20k
18.25742110935328,17.23203961903669,20,17.737045863660097,29.89190004666646,released,masked_psnr,128,4,flame_supported,150.0,primary_s5_h128_20k
11.592482789272692,9.837764893175589,20,10.731089715317124,29.89190004666646,released,masked_psnr,128,4,flame_unsupported,150.0,primary_s5_h128_20k
14.896378526977335,13.557457946853946,20,14.234017151989727,29.89190004666646,released,masked_psnr,128,4,foreground,150.0,primary_s5_h128_20k
15.03004940226085,13.71320662108828,20,14.371252316637495,29.89190004666646,released,masked_psnr,128,4,full_frame,150.0,primary_s5_h128_20k
16.670780117565673,15.459426705846095,20,16.075160215631737,29.89190004666646,released,masked_psnr,128,4,head_foreground,150.0,primary_s5_h128_20k
18.57719076141499,17.563472948320996,20,18.068320859260453,29.89190004666646,released,masked_psnr,128,4,head_supported,150.0,primary_s5_h128_20k
11.228274058024674,9.59893125512686,20,10.423220743174276,29.89190004666646,released,masked_psnr,128,4,head_unsupported,150.0,primary_s5_h128_20k
21.288273828075297,19.3158041503193,20,20.188015699499473,29.89190004666646,released,masked_psnr,128,4,oral,150.0,primary_s5_h128_20k
12.873799641360801,11.089378023705734,20,11.98187222615705,29.89190004666646,released,masked_psnr,128,4,torso_outside_head_roi,150.0,primary_s5_h128_20k
18.525359129776803,14.121422805825198,20,16.08374733648811,29.787905645370483,released,masked_psnr,128,8,background,150.0,primary_s5_h128_20k
21.12223272267501,20.060849262607054,20,20.56828382742669,29.787905645370483,released,masked_psnr,128,8,eyes,150.0,primary_s5_h128_20k
18.31970539636108,17.250256450694177,20,17.786232316834944,29.787905645370483,released,masked_psnr,128,8,flame_supported,150.0,primary_s5_h128_20k
11.745416942590492,10.05282257796012,20,10.90458407374425,29.787905645370483,released,masked_psnr,128,8,flame_unsupported,150.0,primary_s5_h128_20k
15.017353957631244,13.659899329022387,20,14.336593092081241,29.787905645370483,released,masked_psnr,128,8,foreground,150.0,primary_s5_h128_20k
15.129632712620923,13.698749502076355,20,14.38875873232873,29.787905645370483,released,masked_psnr,128,8,full_frame,150.0,primary_s5_h128_20k
16.746857437951302,15.572687627445795,20,16.171664988657582,29.787905645370483,released,masked_psnr,128,8,head_foreground,150.0,primary_s5_h128_20k
18.660778647196942,17.605017176665296,20,18.13312667739904,29.787905645370483,released,masked_psnr,128,8,head_supported,150.0,primary_s5_h128_20k
11.312479100509224,9.818896246919728,20,10.576119196201159,29.787905645370483,released,masked_psnr,128,8,head_unsupported,150.0,primary_s5_h128_20k
20.34542402542555,19.25668389800858,20,19.776418898009506,29.787905645370483,released,masked_psnr,128,8,oral,150.0,primary_s5_h128_20k
13.055034098655756,11.190658760621792,20,12.122715090915019,29.787905645370483,released,masked_psnr,128,8,torso_outside_head_roi,150.0,primary_s5_h128_20k
17.974997164520488,15.007940278284977,20,16.436598882779627,33.51536142031351,released,masked_psnr,384,1,background,150.0,primary_s5_h128_20k
21.20409112864194,20.292877658857023,20,20.722721789490482,33.51536142031351,released,masked_psnr,384,1,eyes,150.0,primary_s5_h128_20k
18.03171941347992,16.953354204045183,20,17.48329301495029,33.51536142031351,released,masked_psnr,384,1,flame_supported,150.0,primary_s5_h128_20k
12.19154013530051,10.339870451600296,20,11.274059717635403,33.51536142031351,released,masked_psnr,384,1,flame_unsupported,150.0,primary_s5_h128_20k
15.176438048798573,13.798783657536578,20,14.4681305514106,33.51536142031351,released,masked_psnr,384,1,foreground,150.0,primary_s5_h128_20k
15.346650639329843,14.1818374699163,20,14.761672138165915,33.51536142031351,released,masked_psnr,384,1,full_frame,150.0,primary_s5_h128_20k
16.54200195410227,15.444181916607619,20,16.010323233165234,33.51536142031351,released,masked_psnr,384,1,head_foreground,150.0,primary_s5_h128_20k
18.343930429350447,17.26911990361655,20,17.806782431705805,33.51536142031351,released,masked_psnr,384,1,head_supported,150.0,primary_s5_h128_20k
11.461112118465946,9.92184018251373,20,10.676458119418335,33.51536142031351,released,masked_psnr,384,1,head_unsupported,150.0,primary_s5_h128_20k
20.813979890445477,19.125874926100682,20,19.899074346381067,33.51536142031351,released,masked_psnr,384,1,oral,150.0,primary_s5_h128_20k
13.634166101753719,11.54387434016266,20,12.593828805802993,33.51536142031351,released,masked_psnr,384,1,torso_outside_head_roi,150.0,primary_s5_h128_20k
17.641165902996104,14.63021385194702,20,16.021335596477343,32.340271647771196,released,masked_psnr,384,4,background,150.0,primary_s5_h128_20k
21.1170844429679,20.12272133082497,20,20.586084808158272,32.340271647771196,released,masked_psnr,384,4,eyes,150.0,primary_s5_h128_20k
18.42837368075256,17.383204780973003,20,17.926364299703113,32.340271647771196,released,masked_psnr,384,4,flame_supported,150.0,primary_s5_h128_20k
12.016735234797288,10.400242289076063,20,11.214763744348295,32.340271647771196,released,masked_psnr,384,4,flame_unsupported,150.0,primary_s5_h128_20k
15.232456469817247,13.981242129365086,20,14.605450692595573,32.340271647771196,released,masked_psnr,384,4,foreground,150.0,primary_s5_h128_20k
15.292729525352089,14.181673635606993,20,14.73409856049704,32.340271647771196,released,masked_psnr,384,4,full_frame,150.0,primary_s5_h128_20k
16.884179814885332,15.84302242773296,20,16.372722118414774,32.340271647771196,released,masked_psnr,384,4,head_foreground,150.0,primary_s5_h128_20k
18.790270651340155,17.740783280347912,20,18.273095641880325,32.340271647771196,released,masked_psnr,384,4,head_supported,150.0,primary_s5_h128_20k
11.548578413518802,10.083823048058452,20,10.807825885306054,32.340271647771196,released,masked_psnr,384,4,head_unsupported,150.0,primary_s5_h128_20k
21.07998204646593,19.15093700767981,20,20.01440598846963,32.340271647771196,released,masked_psnr,384,4,oral,150.0,primary_s5_h128_20k
13.359897670802496,11.543559367082409,20,12.439847710739306,32.340271647771196,released,masked_psnr,384,4,torso_outside_head_roi,150.0,primary_s5_h128_20k
17.25354936561318,14.339875442015568,20,15.711528476015635,32.077480665842685,released,masked_psnr,384,8,background,150.0,primary_s5_h128_20k
20.93862480698721,19.97325399672235,20,20.42632506863325,32.077480665842685,released,masked_psnr,384,8,eyes,150.0,primary_s5_h128_20k
18.445958970848306,17.353189015704494,20,17.917295950015394,32.077480665842685,released,masked_psnr,384,8,flame_supported,150.0,primary_s5_h128_20k
12.184119121670493,10.615952303341228,20,11.388023560088344,32.077480665842685,released,masked_psnr,384,8,flame_unsupported,150.0,primary_s5_h128_20k
15.33127261596361,14.035605149531285,20,14.681743051020556,32.077480665842685,released,masked_psnr,384,8,foreground,150.0,primary_s5_h128_20k
15.295840912390345,14.086209879457018,20,14.685278456408767,32.077480665842685,released,masked_psnr,384,8,full_frame,150.0,primary_s5_h128_20k
16.879124658112946,15.89546601205741,20,16.391289914009075,32.077480665842685,released,masked_psnr,384,8,head_foreground,150.0,primary_s5_h128_20k
18.80458879983152,17.73486824646256,20,18.273242251871842,32.077480665842685,released,masked_psnr,384,8,head_supported,150.0,primary_s5_h128_20k
11.605687325815758,10.232200649681028,20,10.902991693953377,32.077480665842685,released,masked_psnr,384,8,head_unsupported,150.0,primary_s5_h128_20k
20.16034942371708,19.023166386459692,20,19.576848484321278,32.077480665842685,released,masked_psnr,384,8,oral,150.0,primary_s5_h128_20k
13.557007185709777,11.609913004080179,20,12.582025460456705,32.077480665842685,released,masked_psnr,384,8,torso_outside_head_roi,150.0,primary_s5_h128_20k
0.05034249219232237,0.031228919003853554,20,0.040675581709465294,0.0,hard,masked_mae,8,1,background,0.0,primary_s5_h128_20k
0.08058843778280404,0.07071051019288925,20,0.07548465801982993,0.0,hard,masked_mae,8,1,eyes,0.0,primary_s5_h128_20k
0.09870441783856085,0.09011520980499724,20,0.09445254203903439,0.0,hard,masked_mae,8,1,flame_supported,0.0,primary_s5_h128_20k
0.656175850172451,0.5208397095352025,20,0.5899572942538172,0.0,hard,masked_mae,8,1,flame_unsupported,0.0,primary_s5_h128_20k
0.2680359215330825,0.2149671450840084,20,0.24159215324899536,0.0,hard,masked_mae,8,1,foreground,0.0,primary_s5_h128_20k
0.16958876370050516,0.13316088299096315,20,0.1513738207443796,0.0,hard,masked_mae,8,1,full_frame,0.0,primary_s5_h128_20k
0.14328303887126193,0.11570647817598512,20,0.12928606687507205,0.0,hard,masked_mae,8,1,head_foreground,0.0,primary_s5_h128_20k
0.086849402855568,0.0796195549803015,20,0.08322445167628326,0.0,hard,masked_mae,8,1,head_supported,0.0,primary_s5_h128_20k
0.5395509023706159,0.4238528644387759,20,0.48203336913135625,0.0,hard,masked_mae,8,1,head_unsupported,0.0,primary_s5_h128_20k
0.07918176359308317,0.07157149067733048,20,0.0754776878123522,0.0,hard,masked_mae,8,1,oral,0.0,primary_s5_h128_20k
0.5728644062385191,0.4508222539649138,20,0.5137958726757792,0.0,hard,masked_mae,8,1,torso_outside_head_roi,0.0,primary_s5_h128_20k
0.051649372276496186,0.0317228226820567,20,0.04138830383315776,0.0,hard,masked_mae,8,4,background,0.0,primary_s5_h128_20k
0.08072098693038235,0.07200591472156416,20,0.07634239095223502,0.0,hard,masked_mae,8,4,eyes,0.0,primary_s5_h128_20k
0.09081282313217463,0.08202021737388476,20,0.08631156549501387,0.0,hard,masked_mae,8,4,flame_supported,0.0,primary_s5_h128_20k
0.6557586493851036,0.5178058548489116,20,0.5894129544881359,0.0,hard,masked_mae,8,4,flame_unsupported,0.0,primary_s5_h128_20k
0.26022340397434657,0.2081481758089614,20,0.23503317205468321,0.0,hard,masked_mae,8,4,foreground,0.0,primary_s5_h128_20k
0.16709212256939285,0.13158910905321441,20,0.14923386196678554,0.0,hard,masked_mae,8,4,full_frame,0.0,primary_s5_h128_20k
0.13488228308588748,0.10819600736240746,20,0.1212147119995997,0.0,hard,masked_mae,8,4,head_foreground,0.0,primary_s5_h128_20k
0.07766683790342899,0.07062111747514631,20,0.07408844923743282,0.0,hard,masked_mae,8,4,head_supported,0.0,primary_s5_h128_20k
0.5410788567517499,0.4242391438871936,20,0.48288033567247857,0.0,hard,masked_mae,8,4,head_unsupported,0.0,primary_s5_h128_20k
0.07842687535821657,0.07065005875836333,20,0.07459087983651283,0.0,hard,masked_mae,8,4,oral,0.0,primary_s5_h128_20k
0.5690355038121185,0.451256054093103,20,0.5115817088106953,0.0,hard,masked_mae,8,4,torso_outside_head_roi,0.0,primary_s5_h128_20k
0.05148522632670465,0.03107370413946862,20,0.04095996951392701,0.0,hard,masked_mae,8,8,background,0.0,primary_s5_h128_20k
0.08308625846767592,0.07362434975309494,20,0.0783225778044071,0.0,hard,masked_mae,8,8,eyes,0.0,primary_s5_h128_20k
0.08855798501511337,0.07960605578135145,20,0.08400043785578229,0.0,hard,masked_mae,8,8,flame_supported,0.0,primary_s5_h128_20k
0.6552492752455632,0.5172021447884652,20,0.5888197636521534,0.0,hard,masked_mae,8,8,flame_unsupported,0.0,primary_s5_h128_20k
0.2615772710194191,0.2081780042861871,20,0.23570175337763882,0.0,hard,masked_mae,8,8,foreground,0.0,primary_s5_h128_20k
0.1666424914742961,0.1291625567741724,20,0.1484574811971205,0.0,hard,masked_mae,8,8,full_frame,0.0,primary_s5_h128_20k
0.1313248500072951,0.10540476753060968,20,0.1183237809047671,0.0,hard,masked_mae,8,8,head_foreground,0.0,primary_s5_h128_20k
0.07515403964055184,0.0682413375326177,20,0.07162623925764086,0.0,hard,masked_mae,8,8,head_supported,0.0,primary_s5_h128_20k
0.5348073207173624,0.42051165312812616,20,0.478472083008314,0.0,hard,masked_mae,8,8,head_unsupported,0.0,primary_s5_h128_20k
0.0780148534914555,0.07057950018062935,20,0.07438469378646183,0.0,hard,masked_mae,8,8,oral,0.0,primary_s5_h128_20k
0.5673553691369565,0.44756696197261897,20,0.5099649712627519,0.0,hard,masked_mae,8,8,torso_outside_head_roi,0.0,primary_s5_h128_20k
0.050511958919590226,0.03144641513972554,20,0.040834684364725975,0.0,hard,masked_mae,32,1,background,0.0,primary_s5_h128_20k
0.07691936661458103,0.06843479020520374,20,0.07260689624078065,0.0,hard,masked_mae,32,1,eyes,0.0,primary_s5_h128_20k
0.09863125294615648,0.08848692423141667,20,0.09346244348659813,0.0,hard,masked_mae,32,1,flame_supported,0.0,primary_s5_h128_20k
0.6519562417849364,0.5183508226474302,20,0.5880286936275292,0.0,hard,masked_mae,32,1,flame_unsupported,0.0,primary_s5_h128_20k
0.267513991215887,0.21216504397252864,20,0.2402841638091247,0.0,hard,masked_mae,32,1,foreground,0.0,primary_s5_h128_20k
0.16922209487160908,0.13236794637072655,20,0.1507411434020831,0.0,hard,masked_mae,32,1,full_frame,0.0,primary_s5_h128_20k
0.14163941057519916,0.1144829523652491,20,0.1281767365603506,0.0,hard,masked_mae,32,1,head_foreground,0.0,primary_s5_h128_20k
0.08692773655265493,0.07859060389447682,20,0.08273296482320458,0.0,hard,masked_mae,32,1,head_supported,0.0,primary_s5_h128_20k
0.5327593324604226,0.42125007074910015,20,0.47720632461527746,0.0,hard,masked_mae,32,1,head_unsupported,0.0,primary_s5_h128_20k
0.07946214444057517,0.0712732987621641,20,0.07540089196951061,0.0,hard,masked_mae,32,1,oral,0.0,primary_s5_h128_20k
0.5691343412412767,0.448176288919728,20,0.5117866510599842,0.0,hard,masked_mae,32,1,torso_outside_head_roi,0.0,primary_s5_h128_20k
0.05140946985504811,0.03177248024646322,20,0.04141599536525152,0.0,hard,masked_mae,32,4,background,0.0,primary_s5_h128_20k
0.07755865705448453,0.06916082772540391,20,0.07330117517919849,0.0,hard,masked_mae,32,4,eyes,0.0,primary_s5_h128_20k
0.0894666452963447,0.07945631685159693,20,0.08428218662435756,0.0,hard,masked_mae,32,4,flame_supported,0.0,primary_s5_h128_20k
0.6549620810732055,0.5179979029375116,20,0.5878455749349003,0.0,hard,masked_mae,32,4,flame_unsupported,0.0,primary_s5_h128_20k
0.25888636687799294,0.20637855897115215,20,0.23310000403590947,0.0,hard,masked_mae,32,4,foreground,0.0,primary_s5_h128_20k
0.16666033841443784,0.12993783022664465,20,0.1481993685686008,0.0,hard,masked_mae,32,4,full_frame,0.0,primary_s5_h128_20k
0.13264641246338132,0.10626550738710852,20,0.1192807277593988,0.0,hard,masked_mae,32,4,head_foreground,0.0,primary_s5_h128_20k
0.0766136621942848,0.06869719768994402,20,0.07256478390304558,0.0,hard,masked_mae,32,4,head_supported,0.0,primary_s5_h128_20k
0.5361834691116532,0.42165893889962364,20,0.4785905382963788,0.0,hard,masked_mae,32,4,head_unsupported,0.0,primary_s5_h128_20k
0.0770188769030725,0.06924924789630407,20,0.07323228600850742,0.0,hard,masked_mae,32,4,oral,0.0,primary_s5_h128_20k
0.5676124680878212,0.4470087159367685,20,0.5093634312061044,0.0,hard,masked_mae,32,4,torso_outside_head_roi,0.0,primary_s5_h128_20k
0.05212948662681074,0.03155529157938211,20,0.04126597400646761,0.0,hard,masked_mae,32,8,background,0.0,primary_s5_h128_20k
0.079650466611849,0.07097404623684753,20,0.07530721244465258,0.0,hard,masked_mae,32,8,eyes,0.0,primary_s5_h128_20k
0.08770439355577855,0.07793389994238159,20,0.08277859622982885,0.0,hard,masked_mae,32,8,flame_supported,0.0,primary_s5_h128_20k
0.6542353979390484,0.5182865235940032,20,0.5875812057194599,0.0,hard,masked_mae,32,8,flame_unsupported,0.0,primary_s5_h128_20k
0.26122477342875594,0.2068845015251487,20,0.23443923796824154,0.0,hard,masked_mae,32,8,foreground,0.0,primary_s5_h128_20k
0.1661946737146997,0.12928014824916786,20,0.14791793929894076,0.0,hard,masked_mae,32,8,full_frame,0.0,primary_s5_h128_20k
0.13014291454321142,0.10436945491829351,20,0.11715101389018445,0.0,hard,masked_mae,32,8,head_foreground,0.0,primary_s5_h128_20k
0.07469617939704788,0.0671126239662673,20,0.07086494567820122,0.0,hard,masked_mae,32,8,head_supported,0.0,primary_s5_h128_20k
0.5315299387754672,0.4171060833909749,20,0.47494455929587687,0.0,hard,masked_mae,32,8,head_unsupported,0.0,primary_s5_h128_20k
0.0767725677886078,0.06967691869387185,20,0.07330296290702229,0.0,hard,masked_mae,32,8,oral,0.0,primary_s5_h128_20k
0.5660661092986077,0.4441525793161018,20,0.5083346612103251,0.0,hard,masked_mae,32,8,torso_outside_head_roi,0.0,primary_s5_h128_20k
0.04982115004094309,0.030362733108624255,20,0.03978383280791498,0.0,hard,masked_mae,128,1,background,0.0,primary_s5_h128_20k
0.07778423065229484,0.06832345559124005,20,0.07305487601879221,0.0,hard,masked_mae,128,1,eyes,0.0,primary_s5_h128_20k
0.09623274125989129,0.08663101474063534,20,0.09150428551764479,0.0,hard,masked_mae,128,1,flame_supported,0.0,primary_s5_h128_20k
0.6542913208728008,0.5191180759683056,20,0.5889623568190212,0.0,hard,masked_mae,128,1,flame_unsupported,0.0,primary_s5_h128_20k
0.2656940837629978,0.21123165415466583,20,0.23921369828309413,0.0,hard,masked_mae,128,1,foreground,0.0,primary_s5_h128_20k
0.1690662995790377,0.1315023277663393,20,0.1496168046673655,0.0,hard,masked_mae,128,1,full_frame,0.0,primary_s5_h128_20k
0.1413426770232081,0.11325866465938313,20,0.127096047593275,0.0,hard,masked_mae,128,1,head_foreground,0.0,primary_s5_h128_20k
0.0852030517667637,0.07733929574530714,20,0.08128304014208101,0.0,hard,masked_mae,128,1,head_supported,0.0,primary_s5_h128_20k
0.5334135599259489,0.4216026774356195,20,0.47867706466310855,0.0,hard,masked_mae,128,1,head_unsupported,0.0,primary_s5_h128_20k
0.07935953957899922,0.07167078432475499,20,0.07564313129537222,0.0,hard,masked_mae,128,1,oral,0.0,primary_s5_h128_20k
0.5689289999937228,0.4461238533359445,20,0.5099570455743503,0.0,hard,masked_mae,128,1,torso_outside_head_roi,0.0,primary_s5_h128_20k
0.050900055682067284,0.031320762546887745,20,0.04089130546322477,0.0,hard,masked_mae,128,4,background,0.0,primary_s5_h128_20k
0.07899624887173247,0.06985791773177512,20,0.07443170783556163,0.0,hard,masked_mae,128,4,eyes,0.0,primary_s5_h128_20k
0.08799066114361007,0.07811612440144335,20,0.08294750346881338,0.0,hard,masked_mae,128,4,flame_supported,0.0,primary_s5_h128_20k
0.6533838462413594,0.5174018465949691,20,0.5878959747429546,0.0,hard,masked_mae,128,4,flame_unsupported,0.0,primary_s5_h128_20k
0.25747203992850476,0.2045540071199659,20,0.23214932646410133,0.0,hard,masked_mae,128,4,foreground,0.0,primary_s5_h128_20k
0.16559563641828937,0.1291191126480083,20,0.14740300548525442,0.0,hard,masked_mae,128,4,full_frame,0.0,primary_s5_h128_20k
0.1318752814490529,0.1052561689050713,20,0.11829880959708308,0.0,hard,masked_mae,128,4,head_foreground,0.0,primary_s5_h128_20k
0.07531537571502585,0.0678869762483193,20,0.07149498564873773,0.0,hard,masked_mae,128,4,head_supported,0.0,primary_s5_h128_20k
0.5354724901122011,0.42158568899611687,20,0.47835400170381914,0.0,hard,masked_mae,128,4,head_unsupported,0.0,primary_s5_h128_20k
0.07678339473211473,0.06946238814936481,20,0.07328611247717544,0.0,hard,masked_mae,128,4,oral,0.0,primary_s5_h128_20k
0.5663252135499578,0.4448994337025591,20,0.5080473204607739,0.0,hard,masked_mae,128,4,torso_outside_head_roi,0.0,primary_s5_h128_20k
0.05129904010347467,0.030717332157563677,20,0.04072629008228507,0.0,hard,masked_mae,128,8,background,0.0,primary_s5_h128_20k
0.08117456189886711,0.07171580104501121,20,0.07639112445893467,0.0,hard,masked_mae,128,8,eyes,0.0,primary_s5_h128_20k
0.08696123531535187,0.0771947462379633,20,0.08200701108216521,0.0,hard,masked_mae,128,8,flame_supported,0.0,primary_s5_h128_20k
0.653693773376599,0.5178530413391871,20,0.5876385792735201,0.0,hard,masked_mae,128,8,flame_unsupported,0.0,primary_s5_h128_20k
0.2602818282239085,0.2067917677258997,20,0.2338989754449337,0.0,hard,masked_mae,128,8,foreground,0.0,primary_s5_h128_20k
0.16620715006067813,0.12873880772922636,20,0.14734486070546238,0.0,hard,masked_mae,128,8,full_frame,0.0,primary_s5_h128_20k
0.12994522627011282,0.104073656719812,20,0.11664214080197337,0.0,hard,masked_mae,128,8,head_foreground,0.0,primary_s5_h128_20k
0.07390394136063781,0.0666483721638304,20,0.07031361042897719,0.0,hard,masked_mae,128,8,head_supported,0.0,primary_s5_h128_20k
0.5308370786894222,0.41845411105400687,20,0.47492733056964165,0.0,hard,masked_mae,128,8,head_unsupported,0.0,primary_s5_h128_20k
0.07683445005577162,0.06987919837581018,20,0.07349135838889162,0.0,hard,masked_mae,128,8,oral,0.0,primary_s5_h128_20k
0.5654119763082128,0.44563212326540197,20,0.5073534020100591,0.0,hard,masked_mae,128,8,torso_outside_head_roi,0.0,primary_s5_h128_20k
0.04969115478193213,0.030594286566844126,20,0.03967433374960896,0.0,hard,masked_mae,384,1,background,0.0,primary_s5_h128_20k
0.07723648614259924,0.0676903001569788,20,0.07241201422039495,0.0,hard,masked_mae,384,1,eyes,0.0,primary_s5_h128_20k
0.09563116993813722,0.08572536550992521,20,0.09065707803668077,0.0,hard,masked_mae,384,1,flame_supported,0.0,primary_s5_h128_20k
0.6538073606760789,0.5203994355416751,20,0.5890317592410168,0.0,hard,masked_mae,384,1,flame_unsupported,0.0,primary_s5_h128_20k
0.2661102630907538,0.21060631073547817,20,0.23864446230042852,0.0,hard,masked_mae,384,1,foreground,0.0,primary_s5_h128_20k
0.16750289068206567,0.1311985507992353,20,0.14930083857040216,0.0,hard,masked_mae,384,1,full_frame,0.0,primary_s5_h128_20k
0.14042524210995994,0.11249796857919725,20,0.12641851846408733,0.0,hard,masked_mae,384,1,head_foreground,0.0,primary_s5_h128_20k
0.0844603095100814,0.07650061764503584,20,0.08052041171668561,0.0,hard,masked_mae,384,1,head_supported,0.0,primary_s5_h128_20k
0.5344869294492096,0.4217773598118544,20,0.47878408869154976,0.0,hard,masked_mae,384,1,head_unsupported,0.0,primary_s5_h128_20k
0.0783795867034567,0.07068158007648558,20,0.07460091419398156,0.0,hard,masked_mae,384,1,oral,0.0,primary_s5_h128_20k
0.5685526562741807,0.44469277708872124,20,0.5098553256650752,0.0,hard,masked_mae,384,1,torso_outside_head_roi,0.0,primary_s5_h128_20k
0.050755209176018445,0.031098732659093374,20,0.04051050506109498,0.0,hard,masked_mae,384,4,background,0.0,primary_s5_h128_20k
0.07915959790960476,0.0697532072790554,20,0.07442138707808701,0.0,hard,masked_mae,384,4,eyes,0.0,primary_s5_h128_20k
0.08698236718694129,0.07719965130266734,20,0.08202409866939762,0.0,hard,masked_mae,384,4,flame_supported,0.0,primary_s5_h128_20k
0.6520525214749154,0.5177092704774565,20,0.5882064486793562,0.0,hard,masked_mae,384,4,flame_unsupported,0.0,primary_s5_h128_20k
0.2571040825353297,0.2042834898634345,20,0.23158602666981754,0.0,hard,masked_mae,384,4,foreground,0.0,primary_s5_h128_20k
0.16574828026106425,0.12839536901949958,20,0.146957584501298,0.0,hard,masked_mae,384,4,full_frame,0.0,primary_s5_h128_20k
0.13100637956306402,0.10467298324368195,20,0.11753327092529058,0.0,hard,masked_mae,384,4,head_foreground,0.0,primary_s5_h128_20k
0.07425154043639896,0.06695913280290045,20,0.07056206965348814,0.0,hard,masked_mae,384,4,head_supported,0.0,primary_s5_h128_20k
0.5365165510313445,0.42328370712919383,20,0.478881417458292,0.0,hard,masked_mae,384,4,head_unsupported,0.0,primary_s5_h128_20k
0.07628408376722848,0.06902172525229187,20,0.07278337311986385,0.0,hard,masked_mae,384,4,oral,0.0,primary_s5_h128_20k
0.5666046482868705,0.4438540389655911,20,0.5078464407297476,0.0,hard,masked_mae,384,4,torso_outside_head_roi,0.0,primary_s5_h128_20k
0.050980216999453036,0.03059680325934755,20,0.04046662977281006,0.0,hard,masked_mae,384,8,background,0.0,primary_s5_h128_20k
0.08102551664101647,0.0714189016242875,20,0.07623866114846908,0.0,hard,masked_mae,384,8,eyes,0.0,primary_s5_h128_20k
0.08613403480295091,0.07629333987894053,20,0.08110835927112463,0.0,hard,masked_mae,384,8,flame_supported,0.0,primary_s5_h128_20k
0.6522846339651533,0.5195621027773621,20,0.5878538041842272,0.0,hard,masked_mae,384,8,flame_unsupported,0.0,primary_s5_h128_20k
0.25949422786964826,0.20570132313659595,20,0.23332789378772154,0.0,hard,masked_mae,384,8,foreground,0.0,primary_s5_h128_20k
0.16527665911298808,0.1283432616317083,20,0.14694682865431813,0.0,hard,masked_mae,384,8,full_frame,0.0,primary_s5_h128_20k
0.12967499167439173,0.10282832066567052,20,0.11585292115345705,0.0,hard,masked_mae,384,8,head_foreground,0.0,primary_s5_h128_20k
0.07298037051363368,0.06584512180613508,20,0.06938076931939305,0.0,hard,masked_mae,384,8,head_supported,0.0,primary_s5_h128_20k
0.5312019141176966,0.4197547129093263,20,0.4751614628863942,0.0,hard,masked_mae,384,8,head_unsupported,0.0,primary_s5_h128_20k
0.07606195188651035,0.06925278723501205,20,0.07273754822618517,0.0,hard,masked_mae,384,8,oral,0.0,primary_s5_h128_20k
0.5656180322798234,0.4423302920896927,20,0.5071543185420165,0.0,hard,masked_mae,384,8,torso_outside_head_roi,0.0,primary_s5_h128_20k
0.05746517627403818,0.03296713310526164,20,0.04492939889086514,9.748636515935262,adaptive,masked_mae,8,1,background,30.0,dose_r30_s5_h128_20k
0.08560019578879456,0.07456270986852875,20,0.07994914161762086,9.748636515935262,adaptive,masked_mae,8,1,eyes,30.0,dose_r30_s5_h128_20k
0.11255597691623438,0.09795242459486223,20,0.10488358836262983,9.748636515935262,adaptive,masked_mae,8,1,flame_supported,30.0,dose_r30_s5_h128_20k
0.5645673468344853,0.45519194361885273,20,0.5117009591579781,9.748636515935262,adaptive,masked_mae,8,1,flame_unsupported,30.0,dose_r30_s5_h128_20k
0.2481650447545361,0.20417457171730563,20,0.22621437727400245,9.748636515935262,adaptive,masked_mae,8,1,foreground,30.0,dose_r30_s5_h128_20k
0.15986726331181855,0.13014134775702055,20,0.14487253334615136,9.748636515935262,adaptive,masked_mae,8,1,full_frame,30.0,dose_r30_s5_h128_20k
0.144600317338678,0.12143466482926285,20,0.13291676337769573,9.748636515935262,adaptive,masked_mae,8,1,head_foreground,30.0,dose_r30_s5_h128_20k
0.09840267917230051,0.08766794723815981,20,0.09303966929248231,9.748636515935262,adaptive,masked_mae,8,1,head_supported,30.0,dose_r30_s5_h128_20k
0.5036243165581934,0.3882419353102121,20,0.44574258711315345,9.748636515935262,adaptive,masked_mae,8,1,head_unsupported,30.0,dose_r30_s5_h128_20k
0.08149481200473048,0.07211807650951303,20,0.0768292759434065,9.748636515935262,adaptive,masked_mae,8,1,oral,30.0,dose_r30_s5_h128_20k
0.49887854998361625,0.4159922688076527,20,0.45780112496607667,9.748636515935262,adaptive,masked_mae,8,1,torso_outside_head_roi,30.0,dose_r30_s5_h128_20k
0.05725772037687946,0.031162115994379697,20,0.04404624725662233,9.930507222811382,adaptive,masked_mae,8,4,background,30.0,dose_r30_s5_h128_20k
0.08478636906743713,0.07579094632860474,20,0.08008643978772077,9.930507222811382,adaptive,masked_mae,8,4,eyes,30.0,dose_r30_s5_h128_20k
0.10291311077962424,0.0916720787637036,20,0.09739520287849207,9.930507222811382,adaptive,masked_mae,8,4,flame_supported,30.0,dose_r30_s5_h128_20k
0.5634493018246163,0.44719337587137353,20,0.5073309989808676,9.930507222811382,adaptive,masked_mae,8,4,flame_unsupported,30.0,dose_r30_s5_h128_20k
0.24120455009915112,0.19659578202129274,20,0.2191969847802055,9.930507222811382,adaptive,masked_mae,8,4,foreground,30.0,dose_r30_s5_h128_20k
0.1556210959707519,0.1265748174974303,20,0.1414017637570699,9.930507222811382,adaptive,masked_mae,8,4,full_frame,30.0,dose_r30_s5_h128_20k
0.13762663430118674,0.1142763128461335,20,0.12591081627885267,9.930507222811382,adaptive,masked_mae,8,4,head_foreground,30.0,dose_r30_s5_h128_20k
0.0908018423890197,0.08069281452765364,20,0.08563917937192828,9.930507222811382,adaptive,masked_mae,8,4,head_supported,30.0,dose_r30_s5_h128_20k
0.5074313019018712,0.3847235340339793,20,0.4462970740442245,9.930507222811382,adaptive,masked_mae,8,4,head_unsupported,30.0,dose_r30_s5_h128_20k
0.0830233142448149,0.07335191400451954,20,0.0782416315287093,9.930507222811382,adaptive,masked_mae,8,4,oral,30.0,dose_r30_s5_h128_20k
0.49402699851305043,0.40346732354235304,20,0.45002815201017776,9.930507222811382,adaptive,masked_mae,8,4,torso_outside_head_roi,30.0,dose_r30_s5_h128_20k
0.05645596869590387,0.030779045751317877,20,0.043313159338916725,9.718489734331767,adaptive,masked_mae,8,8,background,30.0,dose_r30_s5_h128_20k
0.08601520816122002,0.07678305209194755,20,0.08131917132491007,9.718489734331767,adaptive,masked_mae,8,8,eyes,30.0,dose_r30_s5_h128_20k
0.10127343385103026,0.08994317606590739,20,0.09556051429420652,9.718489734331767,adaptive,masked_mae,8,8,flame_supported,30.0,dose_r30_s5_h128_20k
0.5588783833214511,0.4437610271416802,20,0.5033952259639186,9.718489734331767,adaptive,masked_mae,8,8,flame_unsupported,30.0,dose_r30_s5_h128_20k
0.2409494681784466,0.1955768529022483,20,0.219049840511657,9.718489734331767,adaptive,masked_mae,8,8,foreground,30.0,dose_r30_s5_h128_20k
0.15557433231869472,0.12492085887713177,20,0.1401948288749651,9.718489734331767,adaptive,masked_mae,8,8,full_frame,30.0,dose_r30_s5_h128_20k
0.13527031521649968,0.11229753224195169,20,0.12362307609714492,9.718489734331767,adaptive,masked_mae,8,8,head_foreground,30.0,dose_r30_s5_h128_20k
0.08839924427630165,0.07887661827554206,20,0.08364512152242583,9.718489734331767,adaptive,masked_mae,8,8,head_supported,30.0,dose_r30_s5_h128_20k
0.5024909936280132,0.3788187643914064,20,0.4409902390953591,9.718489734331767,adaptive,masked_mae,8,8,head_unsupported,30.0,dose_r30_s5_h128_20k
0.08262023888573097,0.07336587422401736,20,0.07791865448706034,9.718489734331767,adaptive,masked_mae,8,8,oral,30.0,dose_r30_s5_h128_20k
0.48993010496186995,0.3988892978321862,20,0.44521124910865595,9.718489734331767,adaptive,masked_mae,8,8,torso_outside_head_roi,30.0,dose_r30_s5_h128_20k
0.05194670199550003,0.031396752506687185,20,0.04160790485695552,7.774038521448771,adaptive,masked_mae,384,1,background,30.0,dose_r30_s5_h128_20k
0.07021372073104391,0.062197128750469934,20,0.0662828140765706,7.774038521448771,adaptive,masked_mae,384,1,eyes,30.0,dose_r30_s5_h128_20k
0.09250617217814473,0.08271822212585699,20,0.08767311328155698,7.774038521448771,adaptive,masked_mae,384,1,flame_supported,30.0,dose_r30_s5_h128_20k
0.4832310135038115,0.3949316550033903,20,0.43924319457446437,7.774038521448771,adaptive,masked_mae,384,1,flame_unsupported,30.0,dose_r30_s5_h128_20k
0.21349789496641822,0.1725394030717317,20,0.19288819866910828,7.774038521448771,adaptive,masked_mae,384,1,foreground,30.0,dose_r30_s5_h128_20k
0.14027958984326835,0.11068601192882306,20,0.12525544777663067,7.774038521448771,adaptive,masked_mae,384,1,full_frame,30.0,dose_r30_s5_h128_20k
0.1122120547118405,0.09753054797604654,20,0.10510827013609603,7.774038521448771,adaptive,masked_mae,384,1,head_foreground,30.0,dose_r30_s5_h128_20k
0.08461785651418068,0.07578501762685268,20,0.08029032541147091,7.774038521448771,adaptive,masked_mae,384,1,head_supported,30.0,dose_r30_s5_h128_20k
0.349455316873491,0.29231056363538416,20,0.32003016565682063,7.774038521448771,adaptive,masked_mae,384,1,head_unsupported,30.0,dose_r30_s5_h128_20k
0.07854281238027028,0.07028882012833712,20,0.07444437724606945,7.774038521448771,adaptive,masked_mae,384,1,oral,30.0,dose_r30_s5_h128_20k
0.4508758652646239,0.3533811158431454,20,0.40319647797080016,7.774038521448771,adaptive,masked_mae,384,1,torso_outside_head_roi,30.0,dose_r30_s5_h128_20k
0.05143366389837288,0.031174498855992005,20,0.04122447766646143,7.624054789543152,adaptive,masked_mae,384,4,background,30.0,dose_r30_s5_h128_20k
0.07064284378050106,0.06367071117147853,20,0.06723708446259213,7.624054789543152,adaptive,masked_mae,384,4,eyes,30.0,dose_r30_s5_h128_20k
0.08554096820307404,0.0759468208165139,20,0.08065793602257519,7.624054789543152,adaptive,masked_mae,384,4,flame_supported,30.0,dose_r30_s5_h128_20k
0.4843770982452455,0.3928950369111462,20,0.4387622770916189,7.624054789543152,adaptive,masked_mae,384,4,flame_unsupported,30.0,dose_r30_s5_h128_20k
0.20760022112536303,0.16731241316042714,20,0.1876432226451891,7.624054789543152,adaptive,masked_mae,384,4,foreground,30.0,dose_r30_s5_h128_20k
0.13695847177472653,0.10901650515332804,20,0.1229793561227394,7.624054789543152,adaptive,masked_mae,384,4,full_frame,30.0,dose_r30_s5_h128_20k
0.1060543181546135,0.09187528778613713,20,0.09902455581645811,7.624054789543152,adaptive,masked_mae,384,4,head_foreground,30.0,dose_r30_s5_h128_20k
0.07696846721911281,0.0686434124999294,20,0.07279465295395614,7.624054789543152,adaptive,masked_mae,384,4,head_supported,30.0,dose_r30_s5_h128_20k
0.3532997453189519,0.2919006565328152,20,0.32187366035380405,7.624054789543152,adaptive,masked_mae,384,4,head_unsupported,30.0,dose_r30_s5_h128_20k
0.0771347180376949,0.0695453088915659,20,0.0734273740283635,7.624054789543152,adaptive,masked_mae,384,4,oral,30.0,dose_r30_s5_h128_20k
0.4464450431487742,0.35038600786014457,20,0.4006436438505494,7.624054789543152,adaptive,masked_mae,384,4,torso_outside_head_roi,30.0,dose_r30_s5_h128_20k
0.052154339156153966,0.031394823306485,20,0.04159296828631233,7.57645235856374,adaptive,masked_mae,384,8,background,30.0,dose_r30_s5_h128_20k
0.07264746534095605,0.06541083230487066,20,0.06905164651295467,7.57645235856374,adaptive,masked_mae,384,8,eyes,30.0,dose_r30_s5_h128_20k
0.0849943674156192,0.07552221388429187,20,0.08016872580857175,7.57645235856374,adaptive,masked_mae,384,8,flame_supported,30.0,dose_r30_s5_h128_20k
0.4804550464150674,0.3912063880108556,20,0.43629872292455446,7.57645235856374,adaptive,masked_mae,384,8,flame_unsupported,30.0,dose_r30_s5_h128_20k
0.20841712833970008,0.1683905980657158,20,0.18857937331124017,7.57645235856374,adaptive,masked_mae,384,8,foreground,30.0,dose_r30_s5_h128_20k
0.13747484354767275,0.10838336228485748,20,0.12288687773597189,7.57645235856374,adaptive,masked_mae,384,8,full_frame,30.0,dose_r30_s5_h128_20k
0.10501547843835912,0.09080522327453025,20,0.09794029817480283,7.57645235856374,adaptive,masked_mae,384,8,head_foreground,30.0,dose_r30_s5_h128_20k
0.07632601103422468,0.06801011376742559,20,0.0721577175565983,7.57645235856374,adaptive,masked_mae,384,8,head_supported,30.0,dose_r30_s5_h128_20k
0.34574352166544886,0.28954681847049163,20,0.31658321154047586,7.57645235856374,adaptive,masked_mae,384,8,head_unsupported,30.0,dose_r30_s5_h128_20k
0.07673031078702998,0.06946828091466459,20,0.07314462134344382,7.57645235856374,adaptive,masked_mae,384,8,oral,30.0,dose_r30_s5_h128_20k
0.44458701113476845,0.34764019895171383,20,0.3981042491789174,7.57645235856374,adaptive,masked_mae,384,8,torso_outside_head_roi,30.0,dose_r30_s5_h128_20k
0.06830209497835826,0.03739489344757387,20,0.052483375099600306,18.84681270917257,adaptive,masked_mae,8,1,background,75.0,dose_r75_s5_h128_20k
0.07719156179112235,0.06840027253533243,20,0.07277836866106063,18.84681270917257,adaptive,masked_mae,8,1,eyes,75.0,dose_r75_s5_h128_20k
0.12177068336001637,0.10425442008404995,20,0.11246619283232855,18.84681270917257,adaptive,masked_mae,8,1,flame_supported,75.0,dose_r75_s5_h128_20k
0.46350107237423993,0.3731669154984234,20,0.41803065526574174,18.84681270917257,adaptive,masked_mae,8,1,flame_unsupported,75.0,dose_r75_s5_h128_20k
0.22449036833517846,0.18473693170439828,20,0.20456557047198026,18.84681270917257,adaptive,masked_mae,8,1,foreground,75.0,dose_r75_s5_h128_20k
0.14816979669066735,0.12458627045348093,20,0.13662404787832869,18.84681270917257,adaptive,masked_mae,8,1,full_frame,75.0,dose_r75_s5_h128_20k
0.14523747180062987,0.12248326670004386,20,0.13372337371082638,18.84681270917257,adaptive,masked_mae,8,1,head_foreground,75.0,dose_r75_s5_h128_20k
0.10793563388918388,0.09480568586509264,20,0.1012288816945985,18.84681270917257,adaptive,masked_mae,8,1,head_supported,75.0,dose_r75_s5_h128_20k
0.4292578882430045,0.3394001033318194,20,0.38311859342290167,18.84681270917257,adaptive,masked_mae,8,1,head_unsupported,75.0,dose_r75_s5_h128_20k
0.08104733212084114,0.0725539389023406,20,0.07680510511667203,18.84681270917257,adaptive,masked_mae,8,1,oral,75.0,dose_r75_s5_h128_20k
0.42150822799176213,0.34149922396388277,20,0.38184398207773834,18.84681270917257,adaptive,masked_mae,8,1,torso_outside_head_roi,75.0,dose_r75_s5_h128_20k
0.07007624471646,0.03682457513253573,20,0.0527789801835709,18.91845823923747,adaptive,masked_mae,8,4,background,75.0,dose_r75_s5_h128_20k
0.07905987996029008,0.06992269367396835,20,0.07453911099985447,18.91845823923747,adaptive,masked_mae,8,4,eyes,75.0,dose_r75_s5_h128_20k
0.11282405678243772,0.0984629614099161,20,0.10532561291135586,18.91845823923747,adaptive,masked_mae,8,4,flame_supported,75.0,dose_r75_s5_h128_20k
0.45729418136879674,0.36804581518721985,20,0.4127987321938278,18.91845823923747,adaptive,masked_mae,8,4,flame_unsupported,75.0,dose_r75_s5_h128_20k
0.21427851284849841,0.17914464528528712,20,0.1968360442176023,18.91845823923747,adaptive,masked_mae,8,4,foreground,75.0,dose_r75_s5_h128_20k
0.14409704674182405,0.12218843611174486,20,0.1330659078062949,18.91845823923747,adaptive,masked_mae,8,4,full_frame,75.0,dose_r75_s5_h128_20k
0.1382366219953582,0.11890876193184498,20,0.1283424635439433,18.91845823923747,adaptive,masked_mae,8,4,head_foreground,75.0,dose_r75_s5_h128_20k
0.10036581715203396,0.08875888991710151,20,0.09442464769820344,18.91845823923747,adaptive,masked_mae,8,4,head_supported,75.0,dose_r75_s5_h128_20k
0.4437181997005232,0.351374764944828,20,0.396058773284891,18.91845823923747,adaptive,masked_mae,8,4,head_unsupported,75.0,dose_r75_s5_h128_20k
0.08159874258726221,0.07347431674451586,20,0.07762589476735937,18.91845823923747,adaptive,masked_mae,8,4,oral,75.0,dose_r75_s5_h128_20k
0.4090679633827776,0.33329899518887907,20,0.3712927832347507,18.91845823923747,adaptive,masked_mae,8,4,torso_outside_head_roi,75.0,dose_r75_s5_h128_20k
0.06911316172271964,0.03534389612723196,20,0.0516992618690302,18.68691800435384,adaptive,masked_mae,8,8,background,75.0,dose_r75_s5_h128_20k
0.08002863707306763,0.07091800913146004,20,0.07546349660278806,18.68691800435384,adaptive,masked_mae,8,8,eyes,75.0,dose_r75_s5_h128_20k
0.11116401906403743,0.09715520998696833,20,0.10381594717088354,18.68691800435384,adaptive,masked_mae,8,8,flame_supported,75.0,dose_r75_s5_h128_20k
0.4524709458415284,0.3633426715772103,20,0.4083526334479985,18.68691800435384,adaptive,masked_mae,8,8,flame_unsupported,75.0,dose_r75_s5_h128_20k
0.21371310693089218,0.17783017200085846,20,0.1960030622847796,18.68691800435384,adaptive,masked_mae,8,8,foreground,75.0,dose_r75_s5_h128_20k
0.14304686829619767,0.11962932178339401,20,0.13147981872978323,18.68691800435384,adaptive,masked_mae,8,8,full_frame,75.0,dose_r75_s5_h128_20k
0.13647022251038687,0.11677916427527975,20,0.12650192701528037,18.68691800435384,adaptive,masked_mae,8,8,head_foreground,75.0,dose_r75_s5_h128_20k
0.09827539323380398,0.08761674806108467,20,0.0928352389940448,18.68691800435384,adaptive,masked_mae,8,8,head_supported,75.0,dose_r75_s5_h128_20k
0.44221696478485106,0.34713870780850664,20,0.3929108139599224,18.68691800435384,adaptive,masked_mae,8,8,head_unsupported,75.0,dose_r75_s5_h128_20k
0.0812506771029769,0.07293431032399568,20,0.07712769240750596,18.68691800435384,adaptive,masked_mae,8,8,oral,75.0,dose_r75_s5_h128_20k
0.40240170609994036,0.32779037679217643,20,0.3648166861637605,18.68691800435384,adaptive,masked_mae,8,8,torso_outside_head_roi,75.0,dose_r75_s5_h128_20k
0.0647742199661127,0.0381283351805864,20,0.050936515290639826,15.951529328028366,adaptive,masked_mae,384,1,background,75.0,dose_r75_s5_h128_20k
0.07901303691213686,0.07026582409078168,20,0.0746626730219365,15.951529328028366,adaptive,masked_mae,384,1,eyes,75.0,dose_r75_s5_h128_20k
0.09688171969659247,0.08758761223962133,20,0.09206697819356965,15.951529328028366,adaptive,masked_mae,384,1,flame_supported,75.0,dose_r75_s5_h128_20k
0.33341339995429364,0.27045411549889414,20,0.30100580320566417,15.951529328028366,adaptive,masked_mae,384,1,flame_unsupported,75.0,dose_r75_s5_h128_20k
0.16730933414050017,0.1418725093560697,20,0.15418236435990745,15.951529328028366,adaptive,masked_mae,384,1,foreground,75.0,dose_r75_s5_h128_20k
0.11798109160099193,0.09785125176036599,20,0.10780938474990934,15.951529328028366,adaptive,masked_mae,384,1,full_frame,75.0,dose_r75_s5_h128_20k
0.11065416120335189,0.09849251677703807,20,0.10434628438858243,15.951529328028366,adaptive,masked_mae,384,1,head_foreground,75.0,dose_r75_s5_h128_20k
0.09118682486645044,0.08196383566234892,20,0.08642219900953885,15.951529328028366,adaptive,masked_mae,384,1,head_supported,75.0,dose_r75_s5_h128_20k
0.2922934553445074,0.23730706772307936,20,0.2646838996603166,15.951529328028366,adaptive,masked_mae,384,1,head_unsupported,75.0,dose_r75_s5_h128_20k
0.08500448217816906,0.07473269207035871,20,0.07982619862091334,15.951529328028366,adaptive,masked_mae,384,1,oral,75.0,dose_r75_s5_h128_20k
0.301243270708186,0.24192390039008327,20,0.27091619968726255,15.951529328028366,adaptive,masked_mae,384,1,torso_outside_head_roi,75.0,dose_r75_s5_h128_20k
0.06299066518572163,0.03886934625251379,20,0.050892002263903904,15.594336128234866,adaptive,masked_mae,384,4,background,75.0,dose_r75_s5_h128_20k
0.08175044981652253,0.07336485257716234,20,0.0776054701431766,15.594336128234866,adaptive,masked_mae,384,4,eyes,75.0,dose_r75_s5_h128_20k
0.0933009818977903,0.08338660118360108,20,0.0880863339743855,15.594336128234866,adaptive,masked_mae,384,4,flame_supported,75.0,dose_r75_s5_h128_20k
0.3285012277765204,0.26719422904194845,20,0.29627001583789797,15.594336128234866,adaptive,masked_mae,384,4,flame_unsupported,75.0,dose_r75_s5_h128_20k
0.16342691337004758,0.1376235996584822,20,0.1502101368414856,15.594336128234866,adaptive,masked_mae,384,4,foreground,75.0,dose_r75_s5_h128_20k
0.11624481007716761,0.09644388404130058,20,0.1061062715762903,15.594336128234866,adaptive,masked_mae,384,4,full_frame,75.0,dose_r75_s5_h128_20k
0.10619971996245753,0.09564528512188647,20,0.10086959000945044,15.594336128234866,adaptive,masked_mae,384,4,head_foreground,75.0,dose_r75_s5_h128_20k
0.08712478644798811,0.07820758499163895,20,0.08250184099207573,15.594336128234866,adaptive,masked_mae,384,4,head_supported,75.0,dose_r75_s5_h128_20k
0.2916937498499675,0.2379810290975167,20,0.26426292258973316,15.594336128234866,adaptive,masked_mae,384,4,head_unsupported,75.0,dose_r75_s5_h128_20k
0.08455440310943539,0.07395095330769502,20,0.07929939161639322,15.594336128234866,adaptive,masked_mae,384,4,oral,75.0,dose_r75_s5_h128_20k
0.29702285559334896,0.23956036781095116,20,0.2673235584258021,15.594336128234866,adaptive,masked_mae,384,4,torso_outside_head_roi,75.0,dose_r75_s5_h128_20k
0.06332079438593038,0.038639330494779155,20,0.05075326828401999,15.565579764048257,adaptive,masked_mae,384,8,background,75.0,dose_r75_s5_h128_20k
0.08287203960547104,0.07390231418760229,20,0.07838462494459,15.565579764048257,adaptive,masked_mae,384,8,eyes,75.0,dose_r75_s5_h128_20k
0.09323798002624623,0.08302837771283107,20,0.08784312254434277,15.565579764048257,adaptive,masked_mae,384,8,flame_supported,75.0,dose_r75_s5_h128_20k
0.32245444639057114,0.26246024093412557,20,0.29151946047333255,15.565579764048257,adaptive,masked_mae,384,8,flame_unsupported,75.0,dose_r75_s5_h128_20k
0.16327605159758138,0.13693994816635577,20,0.1498694811746964,15.565579764048257,adaptive,masked_mae,384,8,foreground,75.0,dose_r75_s5_h128_20k
0.11610199473615505,0.09495624168868706,20,0.10539988471144032,15.565579764048257,adaptive,masked_mae,384,8,full_frame,75.0,dose_r75_s5_h128_20k
0.10512232190384421,0.09473505370787039,20,0.09993059543731815,15.565579764048257,adaptive,masked_mae,384,8,head_foreground,75.0,dose_r75_s5_h128_20k
0.08657734682110986,0.07764036720877225,20,0.08201133320197691,15.565579764048257,adaptive,masked_mae,384,8,head_supported,75.0,dose_r75_s5_h128_20k
0.2828595081238522,0.2374107053240716,20,0.2597450521548021,15.565579764048257,adaptive,masked_mae,384,8,head_unsupported,75.0,dose_r75_s5_h128_20k
0.08435419912276612,0.07372222112464447,20,0.07905885668539772,15.565579764048257,adaptive,masked_mae,384,8,oral,75.0,dose_r75_s5_h128_20k
0.2927111491593055,0.23417874481727147,20,0.2626681218025524,15.565579764048257,adaptive,masked_mae,384,8,torso_outside_head_roi,75.0,dose_r75_s5_h128_20k
0.07639202593266053,0.042789807388560856,20,0.05916400779183365,29.003266080220538,adaptive,masked_mae,8,1,background,150.0,primary_s5_h128_20k
0.08772390249593856,0.07040898933485912,20,0.07776184319582434,29.003266080220538,adaptive,masked_mae,8,1,eyes,150.0,primary_s5_h128_20k
0.12931361310384712,0.10904801661045174,20,0.1188861321240032,29.003266080220538,adaptive,masked_mae,8,1,flame_supported,150.0,primary_s5_h128_20k
0.4011781846441374,0.32393424110999824,20,0.3625331804041989,29.003266080220538,adaptive,masked_mae,8,1,flame_unsupported,150.0,primary_s5_h128_20k
0.21045713606022906,0.17413488079722123,20,0.1925244120519367,29.003266080220538,adaptive,masked_mae,8,1,foreground,150.0,primary_s5_h128_20k
0.14384206877954164,0.12145681576671624,20,0.13276375638372112,29.003266080220538,adaptive,masked_mae,8,1,full_frame,150.0,primary_s5_h128_20k
0.15073586128052255,0.1250481540924928,20,0.13749869131044865,29.003266080220538,adaptive,masked_mae,8,1,head_foreground,150.0,primary_s5_h128_20k
0.11874608800143548,0.09875431605158971,20,0.10855542175352592,29.003266080220538,adaptive,masked_mae,8,1,head_supported,150.0,primary_s5_h128_20k
0.4056413329660335,0.3147194048646851,20,0.3600635893724162,29.003266080220538,adaptive,masked_mae,8,1,head_unsupported,150.0,primary_s5_h128_20k
0.09244725504680708,0.07954972902219318,20,0.08582230815167706,29.003266080220538,adaptive,masked_mae,8,1,oral,150.0,primary_s5_h128_20k
0.367963802710854,0.29462711534765623,20,0.330882600519786,29.003266080220538,adaptive,masked_mae,8,1,torso_outside_head_roi,150.0,primary_s5_h128_20k
0.07892169855796342,0.04151510298944994,20,0.05935271056595045,28.202806790669758,adaptive,masked_mae,8,4,background,150.0,primary_s5_h128_20k
0.08930683603281159,0.0749092661210141,20,0.08148619584188997,28.202806790669758,adaptive,masked_mae,8,4,eyes,150.0,primary_s5_h128_20k
0.11983240412564072,0.10190365352756321,20,0.11071312457679208,28.202806790669758,adaptive,masked_mae,8,4,flame_supported,150.0,primary_s5_h128_20k
0.390330500950143,0.31886616590712286,20,0.3543085379303629,28.202806790669758,adaptive,masked_mae,8,4,flame_unsupported,150.0,primary_s5_h128_20k
0.200207642953379,0.1670487766640437,20,0.18342186638024643,28.202806790669758,adaptive,masked_mae,8,4,foreground,150.0,primary_s5_h128_20k
0.1398262957597786,0.11678186883419561,20,0.12834088420298695,28.202806790669758,adaptive,masked_mae,8,4,full_frame,150.0,primary_s5_h128_20k
0.14412786907602942,0.12105488715984174,20,0.13224644093767826,28.202806790669758,adaptive,masked_mae,8,4,head_foreground,150.0,primary_s5_h128_20k
0.11026250948228074,0.09234944478307885,20,0.10116762340160865,28.202806790669758,adaptive,masked_mae,8,4,head_supported,150.0,primary_s5_h128_20k
0.4232761338468966,0.32798067458564983,20,0.3754257908501676,28.202806790669758,adaptive,masked_mae,8,4,head_unsupported,150.0,primary_s5_h128_20k
0.09267033813702528,0.08082605025682801,20,0.08659662563610257,28.202806790669758,adaptive,masked_mae,8,4,oral,150.0,primary_s5_h128_20k
0.34965323247418706,0.281084855487549,20,0.31362280305550577,28.202806790669758,adaptive,masked_mae,8,4,torso_outside_head_roi,150.0,primary_s5_h128_20k
0.07644297920447449,0.03985192672491365,20,0.05775410157649348,27.980905501047765,adaptive,masked_mae,8,8,background,150.0,primary_s5_h128_20k
0.0905034327361645,0.07547853100749437,20,0.08242170970785781,27.980905501047765,adaptive,masked_mae,8,8,eyes,150.0,primary_s5_h128_20k
0.11862832083510283,0.10111519675949511,20,0.10981575799764634,27.980905501047765,adaptive,masked_mae,8,8,flame_supported,150.0,primary_s5_h128_20k
0.3904696540902769,0.3149967849719349,20,0.3533441205830612,27.980905501047765,adaptive,masked_mae,8,8,flame_unsupported,150.0,primary_s5_h128_20k
0.2009981600690992,0.1670284433872174,20,0.1839109211327148,27.980905501047765,adaptive,masked_mae,8,8,foreground,150.0,primary_s5_h128_20k
0.1388662309297407,0.11557989796647777,20,0.12737450880061668,27.980905501047765,adaptive,masked_mae,8,8,full_frame,150.0,primary_s5_h128_20k
0.14220669788767054,0.11977324921674888,20,0.13078119652491726,27.980905501047765,adaptive,masked_mae,8,8,head_foreground,150.0,primary_s5_h128_20k
0.10829121594226995,0.0916779257584013,20,0.09968244707068111,27.980905501047765,adaptive,masked_mae,8,8,head_supported,150.0,primary_s5_h128_20k
0.42463679828572887,0.3273881075490627,20,0.37506625045643344,27.980905501047765,adaptive,masked_mae,8,8,head_unsupported,150.0,primary_s5_h128_20k
0.09196199432045067,0.07929897114494348,20,0.08545444767637658,27.980905501047765,adaptive,masked_mae,8,8,oral,150.0,primary_s5_h128_20k
0.3482864356229892,0.27739664887337706,20,0.31185190013546593,27.980905501047765,adaptive,masked_mae,8,8,torso_outside_head_roi,150.0,primary_s5_h128_20k
0.08822444075532343,0.05529947128614079,20,0.07144526738747846,29.046521027882896,adaptive,masked_mae,32,1,background,150.0,primary_s5_h128_20k
0.07727363710087432,0.06966989075370227,20,0.07348838534167212,29.046521027882896,adaptive,masked_mae,32,1,eyes,150.0,primary_s5_h128_20k
0.1112271902668437,0.09717044720607561,20,0.10424419395726496,29.046521027882896,adaptive,masked_mae,32,1,flame_supported,150.0,primary_s5_h128_20k
0.2599655350953789,0.21831425801444462,20,0.23865544112957487,29.046521027882896,adaptive,masked_mae,32,1,flame_unsupported,150.0,primary_s5_h128_20k
0.1534909047357993,0.13353730970604313,20,0.14351859378897244,29.046521027882896,adaptive,masked_mae,32,1,foreground,150.0,primary_s5_h128_20k
0.12116738360896598,0.10236467427075512,20,0.11168407380236862,29.046521027882896,adaptive,masked_mae,32,1,full_frame,150.0,primary_s5_h128_20k
0.12031413677191978,0.10741494412984978,20,0.11391938761458942,29.046521027882896,adaptive,masked_mae,32,1,head_foreground,150.0,primary_s5_h128_20k
0.10545018694684512,0.09166175340828006,20,0.09853136366703844,29.046521027882896,adaptive,masked_mae,32,1,head_supported,150.0,primary_s5_h128_20k
0.286299351237554,0.22155018015981845,20,0.25227112654841777,29.046521027882896,adaptive,masked_mae,32,1,head_unsupported,150.0,primary_s5_h128_20k
0.08991156490640918,0.07860329987090951,20,0.0842184661065714,29.046521027882896,adaptive,masked_mae,32,1,oral,150.0,primary_s5_h128_20k
0.23325652424188473,0.19200873351827785,20,0.2118027302181109,29.046521027882896,adaptive,masked_mae,32,1,torso_outside_head_roi,150.0,primary_s5_h128_20k
0.08641530110438501,0.05319364619275884,20,0.06922493862122295,28.104712963104248,adaptive,masked_mae,32,4,background,150.0,primary_s5_h128_20k
0.07899852152326416,0.07038515480169405,20,0.07470758914921168,28.104712963104248,adaptive,masked_mae,32,4,eyes,150.0,primary_s5_h128_20k
0.10457832646326183,0.0905342321705199,20,0.09745374874206511,28.104712963104248,adaptive,masked_mae,32,4,flame_supported,150.0,primary_s5_h128_20k
0.26448742242354034,0.2145954176983665,20,0.2377976825307952,28.104712963104248,adaptive,masked_mae,32,4,flame_unsupported,150.0,primary_s5_h128_20k
0.14851950691225044,0.12895988450243723,20,0.13841083412558391,28.104712963104248,adaptive,masked_mae,32,4,foreground,150.0,primary_s5_h128_20k
0.11798864232155575,0.09839403461285202,20,0.10781044399004884,28.104712963104248,adaptive,masked_mae,32,4,full_frame,150.0,primary_s5_h128_20k
0.11460381826349304,0.10262906343915364,20,0.10859601907954892,28.104712963104248,adaptive,masked_mae,32,4,head_foreground,150.0,primary_s5_h128_20k
0.09845972541464541,0.08557156258052827,20,0.09190234575435544,28.104712963104248,adaptive,masked_mae,32,4,head_supported,150.0,primary_s5_h128_20k
0.291326012769029,0.22426190248880573,20,0.2566706766988114,28.104712963104248,adaptive,masked_mae,32,4,head_unsupported,150.0,primary_s5_h128_20k
0.09053726774134835,0.07878346408242012,20,0.0844135406529435,28.104712963104248,adaptive,masked_mae,32,4,oral,150.0,primary_s5_h128_20k
0.2308430395351391,0.18891789343694643,20,0.20860213250645768,28.104712963104248,adaptive,masked_mae,32,4,torso_outside_head_roi,150.0,primary_s5_h128_20k
0.0871606393628566,0.05204924953748186,20,0.06908575155843837,28.180259895324713,adaptive,masked_mae,32,8,background,150.0,primary_s5_h128_20k
0.08007586208433186,0.07106826518350674,20,0.07562227791915292,28.180259895324713,adaptive,masked_mae,32,8,eyes,150.0,primary_s5_h128_20k
0.10278866686362997,0.08917793328792853,20,0.09586302533771623,28.180259895324713,adaptive,masked_mae,32,8,flame_supported,150.0,primary_s5_h128_20k
0.2533671761974118,0.21018414306423555,20,0.23104633621243748,28.180259895324713,adaptive,masked_mae,32,8,flame_unsupported,150.0,primary_s5_h128_20k
0.14643128999263,0.1263988650349728,20,0.13605416201231219,28.180259895324713,adaptive,masked_mae,32,8,foreground,150.0,primary_s5_h128_20k
0.11729452417461904,0.09628752034614442,20,0.10631509278759813,28.180259895324713,adaptive,masked_mae,32,8,full_frame,150.0,primary_s5_h128_20k
0.11196915595216948,0.1007538718597263,20,0.10634690835691382,28.180259895324713,adaptive,masked_mae,32,8,head_foreground,150.0,primary_s5_h128_20k
0.09641977263980152,0.08392274647482371,20,0.09009383292683171,28.180259895324713,adaptive,masked_mae,32,8,head_supported,150.0,primary_s5_h128_20k
0.28133993181147693,0.2231989328398893,20,0.2511736299166082,28.180259895324713,adaptive,masked_mae,32,8,head_unsupported,150.0,primary_s5_h128_20k
0.09008164616183766,0.07849677283263728,20,0.08409531066840913,28.180259895324713,adaptive,masked_mae,32,8,oral,150.0,primary_s5_h128_20k
0.22669670432369002,0.18409067138615903,20,0.2044142365113389,28.180259895324713,adaptive,masked_mae,32,8,torso_outside_head_roi,150.0,primary_s5_h128_20k
0.07275168138323264,0.04602900262607983,20,0.059086643655515136,24.948460547129315,adaptive,masked_mae,128,1,background,150.0,primary_s5_h128_20k
0.07676689415723706,0.06882609437894499,20,0.0727000572772313,24.948460547129315,adaptive,masked_mae,128,1,eyes,150.0,primary_s5_h128_20k
0.10101152565490876,0.08867391475289975,20,0.09459929076275729,24.948460547129315,adaptive,masked_mae,128,1,flame_supported,150.0,primary_s5_h128_20k
0.27934994716111766,0.21249633534347234,20,0.24439674235835063,24.948460547129315,adaptive,masked_mae,128,1,flame_unsupported,150.0,primary_s5_h128_20k
0.1495962496979602,0.12704248864080875,20,0.1383907321479148,24.948460547129315,adaptive,masked_mae,128,1,foreground,150.0,primary_s5_h128_20k
0.10983700885078607,0.09435585177607007,20,0.10184506937366886,24.948460547129315,adaptive,masked_mae,128,1,full_frame,150.0,primary_s5_h128_20k
0.11676610050214474,0.10070650076213047,20,0.10852483715757415,24.948460547129315,adaptive,masked_mae,128,1,head_foreground,150.0,primary_s5_h128_20k
0.09739025605081066,0.08410272805918936,20,0.09047212936992748,24.948460547129315,adaptive,masked_mae,128,1,head_supported,150.0,primary_s5_h128_20k
0.2893885176958586,0.22651804482142698,20,0.2570609314984905,24.948460547129315,adaptive,masked_mae,128,1,head_unsupported,150.0,primary_s5_h128_20k
0.08761274080160761,0.07691641514796418,20,0.08200136345893397,24.948460547129315,adaptive,masked_mae,128,1,oral,150.0,primary_s5_h128_20k
0.24208744046551875,0.18252064133987508,20,0.21166737919168996,24.948460547129315,adaptive,masked_mae,128,1,torso_outside_head_roi,150.0,primary_s5_h128_20k
0.07635479365885485,0.04972725553949121,20,0.06302866312749764,24.185869693756104,adaptive,masked_mae,128,4,background,150.0,primary_s5_h128_20k
0.07857688290457769,0.07036425317101859,20,0.07450039252231273,24.185869693756104,adaptive,masked_mae,128,4,eyes,150.0,primary_s5_h128_20k
0.09545484327430759,0.08452484947115581,20,0.08969137390745788,24.185869693756104,adaptive,masked_mae,128,4,flame_supported,150.0,primary_s5_h128_20k
0.2770973691324138,0.21158728196146293,20,0.24314985481287787,24.185869693756104,adaptive,masked_mae,128,4,flame_unsupported,150.0,primary_s5_h128_20k
0.1465865052890245,0.12384628621222797,20,0.13502867536313162,24.185869693756104,adaptive,masked_mae,128,4,foreground,150.0,primary_s5_h128_20k
0.11048952471071477,0.09422885618371848,20,0.10212653205961782,24.185869693756104,adaptive,masked_mae,128,4,full_frame,150.0,primary_s5_h128_20k
0.11024966253483115,0.096941560056513,20,0.10358736530133154,24.185869693756104,adaptive,masked_mae,128,4,head_foreground,150.0,primary_s5_h128_20k
0.0912448397088454,0.08022922371501298,20,0.08553892343475956,24.185869693756104,adaptive,masked_mae,128,4,head_supported,150.0,primary_s5_h128_20k
0.27909284063317946,0.22295508267920763,20,0.25065858647809064,24.185869693756104,adaptive,masked_mae,128,4,head_unsupported,150.0,primary_s5_h128_20k
0.08787773712989312,0.07717420260250717,20,0.0823197533716905,24.185869693756104,adaptive,masked_mae,128,4,oral,150.0,primary_s5_h128_20k
0.24782016966782744,0.18312419814256073,20,0.21357923052290612,24.185869693756104,adaptive,masked_mae,128,4,torso_outside_head_roi,150.0,primary_s5_h128_20k
0.07643945187840931,0.04914071523128763,20,0.06279954492951356,24.25598875681559,adaptive,masked_mae,128,8,background,150.0,primary_s5_h128_20k
0.07937447477623624,0.0706550868337893,20,0.07493793834852193,24.25598875681559,adaptive,masked_mae,128,8,eyes,150.0,primary_s5_h128_20k
0.09524284399968762,0.08378604576203712,20,0.0893161389370288,24.25598875681559,adaptive,masked_mae,128,8,flame_supported,150.0,primary_s5_h128_20k
0.26229724990548486,0.2050079374631453,20,0.2326779028424784,24.25598875681559,adaptive,masked_mae,128,8,flame_unsupported,150.0,primary_s5_h128_20k
0.1431905479480089,0.12147051593441112,20,0.1323579264861156,24.25598875681559,adaptive,masked_mae,128,8,foreground,150.0,primary_s5_h128_20k
0.10874378901023368,0.09221795483198,20,0.10032106692140752,24.25598875681559,adaptive,masked_mae,128,8,full_frame,150.0,primary_s5_h128_20k
0.10774394162131412,0.09553090776767431,20,0.10175017166743061,24.25598875681559,adaptive,masked_mae,128,8,head_foreground,150.0,primary_s5_h128_20k
0.09076820821248553,0.0794497569747171,20,0.0849144662282823,24.25598875681559,adaptive,masked_mae,128,8,head_supported,150.0,primary_s5_h128_20k
0.26744772942483735,0.21843332192952974,20,0.24217988824144374,24.25598875681559,adaptive,masked_mae,128,8,head_unsupported,150.0,primary_s5_h128_20k
0.08789428414703543,0.07661118592074186,20,0.08200726088848913,24.25598875681559,adaptive,masked_mae,128,8,oral,150.0,primary_s5_h128_20k
0.2329016295508254,0.17771251669891608,20,0.20488999609572373,24.25598875681559,adaptive,masked_mae,128,8,torso_outside_head_roi,150.0,primary_s5_h128_20k
0.0767297649209074,0.04726676100305821,20,0.0614194478847699,27.14368890126546,adaptive,masked_mae,384,1,background,150.0,primary_s5_h128_20k
0.07473716310855046,0.06650917158051375,20,0.07053054777900854,27.14368890126546,adaptive,masked_mae,384,1,eyes,150.0,primary_s5_h128_20k
0.10053909094944848,0.08847843339599373,20,0.09441325577578864,27.14368890126546,adaptive,masked_mae,384,1,flame_supported,150.0,primary_s5_h128_20k
0.25950893558145516,0.20258303036939135,20,0.22958299729282666,27.14368890126546,adaptive,masked_mae,384,1,flame_unsupported,150.0,primary_s5_h128_20k
0.1420118394876212,0.12453120788722276,20,0.13350181876417178,27.14368890126546,adaptive,masked_mae,384,1,foreground,150.0,primary_s5_h128_20k
0.10829142275396707,0.09338348722733116,20,0.10058586220720629,27.14368890126546,adaptive,masked_mae,384,1,full_frame,150.0,primary_s5_h128_20k
0.11509097090591666,0.10096385499752757,20,0.10783007405567782,27.14368890126546,adaptive,masked_mae,384,1,head_foreground,150.0,primary_s5_h128_20k
0.09674052766461971,0.08400955540196033,20,0.09011791927424223,27.14368890126546,adaptive,masked_mae,384,1,head_supported,150.0,primary_s5_h128_20k
0.28834417438148147,0.22912876272909838,20,0.2579473668125677,27.14368890126546,adaptive,masked_mae,384,1,head_unsupported,150.0,primary_s5_h128_20k
0.08719485695269096,0.07630974021729466,20,0.0816701493834328,27.14368890126546,adaptive,masked_mae,384,1,oral,150.0,primary_s5_h128_20k
0.21838743637674074,0.17224796128309244,20,0.19459766070885245,27.14368890126546,adaptive,masked_mae,384,1,torso_outside_head_roi,150.0,primary_s5_h128_20k
0.07623906548437663,0.04888877016030623,20,0.06254703949883107,26.646078968048094,adaptive,masked_mae,384,4,background,150.0,primary_s5_h128_20k
0.0781923938293312,0.06925598623627792,20,0.0738524559582838,26.646078968048094,adaptive,masked_mae,384,4,eyes,150.0,primary_s5_h128_20k
0.09587958268735673,0.0844500395521221,20,0.08994962650472187,26.646078968048094,adaptive,masked_mae,384,4,flame_supported,150.0,primary_s5_h128_20k
0.2532747912900512,0.20349502409521483,20,0.22821515682969512,26.646078968048094,adaptive,masked_mae,384,4,flame_unsupported,150.0,primary_s5_h128_20k
0.13871818120081436,0.12172104007093668,20,0.13025864367442402,26.646078968048094,adaptive,masked_mae,384,4,foreground,150.0,primary_s5_h128_20k
0.10705016981280105,0.09237461944557966,20,0.09958691592606193,26.646078968048094,adaptive,masked_mae,384,4,full_frame,150.0,primary_s5_h128_20k
0.10931147696134878,0.09703796797177786,20,0.10328828109620465,26.646078968048094,adaptive,masked_mae,384,4,head_foreground,150.0,primary_s5_h128_20k
0.09160110214938921,0.08022417378871537,20,0.08571467235985308,26.646078968048094,adaptive,masked_mae,384,4,head_supported,150.0,primary_s5_h128_20k
0.2793841204200091,0.22431852640885536,20,0.25154804760931415,26.646078968048094,adaptive,masked_mae,384,4,head_unsupported,150.0,primary_s5_h128_20k
0.08658706697558438,0.07574750165535588,20,0.08099249870049399,26.646078968048094,adaptive,masked_mae,384,4,oral,150.0,primary_s5_h128_20k
0.21595760521814714,0.17467066211534787,20,0.19546167821530444,26.646078968048094,adaptive,masked_mae,384,4,torso_outside_head_roi,150.0,primary_s5_h128_20k
0.07663578969570517,0.04814812431692004,20,0.06212308570938132,26.244172191619874,adaptive,masked_mae,384,8,background,150.0,primary_s5_h128_20k
0.07895687053514953,0.06931963578764662,20,0.07409652564289647,26.244172191619874,adaptive,masked_mae,384,8,eyes,150.0,primary_s5_h128_20k
0.09573824497295065,0.08370449293188716,20,0.0893451457668614,26.244172191619874,adaptive,masked_mae,384,8,flame_supported,150.0,primary_s5_h128_20k
0.24551622753084576,0.19936299054606327,20,0.22242236459911355,26.244172191619874,adaptive,masked_mae,384,8,flame_unsupported,150.0,primary_s5_h128_20k
0.13766249884819143,0.12013308812380608,20,0.128916050412414,26.244172191619874,adaptive,masked_mae,384,8,foreground,150.0,primary_s5_h128_20k
0.10669373157865557,0.09072685563181558,20,0.09840856241801428,26.244172191619874,adaptive,masked_mae,384,8,full_frame,150.0,primary_s5_h128_20k
0.10787955181435543,0.09589448840385364,20,0.10194751647672493,26.244172191619874,adaptive,masked_mae,384,8,head_foreground,150.0,primary_s5_h128_20k
0.0908128623621453,0.07898205031143966,20,0.08475479511319713,26.244172191619874,adaptive,masked_mae,384,8,head_supported,150.0,primary_s5_h128_20k
0.2723478370046402,0.22217875866556977,20,0.24719714041338253,26.244172191619874,adaptive,masked_mae,384,8,head_unsupported,150.0,primary_s5_h128_20k
0.08650845316825777,0.0755436918276323,20,0.08073001789147718,26.244172191619874,adaptive,masked_mae,384,8,oral,150.0,primary_s5_h128_20k
0.2119696484938573,0.1705964964439785,20,0.19143664659191356,26.244172191619874,adaptive,masked_mae,384,8,torso_outside_head_roi,150.0,primary_s5_h128_20k
0.07309401908638327,0.04021890851903944,20,0.0562995871322711,25.45573271115621,released,masked_mae,8,1,background,150.0,primary_s5_h128_20k
0.08999834551570911,0.07264005424702978,20,0.08068656805470989,25.45573271115621,released,masked_mae,8,1,eyes,150.0,primary_s5_h128_20k
0.12603159912726533,0.1071029884156295,20,0.11621181426042845,25.45573271115621,released,masked_mae,8,1,flame_supported,150.0,primary_s5_h128_20k
0.4300633440751018,0.3401875692941043,20,0.3854738577498547,25.45573271115621,released,masked_mae,8,1,flame_unsupported,150.0,primary_s5_h128_20k
0.21678595398789144,0.1777141733561454,20,0.19713641760409023,25.45573271115621,released,masked_mae,8,1,foreground,150.0,primary_s5_h128_20k
0.14523975824574376,0.12265367198149536,20,0.13400302200778394,25.45573271115621,released,masked_mae,8,1,full_frame,150.0,primary_s5_h128_20k
0.151609285996462,0.12625546852729236,20,0.1386570585299739,25.45573271115621,released,masked_mae,8,1,head_foreground,150.0,primary_s5_h128_20k
0.11479304869029652,0.0981662216050619,20,0.10626495437290691,25.45573271115621,released,masked_mae,8,1,head_supported,150.0,primary_s5_h128_20k
0.4317001757903504,0.33357193903221766,20,0.3825592844148307,25.45573271115621,released,masked_mae,8,1,head_unsupported,150.0,primary_s5_h128_20k
0.08661394432723118,0.07574520171758649,20,0.08116237702672927,25.45573271115621,released,masked_mae,8,1,oral,150.0,primary_s5_h128_20k
0.38573134054889996,0.3057166010510044,20,0.3460804790635442,25.45573271115621,released,masked_mae,8,1,torso_outside_head_roi,150.0,primary_s5_h128_20k
0.07735785716291933,0.039717862707390694,20,0.05747894604443661,25.569035228093465,released,masked_mae,8,4,background,150.0,primary_s5_h128_20k
0.09168969184328497,0.07508490419075764,20,0.08306025579093247,25.569035228093465,released,masked_mae,8,4,eyes,150.0,primary_s5_h128_20k
0.11586006921155888,0.10010913789868388,20,0.10789615070376432,25.569035228093465,released,masked_mae,8,4,flame_supported,150.0,primary_s5_h128_20k
0.40882230531477265,0.3266555282211816,20,0.3679282197360506,25.569035228093465,released,masked_mae,8,4,flame_unsupported,150.0,primary_s5_h128_20k
0.2029250800124576,0.1686405903182317,20,0.18559563979225494,25.569035228093465,released,masked_mae,8,4,foreground,150.0,primary_s5_h128_20k
0.14061447146701853,0.11750463328482473,20,0.12895654415296126,25.569035228093465,released,masked_mae,8,4,full_frame,150.0,primary_s5_h128_20k
0.14307783329922402,0.11961105369311337,20,0.13096224276914742,25.569035228093465,released,masked_mae,8,4,head_foreground,150.0,primary_s5_h128_20k
0.10660853566221237,0.09099884000232521,20,0.09858734925181134,25.569035228093465,released,masked_mae,8,4,head_supported,150.0,primary_s5_h128_20k
0.42891246938256355,0.33206493041819035,20,0.38024718675415337,25.569035228093465,released,masked_mae,8,4,head_unsupported,150.0,primary_s5_h128_20k
0.08825453564662426,0.07708030142395393,20,0.08262866807063651,25.569035228093465,released,masked_mae,8,4,oral,150.0,primary_s5_h128_20k
0.36039714662325356,0.29084212514738644,20,0.3244039450235425,25.569035228093465,released,masked_mae,8,4,torso_outside_head_roi,150.0,primary_s5_h128_20k
0.07578282961441224,0.03877355920374541,20,0.05642791073360924,25.207965278625487,released,masked_mae,8,8,background,150.0,primary_s5_h128_20k
0.09110253333826973,0.07619104648411161,20,0.08310860135801859,25.207965278625487,released,masked_mae,8,8,eyes,150.0,primary_s5_h128_20k
0.11428178897189731,0.09828617847469222,20,0.10607008778529028,25.207965278625487,released,masked_mae,8,8,flame_supported,150.0,primary_s5_h128_20k
0.40110184209013355,0.321846775919638,20,0.3612323379072573,25.207965278625487,released,masked_mae,8,8,flame_unsupported,150.0,primary_s5_h128_20k
0.2014574651259737,0.16580539198796163,20,0.1837579277422548,25.207965278625487,released,masked_mae,8,8,foreground,150.0,primary_s5_h128_20k
0.13885216613954623,0.11490171092456207,20,0.12696146963306665,25.207965278625487,released,masked_mae,8,8,full_frame,150.0,primary_s5_h128_20k
0.14078412247229036,0.11735068086706567,20,0.1289478774398347,25.207965278625487,released,masked_mae,8,8,head_foreground,150.0,primary_s5_h128_20k
0.10467917877042594,0.08934351184684389,20,0.0968413657114962,25.207965278625487,released,masked_mae,8,8,head_supported,150.0,primary_s5_h128_20k
0.42842048102112995,0.32943446315897246,20,0.37807661739237675,25.207965278625487,released,masked_mae,8,8,head_unsupported,150.0,primary_s5_h128_20k
0.08650264719911169,0.07621798962147946,20,0.08123011680424962,25.207965278625487,released,masked_mae,8,8,oral,150.0,primary_s5_h128_20k
0.35201194933883845,0.281326216017558,20,0.3154091190399352,25.207965278625487,released,masked_mae,8,8,torso_outside_head_roi,150.0,primary_s5_h128_20k
0.08802708776301345,0.053928741571394746,20,0.07030840873698625,34.42893028259278,released,masked_mae,32,1,background,150.0,primary_s5_h128_20k
0.08333269009523202,0.07174461460638135,20,0.07752757605426372,34.42893028259278,released,masked_mae,32,1,eyes,150.0,primary_s5_h128_20k
0.1099295317491758,0.09540727776269937,20,0.10257879417571777,34.42893028259278,released,masked_mae,32,1,flame_supported,150.0,primary_s5_h128_20k
0.2543910204344263,0.21839289387981434,20,0.2363441239138419,34.42893028259278,released,masked_mae,32,1,flame_unsupported,150.0,primary_s5_h128_20k
0.15240075896016514,0.13166497321692075,20,0.14201373676811044,34.42893028259278,released,masked_mae,32,1,foreground,150.0,primary_s5_h128_20k
0.12035198571888828,0.10035792729931563,20,0.11038068800863594,34.42893028259278,released,masked_mae,32,1,full_frame,150.0,primary_s5_h128_20k
0.11822628418164356,0.10550692415023485,20,0.11197272526239524,34.42893028259278,released,masked_mae,32,1,head_foreground,150.0,primary_s5_h128_20k
0.10334227267246192,0.08994550594532631,20,0.09662376273633093,34.42893028259278,released,masked_mae,32,1,head_supported,150.0,primary_s5_h128_20k
0.2830486822043491,0.22153720989533066,20,0.25121818269041396,34.42893028259278,released,masked_mae,32,1,head_unsupported,150.0,primary_s5_h128_20k
0.08477811363037256,0.07435867356381193,20,0.07961461840132754,34.42893028259278,released,masked_mae,32,1,oral,150.0,primary_s5_h128_20k
0.23237895202554443,0.19138719952908587,20,0.21138474840454533,34.42893028259278,released,masked_mae,32,1,torso_outside_head_roi,150.0,primary_s5_h128_20k
0.08785924954054912,0.05315461424225656,20,0.06980681330785612,33.19757089614869,released,masked_mae,32,4,background,150.0,primary_s5_h128_20k
0.08514646701230891,0.07292256951346257,20,0.0788001078544198,33.19757089614869,released,masked_mae,32,4,eyes,150.0,primary_s5_h128_20k
0.10245482385339026,0.08888486432600037,20,0.09556254148818925,33.19757089614869,released,masked_mae,32,4,flame_supported,150.0,primary_s5_h128_20k
0.2512844738961013,0.21255573232623323,20,0.23049532426953906,33.19757089614869,released,masked_mae,32,4,flame_unsupported,150.0,primary_s5_h128_20k
0.14580394285579215,0.12571037498205434,20,0.1356064941309168,33.19757089614869,released,masked_mae,32,4,foreground,150.0,primary_s5_h128_20k
0.11741729608867776,0.09699999572187526,20,0.10674767830811913,33.19757089614869,released,masked_mae,32,4,full_frame,150.0,primary_s5_h128_20k
0.11118324037812603,0.09988702029060147,20,0.10548806029287165,33.19757089614869,released,masked_mae,32,4,head_foreground,150.0,primary_s5_h128_20k
0.09634465753494224,0.08392876655103837,20,0.09000824942348333,33.19757089614869,released,masked_mae,32,4,head_supported,150.0,primary_s5_h128_20k
0.2748791089854842,0.21754582561340435,20,0.2452852443341198,33.19757089614869,released,masked_mae,32,4,head_unsupported,150.0,primary_s5_h128_20k
0.08664107250675086,0.07573038408470517,20,0.0810902373449086,33.19757089614869,released,masked_mae,32,4,oral,150.0,primary_s5_h128_20k
0.227019031472306,0.1889841053853962,20,0.20704315751152985,33.19757089614869,released,masked_mae,32,4,torso_outside_head_roi,150.0,primary_s5_h128_20k
0.08731259366747073,0.052128089543544184,20,0.06884318448794603,33.195003255208334,released,masked_mae,32,8,background,150.0,primary_s5_h128_20k
0.08586842531688454,0.07350594737858888,20,0.07943067855517864,33.195003255208334,released,masked_mae,32,8,eyes,150.0,primary_s5_h128_20k
0.10150450648661347,0.08802817300349232,20,0.0946254353533657,33.195003255208334,released,masked_mae,32,8,flame_supported,150.0,primary_s5_h128_20k
0.24615312519022114,0.20938086003903195,20,0.22696630328531628,33.195003255208334,released,masked_mae,32,8,flame_unsupported,150.0,primary_s5_h128_20k
0.14531488221808805,0.12434462912694758,20,0.13430343949501006,33.195003255208334,released,masked_mae,32,8,foreground,150.0,primary_s5_h128_20k
0.1166012148419328,0.09495963816755434,20,0.10540866867288368,33.195003255208334,released,masked_mae,32,8,full_frame,150.0,primary_s5_h128_20k
0.11010596202874491,0.09834554001263789,20,0.10424246626460068,33.195003255208334,released,masked_mae,32,8,head_foreground,150.0,primary_s5_h128_20k
0.0949081364493433,0.08277990939446747,20,0.08869184545371413,33.195003255208334,released,masked_mae,32,8,head_supported,150.0,primary_s5_h128_20k
0.2778006761111098,0.21867267277712968,20,0.24684154031312908,33.195003255208334,released,masked_mae,32,8,head_unsupported,150.0,primary_s5_h128_20k
0.08551921314227288,0.07521166353756573,20,0.08036106843968893,33.195003255208334,released,masked_mae,32,8,oral,150.0,primary_s5_h128_20k
0.22448661486017693,0.18487870351581812,20,0.20350436600562852,33.195003255208334,released,masked_mae,32,8,torso_outside_head_roi,150.0,primary_s5_h128_20k
0.07624235936625173,0.04377114565367615,20,0.05899100757774754,31.69501647949219,released,masked_mae,128,1,background,150.0,primary_s5_h128_20k
0.07886158943127271,0.06852569441051658,20,0.07367135494087196,31.69501647949219,released,masked_mae,128,1,eyes,150.0,primary_s5_h128_20k
0.10233004989145232,0.0880531263633817,20,0.09495490605498097,31.69501647949219,released,masked_mae,128,1,flame_supported,150.0,primary_s5_h128_20k
0.26232071963551523,0.19987557031451286,20,0.2295185734782709,31.69501647949219,released,masked_mae,128,1,flame_unsupported,150.0,primary_s5_h128_20k
0.14536704629581282,0.12311748113109691,20,0.13378847293162388,31.69501647949219,released,masked_mae,128,1,foreground,150.0,primary_s5_h128_20k
0.1088901456628226,0.0907468099959872,20,0.09935606651405923,31.69501647949219,released,masked_mae,128,1,full_frame,150.0,primary_s5_h128_20k
0.11632906658754238,0.0988990308879224,20,0.10703617536709598,31.69501647949219,released,masked_mae,128,1,head_foreground,150.0,primary_s5_h128_20k
0.09869709019946703,0.08345449089210676,20,0.09049304928896461,31.69501647949219,released,masked_mae,128,1,head_supported,150.0,primary_s5_h128_20k
0.27215608769112437,0.21569834360393306,20,0.2427978079938547,31.69501647949219,released,masked_mae,128,1,head_unsupported,150.0,primary_s5_h128_20k
0.08439865656914575,0.0744842849272941,20,0.07935519860040215,31.69501647949219,released,masked_mae,128,1,oral,150.0,primary_s5_h128_20k
0.22642438831108033,0.1731116707701174,20,0.19855331820372352,31.69501647949219,released,masked_mae,128,1,torso_outside_head_roi,150.0,primary_s5_h128_20k
0.08024092845883478,0.0473718303743003,20,0.06309769593846416,29.89190004666646,released,masked_mae,128,4,background,150.0,primary_s5_h128_20k
0.07981331547909398,0.06935967013807175,20,0.07458772527642762,29.89190004666646,released,masked_mae,128,4,eyes,150.0,primary_s5_h128_20k
0.0937371539841627,0.08255542461388626,20,0.08804665406780769,29.89190004666646,released,masked_mae,128,4,flame_supported,150.0,primary_s5_h128_20k
0.2546854293520131,0.19810930839904956,20,0.22553509989858575,29.89190004666646,released,masked_mae,128,4,flame_unsupported,150.0,primary_s5_h128_20k
0.13787381954861128,0.11831584896548747,20,0.12807762010831697,29.89190004666646,released,masked_mae,128,4,foreground,150.0,primary_s5_h128_20k
0.108073899320526,0.09013221779952804,20,0.09846979881558973,29.89190004666646,released,masked_mae,128,4,full_frame,150.0,primary_s5_h128_20k
0.10740111358094422,0.09365400754923003,20,0.10061877055725647,29.89190004666646,released,masked_mae,128,4,head_foreground,150.0,primary_s5_h128_20k
0.08955186145579072,0.0782921192696613,20,0.08374607516393454,29.89190004666646,released,masked_mae,128,4,head_supported,150.0,primary_s5_h128_20k
0.2672425575649049,0.21051095063798203,20,0.23774100442109428,29.89190004666646,released,masked_mae,128,4,head_unsupported,150.0,primary_s5_h128_20k
0.08340260821680605,0.07378951805499812,20,0.07862192938252233,29.89190004666646,released,masked_mae,128,4,oral,150.0,primary_s5_h128_20k
0.21901554882806915,0.17254282205942295,20,0.19552027516335602,29.89190004666646,released,masked_mae,128,4,torso_outside_head_roi,150.0,primary_s5_h128_20k
0.08041155360616904,0.04817347127638184,20,0.0639459740704212,29.787905645370483,released,masked_mae,128,8,background,150.0,primary_s5_h128_20k
0.0805199926754558,0.07031840716789123,20,0.07547203547113701,29.787905645370483,released,masked_mae,128,8,eyes,150.0,primary_s5_h128_20k
0.09348930852105866,0.08184032806568534,20,0.08746137488410491,29.787905645370483,released,masked_mae,128,8,flame_supported,150.0,primary_s5_h128_20k
0.24452166779643722,0.19291268797706204,20,0.2179578961685728,29.787905645370483,released,masked_mae,128,8,flame_unsupported,150.0,primary_s5_h128_20k
0.1357039273718812,0.11683601063752283,20,0.12620893915797432,29.787905645370483,released,masked_mae,128,8,foreground,150.0,primary_s5_h128_20k
0.10734009457894562,0.08803216841507268,20,0.0975101967824658,29.787905645370483,released,masked_mae,128,8,full_frame,150.0,primary_s5_h128_20k
0.10534919018050577,0.0922546023712939,20,0.09888429214112698,29.787905645370483,released,masked_mae,128,8,head_foreground,150.0,primary_s5_h128_20k
0.08866713146185738,0.0773724659189209,20,0.08293748602599527,29.787905645370483,released,masked_mae,128,8,head_supported,150.0,primary_s5_h128_20k
0.2518251395249093,0.20559480126903598,20,0.2283889744102562,29.787905645370483,released,masked_mae,128,8,head_unsupported,150.0,primary_s5_h128_20k
0.08338467944214703,0.07361760690907125,20,0.07861003069097097,29.787905645370483,released,masked_mae,128,8,oral,150.0,primary_s5_h128_20k
0.2148404876991877,0.16769107481669068,20,0.1905345219000259,29.787905645370483,released,masked_mae,128,8,torso_outside_head_roi,150.0,primary_s5_h128_20k
0.07146447216543571,0.04345282561263589,20,0.05679108672229131,33.51536142031351,released,masked_mae,384,1,background,150.0,primary_s5_h128_20k
0.0766028951855223,0.06896301744127127,20,0.07300007661864226,33.51536142031351,released,masked_mae,384,1,eyes,150.0,primary_s5_h128_20k
0.0985295613363345,0.08697606003782926,20,0.09267688401751306,33.51536142031351,released,masked_mae,384,1,flame_supported,150.0,primary_s5_h128_20k
0.24207568646041366,0.18626851549745455,20,0.21238711802330767,33.51536142031351,released,masked_mae,384,1,flame_unsupported,150.0,primary_s5_h128_20k
0.1368320422474733,0.11808988465278146,20,0.12743902891168304,33.51536142031351,released,masked_mae,384,1,foreground,150.0,primary_s5_h128_20k
0.10257505926229651,0.08789805350419332,20,0.09501836127877064,33.51536142031351,released,masked_mae,384,1,full_frame,150.0,primary_s5_h128_20k
0.11142510547063235,0.09757935044389936,20,0.10438876348104634,33.51536142031351,released,masked_mae,384,1,head_foreground,150.0,primary_s5_h128_20k
0.09489547670466353,0.08272915819756957,20,0.08868823442989476,33.51536142031351,released,masked_mae,384,1,head_supported,150.0,primary_s5_h128_20k
0.25568858093167396,0.21029477783550946,20,0.23323367129465825,33.51536142031351,released,masked_mae,384,1,head_unsupported,150.0,primary_s5_h128_20k
0.08606351852407332,0.07535679700131624,20,0.0807229888068948,33.51536142031351,released,masked_mae,384,1,oral,150.0,primary_s5_h128_20k
0.2116141386412161,0.15862958998056795,20,0.18408122099830515,33.51536142031351,released,masked_mae,384,1,torso_outside_head_roi,150.0,primary_s5_h128_20k
0.07156006787196774,0.04673753591342164,20,0.05896379407703585,32.340271647771196,released,masked_mae,384,4,background,150.0,primary_s5_h128_20k
0.07935710507076094,0.07020282828604815,20,0.07496034744581437,32.340271647771196,released,masked_mae,384,4,eyes,150.0,primary_s5_h128_20k
0.09196272551716299,0.08108044386541359,20,0.08628012678200123,32.340271647771196,released,masked_mae,384,4,flame_supported,150.0,primary_s5_h128_20k
0.23382877013337652,0.1869991080350519,20,0.20964943816167855,32.340271647771196,released,masked_mae,384,4,flame_unsupported,150.0,primary_s5_h128_20k
0.13069135185228245,0.11367806667675054,20,0.12225903471296425,32.340271647771196,released,masked_mae,384,4,foreground,150.0,primary_s5_h128_20k
0.10099561913460631,0.08669560732783474,20,0.09349438695868185,32.340271647771196,released,masked_mae,384,4,full_frame,150.0,primary_s5_h128_20k
0.10318398486177069,0.09133654428820354,20,0.09737945205152511,32.340271647771196,released,masked_mae,384,4,head_foreground,150.0,primary_s5_h128_20k
0.08764064491284776,0.07691967229591272,20,0.08199721144088834,32.340271647771196,released,masked_mae,384,4,head_supported,150.0,primary_s5_h128_20k
0.24899426679047154,0.20325168153571588,20,0.22505217825662066,32.340271647771196,released,masked_mae,384,4,head_unsupported,150.0,primary_s5_h128_20k
0.08535650452032255,0.07490783298717169,20,0.08011143737580162,32.340271647771196,released,masked_mae,384,4,oral,150.0,primary_s5_h128_20k
0.2067435207626505,0.16240896858212198,20,0.18434035973789226,32.340271647771196,released,masked_mae,384,4,torso_outside_head_roi,150.0,primary_s5_h128_20k
0.0745480058169001,0.04802014414918106,20,0.06080348822004469,32.077480665842685,released,masked_mae,384,8,background,150.0,primary_s5_h128_20k
0.08084229126780845,0.0720095976265518,20,0.0764678531299476,32.077480665842685,released,masked_mae,384,8,eyes,150.0,primary_s5_h128_20k
0.09229745668881423,0.08070910004133566,20,0.08620705670800273,32.077480665842685,released,masked_mae,384,8,flame_supported,150.0,primary_s5_h128_20k
0.2243931008316618,0.18126909226829696,20,0.20257521661689376,32.077480665842685,released,masked_mae,384,8,flame_unsupported,150.0,primary_s5_h128_20k
0.1298099940791095,0.11226031412850257,20,0.12094159845331601,32.077480665842685,released,masked_mae,384,8,foreground,150.0,primary_s5_h128_20k
0.10178110765021771,0.08577463607444907,20,0.09333555889336062,32.077480665842685,released,masked_mae,384,8,full_frame,150.0,primary_s5_h128_20k
0.10217171839438165,0.09060988907258809,20,0.09646501702770058,32.077480665842685,released,masked_mae,384,8,head_foreground,150.0,primary_s5_h128_20k
0.08756629433892385,0.07659901244803666,20,0.08176176390681879,32.077480665842685,released,masked_mae,384,8,head_supported,150.0,primary_s5_h128_20k
0.23742617122085424,0.19941690661084202,20,0.2183495625080793,32.077480665842685,released,masked_mae,384,8,head_unsupported,150.0,primary_s5_h128_20k
0.085702023145704,0.07483933746459218,20,0.08027602550531429,32.077480665842685,released,masked_mae,384,8,oral,150.0,primary_s5_h128_20k
0.20073651110581267,0.15829618339755572,20,0.17940382270560523,32.077480665842685,released,masked_mae,384,8,torso_outside_head_roi,150.0,primary_s5_h128_20k
0.5673290068629598,0.5185109726871763,20,0.542326590099505,0.0,hard,ssim,8,1,full_frame,0.0,primary_s5_h128_20k
0.5805174535851586,0.5325958966734735,20,0.5561640417485527,0.0,hard,ssim,8,4,full_frame,0.0,primary_s5_h128_20k
0.5880078176409005,0.5370376084372401,20,0.5618600900684083,0.0,hard,ssim,8,8,full_frame,0.0,primary_s5_h128_20k
0.5708365177576031,0.5201484262623957,20,0.5450695218074889,0.0,hard,ssim,32,1,full_frame,0.0,primary_s5_h128_20k
0.5848319565256437,0.5352389539292814,20,0.5595695496057019,0.0,hard,ssim,32,4,full_frame,0.0,primary_s5_h128_20k
0.5911770777723617,0.5382812670334465,20,0.564372263423034,0.0,hard,ssim,32,8,full_frame,0.0,primary_s5_h128_20k
0.5716798664700418,0.5207173837552823,20,0.546013374307326,0.0,hard,ssim,128,1,full_frame,0.0,primary_s5_h128_20k
0.5865008621820897,0.5365828931760607,20,0.5609772956280998,0.0,hard,ssim,128,4,full_frame,0.0,primary_s5_h128_20k
0.5923555725972568,0.5399101150230993,20,0.5655080033200128,0.0,hard,ssim,128,8,full_frame,0.0,primary_s5_h128_20k
0.5726009826912057,0.5229950896065152,20,0.5475581625742573,0.0,hard,ssim,384,1,full_frame,0.0,primary_s5_h128_20k
0.5885109714283185,0.5380917724831537,20,0.5627012159336696,0.0,hard,ssim,384,4,full_frame,0.0,primary_s5_h128_20k
0.5932079162306728,0.5411236451264647,20,0.5673282655931654,0.0,hard,ssim,384,8,full_frame,0.0,primary_s5_h128_20k
0.5632093757249059,0.5091296171955765,20,0.5353427749304543,9.748636515935262,adaptive,ssim,8,1,full_frame,30.0,dose_r30_s5_h128_20k
0.5697125158210595,0.5171435548365116,20,0.542434870022716,9.930507222811382,adaptive,ssim,8,4,full_frame,30.0,dose_r30_s5_h128_20k
0.5735729064366648,0.5207381189862886,20,0.5469144128617787,9.718489734331767,adaptive,ssim,8,8,full_frame,30.0,dose_r30_s5_h128_20k
0.5872966761000099,0.5346731040413889,20,0.5602420045151597,7.774038521448771,adaptive,ssim,384,1,full_frame,30.0,dose_r30_s5_h128_20k
0.595983405433821,0.5443285283514043,20,0.5696612162571965,7.624054789543152,adaptive,ssim,384,4,full_frame,30.0,dose_r30_s5_h128_20k
0.5990365083710778,0.5458249547509921,20,0.5719968862476803,7.57645235856374,adaptive,ssim,384,8,full_frame,30.0,dose_r30_s5_h128_20k
0.5477813574024254,0.5006739818828092,20,0.523266304532687,18.84681270917257,adaptive,ssim,8,1,full_frame,75.0,dose_r75_s5_h128_20k
0.5498832770516023,0.4994646202919611,20,0.5237208291888238,18.91845823923747,adaptive,ssim,8,4,full_frame,75.0,dose_r75_s5_h128_20k
0.5539734526954236,0.503670247507592,20,0.5282891601324081,18.68691800435384,adaptive,ssim,8,8,full_frame,75.0,dose_r75_s5_h128_20k
0.5630679233514128,0.5112027387010554,20,0.5367522566446236,15.951529328028366,adaptive,ssim,384,1,full_frame,75.0,dose_r75_s5_h128_20k
0.5628377222100444,0.5114995564023653,20,0.536766881608602,15.594336128234866,adaptive,ssim,384,4,full_frame,75.0,dose_r75_s5_h128_20k
0.567054798732556,0.5134817037092788,20,0.5399441012314388,15.565579764048257,adaptive,ssim,384,8,full_frame,75.0,dose_r75_s5_h128_20k
0.5401696512023254,0.49229881235176604,20,0.5155517170471804,29.003266080220538,adaptive,ssim,8,1,full_frame,150.0,primary_s5_h128_20k
0.5463512525334954,0.48919078101714464,20,0.5167938247774588,28.202806790669758,adaptive,ssim,8,4,full_frame,150.0,primary_s5_h128_20k
0.5501738054553668,0.49246480122918174,20,0.5207826739975384,27.980905501047765,adaptive,ssim,8,8,full_frame,150.0,primary_s5_h128_20k
0.5440329941468578,0.4934889803640544,20,0.5191961461944239,29.046521027882896,adaptive,ssim,32,1,full_frame,150.0,primary_s5_h128_20k
0.5450050808082927,0.4946741905740716,20,0.520184410115083,28.104712963104248,adaptive,ssim,32,4,full_frame,150.0,primary_s5_h128_20k
0.551430121408332,0.49718769215579534,20,0.5236543348857334,28.180259895324713,adaptive,ssim,32,8,full_frame,150.0,primary_s5_h128_20k
0.5624995558043675,0.5082985430290656,20,0.5345703004371553,24.948460547129315,adaptive,ssim,128,1,full_frame,150.0,primary_s5_h128_20k
0.5577541277286682,0.5040608998568671,20,0.5304740053234676,24.185869693756104,adaptive,ssim,128,4,full_frame,150.0,primary_s5_h128_20k
0.5635335544514514,0.5068738974400219,20,0.5352256593959671,24.25598875681559,adaptive,ssim,128,8,full_frame,150.0,primary_s5_h128_20k
0.561489795713375,0.5095347374899402,20,0.5348580989454474,27.14368890126546,adaptive,ssim,384,1,full_frame,150.0,primary_s5_h128_20k
0.5611379974064502,0.508005632317879,20,0.5340085459026422,26.646078968048094,adaptive,ssim,384,4,full_frame,150.0,primary_s5_h128_20k
0.5648446642146224,0.5101128736298001,20,0.5366596336166064,26.244172191619874,adaptive,ssim,384,8,full_frame,150.0,primary_s5_h128_20k
0.5370463899585108,0.48591084937254586,20,0.5109493574216253,25.45573271115621,released,ssim,8,1,full_frame,150.0,primary_s5_h128_20k
0.5443806517361239,0.4853076207253969,20,0.5144926811257997,25.569035228093465,released,ssim,8,4,full_frame,150.0,primary_s5_h128_20k
0.5493667446325223,0.490931622070216,20,0.5196790304921923,25.207965278625487,released,ssim,8,8,full_frame,150.0,primary_s5_h128_20k
0.5558154019376352,0.5044054435557198,20,0.5299951832209315,34.42893028259278,released,ssim,32,1,full_frame,150.0,primary_s5_h128_20k
0.557622580503424,0.5053859971734611,20,0.5313681414633087,33.19757089614869,released,ssim,32,4,full_frame,150.0,primary_s5_h128_20k
0.5612040600836987,0.5086264108156875,20,0.5347171227137248,33.195003255208334,released,ssim,32,8,full_frame,150.0,primary_s5_h128_20k
0.5733069029122236,0.517863934567819,20,0.5451331391575789,31.69501647949219,released,ssim,128,1,full_frame,150.0,primary_s5_h128_20k
0.571518280378571,0.514935083253817,20,0.5433759856856231,29.89190004666646,released,ssim,128,4,full_frame,150.0,primary_s5_h128_20k
0.5765673489442895,0.5154491793133674,20,0.5455559692212513,29.787905645370483,released,ssim,128,8,full_frame,150.0,primary_s5_h128_20k
0.5758352940485237,0.528208184432061,20,0.5517050087097146,33.51536142031351,released,ssim,384,1,full_frame,150.0,primary_s5_h128_20k
0.5764623463481213,0.5292611350288444,20,0.5525991625406524,32.340271647771196,released,ssim,384,4,full_frame,150.0,primary_s5_h128_20k
0.5775489000834169,0.5268763151551996,20,0.5516899141527356,32.077480665842685,released,ssim,384,8,full_frame,150.0,primary_s5_h128_20k
0.18852358060565633,0.17058541147698172,20,0.1794734548755235,0.0,hard,lpips_alex_spatial,8,1,background,0.0,primary_s5_h128_20k
0.21248035348478403,0.18435865177823355,20,0.1977955073851524,0.0,hard,lpips_alex_spatial,8,1,eyes,0.0,primary_s5_h128_20k
0.28732899549424523,0.25130089105866166,20,0.2685530610923596,0.0,hard,lpips_alex_spatial,8,1,flame_supported,0.0,primary_s5_h128_20k
0.5135585062799733,0.4191039076736332,20,0.46554686148204183,0.0,hard,lpips_alex_spatial,8,1,flame_unsupported,0.0,primary_s5_h128_20k
0.35884749082498535,0.3081464382043968,20,0.333376309832772,0.0,hard,lpips_alex_spatial,8,1,foreground,0.0,primary_s5_h128_20k
0.28397239590878104,0.24854013476665918,20,0.26604073500478426,0.0,hard,lpips_alex_spatial,8,1,full_frame,0.0,primary_s5_h128_20k
0.26457435668115825,0.2295979747595938,20,0.24638772294195563,0.0,hard,lpips_alex_spatial,8,1,head_foreground,0.0,primary_s5_h128_20k
0.2626884852589008,0.22860719479666655,20,0.2445480730697031,0.0,hard,lpips_alex_spatial,8,1,head_supported,0.0,primary_s5_h128_20k
0.2866828454335295,0.22736374971537582,20,0.25642874128947907,0.0,hard,lpips_alex_spatial,8,1,head_unsupported,0.0,primary_s5_h128_20k
0.2295198914349242,0.198120578932775,20,0.21259838801400108,0.0,hard,lpips_alex_spatial,8,1,oral,0.0,primary_s5_h128_20k
0.5598776957860698,0.479240821778348,20,0.5190299631646121,0.0,hard,lpips_alex_spatial,8,1,torso_outside_head_roi,0.0,primary_s5_h128_20k
0.1878346185817902,0.16907249595849397,20,0.1783422496891623,0.0,hard,lpips_alex_spatial,8,4,background,0.0,primary_s5_h128_20k
0.20931473865427994,0.18172571848297023,20,0.19461901904194778,0.0,hard,lpips_alex_spatial,8,4,eyes,0.0,primary_s5_h128_20k
0.2804302162298332,0.2425615118156764,20,0.2606528183824901,0.0,hard,lpips_alex_spatial,8,4,flame_supported,0.0,primary_s5_h128_20k
0.5074232998614274,0.41758359387021304,20,0.46254740624543633,0.0,hard,lpips_alex_spatial,8,4,flame_unsupported,0.0,primary_s5_h128_20k
0.3510468384358744,0.3017663172276703,20,0.3263759760548826,0.0,hard,lpips_alex_spatial,8,4,foreground,0.0,primary_s5_h128_20k
0.28025551113543756,0.24526312963159613,20,0.2625751493883527,0.0,hard,lpips_alex_spatial,8,4,full_frame,0.0,primary_s5_h128_20k
0.2560873740685947,0.22003529616209835,20,0.23740406884495252,0.0,hard,lpips_alex_spatial,8,4,head_foreground,0.0,primary_s5_h128_20k
0.2540854999534352,0.2188692821438825,20,0.23547186556336808,0.0,hard,lpips_alex_spatial,8,4,head_supported,0.0,primary_s5_h128_20k
0.27788899871614187,0.21813501101164784,20,0.24830955593724865,0.0,hard,lpips_alex_spatial,8,4,head_unsupported,0.0,primary_s5_h128_20k
0.2210025676571722,0.18821085891465916,20,0.20372869447077863,0.0,hard,lpips_alex_spatial,8,4,oral,0.0,primary_s5_h128_20k
0.5570611692797433,0.4769914524741242,20,0.5167049684635642,0.0,hard,lpips_alex_spatial,8,4,torso_outside_head_roi,0.0,primary_s5_h128_20k
0.1847072526284379,0.16436492400498084,20,0.17400455604175305,0.0,hard,lpips_alex_spatial,8,8,background,0.0,primary_s5_h128_20k
0.20589133216656913,0.17843020028555925,20,0.19098685050261816,0.0,hard,lpips_alex_spatial,8,8,eyes,0.0,primary_s5_h128_20k
0.27628278723265687,0.23658042901687068,20,0.2555006469511799,0.0,hard,lpips_alex_spatial,8,8,flame_supported,0.0,primary_s5_h128_20k
0.5091384310686065,0.4151070605966994,20,0.46089826713561644,0.0,hard,lpips_alex_spatial,8,8,flame_unsupported,0.0,primary_s5_h128_20k
0.3491482592330506,0.2964280915094684,20,0.32310866037516545,0.0,hard,lpips_alex_spatial,8,8,foreground,0.0,primary_s5_h128_20k
0.2773422360613748,0.23926520178521868,20,0.2581392128230173,0.0,hard,lpips_alex_spatial,8,8,full_frame,0.0,primary_s5_h128_20k
0.2513532420802969,0.21306462750568247,20,0.2315310403655125,0.0,hard,lpips_alex_spatial,8,8,head_foreground,0.0,primary_s5_h128_20k
0.24946319699818142,0.2121474530629296,20,0.22970950014349145,0.0,hard,lpips_alex_spatial,8,8,head_supported,0.0,primary_s5_h128_20k
0.274013265248456,0.21115348521731073,20,0.24254018374308844,0.0,hard,lpips_alex_spatial,8,8,head_unsupported,0.0,primary_s5_h128_20k
0.2275760324943182,0.18893100229130724,20,0.20679024165145857,0.0,hard,lpips_alex_spatial,8,8,oral,0.0,primary_s5_h128_20k
0.5540911313990554,0.47213777694050385,20,0.5130408538608604,0.0,hard,lpips_alex_spatial,8,8,torso_outside_head_roi,0.0,primary_s5_h128_20k
0.18690333734881728,0.16842529754039945,20,0.17766487688659666,0.0,hard,lpips_alex_spatial,32,1,background,0.0,primary_s5_h128_20k
0.2079271439075922,0.18117070867653737,20,0.1944875291534612,0.0,hard,lpips_alex_spatial,32,1,eyes,0.0,primary_s5_h128_20k
0.2816555207529801,0.2442699371665222,20,0.26246367389676317,0.0,hard,lpips_alex_spatial,32,1,flame_supported,0.0,primary_s5_h128_20k
0.5079197457099159,0.4142871272781311,20,0.46121634946857093,0.0,hard,lpips_alex_spatial,32,1,flame_unsupported,0.0,primary_s5_h128_20k
0.35420426654862136,0.30209213889444364,20,0.3278246225502279,0.0,hard,lpips_alex_spatial,32,1,foreground,0.0,primary_s5_h128_20k
0.2804295718298975,0.24448554265453953,20,0.26215277859916936,0.0,hard,lpips_alex_spatial,32,1,full_frame,0.0,primary_s5_h128_20k
0.25807426501054503,0.22361402750460863,20,0.24001903850555467,0.0,hard,lpips_alex_spatial,32,1,head_foreground,0.0,primary_s5_h128_20k
0.25548058775345844,0.2219060419116118,20,0.23821402851725115,0.0,hard,lpips_alex_spatial,32,1,head_supported,0.0,primary_s5_h128_20k
0.27857823449904395,0.21911104539298507,20,0.24888653891150328,0.0,hard,lpips_alex_spatial,32,1,head_unsupported,0.0,primary_s5_h128_20k
0.22872722886976937,0.19780952278691752,20,0.21241659336641602,0.0,hard,lpips_alex_spatial,32,1,oral,0.0,primary_s5_h128_20k
0.5570387420549301,0.47517132311330496,20,0.5157611848515502,0.0,hard,lpips_alex_spatial,32,1,torso_outside_head_roi,0.0,primary_s5_h128_20k
0.1862086807826821,0.16691322673666995,20,0.1764897824542607,0.0,hard,lpips_alex_spatial,32,4,background,0.0,primary_s5_h128_20k
0.203944104239873,0.17859807563378635,20,0.19052865068227243,0.0,hard,lpips_alex_spatial,32,4,eyes,0.0,primary_s5_h128_20k
0.27446878443516026,0.23735468178473831,20,0.25503128620086263,0.0,hard,lpips_alex_spatial,32,4,flame_supported,0.0,primary_s5_h128_20k
0.5051347370725742,0.4129177137759008,20,0.4577397627477257,0.0,hard,lpips_alex_spatial,32,4,flame_unsupported,0.0,primary_s5_h128_20k
0.3459719874927576,0.2959712349364145,20,0.3210105781801456,0.0,hard,lpips_alex_spatial,32,4,foreground,0.0,primary_s5_h128_20k
0.27710363795647286,0.24096876086815988,20,0.2587924664506571,0.0,hard,lpips_alex_spatial,32,4,full_frame,0.0,primary_s5_h128_20k
0.2503868435685038,0.21421145909514883,20,0.2317402574332629,0.0,hard,lpips_alex_spatial,32,4,head_foreground,0.0,primary_s5_h128_20k
0.24834743729419892,0.21362712868365397,20,0.22982561458040113,0.0,hard,lpips_alex_spatial,32,4,head_supported,0.0,primary_s5_h128_20k
0.2717894405551951,0.21148898530662927,20,0.24199685012566224,0.0,hard,lpips_alex_spatial,32,4,head_unsupported,0.0,primary_s5_h128_20k
0.22217396503963593,0.18976099199301966,20,0.20475352492050097,0.0,hard,lpips_alex_spatial,32,4,oral,0.0,primary_s5_h128_20k
0.5522972515765401,0.4720574322828965,20,0.5123217176607868,0.0,hard,lpips_alex_spatial,32,4,torso_outside_head_roi,0.0,primary_s5_h128_20k
0.18404107161441965,0.16324992310396574,20,0.17343449500311736,0.0,hard,lpips_alex_spatial,32,8,background,0.0,primary_s5_h128_20k
0.19948625406603882,0.17500003467044184,20,0.18671431443558978,0.0,hard,lpips_alex_spatial,32,8,eyes,0.0,primary_s5_h128_20k
0.2717575743357739,0.23180551302123434,20,0.2509181747722997,0.0,hard,lpips_alex_spatial,32,8,flame_supported,0.0,primary_s5_h128_20k
0.5046749006512139,0.41075341501036433,20,0.45688570229755054,0.0,hard,lpips_alex_spatial,32,8,flame_unsupported,0.0,primary_s5_h128_20k
0.34567311867105116,0.2919507385173063,20,0.3187104910798286,0.0,hard,lpips_alex_spatial,32,8,foreground,0.0,primary_s5_h128_20k
0.2744810947350093,0.2367880868208615,20,0.2554876922270953,0.0,hard,lpips_alex_spatial,32,8,full_frame,0.0,primary_s5_h128_20k
0.2464367790124502,0.2082645295631474,20,0.22702132572526806,0.0,hard,lpips_alex_spatial,32,8,head_foreground,0.0,primary_s5_h128_20k
0.24467239095853394,0.20715929391181037,20,0.22518457556289256,0.0,hard,lpips_alex_spatial,32,8,head_supported,0.0,primary_s5_h128_20k
0.2677796207259625,0.2070109131169724,20,0.2377485673382221,0.0,hard,lpips_alex_spatial,32,8,head_unsupported,0.0,primary_s5_h128_20k
0.22777153258825347,0.1907952276063271,20,0.20824720053258025,0.0,hard,lpips_alex_spatial,32,8,oral,0.0,primary_s5_h128_20k
0.5504659601258025,0.4677613570227341,20,0.5089619949338107,0.0,hard,lpips_alex_spatial,32,8,torso_outside_head_roi,0.0,primary_s5_h128_20k
0.1880440658625176,0.16980633400207926,20,0.17900106626432094,0.0,hard,lpips_alex_spatial,128,1,background,0.0,primary_s5_h128_20k
0.21597331436084727,0.18853649973225564,20,0.20178846204487236,0.0,hard,lpips_alex_spatial,128,1,eyes,0.0,primary_s5_h128_20k
0.2863832872516846,0.24748481177074813,20,0.2661449057034418,0.0,hard,lpips_alex_spatial,128,1,flame_supported,0.0,primary_s5_h128_20k
0.5079363028301376,0.4156514029679156,20,0.46122670909352054,0.0,hard,lpips_alex_spatial,128,1,flame_unsupported,0.0,primary_s5_h128_20k
0.3567172613600654,0.30484750348303125,20,0.3304922579398041,0.0,hard,lpips_alex_spatial,128,1,foreground,0.0,primary_s5_h128_20k
0.2820732682882062,0.2464172716387164,20,0.26416167050471034,0.0,hard,lpips_alex_spatial,128,1,full_frame,0.0,primary_s5_h128_20k
0.2631225451277006,0.22649137650633178,20,0.24449982954491664,0.0,hard,lpips_alex_spatial,128,1,head_foreground,0.0,primary_s5_h128_20k
0.26124282925514075,0.22638573443512192,20,0.2427780402221562,0.0,hard,lpips_alex_spatial,128,1,head_supported,0.0,primary_s5_h128_20k
0.2822659883370719,0.2229439309984488,20,0.2529339767657207,0.0,hard,lpips_alex_spatial,128,1,head_unsupported,0.0,primary_s5_h128_20k
0.23474313122354823,0.204388613514948,20,0.21879827419189954,0.0,hard,lpips_alex_spatial,128,1,oral,0.0,primary_s5_h128_20k
0.5544429118648275,0.47137357752302894,20,0.513232408121913,0.0,hard,lpips_alex_spatial,128,1,torso_outside_head_roi,0.0,primary_s5_h128_20k
0.18594284601797642,0.166642312553664,20,0.1759433339241265,0.0,hard,lpips_alex_spatial,128,4,background,0.0,primary_s5_h128_20k
0.2082245569144022,0.18300716457709854,20,0.19488105775928735,0.0,hard,lpips_alex_spatial,128,4,eyes,0.0,primary_s5_h128_20k
0.27474641308404246,0.23585305491997516,20,0.2545690183304133,0.0,hard,lpips_alex_spatial,128,4,flame_supported,0.0,primary_s5_h128_20k
0.5039775125424716,0.40931633210600354,20,0.456443522492307,0.0,hard,lpips_alex_spatial,128,4,flame_unsupported,0.0,primary_s5_h128_20k
0.34628607522632876,0.29492796806916427,20,0.3203341583290722,0.0,hard,lpips_alex_spatial,128,4,foreground,0.0,primary_s5_h128_20k
0.2762472557184125,0.23959101666555258,20,0.258174071742155,0.0,hard,lpips_alex_spatial,128,4,full_frame,0.0,primary_s5_h128_20k
0.25118471520927543,0.2127633944435803,20,0.23166111656864694,0.0,hard,lpips_alex_spatial,128,4,head_foreground,0.0,primary_s5_h128_20k
0.24876016358065062,0.2118836344590407,20,0.2297635808381644,0.0,hard,lpips_alex_spatial,128,4,head_supported,0.0,primary_s5_h128_20k
0.2727592701523598,0.21191830860526462,20,0.24187727838266007,0.0,hard,lpips_alex_spatial,128,4,head_unsupported,0.0,primary_s5_h128_20k
0.22179202470719844,0.18896599920829507,20,0.20454218393389487,0.0,hard,lpips_alex_spatial,128,4,oral,0.0,primary_s5_h128_20k
0.5515044204734563,0.4689550274311909,20,0.5096493570435159,0.0,hard,lpips_alex_spatial,128,4,torso_outside_head_roi,0.0,primary_s5_h128_20k
0.18413957643797477,0.16275020509075017,20,0.17289417286842085,0.0,hard,lpips_alex_spatial,128,8,background,0.0,primary_s5_h128_20k
0.20448783966381076,0.1783286262150284,20,0.1909092002819425,0.0,hard,lpips_alex_spatial,128,8,eyes,0.0,primary_s5_h128_20k
0.271773185608953,0.22957696124692822,20,0.2502208781454296,0.0,hard,lpips_alex_spatial,128,8,flame_supported,0.0,primary_s5_h128_20k
0.5040245446040801,0.40916299505061937,20,0.4555926678950746,0.0,hard,lpips_alex_spatial,128,8,flame_unsupported,0.0,primary_s5_h128_20k
0.3456384608276525,0.28967128552621224,20,0.31788542321812135,0.0,hard,lpips_alex_spatial,128,8,foreground,0.0,primary_s5_h128_20k
0.2745934809654048,0.23520122928665835,20,0.25481396320062283,0.0,hard,lpips_alex_spatial,128,8,full_frame,0.0,primary_s5_h128_20k
0.24726512889005706,0.20732821258390258,20,0.22665148392750742,0.0,hard,lpips_alex_spatial,128,8,head_foreground,0.0,primary_s5_h128_20k
0.2450530931745906,0.20612379279378465,20,0.22481843447959693,0.0,hard,lpips_alex_spatial,128,8,head_supported,0.0,primary_s5_h128_20k
0.2686902991457494,0.20640099253964045,20,0.23747599661737223,0.0,hard,lpips_alex_spatial,128,8,head_unsupported,0.0,primary_s5_h128_20k
0.22692726719152156,0.1891457239959725,20,0.20686068206501215,0.0,hard,lpips_alex_spatial,128,8,oral,0.0,primary_s5_h128_20k
0.5478351912292208,0.46329052539462406,20,0.506534405868023,0.0,hard,lpips_alex_spatial,128,8,torso_outside_head_roi,0.0,primary_s5_h128_20k
0.18776091523752025,0.1692093651813466,20,0.17828936059660036,0.0,hard,lpips_alex_spatial,384,1,background,0.0,primary_s5_h128_20k
0.212615175664766,0.18477722522408777,20,0.1983623486305012,0.0,hard,lpips_alex_spatial,384,1,eyes,0.0,primary_s5_h128_20k
0.2846433199773041,0.2444855672528668,20,0.2635247686025194,0.0,hard,lpips_alex_spatial,384,1,flame_supported,0.0,primary_s5_h128_20k
0.5072120469701252,0.41308883279663944,20,0.45996666944195636,0.0,hard,lpips_alex_spatial,384,1,flame_unsupported,0.0,primary_s5_h128_20k
0.35513690550367166,0.30198907737543296,20,0.32828256300301234,0.0,hard,lpips_alex_spatial,384,1,foreground,0.0,primary_s5_h128_20k
0.28160132464908416,0.2441798874226225,20,0.26269787290653623,0.0,hard,lpips_alex_spatial,384,1,full_frame,0.0,primary_s5_h128_20k
0.2613448579206887,0.22375662422277626,20,0.24191398091458444,0.0,hard,lpips_alex_spatial,384,1,head_foreground,0.0,primary_s5_h128_20k
0.2590539029837838,0.22190249673868898,20,0.24007176141989,0.0,hard,lpips_alex_spatial,384,1,head_supported,0.0,primary_s5_h128_20k
0.2821122740942776,0.221215152994473,20,0.25131720861557677,0.0,hard,lpips_alex_spatial,384,1,head_unsupported,0.0,primary_s5_h128_20k
0.23148808843486207,0.19931321948332614,20,0.21468946295563857,0.0,hard,lpips_alex_spatial,384,1,oral,0.0,primary_s5_h128_20k
0.5537408458380622,0.4700710631247284,20,0.5122618003315358,0.0,hard,lpips_alex_spatial,384,1,torso_outside_head_roi,0.0,primary_s5_h128_20k
0.1854082434236676,0.16575677943506825,20,0.17568270518289558,0.0,hard,lpips_alex_spatial,384,4,background,0.0,primary_s5_h128_20k
0.20746046699155893,0.1804851985436971,20,0.19345159716336172,0.0,hard,lpips_alex_spatial,384,4,eyes,0.0,primary_s5_h128_20k
0.2749324097046452,0.2346587606384978,20,0.2538192549833541,0.0,hard,lpips_alex_spatial,384,4,flame_supported,0.0,primary_s5_h128_20k
0.5026363932608596,0.40967657341842734,20,0.456271457275441,0.0,hard,lpips_alex_spatial,384,4,flame_unsupported,0.0,primary_s5_h128_20k
0.34624185294193516,0.29370369568162785,20,0.3197861722236822,0.0,hard,lpips_alex_spatial,384,4,foreground,0.0,primary_s5_h128_20k
0.27628294609589676,0.23986073679093156,20,0.2577915594104893,0.0,hard,lpips_alex_spatial,384,4,full_frame,0.0,primary_s5_h128_20k
0.25069929086322096,0.21190570124821528,20,0.23093282812051114,0.0,hard,lpips_alex_spatial,384,4,head_foreground,0.0,primary_s5_h128_20k
0.24837493962533463,0.21110083842687904,20,0.2289934217881659,0.0,hard,lpips_alex_spatial,384,4,head_supported,0.0,primary_s5_h128_20k
0.2720918990677801,0.21159187180106862,20,0.24166581857897276,0.0,hard,lpips_alex_spatial,384,4,head_unsupported,0.0,primary_s5_h128_20k
0.22168925269844028,0.1874394404310296,20,0.20362335104845788,0.0,hard,lpips_alex_spatial,384,4,oral,0.0,primary_s5_h128_20k
0.5497530439916426,0.4679707202325679,20,0.5095020320469177,0.0,hard,lpips_alex_spatial,384,4,torso_outside_head_roi,0.0,primary_s5_h128_20k
0.18395916229573114,0.16240438138681573,20,0.1725813188615449,0.0,hard,lpips_alex_spatial,384,8,background,0.0,primary_s5_h128_20k
0.20338475127389088,0.17540656148268977,20,0.18886542416071955,0.0,hard,lpips_alex_spatial,384,8,eyes,0.0,primary_s5_h128_20k
0.2715041841204435,0.22917136428953985,20,0.24968396815792807,0.0,hard,lpips_alex_spatial,384,8,flame_supported,0.0,primary_s5_h128_20k
0.50384067265216,0.40822526524971076,20,0.4556843137731107,0.0,hard,lpips_alex_spatial,384,8,flame_unsupported,0.0,primary_s5_h128_20k
0.3448094482604702,0.28883708302397404,20,0.31758654751992904,0.0,hard,lpips_alex_spatial,384,8,foreground,0.0,primary_s5_h128_20k
0.27433149978582994,0.23507240913969618,20,0.25455253733184946,0.0,hard,lpips_alex_spatial,384,8,full_frame,0.0,primary_s5_h128_20k
0.24663999787523086,0.20628784654509003,20,0.22606576566897774,0.0,hard,lpips_alex_spatial,384,8,head_foreground,0.0,primary_s5_h128_20k
0.24506511325144825,0.20508751218827906,20,0.22420681732444986,0.0,hard,lpips_alex_spatial,384,8,head_supported,0.0,primary_s5_h128_20k
0.26882558748943924,0.20636056862828742,20,0.23735903825847887,0.0,hard,lpips_alex_spatial,384,8,head_unsupported,0.0,primary_s5_h128_20k
0.22655864792731864,0.18781038883721765,20,0.20616463524014944,0.0,hard,lpips_alex_spatial,384,8,oral,0.0,primary_s5_h128_20k
0.5484703601546311,0.46472504211637383,20,0.5067665506945499,0.0,hard,lpips_alex_spatial,384,8,torso_outside_head_roi,0.0,primary_s5_h128_20k
0.19203168124021125,0.17279979931407705,20,0.1823427497937284,9.748636515935262,adaptive,lpips_alex_spatial,8,1,background,30.0,dose_r30_s5_h128_20k
0.21251472942183974,0.17855089590206363,20,0.19447225710919896,9.748636515935262,adaptive,lpips_alex_spatial,8,1,eyes,30.0,dose_r30_s5_h128_20k
0.2910692771883166,0.25624933868157274,20,0.27262382633175103,9.748636515935262,adaptive,lpips_alex_spatial,8,1,flame_supported,30.0,dose_r30_s5_h128_20k
0.49560512053765005,0.41167027310183996,20,0.45260496565016195,9.748636515935262,adaptive,lpips_alex_spatial,8,1,flame_unsupported,30.0,dose_r30_s5_h128_20k
0.35568309902686307,0.30824881344854094,20,0.3316852156706464,9.748636515935262,adaptive,lpips_alex_spatial,8,1,foreground,30.0,dose_r30_s5_h128_20k
0.2827981595778879,0.25055849445749934,20,0.26634865786348066,9.748636515935262,adaptive,lpips_alex_spatial,8,1,full_frame,30.0,dose_r30_s5_h128_20k
0.26788379980567056,0.2327006585391081,20,0.24920916154372724,9.748636515935262,adaptive,lpips_alex_spatial,8,1,head_foreground,30.0,dose_r30_s5_h128_20k
0.2657328931835128,0.23199759328264727,20,0.24765264329900177,9.748636515935262,adaptive,lpips_alex_spatial,8,1,head_supported,30.0,dose_r30_s5_h128_20k
0.29293652550912647,0.23186472010399825,20,0.2621983990602098,9.748636515935262,adaptive,lpips_alex_spatial,8,1,head_unsupported,30.0,dose_r30_s5_h128_20k
0.23706345932073333,0.20248483211895763,20,0.21895649254649735,9.748636515935262,adaptive,lpips_alex_spatial,8,1,oral,30.0,dose_r30_s5_h128_20k
0.5439466886115412,0.4755755307470194,20,0.5098410270700144,9.748636515935262,adaptive,lpips_alex_spatial,8,1,torso_outside_head_roi,30.0,dose_r30_s5_h128_20k
0.1906280659250415,0.16824045445271177,20,0.17910186171684636,9.930507222811382,adaptive,lpips_alex_spatial,8,4,background,30.0,dose_r30_s5_h128_20k
0.2089603457306672,0.1748426204461648,20,0.19059673247624578,9.930507222811382,adaptive,lpips_alex_spatial,8,4,eyes,30.0,dose_r30_s5_h128_20k
0.2834911835667999,0.24839561952828854,20,0.2646437591204818,9.930507222811382,adaptive,lpips_alex_spatial,8,4,flame_supported,30.0,dose_r30_s5_h128_20k
0.4915728985362588,0.40390963364365284,20,0.4471294863470073,9.930507222811382,adaptive,lpips_alex_spatial,8,4,flame_unsupported,30.0,dose_r30_s5_h128_20k
0.34844449900358426,0.30043411944531795,20,0.32410648814406123,9.930507222811382,adaptive,lpips_alex_spatial,8,4,foreground,30.0,dose_r30_s5_h128_20k
0.2786672229391648,0.2449439280137379,20,0.26164762581347106,9.930507222811382,adaptive,lpips_alex_spatial,8,4,full_frame,30.0,dose_r30_s5_h128_20k
0.2590578457769905,0.22431700108136943,20,0.24044425915480852,9.930507222811382,adaptive,lpips_alex_spatial,8,4,head_foreground,30.0,dose_r30_s5_h128_20k
0.2577516596341981,0.22290416306643765,20,0.23888001022308752,9.930507222811382,adaptive,lpips_alex_spatial,8,4,head_supported,30.0,dose_r30_s5_h128_20k
0.2834059682107708,0.2242401309480793,20,0.2533338861810298,9.930507222811382,adaptive,lpips_alex_spatial,8,4,head_unsupported,30.0,dose_r30_s5_h128_20k
0.23187275971370824,0.19782591401079172,20,0.2138048574777372,9.930507222811382,adaptive,lpips_alex_spatial,8,4,oral,30.0,dose_r30_s5_h128_20k
0.5409690532781127,0.4657148890061447,20,0.502438717209876,9.930507222811382,adaptive,lpips_alex_spatial,8,4,torso_outside_head_roi,30.0,dose_r30_s5_h128_20k
0.188033081299187,0.1647554336155952,20,0.1759518889106983,9.718489734331767,adaptive,lpips_alex_spatial,8,8,background,30.0,dose_r30_s5_h128_20k
0.20661059693249006,0.17248416691260338,20,0.18818847264989888,9.718489734331767,adaptive,lpips_alex_spatial,8,8,eyes,30.0,dose_r30_s5_h128_20k
0.28122308241818855,0.24433719760860953,20,0.26143071010870467,9.718489734331767,adaptive,lpips_alex_spatial,8,8,flame_supported,30.0,dose_r30_s5_h128_20k
0.4893922021313751,0.4012356510900052,20,0.4443072827614255,9.718489734331767,adaptive,lpips_alex_spatial,8,8,flame_unsupported,30.0,dose_r30_s5_h128_20k
0.3476452668432742,0.2973313901679724,20,0.3218990161621512,9.718489734331767,adaptive,lpips_alex_spatial,8,8,foreground,30.0,dose_r30_s5_h128_20k
0.27615366328201246,0.24073032812445194,20,0.2582948775518509,9.718489734331767,adaptive,lpips_alex_spatial,8,8,full_frame,30.0,dose_r30_s5_h128_20k
0.25543210082644213,0.21912594764764126,20,0.2360873169786588,9.718489734331767,adaptive,lpips_alex_spatial,8,8,head_foreground,30.0,dose_r30_s5_h128_20k
0.2540950649237425,0.2179855253543441,20,0.23478405640022423,9.718489734331767,adaptive,lpips_alex_spatial,8,8,head_supported,30.0,dose_r30_s5_h128_20k
0.27699960989544953,0.218777614070184,20,0.24748021949523086,9.718489734331767,adaptive,lpips_alex_spatial,8,8,head_unsupported,30.0,dose_r30_s5_h128_20k
0.2385708215395989,0.20052457628883166,20,0.2182093371121705,9.718489734331767,adaptive,lpips_alex_spatial,8,8,oral,30.0,dose_r30_s5_h128_20k
0.5376930962828431,0.45925433549477496,20,0.49811136403570383,9.718489734331767,adaptive,lpips_alex_spatial,8,8,torso_outside_head_roi,30.0,dose_r30_s5_h128_20k
0.18577964850918005,0.16294365947776707,20,0.17415590111277887,7.774038521448771,adaptive,lpips_alex_spatial,384,1,background,30.0,dose_r30_s5_h128_20k
0.2130748612418952,0.17887040224579584,20,0.19494038952188622,7.774038521448771,adaptive,lpips_alex_spatial,384,1,eyes,30.0,dose_r30_s5_h128_20k
0.30873525829958615,0.26150876831687864,20,0.28422760990697415,7.774038521448771,adaptive,lpips_alex_spatial,384,1,flame_supported,30.0,dose_r30_s5_h128_20k
0.48096964721052865,0.39737244977575403,20,0.4386017186525404,7.774038521448771,adaptive,lpips_alex_spatial,384,1,flame_unsupported,30.0,dose_r30_s5_h128_20k
0.36168397403995006,0.310293250606659,20,0.3359220753262762,7.774038521448771,adaptive,lpips_alex_spatial,384,1,foreground,30.0,dose_r30_s5_h128_20k
0.28328103539231536,0.2469485744024381,20,0.26470476212181576,7.774038521448771,adaptive,lpips_alex_spatial,384,1,full_frame,30.0,dose_r30_s5_h128_20k
0.2815401302829184,0.23618617720753624,20,0.2581830602545273,7.774038521448771,adaptive,lpips_alex_spatial,384,1,head_foreground,30.0,dose_r30_s5_h128_20k
0.28206375729653865,0.23796033864516197,20,0.2589302088532616,7.774038521448771,adaptive,lpips_alex_spatial,384,1,head_supported,30.0,dose_r30_s5_h128_20k
0.2829059049743767,0.22155767766339693,20,0.2520370956910368,7.774038521448771,adaptive,lpips_alex_spatial,384,1,head_unsupported,30.0,dose_r30_s5_h128_20k
0.24718063942201532,0.2068130693725059,20,0.22616762646907226,7.774038521448771,adaptive,lpips_alex_spatial,384,1,oral,30.0,dose_r30_s5_h128_20k
0.5368832598541553,0.4628436222174418,20,0.4998902847393765,7.774038521448771,adaptive,lpips_alex_spatial,384,1,torso_outside_head_roi,30.0,dose_r30_s5_h128_20k
0.18205706441341604,0.15916659002004988,20,0.17027908273794165,7.624054789543152,adaptive,lpips_alex_spatial,384,4,background,30.0,dose_r30_s5_h128_20k
0.20427059827566188,0.16988211552992502,20,0.18563117688831327,7.624054789543152,adaptive,lpips_alex_spatial,384,4,eyes,30.0,dose_r30_s5_h128_20k
0.2949199781051216,0.24699063316679457,20,0.26993583856912085,7.624054789543152,adaptive,lpips_alex_spatial,384,4,flame_supported,30.0,dose_r30_s5_h128_20k
0.4774377774234535,0.3925652860534084,20,0.4336921290951147,7.624054789543152,adaptive,lpips_alex_spatial,384,4,flame_unsupported,30.0,dose_r30_s5_h128_20k
0.34974927211095297,0.29888649107751497,20,0.3240939647390289,7.624054789543152,adaptive,lpips_alex_spatial,384,4,foreground,30.0,dose_r30_s5_h128_20k
0.2756599285993366,0.23983731887064688,20,0.25758070428509355,7.624054789543152,adaptive,lpips_alex_spatial,384,4,full_frame,30.0,dose_r30_s5_h128_20k
0.2662487286103028,0.22123891241786756,20,0.24309183822468813,7.624054789543152,adaptive,lpips_alex_spatial,384,4,head_foreground,30.0,dose_r30_s5_h128_20k
0.2665300402810505,0.22117983901813432,20,0.24335581798345896,7.624054789543152,adaptive,lpips_alex_spatial,384,4,head_supported,30.0,dose_r30_s5_h128_20k
0.26960656319455173,0.21211958727155325,20,0.24056110219675694,7.624054789543152,adaptive,lpips_alex_spatial,384,4,head_unsupported,30.0,dose_r30_s5_h128_20k
0.23022507268891176,0.18852444051684425,20,0.20794900033356303,7.624054789543152,adaptive,lpips_alex_spatial,384,4,oral,30.0,dose_r30_s5_h128_20k
0.531998404127766,0.4575563409847339,20,0.49486616094917546,7.624054789543152,adaptive,lpips_alex_spatial,384,4,torso_outside_head_roi,30.0,dose_r30_s5_h128_20k
0.17940717600539863,0.15559569414349736,20,0.16708647701347445,7.57645235856374,adaptive,lpips_alex_spatial,384,8,background,30.0,dose_r30_s5_h128_20k
0.20067312121124448,0.16749099621622385,20,0.18305581824063422,7.57645235856374,adaptive,lpips_alex_spatial,384,8,eyes,30.0,dose_r30_s5_h128_20k
0.29170467225950686,0.24234614918551642,20,0.265868209921841,7.57645235856374,adaptive,lpips_alex_spatial,384,8,flame_supported,30.0,dose_r30_s5_h128_20k
0.47468822068365224,0.38836347025190227,20,0.4307962736917613,7.57645235856374,adaptive,lpips_alex_spatial,384,8,flame_unsupported,30.0,dose_r30_s5_h128_20k
0.34792847174800445,0.29370748049678536,20,0.321153811692298,7.57645235856374,adaptive,lpips_alex_spatial,384,8,foreground,30.0,dose_r30_s5_h128_20k
0.2734001811390573,0.2349245115721122,20,0.2536941116248374,7.57645235856374,adaptive,lpips_alex_spatial,384,8,full_frame,30.0,dose_r30_s5_h128_20k
0.2615566916490035,0.2158400182139183,20,0.2381248451560718,7.57645235856374,adaptive,lpips_alex_spatial,384,8,head_foreground,30.0,dose_r30_s5_h128_20k
0.26305796953129157,0.2161007746495583,20,0.23847712629680012,7.57645235856374,adaptive,lpips_alex_spatial,384,8,head_supported,30.0,dose_r30_s5_h128_20k
0.26470035687329396,0.2060714402297329,20,0.23525960062584955,7.57645235856374,adaptive,lpips_alex_spatial,384,8,head_unsupported,30.0,dose_r30_s5_h128_20k
0.23275385501396373,0.18924552195403757,20,0.2099003677256372,7.57645235856374,adaptive,lpips_alex_spatial,384,8,oral,30.0,dose_r30_s5_h128_20k
0.5287054555239169,0.44975913535303763,20,0.489763509201435,7.57645235856374,adaptive,lpips_alex_spatial,384,8,torso_outside_head_roi,30.0,dose_r30_s5_h128_20k
0.20934166284701924,0.18283369291615864,20,0.1958930477108495,18.84681270917257,adaptive,lpips_alex_spatial,8,1,background,75.0,dose_r75_s5_h128_20k
0.20686431233211147,0.17593088861320824,20,0.190331624744344,18.84681270917257,adaptive,lpips_alex_spatial,8,1,eyes,75.0,dose_r75_s5_h128_20k
0.31822334631673405,0.28332873795467356,20,0.30024736291523135,18.84681270917257,adaptive,lpips_alex_spatial,8,1,flame_supported,75.0,dose_r75_s5_h128_20k
0.490478032968908,0.4252377486333039,20,0.4567361574270863,18.84681270917257,adaptive,lpips_alex_spatial,8,1,flame_unsupported,75.0,dose_r75_s5_h128_20k
0.3714602142575012,0.33264531008161136,20,0.35162635736426834,18.84681270917257,adaptive,lpips_alex_spatial,8,1,foreground,75.0,dose_r75_s5_h128_20k
0.2979806070152299,0.2683846266961202,20,0.28298110368447904,18.84681270917257,adaptive,lpips_alex_spatial,8,1,full_frame,75.0,dose_r75_s5_h128_20k
0.29326511678392725,0.25789067243662506,20,0.2749053278094161,18.84681270917257,adaptive,lpips_alex_spatial,8,1,head_foreground,75.0,dose_r75_s5_h128_20k
0.2920505753887975,0.257110320447646,20,0.2737899846776283,18.84681270917257,adaptive,lpips_alex_spatial,8,1,head_supported,75.0,dose_r75_s5_h128_20k
0.3097427026940514,0.2531925975198293,20,0.2817134619756304,18.84681270917257,adaptive,lpips_alex_spatial,8,1,head_unsupported,75.0,dose_r75_s5_h128_20k
0.25301255155362457,0.2178559795970056,20,0.2349980333304936,18.84681270917257,adaptive,lpips_alex_spatial,8,1,oral,75.0,dose_r75_s5_h128_20k
0.5488618889553764,0.4938825556391368,20,0.5214277214114864,18.84681270917257,adaptive,lpips_alex_spatial,8,1,torso_outside_head_roi,75.0,dose_r75_s5_h128_20k
0.20542476496853126,0.17609832934046313,20,0.19037080392650366,18.91845823923747,adaptive,lpips_alex_spatial,8,4,background,75.0,dose_r75_s5_h128_20k
0.20133845936572514,0.16993267205569118,20,0.18450273755634056,18.91845823923747,adaptive,lpips_alex_spatial,8,4,eyes,75.0,dose_r75_s5_h128_20k
0.3083790205809185,0.27207908705188627,20,0.2892577330970024,18.91845823923747,adaptive,lpips_alex_spatial,8,4,flame_supported,75.0,dose_r75_s5_h128_20k
0.4820625576853362,0.4117993097893399,20,0.44674111139825057,18.91845823923747,adaptive,lpips_alex_spatial,8,4,flame_unsupported,75.0,dose_r75_s5_h128_20k
0.362172304897116,0.31975725998240995,20,0.3406279607141697,18.91845823923747,adaptive,lpips_alex_spatial,8,4,foreground,75.0,dose_r75_s5_h128_20k
0.2916466322849113,0.2582592995386807,20,0.27538122020805506,18.91845823923747,adaptive,lpips_alex_spatial,8,4,full_frame,75.0,dose_r75_s5_h128_20k
0.28252585040827577,0.24642437644354476,20,0.26363409140303024,18.91845823923747,adaptive,lpips_alex_spatial,8,4,head_foreground,75.0,dose_r75_s5_h128_20k
0.2810040681344036,0.245748711093819,20,0.26240660571218527,18.91845823923747,adaptive,lpips_alex_spatial,8,4,head_supported,75.0,dose_r75_s5_h128_20k
0.2988615842236574,0.24436284952952533,20,0.27216181511506543,18.91845823923747,adaptive,lpips_alex_spatial,8,4,head_unsupported,75.0,dose_r75_s5_h128_20k
0.24462075196418198,0.210697705151425,20,0.22706348009829597,18.91845823923747,adaptive,lpips_alex_spatial,8,4,oral,75.0,dose_r75_s5_h128_20k
0.5410439902291798,0.47700854812912913,20,0.5088334537967665,18.91845823923747,adaptive,lpips_alex_spatial,8,4,torso_outside_head_roi,75.0,dose_r75_s5_h128_20k
0.20241566395483757,0.1719326228230885,20,0.18709886927561345,18.68691800435384,adaptive,lpips_alex_spatial,8,8,background,75.0,dose_r75_s5_h128_20k
0.19856444743195756,0.16558565995380087,20,0.18095732314917687,18.68691800435384,adaptive,lpips_alex_spatial,8,8,eyes,75.0,dose_r75_s5_h128_20k
0.3055945733557023,0.2669561164623979,20,0.2854083754793376,18.68691800435384,adaptive,lpips_alex_spatial,8,8,flame_supported,75.0,dose_r75_s5_h128_20k
0.48134376828106973,0.40694386548352973,20,0.44354153140947866,18.68691800435384,adaptive,lpips_alex_spatial,8,8,flame_unsupported,75.0,dose_r75_s5_h128_20k
0.36024816406868415,0.3152901808293909,20,0.3376550021693666,18.68691800435384,adaptive,lpips_alex_spatial,8,8,foreground,75.0,dose_r75_s5_h128_20k
0.2890622946716748,0.25406651359035337,20,0.2716047581914184,18.68691800435384,adaptive,lpips_alex_spatial,8,8,full_frame,75.0,dose_r75_s5_h128_20k
0.27811978024343953,0.2411256436030676,20,0.25858223015100984,18.68691800435384,adaptive,lpips_alex_spatial,8,8,head_foreground,75.0,dose_r75_s5_h128_20k
0.27730968448933707,0.23996293746979105,20,0.25749040377190513,18.68691800435384,adaptive,lpips_alex_spatial,8,8,head_supported,75.0,dose_r75_s5_h128_20k
0.29545406557530235,0.24017282666578693,20,0.2679811355926879,18.68691800435384,adaptive,lpips_alex_spatial,8,8,head_unsupported,75.0,dose_r75_s5_h128_20k
0.25032846266728864,0.21141188239631015,20,0.2298597490971753,18.68691800435384,adaptive,lpips_alex_spatial,8,8,oral,75.0,dose_r75_s5_h128_20k
0.536394961999815,0.47026373509570024,20,0.5031985537744733,18.68691800435384,adaptive,lpips_alex_spatial,8,8,torso_outside_head_roi,75.0,dose_r75_s5_h128_20k
0.1933446403630341,0.16607640523950548,20,0.1796711130295882,15.951529328028366,adaptive,lpips_alex_spatial,384,1,background,75.0,dose_r75_s5_h128_20k
0.22178281225363922,0.18739779736691065,20,0.2037915264809882,15.951529328028366,adaptive,lpips_alex_spatial,384,1,eyes,75.0,dose_r75_s5_h128_20k
0.33243842648586946,0.28436549665192506,20,0.30728427802178726,15.951529328028366,adaptive,lpips_alex_spatial,384,1,flame_supported,75.0,dose_r75_s5_h128_20k
0.4713812833298645,0.403142884158828,20,0.4369783757411773,15.951529328028366,adaptive,lpips_alex_spatial,384,1,flame_unsupported,75.0,dose_r75_s5_h128_20k
0.3748965938045854,0.32716442787815847,20,0.3504181451258525,15.951529328028366,adaptive,lpips_alex_spatial,384,1,foreground,75.0,dose_r75_s5_h128_20k
0.2930653797351308,0.2572848689117473,20,0.2749919524311503,15.951529328028366,adaptive,lpips_alex_spatial,384,1,full_frame,75.0,dose_r75_s5_h128_20k
0.306834238745843,0.25800142389385244,20,0.2817090323101513,15.951529328028366,adaptive,lpips_alex_spatial,384,1,head_foreground,75.0,dose_r75_s5_h128_20k
0.306584387828825,0.2592532130416171,20,0.2820575907832935,15.951529328028366,adaptive,lpips_alex_spatial,384,1,head_supported,75.0,dose_r75_s5_h128_20k
0.3132640302160349,0.24260591811464174,20,0.2779739088272803,15.951529328028366,adaptive,lpips_alex_spatial,384,1,head_unsupported,75.0,dose_r75_s5_h128_20k
0.27367854731637237,0.2250847921454858,20,0.24840734521269964,15.951529328028366,adaptive,lpips_alex_spatial,384,1,oral,75.0,dose_r75_s5_h128_20k
0.5282198177668846,0.4617050807732322,20,0.49508102479296845,15.951529328028366,adaptive,lpips_alex_spatial,384,1,torso_outside_head_roi,75.0,dose_r75_s5_h128_20k
0.1880359275207228,0.16308409808594468,20,0.1755293234878857,15.594336128234866,adaptive,lpips_alex_spatial,384,4,background,75.0,dose_r75_s5_h128_20k
0.215858922505892,0.17936439948391442,20,0.19623589462879046,15.594336128234866,adaptive,lpips_alex_spatial,384,4,eyes,75.0,dose_r75_s5_h128_20k
0.323268895283664,0.27184584155139446,20,0.2967336098121305,15.594336128234866,adaptive,lpips_alex_spatial,384,4,flame_supported,75.0,dose_r75_s5_h128_20k
0.4653916533362434,0.39439599443003415,20,0.42961050135604584,15.594336128234866,adaptive,lpips_alex_spatial,384,4,flame_unsupported,75.0,dose_r75_s5_h128_20k
0.36618646975452007,0.31705108646098284,20,0.34069711612674125,15.594336128234866,adaptive,lpips_alex_spatial,384,4,foreground,75.0,dose_r75_s5_h128_20k
0.28689945784153686,0.2514563629963017,20,0.2687897048870066,15.594336128234866,adaptive,lpips_alex_spatial,384,4,full_frame,75.0,dose_r75_s5_h128_20k
0.2957495986505552,0.24489964487801752,20,0.2700002149567385,15.594336128234866,adaptive,lpips_alex_spatial,384,4,head_foreground,75.0,dose_r75_s5_h128_20k
0.2970447391339602,0.24650331251743593,20,0.270595323357827,15.594336128234866,adaptive,lpips_alex_spatial,384,4,head_supported,75.0,dose_r75_s5_h128_20k
0.29828472045269044,0.2321763467930102,20,0.2651957689004891,15.594336128234866,adaptive,lpips_alex_spatial,384,4,head_unsupported,75.0,dose_r75_s5_h128_20k
0.2627600428357706,0.2127127006654578,20,0.236102414826119,15.594336128234866,adaptive,lpips_alex_spatial,384,4,oral,75.0,dose_r75_s5_h128_20k
0.522328351043653,0.45523259856039056,20,0.48880753178116026,15.594336128234866,adaptive,lpips_alex_spatial,384,4,torso_outside_head_roi,75.0,dose_r75_s5_h128_20k
0.18513100579790556,0.15837392573743792,20,0.17157003907628726,15.565579764048257,adaptive,lpips_alex_spatial,384,8,background,75.0,dose_r75_s5_h128_20k
0.21224633541078225,0.176618757275874,20,0.19328261062422164,15.565579764048257,adaptive,lpips_alex_spatial,384,8,eyes,75.0,dose_r75_s5_h128_20k
0.32018487973467835,0.26667747412036796,20,0.2924248623748026,15.565579764048257,adaptive,lpips_alex_spatial,384,8,flame_supported,75.0,dose_r75_s5_h128_20k
0.46081869786916013,0.38910979064109247,20,0.4245912325581325,15.565579764048257,adaptive,lpips_alex_spatial,384,8,flame_unsupported,75.0,dose_r75_s5_h128_20k
0.36220933083563484,0.31175778709701313,20,0.33669342167684474,15.565579764048257,adaptive,lpips_alex_spatial,384,8,foreground,75.0,dose_r75_s5_h128_20k
0.28312331517795464,0.24586098452538127,20,0.2639780133833617,15.565579764048257,adaptive,lpips_alex_spatial,384,8,full_frame,75.0,dose_r75_s5_h128_20k
0.29119620203507207,0.23903404796174826,20,0.2646564203289257,15.565579764048257,adaptive,lpips_alex_spatial,384,8,head_foreground,75.0,dose_r75_s5_h128_20k
0.29250701564173537,0.2401241907373321,20,0.26547797589781397,15.565579764048257,adaptive,lpips_alex_spatial,384,8,head_supported,75.0,dose_r75_s5_h128_20k
0.29236257263334425,0.22611619999881247,20,0.2592182256743805,15.565579764048257,adaptive,lpips_alex_spatial,384,8,head_unsupported,75.0,dose_r75_s5_h128_20k
0.2692279497078589,0.21550941722620492,20,0.2414683332323932,15.565579764048257,adaptive,lpips_alex_spatial,384,8,oral,75.0,dose_r75_s5_h128_20k
0.5151419473715716,0.44863573796039374,20,0.4818262438819434,15.565579764048257,adaptive,lpips_alex_spatial,384,8,torso_outside_head_roi,75.0,dose_r75_s5_h128_20k
0.22001207236357156,0.18833049146582068,20,0.20356011367040142,29.003266080220538,adaptive,lpips_alex_spatial,8,1,background,150.0,primary_s5_h128_20k
0.21702891936092966,0.18598434788880464,20,0.20085149014697173,29.003266080220538,adaptive,lpips_alex_spatial,8,1,eyes,150.0,primary_s5_h128_20k
0.3197382625929127,0.28286552896741346,20,0.3004770902225451,29.003266080220538,adaptive,lpips_alex_spatial,8,1,flame_supported,150.0,primary_s5_h128_20k
0.45816298046029447,0.4032439963010105,20,0.4298620853670327,29.003266080220538,adaptive,lpips_alex_spatial,8,1,flame_unsupported,150.0,primary_s5_h128_20k
0.36195373180915463,0.32518668978241466,20,0.34314494701527576,29.003266080220538,adaptive,lpips_alex_spatial,8,1,foreground,150.0,primary_s5_h128_20k
0.296697515959799,0.2665479590469625,20,0.2819727297856178,29.003266080220538,adaptive,lpips_alex_spatial,8,1,full_frame,150.0,primary_s5_h128_20k
0.29731769434667843,0.25887937451193793,20,0.2776510530283648,29.003266080220538,adaptive,lpips_alex_spatial,8,1,head_foreground,150.0,primary_s5_h128_20k
0.29634504627162744,0.25851916984263257,20,0.2766974461508988,29.003266080220538,adaptive,lpips_alex_spatial,8,1,head_supported,150.0,primary_s5_h128_20k
0.31165273126408843,0.25664473389245424,20,0.28364692205911113,29.003266080220538,adaptive,lpips_alex_spatial,8,1,head_unsupported,150.0,primary_s5_h128_20k
0.2607061785264255,0.2208621057862805,20,0.24004736825371178,29.003266080220538,adaptive,lpips_alex_spatial,8,1,oral,150.0,primary_s5_h128_20k
0.5114976313265741,0.4621519331344301,20,0.48724948812964125,29.003266080220538,adaptive,lpips_alex_spatial,8,1,torso_outside_head_roi,150.0,primary_s5_h128_20k
0.21838345908130716,0.18328490850331006,20,0.20016251791549317,28.202806790669758,adaptive,lpips_alex_spatial,8,4,background,150.0,primary_s5_h128_20k
0.21552021763322235,0.18430796043827946,20,0.19935697189598509,28.202806790669758,adaptive,lpips_alex_spatial,8,4,eyes,150.0,primary_s5_h128_20k
0.31365574531832724,0.2772230074657041,20,0.29513006353775323,28.202806790669758,adaptive,lpips_alex_spatial,8,4,flame_supported,150.0,primary_s5_h128_20k
0.46507800128497184,0.39105814701788544,20,0.4275783861082706,28.202806790669758,adaptive,lpips_alex_spatial,8,4,flame_unsupported,150.0,primary_s5_h128_20k
0.36127460159319136,0.317237172728671,20,0.33917092468252336,28.202806790669758,adaptive,lpips_alex_spatial,8,4,foreground,150.0,primary_s5_h128_20k
0.2968869911314863,0.25983066330517623,20,0.2791517475255593,28.202806790669758,adaptive,lpips_alex_spatial,8,4,full_frame,150.0,primary_s5_h128_20k
0.2903602477949582,0.2541411570332199,20,0.2718723778000146,28.202806790669758,adaptive,lpips_alex_spatial,8,4,head_foreground,150.0,primary_s5_h128_20k
0.28908193246204666,0.2531281469769426,20,0.2708644739154499,28.202806790669758,adaptive,lpips_alex_spatial,8,4,head_supported,150.0,primary_s5_h128_20k
0.30555143191876716,0.2520459795778051,20,0.2787163507403966,28.202806790669758,adaptive,lpips_alex_spatial,8,4,head_unsupported,150.0,primary_s5_h128_20k
0.25436088749744357,0.21749139062954595,20,0.23571662841715982,28.202806790669758,adaptive,lpips_alex_spatial,8,4,oral,150.0,primary_s5_h128_20k
0.518515142060948,0.4469627521862142,20,0.48289808852718624,28.202806790669758,adaptive,lpips_alex_spatial,8,4,torso_outside_head_roi,150.0,primary_s5_h128_20k
0.2133561862048852,0.1766194807892856,20,0.19475612045660723,27.980905501047765,adaptive,lpips_alex_spatial,8,8,background,150.0,primary_s5_h128_20k
0.2108436609335802,0.17885569343100985,20,0.19368397434876727,27.980905501047765,adaptive,lpips_alex_spatial,8,8,eyes,150.0,primary_s5_h128_20k
0.3078081513238852,0.2695470565918847,20,0.2881586042090175,27.980905501047765,adaptive,lpips_alex_spatial,8,8,flame_supported,150.0,primary_s5_h128_20k
0.46083783974960235,0.386289278990832,20,0.4224549168203805,27.980905501047765,adaptive,lpips_alex_spatial,8,8,flame_unsupported,150.0,primary_s5_h128_20k
0.3569574254669955,0.310506735118473,20,0.33325944859733886,27.980905501047765,adaptive,lpips_alex_spatial,8,8,foreground,150.0,primary_s5_h128_20k
0.292215296814452,0.25329585745092076,20,0.27281898048532993,27.980905501047765,adaptive,lpips_alex_spatial,8,8,full_frame,150.0,primary_s5_h128_20k
0.2843056833868008,0.24577818335510115,20,0.26411509177314496,27.980905501047765,adaptive,lpips_alex_spatial,8,8,head_foreground,150.0,primary_s5_h128_20k
0.28258482315163413,0.24465508938866629,20,0.2631538415705219,27.980905501047765,adaptive,lpips_alex_spatial,8,8,head_supported,150.0,primary_s5_h128_20k
0.30148865016635845,0.24436628716466,20,0.2726127123491747,27.980905501047765,adaptive,lpips_alex_spatial,8,8,head_unsupported,150.0,primary_s5_h128_20k
0.25746066422188474,0.21494658727362742,20,0.23555411220591135,27.980905501047765,adaptive,lpips_alex_spatial,8,8,oral,150.0,primary_s5_h128_20k
0.5094138743526418,0.441567464734558,20,0.4753992809052333,27.980905501047765,adaptive,lpips_alex_spatial,8,8,torso_outside_head_roi,150.0,primary_s5_h128_20k
0.21203204701433218,0.18332339193752706,20,0.19776960904757257,29.046521027882896,adaptive,lpips_alex_spatial,32,1,background,150.0,primary_s5_h128_20k
0.22351992788561903,0.19040139820164392,20,0.2061349815713379,29.046521027882896,adaptive,lpips_alex_spatial,32,1,eyes,150.0,primary_s5_h128_20k
0.3464372077063164,0.30387511633391234,20,0.3244909240469548,29.046521027882896,adaptive,lpips_alex_spatial,32,1,flame_supported,150.0,primary_s5_h128_20k
0.4682151963727267,0.4025898991082383,20,0.4349233067637737,29.046521027882896,adaptive,lpips_alex_spatial,32,1,flame_unsupported,150.0,primary_s5_h128_20k
0.3832334636706873,0.34067284154947564,20,0.36125848340226674,29.046521027882896,adaptive,lpips_alex_spatial,32,1,foreground,150.0,primary_s5_h128_20k
0.3059202210508384,0.2725201422263146,20,0.2888756984111035,29.046521027882896,adaptive,lpips_alex_spatial,32,1,full_frame,150.0,primary_s5_h128_20k
0.32117713883373755,0.27954280821021193,20,0.29980625562664953,29.046521027882896,adaptive,lpips_alex_spatial,32,1,head_foreground,150.0,primary_s5_h128_20k
0.3221254729223518,0.2801035120504489,20,0.3000804774116151,29.046521027882896,adaptive,lpips_alex_spatial,32,1,head_supported,150.0,primary_s5_h128_20k
0.3323663788297169,0.2652787588652955,20,0.29724399296468695,29.046521027882896,adaptive,lpips_alex_spatial,32,1,head_unsupported,150.0,primary_s5_h128_20k
0.28806566353248386,0.24645106656439372,20,0.26709175838374355,29.046521027882896,adaptive,lpips_alex_spatial,32,1,oral,150.0,primary_s5_h128_20k
0.5273236998069495,0.4642363851239694,20,0.49490763001603977,29.046521027882896,adaptive,lpips_alex_spatial,32,1,torso_outside_head_roi,150.0,primary_s5_h128_20k
0.20881716999366584,0.18152644277057062,20,0.19460866145736339,28.104712963104248,adaptive,lpips_alex_spatial,32,4,background,150.0,primary_s5_h128_20k
0.21996104369691238,0.1862313208951151,20,0.20221713669885485,28.104712963104248,adaptive,lpips_alex_spatial,32,4,eyes,150.0,primary_s5_h128_20k
0.3398978668530243,0.2959289115622775,20,0.31682860402185054,28.104712963104248,adaptive,lpips_alex_spatial,32,4,flame_supported,150.0,primary_s5_h128_20k
0.4638918096948103,0.4001520644140106,20,0.43071955116657995,28.104712963104248,adaptive,lpips_alex_spatial,32,4,flame_unsupported,150.0,primary_s5_h128_20k
0.3770261005049495,0.33376532793924296,20,0.3545924719813919,28.104712963104248,adaptive,lpips_alex_spatial,32,4,foreground,150.0,primary_s5_h128_20k
0.3019824333189276,0.26920222938881766,20,0.2848874995859529,28.104712963104248,adaptive,lpips_alex_spatial,32,4,full_frame,150.0,primary_s5_h128_20k
0.31422431757232877,0.2701609459721358,20,0.2918987716356341,28.104712963104248,adaptive,lpips_alex_spatial,32,4,head_foreground,150.0,primary_s5_h128_20k
0.31440743350353867,0.27091393721339285,20,0.29208734165714023,28.104712963104248,adaptive,lpips_alex_spatial,32,4,head_supported,150.0,primary_s5_h128_20k
0.3257857817491473,0.2595575345057666,20,0.2907441895958569,28.104712963104248,adaptive,lpips_alex_spatial,32,4,head_unsupported,150.0,primary_s5_h128_20k
0.2817884313842492,0.23818425944645769,20,0.2595610972645791,28.104712963104248,adaptive,lpips_alex_spatial,32,4,oral,150.0,primary_s5_h128_20k
0.5202697955243358,0.45838373035056046,20,0.4890336890877961,28.104712963104248,adaptive,lpips_alex_spatial,32,4,torso_outside_head_roi,150.0,primary_s5_h128_20k
0.20373135927615166,0.17429313231369073,20,0.1880301039613227,28.180259895324713,adaptive,lpips_alex_spatial,32,8,background,150.0,primary_s5_h128_20k
0.21362210623394218,0.18032533454389113,20,0.19658551324285126,28.180259895324713,adaptive,lpips_alex_spatial,32,8,eyes,150.0,primary_s5_h128_20k
0.33348154728180857,0.28667210291840295,20,0.3094130001625954,28.180259895324713,adaptive,lpips_alex_spatial,32,8,flame_supported,150.0,primary_s5_h128_20k
0.45743768759937103,0.39558629289727854,20,0.42519634897546393,28.180259895324713,adaptive,lpips_alex_spatial,32,8,flame_unsupported,150.0,primary_s5_h128_20k
0.3707463978082702,0.3260678485031872,20,0.34781276087640467,28.180259895324713,adaptive,lpips_alex_spatial,32,8,foreground,150.0,primary_s5_h128_20k
0.2951266131862934,0.26054785561768007,20,0.2774052112133472,28.180259895324713,adaptive,lpips_alex_spatial,32,8,full_frame,150.0,primary_s5_h128_20k
0.3065829912432645,0.26072263370087007,20,0.2833553774893531,28.180259895324713,adaptive,lpips_alex_spatial,32,8,head_foreground,150.0,primary_s5_h128_20k
0.3076862190276755,0.2610323122400298,20,0.28366002410788843,28.180259895324713,adaptive,lpips_alex_spatial,32,8,head_supported,150.0,primary_s5_h128_20k
0.3177542950769747,0.24911605225718764,20,0.28151815416340115,28.180259895324713,adaptive,lpips_alex_spatial,32,8,head_unsupported,150.0,primary_s5_h128_20k
0.2851245345983759,0.23658891230302748,20,0.2607080310511718,28.180259895324713,adaptive,lpips_alex_spatial,32,8,oral,150.0,primary_s5_h128_20k
0.5107550896748498,0.45451042047393925,20,0.48254854877680675,28.180259895324713,adaptive,lpips_alex_spatial,32,8,torso_outside_head_roi,150.0,primary_s5_h128_20k
0.19970449304241367,0.17217797860756834,20,0.18591588391113517,24.948460547129315,adaptive,lpips_alex_spatial,128,1,background,150.0,primary_s5_h128_20k
0.22344962293027532,0.18695823446668644,20,0.20385326439589177,24.948460547129315,adaptive,lpips_alex_spatial,128,1,eyes,150.0,primary_s5_h128_20k
0.33686832833613095,0.2844194726997556,20,0.3095729605436048,24.948460547129315,adaptive,lpips_alex_spatial,128,1,flame_supported,150.0,primary_s5_h128_20k
0.4503554621309033,0.3816127524007791,20,0.41554433140736063,24.948460547129315,adaptive,lpips_alex_spatial,128,1,flame_unsupported,150.0,primary_s5_h128_20k
0.37199912731192875,0.3190261076691976,20,0.345251645697655,24.948460547129315,adaptive,lpips_alex_spatial,128,1,foreground,150.0,primary_s5_h128_20k
0.2951914983262101,0.2560462863027276,20,0.2750178209888987,24.948460547129315,adaptive,lpips_alex_spatial,128,1,full_frame,150.0,primary_s5_h128_20k
0.3131606756115866,0.2625706401845886,20,0.2868945875745809,24.948460547129315,adaptive,lpips_alex_spatial,128,1,head_foreground,150.0,primary_s5_h128_20k
0.31266673696934105,0.2623822791009181,20,0.2870389495879761,24.948460547129315,adaptive,lpips_alex_spatial,128,1,head_supported,150.0,primary_s5_h128_20k
0.3244191025477216,0.25082293380643234,20,0.2866098337332896,24.948460547129315,adaptive,lpips_alex_spatial,128,1,head_unsupported,150.0,primary_s5_h128_20k
0.27924812675664734,0.22859828098704363,20,0.25360384297279304,24.948460547129315,adaptive,lpips_alex_spatial,128,1,oral,150.0,primary_s5_h128_20k
0.5020427445417216,0.43503329101932936,20,0.46787073594400697,24.948460547129315,adaptive,lpips_alex_spatial,128,1,torso_outside_head_roi,150.0,primary_s5_h128_20k
0.19901085375632577,0.17375518782207858,20,0.18628098297502843,24.185869693756104,adaptive,lpips_alex_spatial,128,4,background,150.0,primary_s5_h128_20k
0.22209632991851752,0.18437438484553537,20,0.20220181952064267,24.185869693756104,adaptive,lpips_alex_spatial,128,4,eyes,150.0,primary_s5_h128_20k
0.33337892564519495,0.27815395685149363,20,0.30521185594611056,24.185869693756104,adaptive,lpips_alex_spatial,128,4,flame_supported,150.0,primary_s5_h128_20k
0.44777251499309734,0.37927692956353226,20,0.41286065523476045,24.185869693756104,adaptive,lpips_alex_spatial,128,4,flame_unsupported,150.0,primary_s5_h128_20k
0.3691750408946195,0.3139247816148569,20,0.3411952726085212,24.185869693756104,adaptive,lpips_alex_spatial,128,4,foreground,150.0,primary_s5_h128_20k
0.294238333857667,0.2545350170082133,20,0.27393321747950616,24.185869693756104,adaptive,lpips_alex_spatial,128,4,full_frame,150.0,primary_s5_h128_20k
0.3101998633026222,0.25466462249841565,20,0.2821443023492028,24.185869693756104,adaptive,lpips_alex_spatial,128,4,head_foreground,150.0,primary_s5_h128_20k
0.3103427688300292,0.256106675990305,20,0.28239500129196415,24.185869693756104,adaptive,lpips_alex_spatial,128,4,head_supported,150.0,primary_s5_h128_20k
0.31705394818544064,0.24693001057468272,20,0.28096404313779155,24.185869693756104,adaptive,lpips_alex_spatial,128,4,head_unsupported,150.0,primary_s5_h128_20k
0.27602327398175813,0.22286300660663383,20,0.2488379963099435,24.185869693756104,adaptive,lpips_alex_spatial,128,4,oral,150.0,primary_s5_h128_20k
0.4994375740771727,0.43200608728745454,20,0.4651083053101326,24.185869693756104,adaptive,lpips_alex_spatial,128,4,torso_outside_head_roi,150.0,primary_s5_h128_20k
0.1937628131115217,0.1661539033192847,20,0.17907715710774608,24.25598875681559,adaptive,lpips_alex_spatial,128,8,background,150.0,primary_s5_h128_20k
0.21611820656233657,0.1790061128866129,20,0.19651119895111202,24.25598875681559,adaptive,lpips_alex_spatial,128,8,eyes,150.0,primary_s5_h128_20k
0.32737414713885005,0.26995433641752553,20,0.2978257589326738,24.25598875681559,adaptive,lpips_alex_spatial,128,8,flame_supported,150.0,primary_s5_h128_20k
0.44157059951286726,0.3736454822154687,20,0.40658867890316347,24.25598875681559,adaptive,lpips_alex_spatial,128,8,flame_unsupported,150.0,primary_s5_h128_20k
0.36273358024171876,0.3056707629939363,20,0.33427221934713114,24.25598875681559,adaptive,lpips_alex_spatial,128,8,foreground,150.0,primary_s5_h128_20k
0.28775481458027646,0.2452487476189415,20,0.2661562128242476,24.25598875681559,adaptive,lpips_alex_spatial,128,8,full_frame,150.0,primary_s5_h128_20k
0.30261139649809055,0.2462024037682253,20,0.27354589312861377,24.25598875681559,adaptive,lpips_alex_spatial,128,8,head_foreground,150.0,primary_s5_h128_20k
0.30228652913190796,0.24687799564511648,20,0.274071059160771,24.25598875681559,adaptive,lpips_alex_spatial,128,8,head_supported,150.0,primary_s5_h128_20k
0.3074491469849568,0.23645748231622157,20,0.2710614513250139,24.25598875681559,adaptive,lpips_alex_spatial,128,8,head_unsupported,150.0,primary_s5_h128_20k
0.28032365255238106,0.22304125365032623,20,0.25113334233402707,24.25598875681559,adaptive,lpips_alex_spatial,128,8,oral,150.0,primary_s5_h128_20k
0.4928583697721483,0.42531649936662774,20,0.4579661724639763,24.25598875681559,adaptive,lpips_alex_spatial,128,8,torso_outside_head_roi,150.0,primary_s5_h128_20k
0.19990480547801845,0.17113752055114634,20,0.18572168307595344,27.14368890126546,adaptive,lpips_alex_spatial,384,1,background,150.0,primary_s5_h128_20k
0.21979375831324982,0.18631675987673724,20,0.20234580347084014,27.14368890126546,adaptive,lpips_alex_spatial,384,1,eyes,150.0,primary_s5_h128_20k
0.3362853217094125,0.28733036759483366,20,0.3112630423926174,27.14368890126546,adaptive,lpips_alex_spatial,384,1,flame_supported,150.0,primary_s5_h128_20k
0.4490880625731835,0.386322215191247,20,0.41716126189355196,27.14368890126546,adaptive,lpips_alex_spatial,384,1,flame_unsupported,150.0,primary_s5_h128_20k
0.37151038051938884,0.322690602821445,20,0.3468547664977883,27.14368890126546,adaptive,lpips_alex_spatial,384,1,foreground,150.0,primary_s5_h128_20k
0.29443595559372526,0.256646877249856,20,0.27558602490724426,27.14368890126546,adaptive,lpips_alex_spatial,384,1,full_frame,150.0,primary_s5_h128_20k
0.3131064284775198,0.264584964405614,20,0.288227224364586,27.14368890126546,adaptive,lpips_alex_spatial,384,1,head_foreground,150.0,primary_s5_h128_20k
0.3117582701211718,0.2655269726350822,20,0.28818885471105016,27.14368890126546,adaptive,lpips_alex_spatial,384,1,head_supported,150.0,primary_s5_h128_20k
0.3261105951021368,0.25531449421846114,20,0.2894149650414386,27.14368890126546,adaptive,lpips_alex_spatial,384,1,head_unsupported,150.0,primary_s5_h128_20k
0.2818370621475657,0.23413792824671276,20,0.25813911968583914,27.14368890126546,adaptive,lpips_alex_spatial,384,1,oral,150.0,primary_s5_h128_20k
0.5033711228218245,0.44022619233119303,20,0.47097236110553914,27.14368890126546,adaptive,lpips_alex_spatial,384,1,torso_outside_head_roi,150.0,primary_s5_h128_20k
0.19876492911277277,0.17148367505815243,20,0.18481068980996743,26.646078968048094,adaptive,lpips_alex_spatial,384,4,background,150.0,primary_s5_h128_20k
0.22107568505766248,0.18478621390019298,20,0.2019131376857803,26.646078968048094,adaptive,lpips_alex_spatial,384,4,eyes,150.0,primary_s5_h128_20k
0.3354435656624676,0.28232648386851034,20,0.30837605289498315,26.646078968048094,adaptive,lpips_alex_spatial,384,4,flame_supported,150.0,primary_s5_h128_20k
0.4472418006383407,0.3823788728782616,20,0.41403472015760023,26.646078968048094,adaptive,lpips_alex_spatial,384,4,flame_unsupported,150.0,primary_s5_h128_20k
0.37025448792956595,0.3182291944522216,20,0.3438339434332699,26.646078968048094,adaptive,lpips_alex_spatial,384,4,foreground,150.0,primary_s5_h128_20k
0.29467041610275746,0.2551033093375936,20,0.27452241540283534,26.646078968048094,adaptive,lpips_alex_spatial,384,4,full_frame,150.0,primary_s5_h128_20k
0.31201367793409224,0.2597173166290658,20,0.2851607005517682,26.646078968048094,adaptive,lpips_alex_spatial,384,4,head_foreground,150.0,primary_s5_h128_20k
0.3117382731060288,0.2594105223629899,20,0.2852496896947662,26.646078968048094,adaptive,lpips_alex_spatial,384,4,head_supported,150.0,primary_s5_h128_20k
0.3216940446062572,0.25214767566634283,20,0.2855148082567437,26.646078968048094,adaptive,lpips_alex_spatial,384,4,head_unsupported,150.0,primary_s5_h128_20k
0.28205633262481095,0.23027454468191036,20,0.2559321160495507,26.646078968048094,adaptive,lpips_alex_spatial,384,4,oral,150.0,primary_s5_h128_20k
0.4979657943528662,0.43446838709308183,20,0.4663868211648737,26.646078968048094,adaptive,lpips_alex_spatial,384,4,torso_outside_head_roi,150.0,primary_s5_h128_20k
0.19281578761377402,0.16436472196594884,20,0.1782504351958317,26.244172191619874,adaptive,lpips_alex_spatial,384,8,background,150.0,primary_s5_h128_20k
0.21575911360266858,0.17919487910283638,20,0.19647618174530238,26.244172191619874,adaptive,lpips_alex_spatial,384,8,eyes,150.0,primary_s5_h128_20k
0.32774569475398063,0.2741021372070987,20,0.3007061754947551,26.244172191619874,adaptive,lpips_alex_spatial,384,8,flame_supported,150.0,primary_s5_h128_20k
0.4421911601563565,0.379318541628167,20,0.4098984181100976,26.244172191619874,adaptive,lpips_alex_spatial,384,8,flame_unsupported,150.0,primary_s5_h128_20k
0.3638420404099084,0.31168032440530397,20,0.3372958591251215,26.244172191619874,adaptive,lpips_alex_spatial,384,8,foreground,150.0,primary_s5_h128_20k
0.2877205947996218,0.2474780649114481,20,0.26714319834461464,26.244172191619874,adaptive,lpips_alex_spatial,384,8,full_frame,150.0,primary_s5_h128_20k
0.3032842139881049,0.24985738196141016,20,0.276011780660344,26.244172191619874,adaptive,lpips_alex_spatial,384,8,head_foreground,150.0,primary_s5_h128_20k
0.3032471424191582,0.2506042779934608,20,0.2763947642432768,26.244172191619874,adaptive,lpips_alex_spatial,384,8,head_supported,150.0,primary_s5_h128_20k
0.3106479457313146,0.23948448245082476,20,0.2745977093943626,26.244172191619874,adaptive,lpips_alex_spatial,384,8,head_unsupported,150.0,primary_s5_h128_20k
0.2852117855711476,0.22853304174177702,20,0.2571886438275116,26.244172191619874,adaptive,lpips_alex_spatial,384,8,oral,150.0,primary_s5_h128_20k
0.49329639132058223,0.4323687581933409,20,0.46247640625074204,26.244172191619874,adaptive,lpips_alex_spatial,384,8,torso_outside_head_roi,150.0,primary_s5_h128_20k
0.2285918037755722,0.19755180073640988,20,0.21260627086772446,25.45573271115621,released,lpips_alex_spatial,8,1,background,150.0,primary_s5_h128_20k
0.2313607136281176,0.20199081556918402,20,0.21628895632881268,25.45573271115621,released,lpips_alex_spatial,8,1,eyes,150.0,primary_s5_h128_20k
0.34288572541537204,0.3061219231628541,20,0.3246234501528389,25.45573271115621,released,lpips_alex_spatial,8,1,flame_supported,150.0,primary_s5_h128_20k
0.5012569189101571,0.4382558635250283,20,0.4693993012527796,25.45573271115621,released,lpips_alex_spatial,8,1,flame_unsupported,150.0,primary_s5_h128_20k
0.3908817826521686,0.3520750770330171,20,0.37181416099248404,25.45573271115621,released,lpips_alex_spatial,8,1,foreground,150.0,primary_s5_h128_20k
0.31687871109742627,0.2857499022062594,20,0.30185814445669,25.45573271115621,released,lpips_alex_spatial,8,1,full_frame,150.0,primary_s5_h128_20k
0.318150619743696,0.2824182809198559,20,0.3001892892210626,25.45573271115621,released,lpips_alex_spatial,8,1,head_foreground,150.0,primary_s5_h128_20k
0.31638015308264045,0.2818236815255643,20,0.29892481926465125,25.45573271115621,released,lpips_alex_spatial,8,1,head_supported,150.0,primary_s5_h128_20k
0.337177616438658,0.27903499516318775,20,0.3077383668570832,25.45573271115621,released,lpips_alex_spatial,8,1,head_unsupported,150.0,primary_s5_h128_20k
0.274166258683023,0.23896909864760307,20,0.2558853724282376,25.45573271115621,released,lpips_alex_spatial,8,1,oral,150.0,primary_s5_h128_20k
0.5598842392295664,0.5012505319376269,20,0.5311913341197092,25.45573271115621,released,lpips_alex_spatial,8,1,torso_outside_head_roi,150.0,primary_s5_h128_20k
0.22433301510329923,0.1888136680308011,20,0.20635696171210696,25.569035228093465,released,lpips_alex_spatial,8,4,background,150.0,primary_s5_h128_20k
0.22660724113400416,0.1937253431752901,20,0.20944813656121025,25.569035228093465,released,lpips_alex_spatial,8,4,eyes,150.0,primary_s5_h128_20k
0.33458899569038936,0.2937265718451558,20,0.3141358042569653,25.569035228093465,released,lpips_alex_spatial,8,4,flame_supported,150.0,primary_s5_h128_20k
0.500818197969681,0.42396263886714014,20,0.4620129598444566,25.569035228093465,released,lpips_alex_spatial,8,4,flame_unsupported,150.0,primary_s5_h128_20k
0.38498307174599733,0.3394840051683333,20,0.3626529791512617,25.569035228093465,released,lpips_alex_spatial,8,4,foreground,150.0,primary_s5_h128_20k
0.3138516677341349,0.27500642189638014,20,0.29499880367730935,25.569035228093465,released,lpips_alex_spatial,8,4,full_frame,150.0,primary_s5_h128_20k
0.30839040359898623,0.26972794054662297,20,0.2892230433297894,25.569035228093465,released,lpips_alex_spatial,8,4,head_foreground,150.0,primary_s5_h128_20k
0.3072648911968662,0.2689271756196893,20,0.2877958931039291,25.569035228093465,released,lpips_alex_spatial,8,4,head_supported,150.0,primary_s5_h128_20k
0.3283143145867677,0.2708949664659743,20,0.2994426587130165,25.569035228093465,released,lpips_alex_spatial,8,4,head_unsupported,150.0,primary_s5_h128_20k
0.2650172386917594,0.22841641976839216,20,0.24611323463564325,25.569035228093465,released,lpips_alex_spatial,8,4,oral,150.0,primary_s5_h128_20k
0.5567240023611346,0.48413350704361724,20,0.5209419107074074,25.569035228093465,released,lpips_alex_spatial,8,4,torso_outside_head_roi,150.0,primary_s5_h128_20k
0.2161359303220058,0.1816207062861544,20,0.19846135165764361,25.207965278625487,released,lpips_alex_spatial,8,8,background,150.0,primary_s5_h128_20k
0.2189722399135034,0.18542539094723973,20,0.20169975549052116,25.207965278625487,released,lpips_alex_spatial,8,8,eyes,150.0,primary_s5_h128_20k
0.3268587211425175,0.285235294148482,20,0.3057623418084233,25.207965278625487,released,lpips_alex_spatial,8,8,flame_supported,150.0,primary_s5_h128_20k
0.4948863965362763,0.41654860690155715,20,0.45518729978066014,25.207965278625487,released,lpips_alex_spatial,8,8,flame_unsupported,150.0,primary_s5_h128_20k
0.37824905292688593,0.33139506444598266,20,0.355241030758788,25.207965278625487,released,lpips_alex_spatial,8,8,foreground,150.0,primary_s5_h128_20k
0.3058254955999262,0.2660833231724185,20,0.28655575555124324,25.207965278625487,released,lpips_alex_spatial,8,8,full_frame,150.0,primary_s5_h128_20k
0.299675401828579,0.2600903394691831,20,0.2793449433980003,25.207965278625487,released,lpips_alex_spatial,8,8,head_foreground,150.0,primary_s5_h128_20k
0.29802304464035345,0.2587782705970026,20,0.27805851859728664,25.207965278625487,released,lpips_alex_spatial,8,8,head_supported,150.0,primary_s5_h128_20k
0.32027121564726285,0.26061496186016053,20,0.2902674324150226,25.207965278625487,released,lpips_alex_spatial,8,8,head_unsupported,150.0,primary_s5_h128_20k
0.2679075402086017,0.22579783901601277,20,0.24606008820261832,25.207965278625487,released,lpips_alex_spatial,8,8,oral,150.0,primary_s5_h128_20k
0.5497649044522211,0.47750822673266796,20,0.5140912343058,25.207965278625487,released,lpips_alex_spatial,8,8,torso_outside_head_roi,150.0,primary_s5_h128_20k
0.2191334524684539,0.1904880170267197,20,0.20498605282129811,34.42893028259278,released,lpips_alex_spatial,32,1,background,150.0,primary_s5_h128_20k
0.2340405658289134,0.1988663692297199,20,0.21590372492254475,34.42893028259278,released,lpips_alex_spatial,32,1,eyes,150.0,primary_s5_h128_20k
0.3491914549153776,0.30763935955081034,20,0.32765114787354643,34.42893028259278,released,lpips_alex_spatial,32,1,flame_supported,150.0,primary_s5_h128_20k
0.4616078477777565,0.4006883152097611,20,0.431382774619353,34.42893028259278,released,lpips_alex_spatial,32,1,flame_unsupported,150.0,primary_s5_h128_20k
0.38417683117944224,0.34161552028521186,20,0.362282133571403,34.42893028259278,released,lpips_alex_spatial,32,1,foreground,150.0,primary_s5_h128_20k
0.3097266133839176,0.2758434468878684,20,0.29270418082480826,34.42893028259278,released,lpips_alex_spatial,32,1,full_frame,150.0,primary_s5_h128_20k
0.3243284474677348,0.28129726155111284,20,0.3026240628372109,34.42893028259278,released,lpips_alex_spatial,32,1,head_foreground,150.0,primary_s5_h128_20k
0.32522267312618297,0.28274326008082934,20,0.30342694788081037,34.42893028259278,released,lpips_alex_spatial,32,1,head_supported,150.0,primary_s5_h128_20k
0.32507686564710536,0.26395878841036907,20,0.2940448146381719,34.42893028259278,released,lpips_alex_spatial,32,1,head_unsupported,150.0,primary_s5_h128_20k
0.28697948424042413,0.24366202553332839,20,0.2650767948060197,34.42893028259278,released,lpips_alex_spatial,32,1,oral,150.0,primary_s5_h128_20k
0.5209735441902509,0.46356694728767,20,0.49154389347979094,34.42893028259278,released,lpips_alex_spatial,32,1,torso_outside_head_roi,150.0,primary_s5_h128_20k
0.21759084667169476,0.1890483451544481,20,0.20365253945795536,33.19757089614869,released,lpips_alex_spatial,32,4,background,150.0,primary_s5_h128_20k
0.230057647673234,0.19541337335765857,20,0.21193152484584302,33.19757089614869,released,lpips_alex_spatial,32,4,eyes,150.0,primary_s5_h128_20k
0.34571119213480495,0.30404055235928884,20,0.3241436962108187,33.19757089614869,released,lpips_alex_spatial,32,4,flame_supported,150.0,primary_s5_h128_20k
0.4664214117542508,0.4027599413429841,20,0.4336055487123035,33.19757089614869,released,lpips_alex_spatial,32,4,flame_unsupported,150.0,primary_s5_h128_20k
0.3809421104842861,0.3407593832027264,20,0.3606535145303874,33.19757089614869,released,lpips_alex_spatial,32,4,foreground,150.0,primary_s5_h128_20k
0.30873585001988835,0.27588086679495727,20,0.29216646424009785,33.19757089614869,released,lpips_alex_spatial,32,4,full_frame,150.0,primary_s5_h128_20k
0.31969947215668554,0.2770106072674479,20,0.29778370559447354,33.19757089614869,released,lpips_alex_spatial,32,4,head_foreground,150.0,primary_s5_h128_20k
0.32043249619535624,0.2779190337542645,20,0.2987537039160578,33.19757089614869,released,lpips_alex_spatial,32,4,head_supported,150.0,primary_s5_h128_20k
0.3162644213521979,0.2604689580759824,20,0.28803119758496354,33.19757089614869,released,lpips_alex_spatial,32,4,head_unsupported,150.0,primary_s5_h128_20k
0.28552540936030185,0.24290589006273897,20,0.2632898822173305,33.19757089614869,released,lpips_alex_spatial,32,4,oral,150.0,primary_s5_h128_20k
0.5243645891798786,0.4661428880537114,20,0.4952789160437554,33.19757089614869,released,lpips_alex_spatial,32,4,torso_outside_head_roi,150.0,primary_s5_h128_20k
0.2107017040684025,0.18167435797472306,20,0.1961996635031367,33.195003255208334,released,lpips_alex_spatial,32,8,background,150.0,primary_s5_h128_20k
0.22572177795390203,0.1924833249259863,20,0.20811291489238254,33.195003255208334,released,lpips_alex_spatial,32,8,eyes,150.0,primary_s5_h128_20k
0.33951631921968706,0.2970664082560437,20,0.31745715712657163,33.195003255208334,released,lpips_alex_spatial,32,8,flame_supported,150.0,primary_s5_h128_20k
0.45970541699615525,0.3975862263773938,20,0.4281168902583106,33.195003255208334,released,lpips_alex_spatial,32,8,flame_unsupported,150.0,primary_s5_h128_20k
0.3756198151491414,0.3343326369191393,20,0.354386633815526,33.195003255208334,released,lpips_alex_spatial,32,8,foreground,150.0,primary_s5_h128_20k
0.30149636585862083,0.26832240869085516,20,0.2846199194074194,33.195003255208334,released,lpips_alex_spatial,32,8,full_frame,150.0,primary_s5_h128_20k
0.31194274772149655,0.2691770060796066,20,0.28985864862231836,33.195003255208334,released,lpips_alex_spatial,32,8,head_foreground,150.0,primary_s5_h128_20k
0.3133605808766,0.26994054917618904,20,0.29107327271917555,33.195003255208334,released,lpips_alex_spatial,32,8,head_supported,150.0,primary_s5_h128_20k
0.3064783682585472,0.2518213087736138,20,0.27881118401182164,33.195003255208334,released,lpips_alex_spatial,32,8,head_unsupported,150.0,primary_s5_h128_20k
0.28805041226967076,0.24258896142822853,20,0.2647607819543863,33.195003255208334,released,lpips_alex_spatial,32,8,oral,150.0,primary_s5_h128_20k
0.5174430480589254,0.46203343092017507,20,0.48934549926253307,33.195003255208334,released,lpips_alex_spatial,32,8,torso_outside_head_roi,150.0,primary_s5_h128_20k
0.213290420909203,0.1842028240878378,20,0.19843902625581722,31.69501647949219,released,lpips_alex_spatial,128,1,background,150.0,primary_s5_h128_20k
0.23439217618432887,0.20053278347036432,20,0.2161286478905058,31.69501647949219,released,lpips_alex_spatial,128,1,eyes,150.0,primary_s5_h128_20k
0.3420791232858695,0.2963892123704547,20,0.3188259972540699,31.69501647949219,released,lpips_alex_spatial,128,1,flame_supported,150.0,primary_s5_h128_20k
0.4499254122246197,0.3857850667175183,20,0.4170621482036789,31.69501647949219,released,lpips_alex_spatial,128,1,flame_unsupported,150.0,primary_s5_h128_20k
0.37641011240590316,0.32831567543928203,20,0.3520717635700541,31.69501647949219,released,lpips_alex_spatial,128,1,foreground,150.0,primary_s5_h128_20k
0.30295508850414254,0.2655325190719717,20,0.2844308083578621,31.69501647949219,released,lpips_alex_spatial,128,1,full_frame,150.0,primary_s5_h128_20k
0.3191533088651534,0.27361582352212566,20,0.2961119716931748,31.69501647949219,released,lpips_alex_spatial,128,1,head_foreground,150.0,primary_s5_h128_20k
0.3188549004229777,0.27489810545034843,20,0.29658255219772783,31.69501647949219,released,lpips_alex_spatial,128,1,head_supported,150.0,primary_s5_h128_20k
0.3257653795905588,0.2588305011749581,20,0.291332594654365,31.69501647949219,released,lpips_alex_spatial,128,1,head_unsupported,150.0,primary_s5_h128_20k
0.27930316446445835,0.23415587839245214,20,0.25602523973589847,31.69501647949219,released,lpips_alex_spatial,128,1,oral,150.0,primary_s5_h128_20k
0.4994639937301995,0.4374557584782996,20,0.4684056189434835,31.69501647949219,released,lpips_alex_spatial,128,1,torso_outside_head_roi,150.0,primary_s5_h128_20k
0.21093693663405788,0.18217428191873056,20,0.19570009033346863,29.89190004666646,released,lpips_alex_spatial,128,4,background,150.0,primary_s5_h128_20k
0.22792298003184397,0.19231830977785877,20,0.20867136139778558,29.89190004666646,released,lpips_alex_spatial,128,4,eyes,150.0,primary_s5_h128_20k
0.3375568987832568,0.28705445038144306,20,0.31139868815711125,29.89190004666646,released,lpips_alex_spatial,128,4,flame_supported,150.0,primary_s5_h128_20k
0.4432281931056739,0.38045427050186126,20,0.4109312716121649,29.89190004666646,released,lpips_alex_spatial,128,4,flame_unsupported,150.0,primary_s5_h128_20k
0.37057094320276657,0.31996056594350164,20,0.3450669538047312,29.89190004666646,released,lpips_alex_spatial,128,4,foreground,150.0,primary_s5_h128_20k
0.29978220340880485,0.26068342050942844,20,0.28031160521113185,29.89190004666646,released,lpips_alex_spatial,128,4,full_frame,150.0,primary_s5_h128_20k
0.3128253675800548,0.26357226612386686,20,0.2879370109525875,29.89190004666646,released,lpips_alex_spatial,128,4,head_foreground,150.0,primary_s5_h128_20k
0.3134915431688649,0.2643042274884074,20,0.28856797907392634,29.89190004666646,released,lpips_alex_spatial,128,4,head_supported,150.0,primary_s5_h128_20k
0.31556301461070463,0.24907196470313372,20,0.2814466426101494,29.89190004666646,released,lpips_alex_spatial,128,4,head_unsupported,150.0,primary_s5_h128_20k
0.2774956501571493,0.22857547490493513,20,0.2521148062624244,29.89190004666646,released,lpips_alex_spatial,128,4,oral,150.0,primary_s5_h128_20k
0.49481388553834676,0.43182068524816036,20,0.46300035783072613,29.89190004666646,released,lpips_alex_spatial,128,4,torso_outside_head_roi,150.0,primary_s5_h128_20k
0.20377838746776297,0.17271641020420223,20,0.18719368590267574,29.787905645370483,released,lpips_alex_spatial,128,8,background,150.0,primary_s5_h128_20k
0.2204817878696783,0.18516468620678603,20,0.20121225683146834,29.787905645370483,released,lpips_alex_spatial,128,8,eyes,150.0,primary_s5_h128_20k
0.3282314166217075,0.27732175834181855,20,0.30247898552146857,29.787905645370483,released,lpips_alex_spatial,128,8,flame_supported,150.0,primary_s5_h128_20k
0.43817151673045895,0.3746902723176753,20,0.4057345047976645,29.787905645370483,released,lpips_alex_spatial,128,8,flame_unsupported,150.0,primary_s5_h128_20k
0.3630065346971337,0.3112933313909865,20,0.33727282095952377,29.787905645370483,released,lpips_alex_spatial,128,8,foreground,150.0,primary_s5_h128_20k
0.29224270945955144,0.2514053959505899,20,0.2714187384683849,29.787905645370483,released,lpips_alex_spatial,128,8,full_frame,150.0,primary_s5_h128_20k
0.3031493107665054,0.25350168308396603,20,0.27753284517521465,29.787905645370483,released,lpips_alex_spatial,128,8,head_foreground,150.0,primary_s5_h128_20k
0.30362624709195285,0.2544378266430088,20,0.2784266618386728,29.787905645370483,released,lpips_alex_spatial,128,8,head_supported,150.0,primary_s5_h128_20k
0.305270182789015,0.23808898233417658,20,0.2703631427825684,29.787905645370483,released,lpips_alex_spatial,128,8,head_unsupported,150.0,primary_s5_h128_20k
0.2760404569593454,0.22516806350110913,20,0.24946661847515905,29.787905645370483,released,lpips_alex_spatial,128,8,oral,150.0,primary_s5_h128_20k
0.48818063218701496,0.42841429576901824,20,0.45814307863712617,29.787905645370483,released,lpips_alex_spatial,128,8,torso_outside_head_roi,150.0,primary_s5_h128_20k
0.20497546745812995,0.17785032824552288,20,0.19128499484411857,33.51536142031351,released,lpips_alex_spatial,384,1,background,150.0,primary_s5_h128_20k
0.2351250625450513,0.19902894864356976,20,0.21576450382035484,33.51536142031351,released,lpips_alex_spatial,384,1,eyes,150.0,primary_s5_h128_20k
0.34383827735160544,0.29655963821230336,20,0.31954563536143926,33.51536142031351,released,lpips_alex_spatial,384,1,flame_supported,150.0,primary_s5_h128_20k
0.4438376210644232,0.3818468923729967,20,0.41298570811164453,33.51536142031351,released,lpips_alex_spatial,384,1,flame_unsupported,150.0,primary_s5_h128_20k
0.3755308159391969,0.3284352614553798,20,0.3513330201358108,33.51536142031351,released,lpips_alex_spatial,384,1,foreground,150.0,primary_s5_h128_20k
0.29956723946932856,0.26176154245384586,20,0.2805505688701357,33.51536142031351,released,lpips_alex_spatial,384,1,full_frame,150.0,primary_s5_h128_20k
0.3206167451534142,0.2742208216806087,20,0.2966656223921567,33.51536142031351,released,lpips_alex_spatial,384,1,head_foreground,150.0,primary_s5_h128_20k
0.3206929191788093,0.27543758474212077,20,0.2972787959947989,33.51536142031351,released,lpips_alex_spatial,384,1,head_supported,150.0,primary_s5_h128_20k
0.3269750270744082,0.25638583214097255,20,0.29060456159750747,33.51536142031351,released,lpips_alex_spatial,384,1,head_unsupported,150.0,primary_s5_h128_20k
0.2862923270628528,0.2399763474301078,20,0.2621858824276276,33.51536142031351,released,lpips_alex_spatial,384,1,oral,150.0,primary_s5_h128_20k
0.49517286176268344,0.4370606551965596,20,0.4663562702037384,33.51536142031351,released,lpips_alex_spatial,384,1,torso_outside_head_roi,150.0,primary_s5_h128_20k
0.20199865766702152,0.17637340199386253,20,0.188859802588997,32.340271647771196,released,lpips_alex_spatial,384,4,background,150.0,primary_s5_h128_20k
0.23064750260178393,0.19199711197545793,20,0.2096335359725677,32.340271647771196,released,lpips_alex_spatial,384,4,eyes,150.0,primary_s5_h128_20k
0.33734205998874534,0.2875470304087272,20,0.31156206662209274,32.340271647771196,released,lpips_alex_spatial,384,4,flame_supported,150.0,primary_s5_h128_20k
0.44055174302821976,0.37700638871822284,20,0.40851306815054544,32.340271647771196,released,lpips_alex_spatial,384,4,flame_unsupported,150.0,primary_s5_h128_20k
0.3698933323560659,0.3189783192649109,20,0.34450994118048733,32.340271647771196,released,lpips_alex_spatial,384,4,foreground,150.0,primary_s5_h128_20k
0.2958686358303078,0.2576326702071287,20,0.2767194526583038,32.340271647771196,released,lpips_alex_spatial,384,4,full_frame,150.0,primary_s5_h128_20k
0.3131682491577657,0.2647340085341016,20,0.28834481762253916,32.340271647771196,released,lpips_alex_spatial,384,4,head_foreground,150.0,primary_s5_h128_20k
0.3138854755976364,0.2652077075177483,20,0.28899225896978675,32.340271647771196,released,lpips_alex_spatial,384,4,head_supported,150.0,primary_s5_h128_20k
0.31756182199483535,0.249118359120103,20,0.2826885146583481,32.340271647771196,released,lpips_alex_spatial,384,4,head_unsupported,150.0,primary_s5_h128_20k
0.28485711566327376,0.2344411324928026,20,0.2587629669769158,32.340271647771196,released,lpips_alex_spatial,384,4,oral,150.0,primary_s5_h128_20k
0.49119517088962567,0.43127223439116913,20,0.46093253739813606,32.340271647771196,released,lpips_alex_spatial,384,4,torso_outside_head_roi,150.0,primary_s5_h128_20k
0.19610879831072928,0.16787768538871511,20,0.18157834353730018,32.077480665842685,released,lpips_alex_spatial,384,8,background,150.0,primary_s5_h128_20k
0.22234561423314422,0.18528263315667545,20,0.20240126170184788,32.077480665842685,released,lpips_alex_spatial,384,8,eyes,150.0,primary_s5_h128_20k
0.3307155518665614,0.2808027839303476,20,0.30484607061912505,32.077480665842685,released,lpips_alex_spatial,384,8,flame_supported,150.0,primary_s5_h128_20k
0.4345656877716593,0.3741274574435105,20,0.40380016143826786,32.077480665842685,released,lpips_alex_spatial,384,8,flame_unsupported,150.0,primary_s5_h128_20k
0.3638715748309047,0.31421153266871216,20,0.33852510485909604,32.077480665842685,released,lpips_alex_spatial,384,8,foreground,150.0,primary_s5_h128_20k
0.28934476046270624,0.2503899779083666,20,0.2693258549227859,32.077480665842685,released,lpips_alex_spatial,384,8,full_frame,150.0,primary_s5_h128_20k
0.3058810065457029,0.2561856699012818,20,0.28027712523452253,32.077480665842685,released,lpips_alex_spatial,384,8,head_foreground,150.0,primary_s5_h128_20k
0.30646147708101396,0.25768016244419334,20,0.28115993509956544,32.077480665842685,released,lpips_alex_spatial,384,8,head_supported,150.0,primary_s5_h128_20k
0.3094544472021302,0.2408127966341085,20,0.2740355875370704,32.077480665842685,released,lpips_alex_spatial,384,8,head_unsupported,150.0,primary_s5_h128_20k
0.2862122522585937,0.2323077790259138,20,0.25818716095703953,32.077480665842685,released,lpips_alex_spatial,384,8,oral,150.0,primary_s5_h128_20k
0.4854848433403053,0.42904284622834954,20,0.45663105083628064,32.077480665842685,released,lpips_alex_spatial,384,8,torso_outside_head_roi,150.0,primary_s5_h128_20k
