advantage_over_reference_mean,ci_high,ci_low,condition,identity_count,metric,n_id,n_obs,reference,region,release_radius_mm
0.1650785492254978,2.573984513145087,-1.5239638071853256,adaptive_r30,20,masked_psnr,8,1,hard,background,30.0
-0.44485482018846606,-0.19933519479823206,-0.6805833281568574,adaptive_r30,20,masked_psnr,8,1,hard,eyes,30.0
-0.9782698973368072,-0.49596432251352385,-1.5787024341579183,adaptive_r30,20,masked_psnr,8,1,hard,flame_supported,30.0
0.7374825582678677,1.0018528336103016,0.43021056342663283,adaptive_r30,20,masked_psnr,8,1,hard,flame_unsupported,30.0
0.3912616374354362,0.7306893251481268,-0.060615638588207246,adaptive_r30,20,masked_psnr,8,1,hard,foreground,30.0
0.15194445326365136,0.6042581852121958,-0.3849288187011521,adaptive_r30,20,masked_psnr,8,1,hard,full_frame,30.0
-0.2699708105286701,0.14184417836758928,-0.7233754000881302,adaptive_r30,20,masked_psnr,8,1,hard,head_foreground,30.0
-1.2145123030787268,-0.7882205519606591,-1.6807695224127392,adaptive_r30,20,masked_psnr,8,1,hard,head_supported,30.0
0.4106810033138014,0.848558377154765,0.006586468826810452,adaptive_r30,20,masked_psnr,8,1,hard,head_unsupported,30.0
-0.05582479419379567,0.12583252269004344,-0.24635870379797506,adaptive_r30,20,masked_psnr,8,1,hard,oral,30.0
0.4961868841740461,0.9481794551048054,-0.06687920139950468,adaptive_r30,20,masked_psnr,8,1,hard,torso_outside_head_roi,30.0
0.7076283886114771,3.1146333513410065,-1.0528584984480416,adaptive_r30,20,masked_psnr,8,4,hard,background,30.0
-0.40356436307033655,-0.1099721626211942,-0.691364771369889,adaptive_r30,20,masked_psnr,8,4,hard,eyes,30.0
-1.0184801140106559,-0.7038650271336607,-1.3605284874836423,adaptive_r30,20,masked_psnr,8,4,hard,flame_supported,30.0
0.8603160865150363,1.0581249320874435,0.6730773191111062,adaptive_r30,20,masked_psnr,8,4,hard,flame_unsupported,30.0
0.5167675030839273,0.742606647948408,0.27250148040792427,adaptive_r30,20,masked_psnr,8,4,hard,foreground,30.0
0.2724428727725407,0.6086056845146697,-0.12382752492801441,adaptive_r30,20,masked_psnr,8,4,hard,full_frame,30.0
-0.22099626213650475,0.18741470521030376,-0.6063046065826209,adaptive_r30,20,masked_psnr,8,4,hard,head_foreground,30.0
-1.3879564223527059,-1.018199577932242,-1.766647234623566,adaptive_r30,20,masked_psnr,8,4,hard,head_supported,30.0
0.42900838160460586,0.9098289925763937,0.008211929081816038,adaptive_r30,20,masked_psnr,8,4,hard,head_unsupported,30.0
-0.32718612361122795,-0.1473196538605003,-0.528023553240051,adaptive_r30,20,masked_psnr,8,4,hard,oral,30.0
0.6854715577181656,0.9426450749970561,0.4087868498454507,adaptive_r30,20,masked_psnr,8,4,hard,torso_outside_head_roi,30.0
0.5414318235028459,2.6136796382965892,-0.9539719651765073,adaptive_r30,20,masked_psnr,8,8,hard,background,30.0
-0.31168711963492424,-0.04796086726849747,-0.5657156847659977,adaptive_r30,20,masked_psnr,8,8,hard,eyes,30.0
-0.9759153998803735,-0.6026350081180611,-1.3904727236780794,adaptive_r30,20,masked_psnr,8,8,hard,flame_supported,30.0
0.8985186179108446,1.101923262850721,0.7098172813237458,adaptive_r30,20,masked_psnr,8,8,hard,flame_unsupported,30.0
0.5560256752382775,0.7922504804759622,0.2922420437587516,adaptive_r30,20,masked_psnr,8,8,hard,foreground,30.0
0.30988949067887855,0.6651579506640919,-0.09464063322058928,adaptive_r30,20,masked_psnr,8,8,hard,full_frame,30.0
-0.19919105778399615,0.19510999867305126,-0.5765083946776105,adaptive_r30,20,masked_psnr,8,8,hard,head_foreground,30.0
-1.3865922553434713,-1.0349023854134367,-1.7498757088425907,adaptive_r30,20,masked_psnr,8,8,hard,head_supported,30.0
0.4629382956851421,0.8917323410645793,0.07208863390348991,adaptive_r30,20,masked_psnr,8,8,hard,head_unsupported,30.0
-0.3426401903052401,-0.1575107160746985,-0.5461684690605028,adaptive_r30,20,masked_psnr,8,8,hard,oral,30.0
0.7159527924625682,1.0016604054927598,0.4076598437821868,adaptive_r30,20,masked_psnr,8,8,hard,torso_outside_head_roi,30.0
-0.01152690755549859,0.9152672202384665,-0.7478412066505487,adaptive_r30,20,masked_psnr,384,1,hard,background,30.0
0.7895416494061219,1.0865484639008975,0.4878224267215216,adaptive_r30,20,masked_psnr,384,1,hard,eyes,30.0
0.5070000396975234,0.7699542894665371,0.2200775848486171,adaptive_r30,20,masked_psnr,384,1,hard,flame_supported,30.0
1.6113910267299907,1.923406160170416,1.2790326763328792,adaptive_r30,20,masked_psnr,384,1,hard,flame_unsupported,30.0
1.4286052929004598,1.7350792318010395,1.10666609092431,adaptive_r30,20,masked_psnr,384,1,hard,foreground,30.0
1.173993776889746,1.4384863423732623,0.903153326135121,adaptive_r30,20,masked_psnr,384,1,hard,full_frame,30.0
1.6173092943563876,2.1867442250887015,1.0506743896742876,adaptive_r30,20,masked_psnr,384,1,hard,head_foreground,30.0
0.07271179017756371,0.2619057577440958,-0.13461237790545716,adaptive_r30,20,masked_psnr,384,1,hard,head_supported,30.0
2.3609233892301456,3.0966844690125095,1.5697143224785095,adaptive_r30,20,masked_psnr,384,1,hard,head_unsupported,30.0
0.04585959617710387,0.25253839723258853,-0.16817743501810833,adaptive_r30,20,masked_psnr,384,1,hard,oral,30.0
1.4015383720108168,1.6452553507469658,1.170153850684127,adaptive_r30,20,masked_psnr,384,1,hard,torso_outside_head_roi,30.0
-0.09057789422750266,0.6516222397413535,-0.8102828390413936,adaptive_r30,20,masked_psnr,384,4,hard,background,30.0
0.8772713990544687,1.193210874620422,0.565524238845813,adaptive_r30,20,masked_psnr,384,4,hard,eyes,30.0
0.4461870606196694,0.6972581931829113,0.20099568758693478,adaptive_r30,20,masked_psnr,384,4,hard,flame_supported,30.0
1.620176174006403,1.920184546444163,1.3263128136219056,adaptive_r30,20,masked_psnr,384,4,hard,flame_unsupported,30.0
1.44056823930388,1.722694990656247,1.152111611582919,adaptive_r30,20,masked_psnr,384,4,hard,foreground,30.0
1.192103676284405,1.4378252286538236,0.9428532486437055,adaptive_r30,20,masked_psnr,384,4,hard,full_frame,30.0
1.5639770990103208,2.0942494307072095,1.028194756451247,adaptive_r30,20,masked_psnr,384,4,hard,head_foreground,30.0
-0.14122645932783673,0.04247801543699527,-0.3434508592041437,adaptive_r30,20,masked_psnr,384,4,hard,head_supported,30.0
2.3087195137044056,3.0024476042942756,1.6036074531574664,adaptive_r30,20,masked_psnr,384,4,hard,head_unsupported,30.0
-0.01818639005800442,0.15765639151496846,-0.1941735116383055,adaptive_r30,20,masked_psnr,384,4,hard,oral,30.0
1.4234954551346646,1.6650701744743412,1.208343331565752,adaptive_r30,20,masked_psnr,384,4,hard,torso_outside_head_roi,30.0
-0.1584871683726794,0.5477332075661857,-0.7571673413632852,adaptive_r30,20,masked_psnr,384,8,hard,background,30.0
0.8540180808507699,1.139391676161609,0.563881852233989,adaptive_r30,20,masked_psnr,384,8,hard,eyes,30.0
0.42637070057081133,0.682795555700831,0.19009289941068014,adaptive_r30,20,masked_psnr,384,8,hard,flame_supported,30.0
1.6407196016314187,1.9468057538247936,1.3285698549406608,adaptive_r30,20,masked_psnr,384,8,hard,flame_unsupported,30.0
1.4601863351390085,1.746193100227541,1.1711141430522285,adaptive_r30,20,masked_psnr,384,8,hard,foreground,30.0
1.1942245308535717,1.4506441440238016,0.9446522888494131,adaptive_r30,20,masked_psnr,384,8,hard,full_frame,30.0
1.5711742329624703,2.0752744274201027,1.0490383493111977,adaptive_r30,20,masked_psnr,384,8,hard,head_foreground,30.0
-0.1963706105321396,-0.005722342167204405,-0.4241806382074469,adaptive_r30,20,masked_psnr,384,8,hard,head_supported,30.0
2.345945080345573,3.019521798393012,1.6565890418679075,adaptive_r30,20,masked_psnr,384,8,hard,head_unsupported,30.0
0.011319412134803742,0.1540367126945174,-0.12825233203636954,adaptive_r30,20,masked_psnr,384,8,hard,oral,30.0
1.4482653624130601,1.6955142493619597,1.2087412814962635,adaptive_r30,20,masked_psnr,384,8,hard,torso_outside_head_roi,30.0
0.8728757201595203,1.398789774211691,0.38311426013733163,adaptive_r30,20,masked_psnr,8,1,released_r150,background,30.0
0.0032174244064925085,0.5750904633721905,-0.46031996343349774,adaptive_r30,20,masked_psnr,8,1,released_r150,eyes,30.0
0.6020044603018346,0.9549742044872226,0.26651377746681576,adaptive_r30,20,masked_psnr,8,1,released_r150,flame_supported,30.0
-1.9134481089458817,-1.266320972632511,-2.573374660147434,adaptive_r30,20,masked_psnr,8,1,released_r150,flame_unsupported,30.0
-1.33764032987217,-0.8587425259836412,-1.8320702559169186,adaptive_r30,20,masked_psnr,8,1,released_r150,foreground,30.0
-0.7782179650019876,-0.32672895394312446,-1.2182125912065442,adaptive_r30,20,masked_psnr,8,1,released_r150,full_frame,30.0
-0.17180585480788882,0.07905711816557759,-0.41534309056036833,adaptive_r30,20,masked_psnr,8,1,released_r150,head_foreground,30.0
0.8935385240100269,1.2846053602133587,0.5264769590443571,adaptive_r30,20,masked_psnr,8,1,released_r150,head_supported,30.0
-1.131077449257235,-0.531288783714758,-1.843413306938564,adaptive_r30,20,masked_psnr,8,1,released_r150,head_unsupported,30.0
0.398235088331942,0.593958108492319,0.1926181394018487,adaptive_r30,20,masked_psnr,8,1,released_r150,oral,30.0
-2.09254538769265,-1.363320457669951,-2.8412122580502723,adaptive_r30,20,masked_psnr,8,1,released_r150,torso_outside_head_roi,30.0
1.1133781830545513,1.6107868848619358,0.562665804691232,adaptive_r30,20,masked_psnr,8,4,released_r150,background,30.0
0.1775557150774813,0.7676775714920574,-0.34529784823725407,adaptive_r30,20,masked_psnr,8,4,released_r150,eyes,30.0
0.6333960327340602,1.0336436627995356,0.21768974060860297,adaptive_r30,20,masked_psnr,8,4,released_r150,flame_supported,30.0
-1.992111424916823,-1.4787579388849812,-2.5214299015626747,adaptive_r30,20,masked_psnr,8,4,released_r150,flame_unsupported,30.0
-1.4045922385872924,-0.9279294114013835,-1.8640535264572466,adaptive_r30,20,masked_psnr,8,4,released_r150,foreground,30.0
-0.8128778425538321,-0.30706786496600635,-1.2613728412946732,adaptive_r30,20,masked_psnr,8,4,released_r150,full_frame,30.0
-0.12623008469675573,0.18474570127353548,-0.4128812819409681,adaptive_r30,20,masked_psnr,8,4,released_r150,head_foreground,30.0
0.9840795617016473,1.4193282799289493,0.5718836557993056,adaptive_r30,20,masked_psnr,8,4,released_r150,head_supported,30.0
-1.0812399697126467,-0.54870429593024,-1.7510193013018773,adaptive_r30,20,masked_psnr,8,4,released_r150,head_unsupported,30.0
0.38007546168191053,0.7838776192921809,0.013919841888588712,adaptive_r30,20,masked_psnr,8,4,released_r150,oral,30.0
-2.2071466090390652,-1.5616391297497423,-2.8309033479125034,adaptive_r30,20,masked_psnr,8,4,released_r150,torso_outside_head_roi,30.0
0.917519864793986,1.4891267098372851,0.2825880799724273,adaptive_r30,20,masked_psnr,8,8,released_r150,background,30.0
0.09061536529865526,0.5843022043376457,-0.32981554468217167,adaptive_r30,20,masked_psnr,8,8,released_r150,eyes,30.0
0.7104582897857832,1.117027784936148,0.3032985677242002,adaptive_r30,20,masked_psnr,8,8,released_r150,flame_supported,30.0
-2.0605616301425362,-1.5501932575443889,-2.5945604391715853,adaptive_r30,20,masked_psnr,8,8,released_r150,flame_unsupported,30.0
-1.4687087573068918,-1.017661521357416,-1.9181369347473989,adaptive_r30,20,masked_psnr,8,8,released_r150,foreground,30.0
-0.8620436201271364,-0.35339911332774276,-1.3272711395451844,adaptive_r30,20,masked_psnr,8,8,released_r150,full_frame,30.0
-0.07610807489005848,0.20711544283640038,-0.3437449966818728,adaptive_r30,20,masked_psnr,8,8,released_r150,head_foreground,30.0
1.1093104193864822,1.5566610560785492,0.6770421713390631,adaptive_r30,20,masked_psnr,8,8,released_r150,head_supported,30.0
-1.0251257086211252,-0.5046648027063936,-1.7040687320060963,adaptive_r30,20,masked_psnr,8,8,released_r150,head_unsupported,30.0
0.2692018263365094,0.6241207285453001,-0.03212009798013857,adaptive_r30,20,masked_psnr,8,8,released_r150,oral,30.0
-2.3564106998383894,-1.7095186699314282,-3.0004034481095845,adaptive_r30,20,masked_psnr,8,8,released_r150,torso_outside_head_roi,30.0
2.1051475206056987,3.30994721433279,1.0974955405135056,adaptive_r30,20,masked_psnr,384,1,released_r150,background,30.0
0.9069755700017806,1.211468414184246,0.6003430760406998,adaptive_r30,20,masked_psnr,384,1,released_r150,eyes,30.0
0.2632124523979438,0.6800278031428432,-0.14423272793544456,adaptive_r30,20,masked_psnr,384,1,released_r150,flame_supported,30.0
-5.241494574496317,-4.1604472000179396,-6.2797474513392135,adaptive_r30,20,masked_psnr,384,1,released_r150,flame_unsupported,30.0
-3.7336795585574523,-2.838952463229609,-4.542330449100026,adaptive_r30,20,masked_psnr,384,1,released_r150,foreground,30.0
-2.2590523307314787,-1.6897269954502545,-2.8292497557376217,adaptive_r30,20,masked_psnr,384,1,released_r150,full_frame,30.0
-0.6977542270727601,-0.24976042415005076,-1.1671048526465735,adaptive_r30,20,masked_psnr,384,1,released_r150,head_foreground,30.0
0.6812834543087737,1.0310517537073491,0.3627879641485729,adaptive_r30,20,masked_psnr,384,1,released_r150,head_supported,30.0
-2.607497923198207,-1.5462423662131888,-3.8330898347237605,adaptive_r30,20,masked_psnr,384,1,released_r150,head_unsupported,30.0
0.5326148416198141,0.7641080240699876,0.29160451675311144,adaptive_r30,20,masked_psnr,384,1,released_r150,oral,30.0
-5.883778068161105,-4.507223056967402,-7.083895947445383,adaptive_r30,20,masked_psnr,384,1,released_r150,torso_outside_head_roi,30.0
2.3472216129536756,3.216069693051198,1.5203678802020624,adaptive_r30,20,masked_psnr,384,4,released_r150,background,30.0
0.9212281536844026,1.2713983473582244,0.5896697120483214,adaptive_r30,20,masked_psnr,384,4,released_r150,eyes,30.0
0.2736451283385806,0.7107999237208155,-0.1728090714420556,adaptive_r30,20,masked_psnr,384,4,released_r150,flame_supported,30.0
-5.161908361298265,-4.123958749234552,-6.170701209037903,adaptive_r30,20,masked_psnr,384,4,released_r150,flame_unsupported,30.0
-3.771707890971362,-2.9167588394713464,-4.55333394163137,adaptive_r30,20,masked_psnr,384,4,released_r150,foreground,30.0
-2.1767660307304917,-1.6170400111234526,-2.7415365266033156,adaptive_r30,20,masked_psnr,384,4,released_r150,full_frame,30.0
-0.8952420826335457,-0.46023221070811066,-1.352866860105049,adaptive_r30,20,masked_psnr,384,4,released_r150,head_foreground,30.0
0.7534664555666889,1.1042787817547886,0.41565003481516255,adaptive_r30,20,masked_psnr,384,4,released_r150,head_supported,30.0
-2.811062094323395,-1.888998423267316,-3.853292662426778,adaptive_r30,20,masked_psnr,384,4,released_r150,head_unsupported,30.0
0.6320874285215572,0.8927368533853207,0.3617797769739256,adaptive_r30,20,masked_psnr,384,4,released_r150,oral,30.0
-5.669224553221784,-4.349610077398457,-6.872819380391051,adaptive_r30,20,masked_psnr,384,4,released_r150,torso_outside_head_roi,30.0
2.39926319108517,3.248339493365756,1.5843593189593843,adaptive_r30,20,masked_psnr,384,8,released_r150,background,30.0
0.8577865954310251,1.224545645771809,0.5075993393800036,adaptive_r30,20,masked_psnr,384,8,released_r150,eyes,30.0
0.3161706660021296,0.7691790729743883,-0.14581030999679892,adaptive_r30,20,masked_psnr,384,8,released_r150,flame_supported,30.0
-5.300310203445926,-4.273515336018453,-6.307524838118908,adaptive_r30,20,masked_psnr,384,8,released_r150,flame_unsupported,30.0
-3.878645607465613,-3.035602051450744,-4.683435008547348,adaptive_r30,20,masked_psnr,384,8,released_r150,foreground,30.0
-2.149500487414252,-1.5828705487269508,-2.723374575665633,adaptive_r30,20,masked_psnr,384,8,released_r150,full_frame,30.0
-0.8541168392825618,-0.42655225913455874,-1.3108919140480653,adaptive_r30,20,masked_psnr,384,8,released_r150,head_foreground,30.0
0.7866573912510764,1.1541502167828999,0.4411628817848983,adaptive_r30,20,masked_psnr,384,8,released_r150,head_supported,30.0
-2.834805719213289,-1.9105939156922367,-3.9072706808595803,adaptive_r30,20,masked_psnr,384,8,released_r150,head_unsupported,30.0
0.7074367937991299,0.9645362725024833,0.43555762993263286,adaptive_r30,20,masked_psnr,384,8,released_r150,oral,30.0
-5.768396472674368,-4.446091106982934,-6.994789433893355,adaptive_r30,20,masked_psnr,384,8,released_r150,torso_outside_head_roi,30.0
-0.5393202448593556,1.9524937185870268,-2.420406165424528,adaptive_r75,20,masked_psnr,8,1,hard,background,75.0
0.32248807207223074,0.7048856253163253,-0.01494397621788541,adaptive_r75,20,masked_psnr,8,1,hard,eyes,75.0
-1.3760298408647933,-0.7763076635939393,-2.078008413770555,adaptive_r75,20,masked_psnr,8,1,hard,flame_supported,75.0
2.0216159042143382,2.7400045837322415,1.2538851878985207,adaptive_r75,20,masked_psnr,8,1,hard,flame_unsupported,75.0
1.325921229107254,1.9999620802062386,0.5351297488730733,adaptive_r75,20,masked_psnr,8,1,hard,foreground,75.0
0.6963772441817616,1.504510437638328,-0.21484120072884974,adaptive_r75,20,masked_psnr,8,1,hard,full_frame,75.0
0.0730444716457935,0.5952356942758263,-0.5418560077855902,adaptive_r75,20,masked_psnr,8,1,hard,head_foreground,75.0
-1.772159466877408,-1.3658269976661246,-2.2564746629497,adaptive_r75,20,masked_psnr,8,1,hard,head_supported,75.0
1.4084367003001166,1.94398310019411,0.8312774123877029,adaptive_r75,20,masked_psnr,8,1,hard,head_unsupported,75.0
-0.01676899532363123,0.16817078706115735,-0.1887642201264663,adaptive_r75,20,masked_psnr,8,1,hard,oral,75.0
1.7632276726471285,2.6709692981649926,0.7098400831177875,adaptive_r75,20,masked_psnr,8,1,hard,torso_outside_head_roi,75.0
-0.22678627139753776,2.2337260236770535,-2.1856358436019137,adaptive_r75,20,masked_psnr,8,4,hard,background,75.0
0.25409742906543487,0.6172207382302273,-0.1084528141873383,adaptive_r75,20,masked_psnr,8,4,hard,eyes,75.0
-1.567661517855282,-1.03027731401914,-2.1356285546377523,adaptive_r75,20,masked_psnr,8,4,hard,flame_supported,75.0
2.064789024383729,2.520957156187192,1.596374074889178,adaptive_r75,20,masked_psnr,8,4,hard,flame_unsupported,75.0
1.3500353781338688,1.833298040610109,0.7917257276439374,adaptive_r75,20,masked_psnr,8,4,hard,foreground,75.0
0.7224102093989972,1.3738687881868468,-0.022337652276129483,adaptive_r75,20,masked_psnr,8,4,hard,full_frame,75.0
-0.11537941113517088,0.3830142323167874,-0.6766039956698627,adaptive_r75,20,masked_psnr,8,4,hard,head_foreground,75.0
-2.1172443757580206,-1.6679220227114266,-2.6224667919971587,adaptive_r75,20,masked_psnr,8,4,hard,head_supported,75.0
1.0658779771632048,1.6423784872268152,0.4490297113676928,adaptive_r75,20,masked_psnr,8,4,hard,head_unsupported,75.0
-0.24898834941896036,-0.06486274983055984,-0.4381786664933156,adaptive_r75,20,masked_psnr,8,4,hard,oral,75.0
1.8880464037574487,2.530011234100258,1.2119186183887423,adaptive_r75,20,masked_psnr,8,4,hard,torso_outside_head_roi,75.0
-0.14209788196916281,2.0952022369376198,-1.941109305609071,adaptive_r75,20,masked_psnr,8,8,hard,background,75.0
0.3483569574818846,0.724432294810184,-0.023242389463268655,adaptive_r75,20,masked_psnr,8,8,hard,eyes,75.0
-1.6545146624201537,-1.1021335868277053,-2.2397631705403658,adaptive_r75,20,masked_psnr,8,8,hard,flame_supported,75.0
2.1273969620639117,2.6167535441575778,1.6524783174268634,adaptive_r75,20,masked_psnr,8,8,hard,flame_unsupported,75.0
1.4040491503925676,1.9097563833938895,0.8307522861952541,adaptive_r75,20,masked_psnr,8,8,hard,foreground,75.0
0.7811024783750483,1.4903224008573188,0.0017962929207075763,adaptive_r75,20,masked_psnr,8,8,hard,full_frame,75.0
-0.15928560785059237,0.31334891434938256,-0.6840212320177786,adaptive_r75,20,masked_psnr,8,8,hard,head_foreground,75.0
-2.2626950255937444,-1.857722790247704,-2.7214806506083056,adaptive_r75,20,masked_psnr,8,8,hard,head_supported,75.0
1.0609251064981378,1.5910514962799858,0.4837048974581213,adaptive_r75,20,masked_psnr,8,8,hard,head_unsupported,75.0
-0.22553720279163922,-0.06390651488703136,-0.40347567986157046,adaptive_r75,20,masked_psnr,8,8,hard,oral,75.0
1.9688329507043754,2.670398156359703,1.2432954642422773,adaptive_r75,20,masked_psnr,8,8,hard,torso_outside_head_roi,75.0
-0.9375105081481463,0.45150582231709424,-2.0857653623754198,adaptive_r75,20,masked_psnr,384,1,hard,background,75.0
-0.23558625115782839,0.05867626702977722,-0.5088609761525045,adaptive_r75,20,masked_psnr,384,1,hard,eyes,75.0
0.236415726546916,0.661970634052261,-0.21515760877052756,adaptive_r75,20,masked_psnr,384,1,hard,flame_supported,75.0
4.155812012795712,4.9605670243170685,3.300929512934768,adaptive_r75,20,masked_psnr,384,1,hard,flame_unsupported,75.0
3.3674653100655227,4.097743944820204,2.586258558084495,adaptive_r75,20,masked_psnr,384,1,hard,foreground,75.0
2.3886214172494595,2.9063157251557796,1.8273719302608487,adaptive_r75,20,masked_psnr,384,1,hard,full_frame,75.0
2.1484104322245345,2.991905394077365,1.3070825613166113,adaptive_r75,20,masked_psnr,384,1,hard,head_foreground,75.0
-0.4586136267306321,-0.2075306573263622,-0.7129056740336862,adaptive_r75,20,masked_psnr,384,1,hard,head_supported,75.0
3.987480643650008,5.366071944630797,2.6442008807933512,adaptive_r75,20,masked_psnr,384,1,hard,head_unsupported,75.0
-0.5146623361017996,-0.29621294004861737,-0.7343485586412352,adaptive_r75,20,masked_psnr,384,1,hard,oral,75.0
4.119242225475217,4.887345816011636,3.299525424249469,adaptive_r75,20,masked_psnr,384,1,hard,torso_outside_head_roi,75.0
-1.0655077550498926,0.1842084188777556,-2.0913538980595976,adaptive_r75,20,masked_psnr,384,4,hard,background,75.0
-0.31920306010765814,-0.051253467081900816,-0.5802865267841301,adaptive_r75,20,masked_psnr,384,4,hard,eyes,75.0
-0.05619511018960015,0.44333171411140965,-0.5806887163348271,adaptive_r75,20,masked_psnr,384,4,hard,flame_supported,75.0
4.228566799766241,4.991915723844356,3.4621827080980956,adaptive_r75,20,masked_psnr,384,4,hard,flame_unsupported,75.0
3.383112623771416,4.057231828592593,2.6663740690821838,adaptive_r75,20,masked_psnr,384,4,hard,foreground,75.0
2.396112185981496,2.8967576324493174,1.862163014900162,adaptive_r75,20,masked_psnr,384,4,hard,full_frame,75.0
1.994170630367551,2.8485212942254927,1.145725331570001,adaptive_r75,20,masked_psnr,384,4,hard,head_foreground,75.0
-0.996571937998547,-0.6971103947513138,-1.3093195495607481,adaptive_r75,20,masked_psnr,384,4,hard,head_supported,75.0
3.882022294786323,5.129413427894102,2.606241956331815,adaptive_r75,20,masked_psnr,384,4,hard,head_unsupported,75.0
-0.6800761209274254,-0.4581171488253383,-0.906021516944369,adaptive_r75,20,masked_psnr,384,4,hard,oral,75.0
4.170956117210462,4.894248524932507,3.443107520726898,adaptive_r75,20,masked_psnr,384,4,hard,torso_outside_head_roi,75.0
-1.137155760636443,-0.024847851476603695,-2.076909995390925,adaptive_r75,20,masked_psnr,384,8,hard,background,75.0
-0.21478809447827346,0.0416413349710782,-0.4833723487921109,adaptive_r75,20,masked_psnr,384,8,hard,eyes,75.0
-0.12270528624455937,0.3934051237853014,-0.6336916667522117,adaptive_r75,20,masked_psnr,384,8,hard,flame_supported,75.0
4.291599701951553,5.04296729003477,3.5260259631989253,adaptive_r75,20,masked_psnr,384,8,hard,flame_unsupported,75.0
3.44099206258261,4.11495906279576,2.7180457590393554,adaptive_r75,20,masked_psnr,384,8,hard,foreground,75.0
2.4305128550912594,2.9535823637156424,1.8872190736005605,adaptive_r75,20,masked_psnr,384,8,hard,full_frame,75.0
1.9744193409182142,2.8028613084873677,1.1579143731488524,adaptive_r75,20,masked_psnr,384,8,hard,head_foreground,75.0
-1.0906783679564955,-0.7661912334662581,-1.437943153766461,adaptive_r75,20,masked_psnr,384,8,hard,head_supported,75.0
3.9015243097737873,5.1024033279818,2.7129101110745593,adaptive_r75,20,masked_psnr,384,8,hard,head_unsupported,75.0
-0.6678339826390214,-0.4279183482008884,-0.9115144598576084,adaptive_r75,20,masked_psnr,384,8,hard,oral,75.0
4.252031463824839,4.9948632125184,3.508326024644001,adaptive_r75,20,masked_psnr,384,8,hard,torso_outside_head_roi,75.0
0.16847692607466688,0.5666176226837424,-0.19997790040589736,adaptive_r75,20,masked_psnr,8,1,released_r150,background,75.0
0.7705603166671894,1.3664660451577741,0.23599693538033184,adaptive_r75,20,masked_psnr,8,1,released_r150,eyes,75.0
0.20424451677384878,0.541221586676627,-0.12517736929369128,adaptive_r75,20,masked_psnr,8,1,released_r150,flame_supported,75.0
-0.6293147629994109,-0.31871577757953684,-0.945029549461774,adaptive_r75,20,masked_psnr,8,1,released_r150,flame_unsupported,75.0
-0.4029807382003523,-0.16283744392180552,-0.644757505197791,adaptive_r75,20,masked_psnr,8,1,released_r150,foreground,75.0
-0.2337851740838774,-0.02862519269820272,-0.4366900374975918,adaptive_r75,20,masked_psnr,8,1,released_r150,full_frame,75.0
0.17120942736657482,0.42491251626169574,-0.09022179867931487,adaptive_r75,20,masked_psnr,8,1,released_r150,head_foreground,75.0
0.33589136021134564,0.6296370272058136,0.05521378926034576,adaptive_r75,20,masked_psnr,8,1,released_r150,head_supported,75.0
-0.13332175227092025,0.2729423193203001,-0.5668395577016221,adaptive_r75,20,masked_psnr,8,1,released_r150,head_unsupported,75.0
0.4372908872021064,0.6471654169289586,0.20939919269850868,adaptive_r75,20,masked_psnr,8,1,released_r150,oral,75.0
-0.8255045992195671,-0.488242621427189,-1.185216057088555,adaptive_r75,20,masked_psnr,8,1,released_r150,torso_outside_head_roi,75.0
0.17896352304553656,0.541149215221711,-0.2051258089465272,adaptive_r75,20,masked_psnr,8,4,released_r150,background,75.0
0.8352175072132528,1.4490705084392512,0.2985922927565208,adaptive_r75,20,masked_psnr,8,4,released_r150,eyes,75.0
0.08421462888943383,0.4599175239915664,-0.2951315710994557,adaptive_r75,20,masked_psnr,8,4,released_r150,flame_supported,75.0
-0.7876384870481308,-0.5180458189061987,-1.072011959175512,adaptive_r75,20,masked_psnr,8,4,released_r150,flame_unsupported,75.0
-0.5713243635373508,-0.34736401476996337,-0.8116599833087879,adaptive_r75,20,masked_psnr,8,4,released_r150,foreground,75.0
-0.3629105059273755,-0.14745671404217647,-0.5715331581190413,adaptive_r75,20,masked_psnr,8,4,released_r150,full_frame,75.0
-0.02061323369542185,0.18302782654119693,-0.21534050717104064,adaptive_r75,20,masked_psnr,8,4,released_r150,head_foreground,75.0
0.2547916082963327,0.5773033190281038,-0.031187496831046456,adaptive_r75,20,masked_psnr,8,4,released_r150,head_supported,75.0
-0.444370374154048,-0.17120824136357066,-0.7523335617204028,adaptive_r75,20,masked_psnr,8,4,released_r150,head_unsupported,75.0
0.4582732358741781,0.817463011583974,0.1316876161778593,adaptive_r75,20,masked_psnr,8,4,released_r150,oral,75.0
-1.0045717629997821,-0.65253667782212,-1.3993548112180059,adaptive_r75,20,masked_psnr,8,4,released_r150,torso_outside_head_roi,75.0
0.23399015932197714,0.6183661701519886,-0.15165319481034767,adaptive_r75,20,masked_psnr,8,8,released_r150,background,75.0
0.7506594424154641,1.2218343472854396,0.3312818217513399,adaptive_r75,20,masked_psnr,8,8,released_r150,eyes,75.0
0.031859027246003,0.4174991931515477,-0.3587932194498009,adaptive_r75,20,masked_psnr,8,8,released_r150,flame_supported,75.0
-0.8316832859894696,-0.5722063493468941,-1.111705559443515,adaptive_r75,20,masked_psnr,8,8,released_r150,flame_unsupported,75.0
-0.6206852821526013,-0.4148465117908755,-0.8415679671484846,adaptive_r75,20,masked_psnr,8,8,released_r150,foreground,75.0
-0.39083063243096666,-0.17970754928025426,-0.5973425902267465,adaptive_r75,20,masked_psnr,8,8,released_r150,full_frame,75.0
-0.036202624956654716,0.1582263520670203,-0.22715234461313874,adaptive_r75,20,masked_psnr,8,8,released_r150,head_foreground,75.0
0.23320764913620923,0.5576410825098178,-0.04270032882354984,adaptive_r75,20,masked_psnr,8,8,released_r150,head_supported,75.0
-0.4271388978081296,-0.1768168816802037,-0.7203845566311972,adaptive_r75,20,masked_psnr,8,8,released_r150,head_unsupported,75.0
0.3863048138501103,0.7180688605659014,0.09206589071081309,adaptive_r75,20,masked_psnr,8,8,released_r150,oral,75.0
-1.1035305415965824,-0.749921251068865,-1.5022657435123898,adaptive_r75,20,masked_psnr,8,8,released_r150,torso_outside_head_roi,75.0
1.179163920013051,2.558792604310507,0.13958524986782153,adaptive_r75,20,masked_psnr,384,1,released_r150,background,75.0
-0.11815233056216971,0.1258448869528811,-0.35807448626225374,adaptive_r75,20,masked_psnr,384,1,released_r150,eyes,75.0
-0.00737186075266365,0.24652438036254465,-0.2556916330112931,adaptive_r75,20,masked_psnr,384,1,released_r150,flame_supported,75.0
-2.6970735884305954,-2.0101860938197453,-3.3852584846567417,adaptive_r75,20,masked_psnr,384,1,released_r150,flame_unsupported,75.0
-1.794819541392389,-1.2861269364774264,-2.2614753461992634,adaptive_r75,20,masked_psnr,384,1,released_r150,foreground,75.0
-1.0444246903717656,-0.69294486259367,-1.3933943692463182,adaptive_r75,20,masked_psnr,384,1,released_r150,full_frame,75.0
-0.16665308920461303,0.18658759687187243,-0.45339667627536645,adaptive_r75,20,masked_psnr,384,1,released_r150,head_foreground,75.0
0.14995803740057792,0.40760508515166216,-0.077875021787397,adaptive_r75,20,masked_psnr,384,1,released_r150,head_supported,75.0
-0.9809406687783433,-0.290596977634389,-1.6898401867545916,adaptive_r75,20,masked_psnr,384,1,released_r150,head_unsupported,75.0
-0.027907090659089383,0.17094419064116823,-0.22468340649243052,adaptive_r75,20,masked_psnr,384,1,released_r150,oral,75.0
-3.1660742146967045,-2.363892374333465,-3.9569922189180327,adaptive_r75,20,masked_psnr,384,1,released_r150,torso_outside_head_roi,75.0
1.372291752131286,2.5371672154216487,0.5013621378606505,adaptive_r75,20,masked_psnr,384,4,released_r150,background,75.0
-0.2752463054777243,0.02580716546766981,-0.5785230844280344,adaptive_r75,20,masked_psnr,384,4,released_r150,eyes,75.0
-0.22873704247068893,-0.018229597350608737,-0.41974610665465195,adaptive_r75,20,masked_psnr,384,4,released_r150,flame_supported,75.0
-2.5535177355384278,-1.8265619282299637,-3.2712672193050625,adaptive_r75,20,masked_psnr,384,4,released_r150,flame_unsupported,75.0
-1.8291635065038263,-1.311435959047865,-2.3284944915673167,adaptive_r75,20,masked_psnr,384,4,released_r150,foreground,75.0
-0.972757521033401,-0.6232737717342283,-1.3332383735142286,adaptive_r75,20,masked_psnr,384,4,released_r150,full_frame,75.0
-0.4650485512763158,-0.2102930403245189,-0.7019215478571482,adaptive_r75,20,masked_psnr,384,4,released_r150,head_foreground,75.0
-0.10187902310402146,0.09357084612039977,-0.274315504002896,adaptive_r75,20,masked_psnr,384,4,released_r150,head_supported,75.0
-1.2377593132414773,-0.6613399843058432,-1.894890244843484,adaptive_r75,20,masked_psnr,384,4,released_r150,head_unsupported,75.0
-0.02980230234786383,0.19215974474389763,-0.23035783901213547,adaptive_r75,20,masked_psnr,384,4,released_r150,oral,75.0
-2.9217638911459876,-2.059269098200799,-3.7436954147522346,adaptive_r75,20,masked_psnr,384,4,released_r150,torso_outside_head_roi,75.0
1.4205945988214066,2.3255699884712793,0.634103506399298,adaptive_r75,20,masked_psnr,384,8,released_r150,background,75.0
-0.21101957989801826,0.12007837039431946,-0.5380696210981499,adaptive_r75,20,masked_psnr,384,8,released_r150,eyes,75.0
-0.23290532081324108,-0.01649253841849254,-0.439794975454066,adaptive_r75,20,masked_psnr,384,8,released_r150,flame_supported,75.0
-2.6494301031257943,-1.916019943164042,-3.367275626227442,adaptive_r75,20,masked_psnr,384,8,released_r150,flame_unsupported,75.0
-1.8978398800220126,-1.358743112830054,-2.3981193261510967,adaptive_r75,20,masked_psnr,384,8,released_r150,foreground,75.0
-0.9132121631765641,-0.541257772811808,-1.2888098378404704,adaptive_r75,20,masked_psnr,384,8,released_r150,full_frame,75.0
-0.45087173132681757,-0.18987483623094703,-0.6833498592150653,adaptive_r75,20,masked_psnr,384,8,released_r150,head_foreground,75.0
-0.10765036617327964,0.08162065267695434,-0.2826131787197546,adaptive_r75,20,masked_psnr,384,8,released_r150,head_supported,75.0
-1.279226489785075,-0.6407889629311165,-1.952473994221785,adaptive_r75,20,masked_psnr,384,8,released_r150,head_unsupported,75.0
0.028283399025304766,0.21758440350662359,-0.15345095721823032,adaptive_r75,20,masked_psnr,384,8,released_r150,oral,75.0
-2.9646303712625897,-2.069275788527069,-3.809138589192329,adaptive_r75,20,masked_psnr,384,8,released_r150,torso_outside_head_roi,75.0
-0.9764293337120652,1.6980159742581953,-3.0330953739859705,adaptive_r150,20,masked_psnr,8,1,hard,background,150.0
-0.07322731751288165,0.5223748272842178,-0.7957746126762093,adaptive_r150,20,masked_psnr,8,1,hard,eyes,150.0
-1.7417578705543129,-1.1382643695400685,-2.384821768676604,adaptive_r150,20,masked_psnr,8,1,hard,flame_supported,150.0
2.921069841507734,3.8539786739579043,1.9463790866819817,adaptive_r150,20,masked_psnr,8,1,hard,flame_unsupported,150.0
1.910699634794375,2.743183352579882,0.9870846550340511,adaptive_r150,20,masked_psnr,8,1,hard,foreground,150.0
1.0101094246911824,1.927831644241523,-0.06661296423393738,adaptive_r150,20,masked_psnr,8,1,hard,full_frame,150.0
0.053494291785280534,0.7082546393400999,-0.6397528276300419,adaptive_r150,20,masked_psnr,8,1,hard,head_foreground,150.0
-2.164464863017441,-1.56650898272073,-2.829624432474829,adaptive_r150,20,masked_psnr,8,1,hard,head_supported,150.0
1.9312685998897674,3.11315962885773,0.8961977646596725,adaptive_r150,20,masked_psnr,8,1,hard,head_unsupported,150.0
-0.8101475469963333,-0.47434949288477385,-1.1547936564200036,adaptive_r150,20,masked_psnr,8,1,hard,oral,150.0
2.822367560037268,4.002978764143654,1.4954911947580734,adaptive_r150,20,masked_psnr,8,1,hard,torso_outside_head_roi,150.0
-0.7113346079821337,1.7195740947741731,-2.784261781703899,adaptive_r150,20,masked_psnr,8,4,hard,background,150.0
-0.33664820386666044,0.17719552874313374,-0.9295426242109582,adaptive_r150,20,masked_psnr,8,4,hard,eyes,150.0
-1.7820869542444289,-1.1782449489818965,-2.437042480535767,adaptive_r150,20,masked_psnr,8,4,hard,flame_supported,150.0
2.98286308782468,3.691549604730699,2.2623000528545236,adaptive_r150,20,masked_psnr,8,4,hard,flame_unsupported,150.0
1.9994224841565669,2.6805821402278354,1.2326755594393708,adaptive_r150,20,masked_psnr,8,4,hard,foreground,150.0
1.1017562451323297,1.9531384857289387,0.15529282735077346,adaptive_r150,20,masked_psnr,8,4,hard,full_frame,150.0
-0.13013835878456356,0.4430676735106946,-0.7615073365080227,adaptive_r150,20,masked_psnr,8,4,hard,head_foreground,150.0
-2.448097285642042,-1.821416341287776,-3.178113798169732,adaptive_r150,20,masked_psnr,8,4,hard,head_supported,150.0
1.5759114819618598,2.613730763612858,0.7123754186403625,adaptive_r150,20,masked_psnr,8,4,hard,head_unsupported,150.0
-0.9993944341736102,-0.6614930058241695,-1.3337120740241888,adaptive_r150,20,masked_psnr,8,4,hard,oral,150.0
3.023294426316141,3.9999969960753603,1.9547797257112893,adaptive_r150,20,masked_psnr,8,4,hard,torso_outside_head_roi,150.0
-0.6881825951690044,1.5602127042130591,-2.6758834883399154,adaptive_r150,20,masked_psnr,8,8,hard,background,150.0
-0.2408622315638433,0.2428264084084752,-0.8391897139317793,adaptive_r150,20,masked_psnr,8,8,hard,eyes,150.0
-1.9601076433764058,-1.3542494050299003,-2.6056891236639648,adaptive_r150,20,masked_psnr,8,8,hard,flame_supported,150.0
2.9947972812949346,3.704840520314392,2.3272572349717735,adaptive_r150,20,masked_psnr,8,8,hard,flame_unsupported,150.0
1.9885163163090294,2.679320001468726,1.2322953150149734,adaptive_r150,20,masked_psnr,8,8,hard,foreground,150.0
1.1122389760869023,1.9637425409539504,0.11481692525449914,adaptive_r150,20,masked_psnr,8,8,hard,full_frame,150.0
-0.21707412933236342,0.3370519957687797,-0.8209674617523336,adaptive_r150,20,masked_psnr,8,8,hard,head_foreground,150.0
-2.6356975947216745,-2.02452827984917,-3.316798265099669,adaptive_r150,20,masked_psnr,8,8,hard,head_supported,150.0
1.5081774625157056,2.512389281615602,0.6833531245053731,adaptive_r150,20,masked_psnr,8,8,hard,head_unsupported,150.0
-0.9271261336833552,-0.5671782525850899,-1.2889976071573912,adaptive_r150,20,masked_psnr,8,8,hard,oral,150.0
3.0270029999384094,3.9901808677343156,1.987340856187903,adaptive_r150,20,masked_psnr,8,8,hard,torso_outside_head_roi,150.0
-2.784236080598096,-1.020799814440798,-4.455909891416853,adaptive_r150,20,masked_psnr,32,1,hard,background,150.0
-0.06757987333609687,0.2511968862545577,-0.3618230613784099,adaptive_r150,20,masked_psnr,32,1,hard,eyes,150.0
-0.4847107522697486,0.11982136438972246,-1.107393956588776,adaptive_r150,20,masked_psnr,32,1,hard,flame_supported,150.0
5.687558032902422,6.779832131398847,4.502311012953966,adaptive_r150,20,masked_psnr,32,1,hard,flame_unsupported,150.0
4.1787301842821005,5.0709133662508785,3.1465994517784583,adaptive_r150,20,masked_psnr,32,1,hard,foreground,150.0
2.2783235781970133,3.104197319941017,1.381344900228594,adaptive_r150,20,masked_psnr,32,1,hard,full_frame,150.0
1.6727800263123764,2.637518899239952,0.7192827100931901,adaptive_r150,20,masked_psnr,32,1,hard,head_foreground,150.0
-1.245081907673662,-0.8103582407944232,-1.7012543901777202,adaptive_r150,20,masked_psnr,32,1,hard,head_supported,150.0
4.36151735964525,5.852525661845349,2.8067897767205734,adaptive_r150,20,masked_psnr,32,1,hard,head_unsupported,150.0
-0.7490372490436903,-0.4332930284902874,-1.0601224895341228,adaptive_r150,20,masked_psnr,32,1,hard,oral,150.0
5.905859736570818,6.977463890951685,4.740367484622771,adaptive_r150,20,masked_psnr,32,1,hard,torso_outside_head_roi,150.0
-2.5708871485275693,-0.7246595210744987,-4.281934986642071,adaptive_r150,20,masked_psnr,32,4,hard,background,150.0
-0.1391703989596577,0.20271688599785803,-0.4662679357477034,adaptive_r150,20,masked_psnr,32,4,hard,eyes,150.0
-0.5911947580266801,0.07273958692148148,-1.2695101713018593,adaptive_r150,20,masked_psnr,32,4,hard,flame_supported,150.0
5.692297167582366,6.720474014101208,4.591162156765253,adaptive_r150,20,masked_psnr,32,4,hard,flame_unsupported,150.0
4.232729532232908,5.107389057839464,3.2803187129914573,adaptive_r150,20,masked_psnr,32,4,hard,foreground,150.0
2.4080608270917168,3.211423527265641,1.6061921737281937,adaptive_r150,20,masked_psnr,32,4,hard,full_frame,150.0
1.6239397902204165,2.579661099104779,0.6597660040758819,adaptive_r150,20,masked_psnr,32,4,hard,head_foreground,150.0
-1.5869347858794467,-1.1152164280081782,-2.135822172845229,adaptive_r150,20,masked_psnr,32,4,hard,head_supported,150.0
4.206647078937341,5.701738505117258,2.715491469513211,adaptive_r150,20,masked_psnr,32,4,hard,head_unsupported,150.0
-1.0193928856583798,-0.7096426369026061,-1.3291877037303197,adaptive_r150,20,masked_psnr,32,4,hard,oral,150.0
6.008106509507564,6.886826855837016,5.0663546810551665,adaptive_r150,20,masked_psnr,32,4,hard,torso_outside_head_roi,150.0
-2.359346153874839,-0.29338995841171556,-4.137252764391887,adaptive_r150,20,masked_psnr,32,8,hard,background,150.0
-0.020712202738564934,0.2775927070235464,-0.3233499317561061,adaptive_r150,20,masked_psnr,32,8,hard,eyes,150.0
-0.5857024679077191,0.06292093234215691,-1.2355434544353396,adaptive_r150,20,masked_psnr,32,8,hard,flame_supported,150.0
5.7909476748307345,6.773809791429514,4.701442912689983,adaptive_r150,20,masked_psnr,32,8,hard,flame_unsupported,150.0
4.370738061718294,5.223329782426026,3.423721387950424,adaptive_r150,20,masked_psnr,32,8,hard,foreground,150.0
2.4921801123467384,3.312094852346996,1.663082904170643,adaptive_r150,20,masked_psnr,32,8,hard,full_frame,150.0
1.6585904882236835,2.5721149501342415,0.7398404927313683,adaptive_r150,20,masked_psnr,32,8,hard,head_foreground,150.0
-1.6140102678852344,-1.168439947226674,-2.1370728943936736,adaptive_r150,20,masked_psnr,32,8,hard,head_supported,150.0
4.199614382139686,5.619861740167187,2.7549004864461146,adaptive_r150,20,masked_psnr,32,8,hard,head_unsupported,150.0
-1.023268462230754,-0.6819197184909537,-1.3728421620207683,adaptive_r150,20,masked_psnr,32,8,hard,oral,150.0
6.077056465581058,6.994965430820755,5.094722557289798,adaptive_r150,20,masked_psnr,32,8,hard,torso_outside_head_roi,150.0
-2.161793481959246,-1.3192587202904749,-3.033320492892843,adaptive_r150,20,masked_psnr,128,1,hard,background,150.0
0.026334700514947507,0.362360492497242,-0.3036741825937965,adaptive_r150,20,masked_psnr,128,1,hard,eyes,150.0
0.17507189239936016,0.6734801142585924,-0.29002004124026776,adaptive_r150,20,masked_psnr,128,1,hard,flame_supported,150.0
5.868984937913061,7.207576743413454,4.516651250551566,adaptive_r150,20,masked_psnr,128,1,hard,flame_unsupported,150.0
4.480226048935361,5.509902497202011,3.381030590473528,adaptive_r150,20,masked_psnr,128,1,hard,foreground,150.0
2.879121268066538,3.599640040628553,2.1160918255339514,adaptive_r150,20,masked_psnr,128,1,hard,full_frame,150.0
1.9893722246519983,2.7655876308738314,1.1978330392999161,adaptive_r150,20,masked_psnr,128,1,hard,head_foreground,150.0
-0.6568990050300846,-0.3709575677285928,-0.945031451072138,adaptive_r150,20,masked_psnr,128,1,hard,head_supported,150.0
4.3316428327051595,5.815798727370778,2.9020494430097434,adaptive_r150,20,masked_psnr,128,1,hard,head_unsupported,150.0
-0.5510189725224182,-0.2539993336952044,-0.853497955404487,adaptive_r150,20,masked_psnr,128,1,hard,oral,150.0
6.221579525935395,7.590221248550619,4.799533408035716,adaptive_r150,20,masked_psnr,128,1,hard,torso_outside_head_roi,150.0
-2.4034435771270046,-1.216917177591235,-3.540657605592606,adaptive_r150,20,masked_psnr,128,4,hard,background,150.0
0.022127134555564254,0.36673896524755706,-0.3333732540241142,adaptive_r150,20,masked_psnr,128,4,hard,eyes,150.0
0.007610701287609434,0.5095371301107079,-0.48600270060339473,adaptive_r150,20,masked_psnr,128,4,hard,flame_supported,150.0
5.813656995865072,7.139437918392822,4.493069301787182,adaptive_r150,20,masked_psnr,128,4,hard,flame_unsupported,150.0
4.463656467056864,5.469825306985396,3.4495040244044737,adaptive_r150,20,masked_psnr,128,4,hard,foreground,150.0
2.7155945490691247,3.432489900558624,1.9821426282593784,adaptive_r150,20,masked_psnr,128,4,hard,full_frame,150.0
1.9864892166248527,2.730750967519648,1.2199506001434757,adaptive_r150,20,masked_psnr,128,4,hard,head_foreground,150.0
-1.0397647007845723,-0.728495665344667,-1.3817603119815556,adaptive_r150,20,masked_psnr,128,4,hard,head_supported,150.0
4.3748473363245095,5.709089090892953,3.035885437434183,adaptive_r150,20,masked_psnr,128,4,hard,head_unsupported,150.0
-0.8447948841502624,-0.5172261278043556,-1.1715859401476643,adaptive_r150,20,masked_psnr,128,4,hard,oral,150.0
6.112826600156682,7.485743283657394,4.715451549912561,adaptive_r150,20,masked_psnr,128,4,hard,torso_outside_head_roi,150.0
-2.22843989372777,-0.772000292480014,-3.5275299393269393,adaptive_r150,20,masked_psnr,128,8,hard,background,150.0
0.17184919289904385,0.5245386679855242,-0.18875887263860902,adaptive_r150,20,masked_psnr,128,8,hard,eyes,150.0
-0.030256936017064095,0.5025584886538067,-0.5290314704993471,adaptive_r150,20,masked_psnr,128,8,hard,flame_supported,150.0
6.0508780110387175,7.330013111636381,4.72754543328918,adaptive_r150,20,masked_psnr,128,8,hard,flame_unsupported,150.0
4.6658730162078745,5.688728074824819,3.6073894555052095,adaptive_r150,20,masked_psnr,128,8,hard,foreground,150.0
2.816025837450264,3.5230553045638184,2.092093458263952,adaptive_r150,20,masked_psnr,128,8,hard,full_frame,150.0
2.0371325512348504,2.800976732720529,1.2749481273456031,adaptive_r150,20,masked_psnr,128,8,hard,head_foreground,150.0
-1.1090621908011447,-0.7704076080732606,-1.4822157768876119,adaptive_r150,20,masked_psnr,128,8,hard,head_supported,150.0
4.515499651016383,5.8555919355210095,3.2101061275848553,adaptive_r150,20,masked_psnr,128,8,hard,head_unsupported,150.0
-0.8130224527489263,-0.47552834299707913,-1.1594616812790022,adaptive_r150,20,masked_psnr,128,8,hard,oral,150.0
6.329638736636037,7.761004303932406,4.915972659031983,adaptive_r150,20,masked_psnr,128,8,hard,torso_outside_head_roi,150.0
-2.000369760428773,-0.3785825549847067,-3.323641737698947,adaptive_r150,20,masked_psnr,384,1,hard,background,150.0
0.21837053025685585,0.5170517604321413,-0.08135563945223631,adaptive_r150,20,masked_psnr,384,1,hard,eyes,150.0
0.10280234263483905,0.5898258649714042,-0.3927710696609798,adaptive_r150,20,masked_psnr,384,1,hard,flame_supported,150.0
6.232919080516982,7.47980570752242,4.927151610037078,adaptive_r150,20,masked_psnr,384,1,hard,flame_unsupported,150.0
4.724598399748748,5.719050495728621,3.6474996438355687,adaptive_r150,20,masked_psnr,384,1,hard,foreground,150.0
2.9785872953200396,3.717464629081587,2.205253239545731,adaptive_r150,20,masked_psnr,384,1,hard,full_frame,150.0
1.9883034797463002,2.8214238198601667,1.1588744493483591,adaptive_r150,20,masked_psnr,384,1,hard,head_foreground,150.0
-0.7177219580194716,-0.403702287088031,-1.0204040400775787,adaptive_r150,20,masked_psnr,384,1,hard,head_supported,150.0
4.357084522047717,5.901422509398933,2.8699403760779467,adaptive_r150,20,masked_psnr,384,1,hard,head_unsupported,150.0
-0.6279359811521854,-0.3513849080651146,-0.9057170403839045,adaptive_r150,20,masked_psnr,384,1,hard,oral,150.0
6.740385933972485,8.055818189320423,5.3033175846403156,adaptive_r150,20,masked_psnr,384,1,hard,torso_outside_head_roi,150.0
-2.1719287785466705,-0.6151441154804103,-3.4843220226092715,adaptive_r150,20,masked_psnr,384,4,hard,background,150.0
0.08187350003707969,0.3990646513157697,-0.2078559641017631,adaptive_r150,20,masked_psnr,384,4,hard,eyes,150.0
-0.12378329561442838,0.3760214855546709,-0.6116440247855555,adaptive_r150,20,masked_psnr,384,4,hard,flame_supported,150.0
6.158316792712923,7.340703364497182,4.86255883537162,adaptive_r150,20,masked_psnr,384,4,hard,flame_unsupported,150.0
4.701829742587405,5.636245651879111,3.669962254310776,adaptive_r150,20,masked_psnr,384,4,hard,foreground,150.0
2.9101903834216998,3.5949251240620748,2.1837959609767448,adaptive_r150,20,masked_psnr,384,4,hard,full_frame,150.0
1.9735767846187333,2.7851202874195997,1.1640114178706444,adaptive_r150,20,masked_psnr,384,4,hard,head_foreground,150.0
-1.1907547598593318,-0.8769389459637685,-1.533761393688988,adaptive_r150,20,masked_psnr,384,4,hard,head_supported,150.0
4.455029338668137,5.931469957153122,3.0521598994571404,adaptive_r150,20,masked_psnr,384,4,hard,head_unsupported,150.0
-0.7895923317715269,-0.5168884075626302,-1.0594602519706433,adaptive_r150,20,masked_psnr,384,4,hard,oral,150.0
6.591310297245366,7.855871692187278,5.23770254603092,adaptive_r150,20,masked_psnr,384,4,hard,torso_outside_head_roi,150.0
-2.1212946999997273,-0.6844310132716707,-3.3099027456503385,adaptive_r150,20,masked_psnr,384,8,hard,background,150.0
0.2358112994788364,0.5580672698224861,-0.08735745874357236,adaptive_r150,20,masked_psnr,384,8,hard,eyes,150.0
-0.15949031991007728,0.3745230916207906,-0.6834331739727382,adaptive_r150,20,masked_psnr,384,8,hard,flame_supported,150.0
6.2646958247145985,7.472051402148887,5.016119070346366,adaptive_r150,20,masked_psnr,384,8,hard,flame_unsupported,150.0
4.810717984606894,5.786477141377364,3.748558401102131,adaptive_r150,20,masked_psnr,384,8,hard,foreground,150.0
2.971138939261738,3.679161872479912,2.2414295011406877,adaptive_r150,20,masked_psnr,384,8,hard,full_frame,150.0
1.9621329926313358,2.7750381938640922,1.183194611536114,adaptive_r150,20,masked_psnr,384,8,hard,head_foreground,150.0
-1.2398580073390904,-0.8703522438457546,-1.6391427053425967,adaptive_r150,20,masked_psnr,384,8,hard,head_supported,150.0
4.475241364506351,5.949989958490863,3.0738128088432672,adaptive_r150,20,masked_psnr,384,8,hard,head_unsupported,150.0
-0.7993880742883137,-0.5045565748672113,-1.0792691681141624,adaptive_r150,20,masked_psnr,384,8,hard,oral,150.0
6.666416846566174,7.946711859996396,5.310834038813759,adaptive_r150,20,masked_psnr,384,8,hard,torso_outside_head_roi,150.0
-0.2686321627780427,0.11278140699724484,-0.6957641782940144,adaptive_r150,20,masked_psnr,8,1,released_r150,background,150.0
0.37484492708207695,0.8696621665723514,-0.04103775926324142,adaptive_r150,20,masked_psnr,8,1,released_r150,eyes,150.0
-0.16148351291567123,0.04140798781270688,-0.3578678862951144,adaptive_r150,20,masked_psnr,8,1,released_r150,flame_supported,150.0
0.27013917429398493,0.6230235003026723,-0.09444659787318212,adaptive_r150,20,masked_psnr,8,1,released_r150,flame_unsupported,150.0
0.1817976674867691,0.4704354713344306,-0.10012501629193585,adaptive_r150,20,masked_psnr,8,1,released_r150,foreground,150.0
0.07994700642554334,0.30038656573242906,-0.14977061094590688,adaptive_r150,20,masked_psnr,8,1,released_r150,full_frame,150.0
0.15165924750606186,0.5114746573750731,-0.13860236751155122,adaptive_r150,20,masked_psnr,8,1,released_r150,head_foreground,150.0
-0.056414035928686615,0.15447423562541454,-0.25483042117365,adaptive_r150,20,masked_psnr,8,1,released_r150,head_supported,150.0
0.3895101473187313,1.042621870548312,-0.16619224739744212,adaptive_r150,20,masked_psnr,8,1,released_r150,head_unsupported,150.0
-0.35608766447059564,-0.10609822224319533,-0.6047979279938194,adaptive_r150,20,masked_psnr,8,1,released_r150,oral,150.0
0.23363528817057197,0.660494066972173,-0.2130173705243545,adaptive_r150,20,masked_psnr,8,1,released_r150,torso_outside_head_roi,150.0
-0.3055848135390594,0.0929494488030669,-0.7424831093570908,adaptive_r150,20,masked_psnr,8,4,released_r150,background,150.0
0.2444718742811574,0.6782276337643625,-0.14619248266388377,adaptive_r150,20,masked_psnr,8,4,released_r150,eyes,150.0
-0.13021080749971298,0.1623066865061896,-0.40143542523809456,adaptive_r150,20,masked_psnr,8,4,released_r150,flame_supported,150.0
0.13043557639282066,0.36104348205437126,-0.10061566218679482,adaptive_r150,20,masked_psnr,8,4,released_r150,flame_unsupported,150.0
0.0780627424853471,0.29275956211660564,-0.14190910965203563,adaptive_r150,20,masked_psnr,8,4,released_r150,foreground,150.0
0.01643552980595695,0.2359627840710121,-0.2054722981915052,adaptive_r150,20,masked_psnr,8,4,released_r150,full_frame,150.0
-0.03537218134481455,0.16001366823398872,-0.21928817679997048,adaptive_r150,20,masked_psnr,8,4,released_r150,head_foreground,150.0
-0.07606130158768912,0.1784001917882333,-0.32373596673834254,adaptive_r150,20,masked_psnr,8,4,released_r150,head_supported,150.0
0.06566313064460719,0.5323956049807214,-0.29210160070742164,adaptive_r150,20,masked_psnr,8,4,released_r150,head_unsupported,150.0
-0.29213284888047164,-0.06596453330634239,-0.5081995814049065,adaptive_r150,20,masked_psnr,8,4,released_r150,oral,150.0
0.13067625955890994,0.4393561789760914,-0.17669043984571828,adaptive_r150,20,masked_psnr,8,4,released_r150,torso_outside_head_roi,150.0
-0.31209455387786444,0.14080248116294433,-0.8094204126536295,adaptive_r150,20,masked_psnr,8,8,released_r150,background,150.0
0.1614402533697362,0.4983533844107385,-0.1333351377190082,adaptive_r150,20,masked_psnr,8,8,released_r150,eyes,150.0
-0.27373395371024883,-0.004409980949171015,-0.5279955351751535,adaptive_r150,20,masked_psnr,8,8,released_r150,flame_supported,150.0
0.03571703324155395,0.2636620418184375,-0.1824178116060786,adaptive_r150,20,masked_psnr,8,8,released_r150,flame_unsupported,150.0
-0.036218116236139554,0.17509245047895242,-0.23810333676585063,adaptive_r150,20,masked_psnr,8,8,released_r150,foreground,150.0
-0.05969413471911276,0.15687052228289694,-0.2882825725695316,adaptive_r150,20,masked_psnr,8,8,released_r150,full_frame,150.0
-0.09399114643842577,0.08934284334093985,-0.2624270491473803,adaptive_r150,20,masked_psnr,8,8,released_r150,head_foreground,150.0
-0.13979491999172167,0.07911070062640158,-0.3558966686466586,adaptive_r150,20,masked_psnr,8,8,released_r150,head_supported,150.0
0.020113458209438127,0.43900714776230654,-0.3002000767999979,adaptive_r150,20,masked_psnr,8,8,released_r150,head_unsupported,150.0
-0.3152841170416057,-0.0997997886933293,-0.5283574564755659,adaptive_r150,20,masked_psnr,8,8,released_r150,oral,150.0
-0.0453604923625488,0.27011899873334505,-0.36445542228586164,adaptive_r150,20,masked_psnr,8,8,released_r150,torso_outside_head_roi,150.0
-0.2518015300028515,0.07984328846760094,-0.6065160663531021,adaptive_r150,20,masked_psnr,32,1,released_r150,background,150.0
0.44669707525935376,0.8414017420528985,0.07319609033659787,adaptive_r150,20,masked_psnr,32,1,released_r150,eyes,150.0
-0.019885884173516822,0.15990568490196483,-0.1894695066715267,adaptive_r150,20,masked_psnr,32,1,released_r150,flame_supported,150.0
-0.06241780497692946,0.1972047138032091,-0.34951506781825753,adaptive_r150,20,masked_psnr,32,1,released_r150,flame_unsupported,150.0
-0.056126275591504717,0.13418603931704265,-0.2612941540074675,adaptive_r150,20,masked_psnr,32,1,released_r150,foreground,150.0
-0.08731845942108415,0.09751685633255493,-0.2774693082841664,adaptive_r150,20,masked_psnr,32,1,released_r150,full_frame,150.0
-0.030979241826005664,0.2083937469343282,-0.26578494686192633,adaptive_r150,20,masked_psnr,32,1,released_r150,head_foreground,150.0
-0.011474517779780502,0.18412059088021396,-0.1930167439374486,adaptive_r150,20,masked_psnr,32,1,released_r150,head_supported,150.0
-0.053169345617887886,0.37445088497034434,-0.4787286797349196,adaptive_r150,20,masked_psnr,32,1,released_r150,head_unsupported,150.0
-0.42935385142782856,-0.1796047980027476,-0.642929741987382,adaptive_r150,20,masked_psnr,32,1,released_r150,oral,150.0
-0.016806486114730436,0.2400182196125283,-0.30379823721342053,adaptive_r150,20,masked_psnr,32,1,released_r150,torso_outside_head_roi,150.0
-0.2937583401528484,0.11419788672914706,-0.7451673708977037,adaptive_r150,20,masked_psnr,32,4,released_r150,background,150.0
0.42240212216406564,0.8483529783163536,0.03256109371554798,adaptive_r150,20,masked_psnr,32,4,released_r150,eyes,150.0
-0.06126201881125874,0.25731125005358696,-0.37204671500173414,adaptive_r150,20,masked_psnr,32,4,released_r150,flame_supported,150.0
-0.15422797043392392,0.1748425679506821,-0.5386796222520569,adaptive_r150,20,masked_psnr,32,4,released_r150,flame_unsupported,150.0
-0.12739024028977086,0.12184116222332671,-0.42112389316127596,adaptive_r150,20,masked_psnr,32,4,released_r150,foreground,150.0
-0.08409262867981848,0.12123178474826217,-0.3066777434090729,adaptive_r150,20,masked_psnr,32,4,released_r150,full_frame,150.0
-0.16083588025182705,0.1748306060566963,-0.5406300090935,adaptive_r150,20,masked_psnr,32,4,released_r150,head_foreground,150.0
-0.028101672003373414,0.3065907664898517,-0.3531347418806614,adaptive_r150,20,masked_psnr,32,4,released_r150,head_supported,150.0
-0.265051968205697,0.27648646826055456,-0.8770749983430176,adaptive_r150,20,masked_psnr,32,4,released_r150,head_unsupported,150.0
-0.34497283454552063,-0.11223649166108156,-0.5496099378606003,adaptive_r150,20,masked_psnr,32,4,released_r150,oral,150.0
0.017742024987250325,0.3211519433461051,-0.29163455020038315,adaptive_r150,20,masked_psnr,32,4,released_r150,torso_outside_head_roi,150.0
-0.11503338102584788,0.20298273512894258,-0.4519297649007836,adaptive_r150,20,masked_psnr,32,8,released_r150,background,150.0
0.37525620776320334,0.7956611491899311,-0.027125218667774613,adaptive_r150,20,masked_psnr,32,8,released_r150,eyes,150.0
-0.012301546982926759,0.3169390053109736,-0.31094089941942926,adaptive_r150,20,masked_psnr,32,8,released_r150,flame_supported,150.0
-0.09291552782666201,0.1965096494728444,-0.41086248056307273,adaptive_r150,20,masked_psnr,32,8,released_r150,flame_unsupported,150.0
-0.07378201591321094,0.15627556555961064,-0.32289511392841,adaptive_r150,20,masked_psnr,32,8,released_r150,foreground,150.0
-0.05493697808083438,0.12522543108997775,-0.2401570680829864,adaptive_r150,20,masked_psnr,32,8,released_r150,full_frame,150.0
-0.09838169634792049,0.19394393320982536,-0.3847498365578903,adaptive_r150,20,masked_psnr,32,8,released_r150,head_foreground,150.0
-0.003644624456885559,0.32046125465867026,-0.299742820519999,adaptive_r150,20,masked_psnr,32,8,released_r150,head_supported,150.0
-0.14971153643105556,0.3450861171832774,-0.6511293140208825,adaptive_r150,20,masked_psnr,32,8,released_r150,head_unsupported,150.0
-0.3776274291970111,-0.13596233133939525,-0.6067238925331849,adaptive_r150,20,masked_psnr,32,8,released_r150,oral,150.0
0.04612822620949704,0.3039989222673532,-0.2065254047298176,adaptive_r150,20,masked_psnr,32,8,released_r150,torso_outside_head_roi,150.0
-0.3609923096673935,0.17895819391679807,-0.8426312106815947,adaptive_r150,20,masked_psnr,128,1,released_r150,background,150.0
0.1216032908652684,0.48591895857215167,-0.22105236542801385,adaptive_r150,20,masked_psnr,128,1,released_r150,eyes,150.0
0.06165827704596216,0.27644674171877903,-0.13359127997441148,adaptive_r150,20,masked_psnr,128,1,released_r150,flame_supported,150.0
-0.4412118207034023,-0.11583567218687066,-0.8076208899944896,adaptive_r150,20,masked_psnr,128,1,released_r150,flame_unsupported,150.0
-0.2987090044255954,-0.07987877213099093,-0.5485233364716664,adaptive_r150,20,masked_psnr,128,1,released_r150,foreground,150.0
-0.25354044567437634,-0.11493524767004878,-0.3792492459696097,adaptive_r150,20,masked_psnr,128,1,released_r150,full_frame,150.0
-0.14833419443136958,0.08778259084009306,-0.37153243843965716,adaptive_r150,20,masked_psnr,128,1,released_r150,head_foreground,150.0
0.041295376431510086,0.2721069774813792,-0.16790694002366113,adaptive_r150,20,masked_psnr,128,1,released_r150,head_supported,150.0
-0.3899469629338725,0.008541872413911229,-0.7765740172218731,adaptive_r150,20,masked_psnr,128,1,released_r150,head_unsupported,150.0
-0.3576769295227882,-0.09759060328084256,-0.6437009526918843,adaptive_r150,20,masked_psnr,128,1,released_r150,oral,150.0
-0.41810744055078874,-0.10537313452842664,-0.7813577722708908,adaptive_r150,20,masked_psnr,128,1,released_r150,torso_outside_head_roi,150.0
-0.37103526053714236,0.19991064297756284,-0.9157618062525256,adaptive_r150,20,masked_psnr,128,4,released_r150,background,150.0
-0.021227430846901464,0.31864755163469866,-0.34239566157653833,adaptive_r150,20,masked_psnr,128,4,released_r150,eyes,150.0
-0.043603412026999334,0.20875808580613717,-0.2636450999391858,adaptive_r150,20,masked_psnr,128,4,released_r150,flame_supported,150.0
-0.48204303606262,-0.15687629710736647,-0.9308409845526434,adaptive_r150,20,masked_psnr,128,4,released_r150,flame_unsupported,150.0
-0.3835667226300372,-0.15068174424037234,-0.7022138722092873,adaptive_r150,20,masked_psnr,128,4,released_r150,foreground,150.0
-0.2999869932909592,-0.13163320021946137,-0.4559813076678092,adaptive_r150,20,masked_psnr,128,4,released_r150,full_frame,150.0
-0.2021231133112881,0.07459320466972268,-0.43350125695787056,adaptive_r150,20,masked_psnr,128,4,released_r150,head_foreground,150.0
-0.028054432376046722,0.2281040992545192,-0.2488631121003271,adaptive_r150,20,masked_psnr,128,4,released_r150,head_supported,150.0
-0.3563822503770101,0.05383106065651485,-0.772975743245181,adaptive_r150,20,masked_psnr,128,4,released_r150,head_unsupported,150.0
-0.4255012817139832,-0.06472586960873633,-0.8118250968956088,adaptive_r150,20,masked_psnr,128,4,released_r150,oral,150.0
-0.5226030657889686,-0.19558812152327582,-0.9797473012681869,adaptive_r150,20,masked_psnr,128,4,released_r150,torso_outside_head_roi,150.0
-0.09726651958883518,0.3731965674667162,-0.5248338338811513,adaptive_r150,20,masked_psnr,128,8,released_r150,background,150.0
0.0034011809640292156,0.3334923576360547,-0.31826679418840426,adaptive_r150,20,masked_psnr,128,8,released_r150,eyes,150.0
-0.0734735894440151,0.17906851648496122,-0.28034380266792874,adaptive_r150,20,masked_psnr,128,8,released_r150,flame_supported,150.0
-0.40466052761090027,-0.15039211962414104,-0.6877583511433242,adaptive_r150,20,masked_psnr,128,8,released_r150,flame_unsupported,150.0
-0.334036847932307,-0.16555412992092122,-0.5077253888174345,adaptive_r150,20,masked_psnr,128,8,released_r150,foreground,150.0
-0.23693547873529078,-0.07911792996172615,-0.39397063561387163,adaptive_r150,20,masked_psnr,128,8,released_r150,full_frame,150.0
-0.19477843604748948,0.02757190783791575,-0.35910691096252334,adaptive_r150,20,masked_psnr,128,8,released_r150,head_foreground,150.0
-0.07294027245165538,0.1600771509654736,-0.26871145897899773,adaptive_r150,20,masked_psnr,128,8,released_r150,head_supported,150.0
-0.3382497935524932,-0.012838251170249492,-0.6544264510703522,adaptive_r150,20,masked_psnr,128,8,released_r150,head_unsupported,150.0
-0.3981513555620969,-0.04779013496307725,-0.7645567412390574,adaptive_r150,20,masked_psnr,128,8,released_r150,oral,150.0
-0.4286879986715263,-0.18650036641838857,-0.7010634275204003,adaptive_r150,20,masked_psnr,128,8,released_r150,torso_outside_head_roi,150.0
0.11630466773242416,1.5835183846259435,-0.7341579804738823,adaptive_r150,20,masked_psnr,384,1,released_r150,background,150.0
0.33580445085251454,0.6452676747761914,0.016172878473726157,adaptive_r150,20,masked_psnr,384,1,released_r150,eyes,150.0
-0.1409852446647406,0.12689025433918788,-0.38421804338337845,adaptive_r150,20,masked_psnr,384,1,released_r150,flame_supported,150.0
-0.6199665207093242,-0.3988336814520431,-0.8661273752045463,adaptive_r150,20,masked_psnr,384,1,released_r150,flame_unsupported,150.0
-0.43768645170916287,-0.2744359911782217,-0.6039785206102102,adaptive_r150,20,masked_psnr,384,1,released_r150,foreground,150.0
-0.45445881230118534,-0.3256529006539073,-0.5785561430274423,adaptive_r150,20,masked_psnr,384,1,released_r150,full_frame,150.0
-0.32676004168284756,-0.10179515576355488,-0.5228057304854863,adaptive_r150,20,masked_psnr,384,1,released_r150,head_foreground,150.0
-0.10915029388826154,0.18791152509059653,-0.35744523207790113,adaptive_r150,20,masked_psnr,384,1,released_r150,head_supported,150.0
-0.6113367903806355,-0.19644088688025108,-1.0476878447673985,adaptive_r150,20,masked_psnr,384,1,released_r150,head_unsupported,150.0
-0.14118073570947515,0.06737871347478568,-0.36386601858608325,adaptive_r150,20,masked_psnr,384,1,released_r150,oral,150.0
-0.5449305061994367,-0.31371069209809915,-0.7633076322383135,adaptive_r150,20,masked_psnr,384,1,released_r150,torso_outside_head_roi,150.0
0.26587072863450806,1.5087189531258167,-0.461759587745202,adaptive_r150,20,masked_psnr,384,4,released_r150,background,150.0
0.12583025466701353,0.46384704094417106,-0.2136978523703679,adaptive_r150,20,masked_psnr,384,4,released_r150,eyes,150.0
-0.2963252278955172,-0.10823609075004816,-0.47078677258352203,adaptive_r150,20,masked_psnr,384,4,released_r150,flame_supported,150.0
-0.623767742591745,-0.42790081308866057,-0.8136521724178314,adaptive_r150,20,masked_psnr,384,4,released_r150,flame_unsupported,150.0
-0.5104463876878375,-0.36648363816616863,-0.6495434352741781,adaptive_r150,20,masked_psnr,384,4,released_r150,foreground,150.0
-0.45867932359319663,-0.34286643375974596,-0.5665736654860126,adaptive_r150,20,masked_psnr,384,4,released_r150,full_frame,150.0
-0.48564239702513345,-0.3265007773020713,-0.6627613511036692,adaptive_r150,20,masked_psnr,384,4,released_r150,head_foreground,150.0
-0.29606184496480614,-0.08307382188588222,-0.4876196523679204,adaptive_r150,20,masked_psnr,384,4,released_r150,head_supported,150.0
-0.6647522693596634,-0.32985970205317666,-1.0200793462075097,adaptive_r150,20,masked_psnr,384,4,released_r150,head_unsupported,150.0
-0.13931851319196528,0.07742716207297715,-0.36450254279051675,adaptive_r150,20,masked_psnr,384,4,released_r150,oral,150.0
-0.5014097111110826,-0.32561034152655166,-0.6689659198311928,adaptive_r150,20,masked_psnr,384,4,released_r150,torso_outside_head_roi,150.0
0.43645565945812226,1.5014584168897342,-0.24867057607530219,adaptive_r150,20,masked_psnr,384,8,released_r150,background,150.0
0.2395798140590916,0.5867833149205952,-0.09768540679552307,adaptive_r150,20,masked_psnr,384,8,released_r150,eyes,150.0
-0.269690354478759,-0.07950737796174676,-0.4436602935548049,adaptive_r150,20,masked_psnr,384,8,released_r150,flame_supported,150.0
-0.6763339803627467,-0.47354241555609544,-0.8781816293565544,adaptive_r150,20,masked_psnr,384,8,released_r150,flame_unsupported,150.0
-0.5281139579977262,-0.3917754937212972,-0.663819826482837,adaptive_r150,20,masked_psnr,384,8,released_r150,foreground,150.0
-0.3725860790060854,-0.25706740885298046,-0.47720179466532453,adaptive_r150,20,masked_psnr,384,8,released_r150,full_frame,150.0
-0.46315807961369604,-0.31868780887605735,-0.6227223564608794,adaptive_r150,20,masked_psnr,384,8,released_r150,head_foreground,150.0
-0.2568300055558745,-0.052283847186235057,-0.44905343040754125,adaptive_r150,20,masked_psnr,384,8,released_r150,head_supported,150.0
-0.7055094350525106,-0.3451776743425445,-1.098871367636206,adaptive_r150,20,masked_psnr,384,8,released_r150,head_unsupported,150.0
-0.10327069262398751,0.12385767850776909,-0.3274788617194392,adaptive_r150,20,masked_psnr,384,8,released_r150,oral,150.0
-0.5502449885212541,-0.3809193664747413,-0.7121343677622246,adaptive_r150,20,masked_psnr,384,8,released_r150,torso_outside_head_roi,150.0
-0.7077971709340225,1.809340646217289,-2.5554640831687205,released_r150,20,masked_psnr,8,1,hard,background,150.0
-0.4480722445949586,0.11051373110043489,-1.1307895391631781,released_r150,20,masked_psnr,8,1,hard,eyes,150.0
-1.580274357638642,-1.0603709702052506,-2.1815124872059317,released_r150,20,masked_psnr,8,1,hard,flame_supported,150.0
2.650930667213749,3.5343363227982953,1.7507789344260964,released_r150,20,masked_psnr,8,1,hard,flame_unsupported,150.0
1.7289019673076063,2.5183166690687777,0.8838254669811401,released_r150,20,masked_psnr,8,1,hard,foreground,150.0
0.930162418265639,1.7846105650023114,-0.026828446776913973,released_r150,20,masked_psnr,8,1,hard,full_frame,150.0
-0.09816495572078132,0.3972307116401607,-0.6279298989771007,released_r150,20,masked_psnr,8,1,hard,head_foreground,150.0
-2.1080508270887535,-1.667858064189181,-2.6083952394669567,released_r150,20,masked_psnr,8,1,hard,head_supported,150.0
1.5417584525710368,2.3065773191917334,0.7845486043075733,released_r150,20,masked_psnr,8,1,hard,head_unsupported,150.0
-0.45405988252573765,-0.19191053892594534,-0.6967164720847672,released_r150,20,masked_psnr,8,1,hard,oral,150.0
2.5887322718666956,3.719538060142599,1.3903709074649886,released_r150,20,masked_psnr,8,1,hard,torso_outside_head_roi,150.0
-0.4057497944430743,2.0734964237243796,-2.363826109619161,released_r150,20,masked_psnr,8,4,hard,background,150.0
-0.5811200781478179,0.01795154177021,-1.2861799392699147,released_r150,20,masked_psnr,8,4,hard,eyes,150.0
-1.6518761467447156,-1.1707987832819895,-2.186325856165089,released_r150,20,masked_psnr,8,4,hard,flame_supported,150.0
2.852427511431859,3.516404224404723,2.220352487509537,released_r150,20,masked_psnr,8,4,hard,flame_unsupported,150.0
1.921359741671219,2.5256436454836737,1.2518096107076944,released_r150,20,masked_psnr,8,4,hard,foreground,150.0
1.0853207153263729,1.8425783101021185,0.22699110865228306,released_r150,20,masked_psnr,8,4,hard,full_frame,150.0
-0.09476617743974902,0.42654889277174596,-0.6383362141614032,released_r150,20,masked_psnr,8,4,hard,head_foreground,150.0
-2.372035984054353,-1.8541698628607572,-2.9902772408175933,released_r150,20,masked_psnr,8,4,hard,head_supported,150.0
1.5102483513172527,2.219026626768,0.8379199195107889,released_r150,20,masked_psnr,8,4,hard,head_unsupported,150.0
-0.7072615852931385,-0.3629878349235341,-1.067502799569394,released_r150,20,masked_psnr,8,4,hard,oral,150.0
2.8926181667572313,3.7361340958179476,2.003331888065316,released_r150,20,masked_psnr,8,4,hard,torso_outside_head_roi,150.0
-0.37608804129114004,1.906054967238201,-2.204117364450123,released_r150,20,masked_psnr,8,8,hard,background,150.0
-0.4023024849335795,0.10825520803139932,-1.0147974159170168,released_r150,20,masked_psnr,8,8,hard,eyes,150.0
-1.6863736896661567,-1.1700546759810804,-2.2128562049929483,released_r150,20,masked_psnr,8,8,hard,flame_supported,150.0
2.959080248053381,3.6394010076589334,2.314722759116338,released_r150,20,masked_psnr,8,8,hard,flame_unsupported,150.0
2.024734432545169,2.6578435522553536,1.350186843267354,released_r150,20,masked_psnr,8,8,hard,foreground,150.0
1.171933110806015,1.9500735752554512,0.267424388062899,released_r150,20,masked_psnr,8,8,hard,full_frame,150.0
-0.12308298289393767,0.3783564545611265,-0.6431468927440107,released_r150,20,masked_psnr,8,8,hard,head_foreground,150.0
-2.4959026747299533,-1.9749284776311853,-3.064990877690374,released_r150,20,masked_psnr,8,8,hard,head_supported,150.0
1.4880640043062674,2.221078348710347,0.8207233676656776,released_r150,20,masked_psnr,8,8,hard,head_unsupported,150.0
-0.6118420166417495,-0.28404978715474416,-0.9565742004324431,released_r150,20,masked_psnr,8,8,hard,oral,150.0
3.072363492300958,3.9687617073461228,2.179008707187968,released_r150,20,masked_psnr,8,8,hard,torso_outside_head_roi,150.0
-2.532434550595245,-0.6179029044399124,-4.319480155924369,released_r150,20,masked_psnr,32,1,hard,background,150.0
-0.5142769485954506,-0.036839991450196216,-0.9993811157495411,released_r150,20,masked_psnr,32,1,hard,eyes,150.0
-0.46482486809623175,0.12558785802465305,-1.0790873447712783,released_r150,20,masked_psnr,32,1,hard,flame_supported,150.0
5.749975837879353,6.817535378002221,4.596450346876896,released_r150,20,masked_psnr,32,1,hard,flame_unsupported,150.0
4.2348564598736065,5.140503516882446,3.225245463749171,released_r150,20,masked_psnr,32,1,hard,foreground,150.0
2.365642037618097,3.1944099497202667,1.4880125746408877,released_r150,20,masked_psnr,32,1,hard,full_frame,150.0
1.703759268138382,2.6416879946056295,0.8062153236116731,released_r150,20,masked_psnr,32,1,hard,head_foreground,150.0
-1.2336073898938815,-0.8265021511308389,-1.6836570129909776,released_r150,20,masked_psnr,32,1,hard,head_supported,150.0
4.414686705263137,5.897405829660886,2.958896085831531,released_r150,20,masked_psnr,32,1,hard,head_unsupported,150.0
-0.3196833976158617,-0.03536170735080818,-0.5910317390640726,released_r150,20,masked_psnr,32,1,hard,oral,150.0
5.922666222685548,7.036619462602202,4.6412995931654075,released_r150,20,masked_psnr,32,1,hard,torso_outside_head_roi,150.0
-2.2771288083747208,-0.0729480106280779,-4.230863495600663,released_r150,20,masked_psnr,32,4,hard,background,150.0
-0.5615725211237234,-0.0800612067203893,-1.0776352049132332,released_r150,20,masked_psnr,32,4,hard,eyes,150.0
-0.5299327392154213,0.1382990319047419,-1.2046371945990062,released_r150,20,masked_psnr,32,4,hard,flame_supported,150.0
5.84652513801629,6.729415174061061,4.8349632607018505,released_r150,20,masked_psnr,32,4,hard,flame_unsupported,150.0
4.360119772522678,5.213941013047927,3.388330586341514,released_r150,20,masked_psnr,32,4,hard,foreground,150.0
2.4921534557715352,3.322502963326992,1.6372398788108011,released_r150,20,masked_psnr,32,4,hard,full_frame,150.0
1.7847756704722435,2.7434680296339384,0.8203456687118902,released_r150,20,masked_psnr,32,4,hard,head_foreground,150.0
-1.5588331138760734,-1.0835459114572366,-2.047747568786637,released_r150,20,masked_psnr,32,4,hard,head_supported,150.0
4.471699047143039,5.86106691352788,3.088506513075537,released_r150,20,masked_psnr,32,4,hard,head_unsupported,150.0
-0.6744200511128593,-0.38057043899130216,-0.9691151554444336,released_r150,20,masked_psnr,32,4,hard,oral,150.0
5.990364484520312,6.8989491660692055,4.997657185487313,released_r150,20,masked_psnr,32,4,hard,torso_outside_head_roi,150.0
-2.244312772848991,-0.1506138014036501,-4.118298819349121,released_r150,20,masked_psnr,32,8,hard,background,150.0
-0.3959684105017683,0.08185844129376914,-0.9122140305589866,released_r150,20,masked_psnr,32,8,hard,eyes,150.0
-0.5734009209247923,0.06817327155443641,-1.2323513966068476,released_r150,20,masked_psnr,32,8,hard,flame_supported,150.0
5.8838632026573965,6.785892595792863,4.843365218777719,released_r150,20,masked_psnr,32,8,hard,flame_unsupported,150.0
4.444520077631505,5.29529705200526,3.471788822944629,released_r150,20,masked_psnr,32,8,hard,foreground,150.0
2.5471170904275726,3.3948145699557877,1.674083743355502,released_r150,20,masked_psnr,32,8,hard,full_frame,150.0
1.7569721845716035,2.7155440059696088,0.7973726801334978,released_r150,20,masked_psnr,32,8,hard,head_foreground,150.0
-1.6103656434283486,-1.1524089343524424,-2.0664473649610224,released_r150,20,masked_psnr,32,8,hard,head_supported,150.0
4.349325918570742,5.7618312939973055,2.9879457179093465,released_r150,20,masked_psnr,32,8,hard,head_unsupported,150.0
-0.6456410330337429,-0.3725372015644363,-0.9177543023783624,released_r150,20,masked_psnr,32,8,hard,oral,150.0
6.030928239371561,6.954989437316676,5.013044624911017,released_r150,20,masked_psnr,32,8,hard,torso_outside_head_roi,150.0
-1.8008011722918524,-0.7724765436474331,-2.8038573946928604,released_r150,20,masked_psnr,128,1,hard,background,150.0
-0.0952685903503209,0.19300666749265907,-0.37772380952119045,released_r150,20,masked_psnr,128,1,hard,eyes,150.0
0.113413615353398,0.6586010315556747,-0.42146424149353856,released_r150,20,masked_psnr,128,1,hard,flame_supported,150.0
6.310196758616464,7.602266825385517,4.97976535803467,released_r150,20,masked_psnr,128,1,hard,flame_unsupported,150.0
4.778935053360957,5.810271202864421,3.6648316328228936,released_r150,20,masked_psnr,128,1,hard,foreground,150.0
3.1326617137409136,3.898072313495652,2.3443292629971175,released_r150,20,masked_psnr,128,1,hard,full_frame,150.0
2.1377064190833677,2.8911276846460994,1.3826370546305498,released_r150,20,masked_psnr,128,1,hard,head_foreground,150.0
-0.6981943814615946,-0.3518772377908949,-1.0858591823948986,released_r150,20,masked_psnr,128,1,hard,head_supported,150.0
4.721589795639032,6.1028794224238085,3.3990465432389274,released_r150,20,masked_psnr,128,1,hard,head_unsupported,150.0
-0.19334204299962998,0.051855546609558434,-0.4416287413439006,released_r150,20,masked_psnr,128,1,hard,oral,150.0
6.6396869664861855,8.011300044230953,5.200754551340747,released_r150,20,masked_psnr,128,1,hard,torso_outside_head_roi,150.0
-2.032408316589862,-0.5219733605536299,-3.44687976117743,released_r150,20,masked_psnr,128,4,hard,background,150.0
0.04335456540246572,0.3098624206854068,-0.20565514362919876,released_r150,20,masked_psnr,128,4,hard,eyes,150.0
0.05121411331460877,0.6142532858635126,-0.49819369898351196,released_r150,20,masked_psnr,128,4,hard,flame_supported,150.0
6.2957000319276935,7.535487203938076,4.995509882059682,released_r150,20,masked_psnr,128,4,hard,flame_unsupported,150.0
4.8472231896869005,5.835517897270683,3.7679060927224226,released_r150,20,masked_psnr,128,4,hard,foreground,150.0
3.0155815423600836,3.7377282546370725,2.3036556118770983,released_r150,20,masked_psnr,128,4,hard,full_frame,150.0
2.188612329936141,2.9102577057968935,1.4526519164086849,released_r150,20,masked_psnr,128,4,hard,head_foreground,150.0
-1.0117102684085257,-0.5966610590321991,-1.4534864344776706,released_r150,20,masked_psnr,128,4,hard,head_supported,150.0
4.731229586701521,6.0477400553436595,3.4669983064817056,released_r150,20,masked_psnr,128,4,hard,head_unsupported,150.0
-0.4192936024362792,-0.16496905236777476,-0.6717319057616069,released_r150,20,masked_psnr,128,4,hard,oral,150.0
6.635429665945649,7.953544351543652,5.227232345950611,released_r150,20,masked_psnr,128,4,hard,torso_outside_head_roi,150.0
-2.1311733741389354,-0.5307942132123686,-3.5821476319794847,released_r150,20,masked_psnr,128,8,hard,background,150.0
0.16844801193501463,0.4492787609769609,-0.09971534018146681,released_r150,20,masked_psnr,128,8,hard,eyes,150.0
0.043216653426951,0.6144417074160208,-0.5153708363821481,released_r150,20,masked_psnr,128,8,hard,flame_supported,150.0
6.455538538649618,7.688604615661332,5.187642287795244,released_r150,20,masked_psnr,128,8,hard,flame_unsupported,150.0
4.9999098641401805,6.00561676863784,3.928085705425492,released_r150,20,masked_psnr,128,8,hard,foreground,150.0
3.052961316185555,3.7673397647406635,2.3253463294758165,released_r150,20,masked_psnr,128,8,hard,full_frame,150.0
2.231910987282339,2.9641762646845486,1.5152712125758563,released_r150,20,masked_psnr,128,8,hard,head_foreground,150.0
-1.0361219183494892,-0.615386344984559,-1.4861096595524441,released_r150,20,masked_psnr,128,8,hard,head_supported,150.0
4.853749444568878,6.098108830410752,3.678172593540262,released_r150,20,masked_psnr,128,8,hard,head_unsupported,150.0
-0.41487109718682935,-0.17121714677338573,-0.6542036623227832,released_r150,20,masked_psnr,128,8,hard,oral,150.0
6.7583267353075644,8.118186464498747,5.336946038770701,released_r150,20,masked_psnr,128,8,hard,torso_outside_head_roi,150.0
-2.116674428161197,-1.1931659765723484,-3.165275720790566,released_r150,20,masked_psnr,384,1,hard,background,150.0
-0.11743392059565867,0.2642348415430434,-0.48469988542568665,released_r150,20,masked_psnr,384,1,hard,eyes,150.0
0.24378758729957967,0.7603078717068524,-0.2727843923987975,released_r150,20,masked_psnr,384,1,hard,flame_supported,150.0
6.852885601226307,8.033472638723365,5.5851342154937305,released_r150,20,masked_psnr,384,1,hard,flame_unsupported,150.0
5.162284851457912,6.151977009711852,4.093351007387407,released_r150,20,masked_psnr,384,1,hard,foreground,150.0
3.4330461076212244,4.147608504529696,2.680261087423017,released_r150,20,masked_psnr,384,1,hard,full_frame,150.0
2.3150635214291477,3.0932561101027782,1.5605121066061434,released_r150,20,masked_psnr,384,1,hard,head_foreground,150.0
-0.60857166413121,-0.30620028027733986,-0.9388103735967973,released_r150,20,masked_psnr,384,1,hard,head_supported,150.0
4.968421312428353,6.332494450595951,3.667608471023909,released_r150,20,masked_psnr,384,1,hard,head_unsupported,150.0
-0.4867552454427102,-0.20460636195208254,-0.7639523118848234,released_r150,20,masked_psnr,384,1,hard,oral,150.0
7.285316440171921,8.655206087442343,5.839953116750423,released_r150,20,masked_psnr,384,1,hard,torso_outside_head_roi,150.0
-2.437799507181179,-1.5484915952434928,-3.449835900320913,released_r150,20,masked_psnr,384,4,hard,background,150.0
-0.04395675462993385,0.35086634128441024,-0.449332189506821,released_r150,20,masked_psnr,384,4,hard,eyes,150.0
0.17254193228108877,0.7276525323330315,-0.3927129395103244,released_r150,20,masked_psnr,384,4,hard,flame_supported,150.0
6.782084535304669,7.960103944771577,5.555418542628154,released_r150,20,masked_psnr,384,4,hard,flame_unsupported,150.0
5.212276130275241,6.168933144643528,4.177437654425043,released_r150,20,masked_psnr,384,4,hard,foreground,150.0
3.368869707014897,4.063628009883743,2.642669009021732,released_r150,20,masked_psnr,384,4,hard,full_frame,150.0
2.4592191816438667,3.2346905490189637,1.7001351137953022,released_r150,20,masked_psnr,384,4,hard,head_foreground,150.0
-0.8946929148945255,-0.5340329393383336,-1.275381419310116,released_r150,20,masked_psnr,384,4,hard,head_supported,150.0
5.1197816080278,6.401740214802603,3.904538358440902,released_r150,20,masked_psnr,384,4,hard,head_unsupported,150.0
-0.6502738185795616,-0.3893132362008076,-0.9093382997783621,released_r150,20,masked_psnr,384,4,hard,oral,150.0
7.092720008356449,8.440907233658262,5.668975419712722,released_r150,20,masked_psnr,384,4,hard,torso_outside_head_roi,150.0
-2.5577503594578497,-1.698711379907759,-3.606307036635611,released_r150,20,masked_psnr,384,8,hard,background,150.0
-0.0037685145802552,0.4084039585529482,-0.4204243706793172,released_r150,20,masked_psnr,384,8,hard,eyes,150.0
0.11020003456868173,0.7020830555418546,-0.47231171896166757,released_r150,20,masked_psnr,384,8,hard,flame_supported,150.0
6.9410298050773465,8.117352009553445,5.742061318608077,released_r150,20,masked_psnr,384,8,hard,flame_unsupported,150.0
5.338831942604623,6.32642998582223,4.298679169321214,released_r150,20,masked_psnr,384,8,hard,foreground,150.0
3.3437250182678233,4.064357884840616,2.600491710187725,released_r150,20,masked_psnr,384,8,hard,full_frame,150.0
2.425291072245032,3.1952606499261305,1.6567010894330454,released_r150,20,masked_psnr,384,8,hard,head_foreground,150.0
-0.9830280017832159,-0.596962325229646,-1.3851210111806875,released_r150,20,masked_psnr,384,8,hard,head_supported,150.0
5.180750799558862,6.411240945269486,4.003471517151177,released_r150,20,masked_psnr,384,8,hard,head_unsupported,150.0
-0.6961173816643262,-0.4319600994801852,-0.9501342486620957,released_r150,20,masked_psnr,384,8,hard,oral,150.0
7.216661835087429,8.569563353245076,5.751656010271768,released_r150,20,masked_psnr,384,8,hard,torso_outside_head_roi,150.0
-0.004253817181399834,0.00221435813526573,-0.011319260506380144,adaptive_r30,20,masked_mae,8,1,hard,background,30.0
-0.004464483597790933,-0.0022990381269251854,-0.006586108922073749,adaptive_r30,20,masked_mae,8,1,hard,eyes,30.0
-0.010431046323595459,-0.004206461700466079,-0.018111483432279356,adaptive_r30,20,masked_mae,8,1,hard,flame_supported,30.0
0.07825633509583892,0.09993915447656337,0.05720565125788372,adaptive_r30,20,masked_mae,8,1,hard,flame_unsupported,30.0
0.01537777597499293,0.02402756699174067,0.00548131734036104,adaptive_r30,20,masked_mae,8,1,hard,foreground,30.0
0.006501287398228225,0.014152493330113826,-0.0020668021862598057,adaptive_r30,20,masked_mae,8,1,hard,full_frame,30.0
-0.0036306965026236884,0.001972028850875221,-0.009726882568132592,adaptive_r30,20,masked_mae,8,1,hard,head_foreground,30.0
-0.009815217616199056,-0.005339028910684898,-0.014585730967421497,adaptive_r30,20,masked_mae,8,1,hard,head_supported,30.0
0.03629078201820281,0.057399875929438446,0.01621796885401014,adaptive_r30,20,masked_mae,8,1,hard,head_unsupported,30.0
-0.001351588131054296,0.00023848338751810278,-0.003099433749394323,adaptive_r30,20,masked_mae,8,1,hard,oral,30.0
0.055994747709702655,0.08310900202451336,0.026980648495105137,adaptive_r30,20,masked_mae,8,1,hard,torso_outside_head_roi,30.0
-0.0026579434234645766,0.00390397021974426,-0.01008042577582855,adaptive_r30,20,masked_mae,8,4,hard,background,30.0
-0.003744048835485734,-0.0010235563837838046,-0.006185315827414628,adaptive_r30,20,masked_mae,8,4,hard,eyes,30.0
-0.011083637383478197,-0.007424511983727728,-0.015333661277952255,adaptive_r30,20,masked_mae,8,4,hard,flame_supported,30.0
0.08208195550726821,0.10045006647463495,0.0655335496877846,adaptive_r30,20,masked_mae,8,4,hard,flame_unsupported,30.0
0.01583618727447771,0.02217443461353133,0.00902958186828855,adaptive_r30,20,masked_mae,8,4,hard,foreground,30.0
0.00783209820971563,0.01390336297691908,0.0009464535132201095,adaptive_r30,20,masked_mae,8,4,hard,full_frame,30.0
-0.004696104279252967,0.0005565528133859132,-0.009774758229166148,adaptive_r30,20,masked_mae,8,4,hard,head_foreground,30.0
-0.011550730134495446,-0.008391598472580765,-0.014829876789652342,adaptive_r30,20,masked_mae,8,4,hard,head_supported,30.0
0.03658326162825405,0.06043689459216669,0.012515114786069812,adaptive_r30,20,masked_mae,8,4,hard,head_unsupported,30.0
-0.003650751692196469,-0.0018175102482115753,-0.005699709066394858,adaptive_r30,20,masked_mae,8,4,hard,oral,30.0
0.06155355680051751,0.08243829294525702,0.041317565427072364,adaptive_r30,20,masked_mae,8,4,hard,torso_outside_head_roi,30.0
-0.0023531898249897223,0.003996573959961466,-0.009670030528252913,adaptive_r30,20,masked_mae,8,8,hard,background,30.0
-0.0029965935205029806,-0.00023768817455122127,-0.005481093982380831,adaptive_r30,20,masked_mae,8,8,hard,eyes,30.0
-0.01156007643842423,-0.00750673400611892,-0.016467241586965716,adaptive_r30,20,masked_mae,8,8,hard,flame_supported,30.0
0.08542453768823481,0.10373637319138057,0.067946911588055,adaptive_r30,20,masked_mae,8,8,hard,flame_unsupported,30.0
0.016651912865981864,0.02352450030636438,0.009480181633863197,adaptive_r30,20,masked_mae,8,8,hard,foreground,30.0
0.008262652322155409,0.014773711546244909,0.0010346727789222474,adaptive_r30,20,masked_mae,8,8,hard,full_frame,30.0
-0.005299295192377803,-0.00023192854494750114,-0.010368521629794411,adaptive_r30,20,masked_mae,8,8,hard,head_foreground,30.0
-0.012018882264784963,-0.009071354078092895,-0.015189959397517216,adaptive_r30,20,masked_mae,8,8,hard,head_supported,30.0
0.03748184391295484,0.06013232402095006,0.015164789797937932,adaptive_r30,20,masked_mae,8,8,hard,head_unsupported,30.0
-0.0035339607005985207,-0.0016988478456029677,-0.005512641168292105,adaptive_r30,20,masked_mae,8,8,hard,oral,30.0
0.06475372215409582,0.08645470330415916,0.04320568908664421,adaptive_r30,20,masked_mae,8,8,hard,torso_outside_head_roi,30.0
-0.0019335711073465663,0.0019554634755411375,-0.006184489831792916,adaptive_r30,20,masked_mae,384,1,hard,background,30.0
0.006129200143824327,0.008549765917192805,0.0037963418430866816,adaptive_r30,20,masked_mae,384,1,hard,eyes,30.0
0.002983964755123762,0.005261220719324014,0.0005109366298596179,adaptive_r30,20,masked_mae,384,1,hard,flame_supported,30.0
0.14978856466655247,0.18003045744543614,0.1175994800239452,adaptive_r30,20,masked_mae,384,1,hard,flame_unsupported,30.0
0.04575626363132028,0.05516303073795926,0.03588182761937691,adaptive_r30,20,masked_mae,384,1,hard,foreground,30.0
0.024045390793771458,0.029798556159090522,0.01827651229083625,adaptive_r30,20,masked_mae,384,1,hard,full_frame,30.0
0.021310248327991315,0.029967396847395054,0.012995564684000638,adaptive_r30,20,masked_mae,384,1,hard,head_foreground,30.0
0.00023008630521472346,0.002044729065182562,-0.0017196300499107311,adaptive_r30,20,masked_mae,384,1,hard,head_supported,30.0
0.15875392303472916,0.20683552480128822,0.10874623520216113,adaptive_r30,20,masked_mae,384,1,hard,head_unsupported,30.0
0.00015653694791213402,0.0018230178649084028,-0.0015038340097349794,adaptive_r30,20,masked_mae,384,1,hard,oral,30.0
0.10665884769427506,0.12604243597185938,0.0858859250946748,adaptive_r30,20,masked_mae,384,1,hard,torso_outside_head_roi,30.0
-0.0007139726053664597,0.0022050254825181897,-0.004108902877007415,adaptive_r30,20,masked_mae,384,4,hard,background,30.0
0.007184302615494886,0.010023831780603813,0.004537583747162252,adaptive_r30,20,masked_mae,384,4,hard,eyes,30.0
0.0013661626468224372,0.0034982909895563104,-0.0007496003642673481,adaptive_r30,20,masked_mae,384,4,hard,flame_supported,30.0
0.14944417158773732,0.17806120067514736,0.11901092605085636,adaptive_r30,20,masked_mae,384,4,hard,flame_unsupported,30.0
0.043942804024628496,0.052953146504634875,0.03460542664100539,adaptive_r30,20,masked_mae,384,4,hard,foreground,30.0
0.02397822837855862,0.029630728846191803,0.01849736454237262,adaptive_r30,20,masked_mae,384,4,hard,full_frame,30.0
0.018508715108832473,0.026571045092936178,0.011078843739997107,adaptive_r30,20,masked_mae,384,4,hard,head_foreground,30.0
-0.002232583300467986,-0.00060955899564053,-0.003936780770743855,adaptive_r30,20,masked_mae,384,4,hard,head_supported,30.0
0.15700775710448783,0.20285355710724912,0.10930283179251864,adaptive_r30,20,masked_mae,384,4,hard,head_unsupported,30.0
-0.0006440009084996382,0.000699087904246744,-0.0020629424461351942,adaptive_r30,20,masked_mae,384,4,hard,oral,30.0
0.10720279687919831,0.1264068888864623,0.08754100987126792,adaptive_r30,20,masked_mae,384,4,hard,torso_outside_head_roi,30.0
-0.0011263385135022665,0.0019044824095779578,-0.004499849441513711,adaptive_r30,20,masked_mae,384,8,hard,background,30.0
0.007187014635514391,0.009833160004959495,0.004718718391749803,adaptive_r30,20,masked_mae,384,8,hard,eyes,30.0
0.0009396334625528798,0.0030622545837118882,-0.0011523119342613068,adaptive_r30,20,masked_mae,384,8,hard,flame_supported,30.0
0.1515550812596727,0.18054095371288995,0.11948834955600093,adaptive_r30,20,masked_mae,384,8,hard,flame_unsupported,30.0
0.044748520476481354,0.0538829324715144,0.035341932688612604,adaptive_r30,20,masked_mae,384,8,hard,foreground,30.0
0.024059950918346253,0.02985346928389385,0.018490456153691066,adaptive_r30,20,masked_mae,384,8,hard,full_frame,30.0
0.01791262297865421,0.025700351679277436,0.010831079402618592,adaptive_r30,20,masked_mae,384,8,hard,head_foreground,30.0
-0.0027769482372052624,-0.001253040106805576,-0.0045072961605915444,adaptive_r30,20,masked_mae,384,8,hard,head_supported,30.0
0.15857825134591835,0.2034975060365388,0.11181561772586926,adaptive_r30,20,masked_mae,384,8,hard,head_unsupported,30.0
-0.0004070731172586443,0.0007335814325558842,-0.0015729015107615503,adaptive_r30,20,masked_mae,384,8,hard,oral,30.0
0.10905006936309906,0.12893675349748296,0.08809910039338269,adaptive_r30,20,masked_mae,384,8,hard,torso_outside_head_roi,30.0
0.011370188241405964,0.018045455464487,0.005531590730127111,adaptive_r30,20,masked_mae,8,1,released_r150,background,30.0
0.0007374264370890269,0.007425727411254267,-0.004408801230616208,adaptive_r30,20,masked_mae,8,1,released_r150,eyes,30.0
0.011328225897798605,0.01735370532061222,0.006437710082523528,adaptive_r30,20,masked_mae,8,1,released_r150,flame_supported,30.0
-0.12622710140812357,-0.08824628747415766,-0.1644650447894215,adaptive_r30,20,masked_mae,8,1,released_r150,flame_unsupported,30.0
-0.02907795966991216,-0.016482434014754577,-0.04177857140128912,adaptive_r30,20,masked_mae,8,1,released_r150,foreground,30.0
-0.01086951133836743,-0.0019162974548546249,-0.019803371457826516,adaptive_r30,20,masked_mae,8,1,released_r150,full_frame,30.0
0.005740295152278156,0.0110956251677942,0.0010988859635271166,adaptive_r30,20,masked_mae,8,1,released_r150,head_foreground,30.0
0.013225285080424592,0.019281853606355877,0.008096929762928329,adaptive_r30,20,masked_mae,8,1,released_r150,head_supported,30.0
-0.0631833026983227,-0.029403287660326245,-0.10636458393990154,adaptive_r30,20,masked_mae,8,1,released_r150,head_unsupported,30.0
0.004333101083322778,0.006371886216616239,0.0022017037638023436,adaptive_r30,20,masked_mae,8,1,released_r150,oral,30.0
-0.11172064590253243,-0.07710032540687575,-0.14548328143685854,adaptive_r30,20,masked_mae,8,1,released_r150,torso_outside_head_roi,30.0
0.013432698787814262,0.021585031943168787,0.0071477389771209725,adaptive_r30,20,masked_mae,8,4,released_r150,background,30.0
0.0029738160032117076,0.009617486818966873,-0.0026479754988332,adaptive_r30,20,masked_mae,8,4,released_r150,eyes,30.0
0.010500947825272236,0.015397005026218045,0.006009283144238796,adaptive_r30,20,masked_mae,8,4,released_r150,flame_supported,30.0
-0.139402779244817,-0.10451350891575627,-0.17479456507436328,adaptive_r30,20,masked_mae,8,4,released_r150,flame_unsupported,30.0
-0.0336013449879506,-0.022010290391116547,-0.04485850128840217,adaptive_r30,20,masked_mae,8,4,released_r150,foreground,30.0
-0.012445219604108621,-0.0035124480452036273,-0.02086415286125449,adaptive_r30,20,masked_mae,8,4,released_r150,full_frame,30.0
0.005051426490294756,0.009554406267657951,0.0005328320101896153,adaptive_r30,20,masked_mae,8,4,released_r150,head_foreground,30.0
0.01294816987988307,0.017787936308419915,0.00840188541263583,adaptive_r30,20,masked_mae,8,4,released_r150,head_supported,30.0
-0.06604988729007102,-0.034513459079482625,-0.10607079799694892,adaptive_r30,20,masked_mae,8,4,released_r150,head_unsupported,30.0
0.00438703654192721,0.008124292747839563,0.0011135063946098314,adaptive_r30,20,masked_mae,8,4,released_r150,oral,30.0
-0.1256242069866353,-0.09308117062882963,-0.1576244969533019,adaptive_r30,20,masked_mae,8,4,released_r150,torso_outside_head_roi,30.0
0.013114751394692514,0.021327223969648715,0.006686361434552079,adaptive_r30,20,masked_mae,8,8,released_r150,background,30.0
0.0017894300331085019,0.007603112727868181,-0.003074987781520639,adaptive_r30,20,masked_mae,8,8,released_r150,eyes,30.0
0.010509573491083756,0.015722007810915546,0.005893565785690989,adaptive_r30,20,masked_mae,8,8,released_r150,flame_supported,30.0
-0.1421628880566613,-0.10892213932540998,-0.17660930703519406,adaptive_r30,20,masked_mae,8,8,released_r150,flame_unsupported,30.0
-0.035291912769402155,-0.024194605943838373,-0.04643011620161509,adaptive_r30,20,masked_mae,8,8,released_r150,foreground,30.0
-0.013233359241898446,-0.00435846867069366,-0.02165829395189946,adaptive_r30,20,masked_mae,8,8,released_r150,full_frame,30.0
0.005324801342689754,0.00980317171779398,0.0008988203177986185,adaptive_r30,20,masked_mae,8,8,released_r150,head_foreground,30.0
0.013196244189070366,0.018562696232066196,0.008479759521692458,adaptive_r30,20,masked_mae,8,8,released_r150,head_supported,30.0
-0.06291362170298241,-0.032556738038322305,-0.10369776191381419,adaptive_r30,20,masked_mae,8,8,released_r150,head_unsupported,30.0
0.003311462317189278,0.006473151523320562,0.0007261484959504014,adaptive_r30,20,masked_mae,8,8,released_r150,oral,30.0
-0.12980213006872074,-0.0980031041327608,-0.16114582003475647,adaptive_r30,20,masked_mae,8,8,released_r150,torso_outside_head_roi,30.0
0.015183181865335784,0.02211688146811257,0.008564406471642291,adaptive_r30,20,masked_mae,384,1,released_r150,background,30.0
0.006717262542071634,0.009334723205243409,0.004056802370557339,adaptive_r30,20,masked_mae,384,1,released_r150,eyes,30.0
0.0050037707359560715,0.008850761546488574,0.0010312415576707217,adaptive_r30,20,masked_mae,384,1,released_r150,flame_supported,30.0
-0.22685607655115675,-0.17261047992809495,-0.27958698165273826,adaptive_r30,20,masked_mae,384,1,released_r150,flame_unsupported,30.0
-0.06544916975742525,-0.0468194419804824,-0.08390501844148976,adaptive_r30,20,masked_mae,384,1,released_r150,foreground,30.0
-0.030237086497860034,-0.01982359014322491,-0.04141410075203336,adaptive_r30,20,masked_mae,384,1,released_r150,full_frame,30.0
-0.0007195066550497009,0.003925947849583623,-0.0053945963370542385,adaptive_r30,20,masked_mae,384,1,released_r150,head_foreground,30.0
0.008397909018423869,0.011970044593523717,0.005160423880041272,adaptive_r30,20,masked_mae,384,1,released_r150,head_supported,30.0
-0.08679649436216248,-0.05043894682407364,-0.1284156431518305,adaptive_r30,20,masked_mae,384,1,released_r150,head_unsupported,30.0
0.00627861156082535,0.008648268634572723,0.004029905975741538,adaptive_r30,20,masked_mae,384,1,released_r150,oral,30.0
-0.21911525697249506,-0.1643224720401286,-0.2689186744075004,adaptive_r30,20,masked_mae,384,1,released_r150,torso_outside_head_roi,30.0
0.01773931641057442,0.02329366536834059,0.012369961331388122,adaptive_r30,20,masked_mae,384,4,released_r150,background,30.0
0.007723262983222225,0.01099780900743301,0.00466394556051573,adaptive_r30,20,masked_mae,384,4,released_r150,eyes,30.0
0.005622190759426034,0.009824200073402761,0.0013932963798416968,adaptive_r30,20,masked_mae,384,4,released_r150,flame_supported,30.0
-0.22911283892994047,-0.17510349996553726,-0.28078094231537526,adaptive_r30,20,masked_mae,384,4,released_r150,flame_unsupported,30.0
-0.06538418793222486,-0.04768443589613746,-0.08316798802525378,adaptive_r30,20,masked_mae,384,4,released_r150,foreground,30.0
-0.029484969164057535,-0.019487313429240902,-0.04005767718340632,adaptive_r30,20,masked_mae,384,4,released_r150,full_frame,30.0
-0.0016451037649330119,0.0026165003022915996,-0.006249794062405685,adaptive_r30,20,masked_mae,384,4,released_r150,head_foreground,30.0
0.009202558486932208,0.012718833076050505,0.005988812274495618,adaptive_r30,20,masked_mae,384,4,released_r150,head_supported,30.0
-0.09682148209718344,-0.06344020263226353,-0.1360167570260616,adaptive_r30,20,masked_mae,384,4,released_r150,head_unsupported,30.0
0.006684063347438135,0.008936830319549356,0.004312326318876894,adaptive_r30,20,masked_mae,384,4,released_r150,oral,30.0
-0.21630328411265715,-0.16355921422240113,-0.2653135015943865,adaptive_r30,20,masked_mae,384,4,released_r150,torso_outside_head_roi,30.0
0.01921051993373236,0.025441738477942653,0.013363833099074292,adaptive_r30,20,masked_mae,384,8,released_r150,background,30.0
0.007416206616992915,0.010735684111614994,0.00430686652990296,adaptive_r30,20,masked_mae,384,8,released_r150,eyes,30.0
0.006038330899430973,0.010497896588146673,0.0015497271940978989,adaptive_r30,20,masked_mae,384,8,released_r150,flame_supported,30.0
-0.23372350630766067,-0.1825191878064449,-0.2846243005844927,adaptive_r30,20,masked_mae,384,8,released_r150,flame_unsupported,30.0
-0.06763777485792419,-0.050002369660012695,-0.08520617723309062,adaptive_r30,20,masked_mae,384,8,released_r150,foreground,30.0
-0.02955131884261128,-0.019511573433359977,-0.04031150692576626,adaptive_r30,20,masked_mae,384,8,released_r150,full_frame,30.0
-0.0014752811471022511,0.002875796984126971,-0.0059967977600700806,adaptive_r30,20,masked_mae,384,8,released_r150,head_foreground,30.0
0.009604046350220476,0.013398869955400844,0.006244273474839576,adaptive_r30,20,masked_mae,384,8,released_r150,head_supported,30.0
-0.09823364903239654,-0.0668165547604661,-0.13543587524160416,adaptive_r30,20,masked_mae,384,8,released_r150,head_unsupported,30.0
0.007131404161870481,0.009709956955670099,0.00449726059559814,adaptive_r30,20,masked_mae,384,8,released_r150,oral,30.0
-0.21870042647331217,-0.16704865739989094,-0.2678848246457148,adaptive_r30,20,masked_mae,384,8,released_r150,torso_outside_head_roi,30.0
-0.011807793390135,-0.0011717463112960653,-0.024340789926979776,adaptive_r75,20,masked_mae,8,1,hard,background,75.0
0.0027062893587693005,0.006504572573102907,-0.000625487108482884,adaptive_r75,20,masked_mae,8,1,hard,eyes,75.0
-0.018013650793294173,-0.010697543281772515,-0.027018940069697395,adaptive_r75,20,masked_mae,8,1,hard,flame_supported,75.0
0.17192663898807548,0.22192324303643882,0.12356901911796175,adaptive_r75,20,masked_mae,8,1,hard,flame_unsupported,75.0
0.037026582777015093,0.05475775499815438,0.018027476517483293,adaptive_r75,20,masked_mae,8,1,hard,foreground,75.0
0.014749772866050911,0.029179158351272553,-0.0009476917486471258,adaptive_r75,20,masked_mae,8,1,hard,full_frame,75.0
-0.0044373068357543375,0.0028362768645442673,-0.012412119870594412,adaptive_r75,20,masked_mae,8,1,hard,head_foreground,75.0
-0.018004430018315247,-0.013135604404328384,-0.023447072628352886,adaptive_r75,20,masked_mae,8,1,hard,head_supported,75.0
0.09891477570845461,0.13363926262089298,0.06382077605134878,adaptive_r75,20,masked_mae,8,1,hard,head_unsupported,75.0
-0.0013274173043198376,0.0004045781008917093,-0.002956359673593483,adaptive_r75,20,masked_mae,8,1,hard,oral,75.0
0.13195189059804083,0.18327727847552203,0.07732076870192303,adaptive_r75,20,masked_mae,8,1,hard,torso_outside_head_roi,75.0
-0.011390676350413145,-0.00037076888493850024,-0.0247863924026294,adaptive_r75,20,masked_mae,8,4,hard,background,75.0
0.0018032799523805842,0.005456061614967574,-0.0018370544560842015,adaptive_r75,20,masked_mae,8,4,hard,eyes,75.0
-0.019014047416342026,-0.012866353497205314,-0.025900557746540515,adaptive_r75,20,masked_mae,8,4,hard,flame_supported,75.0
0.17661422229430807,0.216968082877024,0.13916296017919988,adaptive_r75,20,masked_mae,8,4,hard,flame_unsupported,75.0
0.03819712783708089,0.052407265766795094,0.02362423827408779,adaptive_r75,20,masked_mae,8,4,hard,foreground,75.0
0.01616795416049065,0.028780928005090647,0.0025556962673712403,adaptive_r75,20,masked_mae,8,4,hard,full_frame,75.0
-0.0071277515443435805,-0.0004350857024336768,-0.014206496910098761,adaptive_r75,20,masked_mae,8,4,hard,head_foreground,75.0
-0.020336198460770605,-0.016250367403414658,-0.02476855797184964,adaptive_r75,20,masked_mae,8,4,hard,head_supported,75.0
0.08682156238758747,0.12143289486446107,0.052182996208144886,adaptive_r75,20,masked_mae,8,4,hard,head_unsupported,75.0
-0.0030350149308465543,-0.0014093545872822318,-0.004753066408320657,adaptive_r75,20,masked_mae,8,4,hard,oral,75.0
0.14028892557594458,0.18428642185726415,0.09749274768490622,adaptive_r75,20,masked_mae,8,4,hard,torso_outside_head_roi,75.0
-0.01073929235510319,0.00010474223642721599,-0.023668768589764785,adaptive_r75,20,masked_mae,8,8,hard,background,75.0
0.002859081201619029,0.006641959250252604,-0.0010619745729148985,adaptive_r75,20,masked_mae,8,8,hard,eyes,75.0
-0.019815509315101256,-0.01392643656495706,-0.02669793647911212,adaptive_r75,20,masked_mae,8,8,hard,flame_supported,75.0
0.1804671302041549,0.22099424650961197,0.1413205262601027,adaptive_r75,20,masked_mae,8,8,hard,flame_unsupported,75.0
0.03969869109285927,0.054133020627981955,0.024229410023729577,adaptive_r75,20,masked_mae,8,8,hard,foreground,75.0
0.016977662467337278,0.02993749093162205,0.002649335753264024,adaptive_r75,20,masked_mae,8,8,hard,full_frame,75.0
-0.008178146110513235,-0.002251064807583475,-0.014601329376545975,adaptive_r75,20,masked_mae,8,8,hard,head_foreground,75.0
-0.021208999736403937,-0.017624191488952782,-0.025050798622364492,adaptive_r75,20,masked_mae,8,8,hard,head_supported,75.0
0.08556126904839162,0.11884590830530911,0.05434359280952767,adaptive_r75,20,masked_mae,8,8,hard,head_unsupported,75.0
-0.0027429986210441354,-0.0011435580484938964,-0.004456174027496081,adaptive_r75,20,masked_mae,8,8,hard,oral,75.0
0.14514828509899122,0.18883518524948048,0.10194158926945043,adaptive_r75,20,masked_mae,8,8,hard,torso_outside_head_roi,75.0
-0.011262181541030876,-0.004025341114532435,-0.020199824851426417,adaptive_r75,20,masked_mae,384,1,hard,background,75.0
-0.0022506588015415623,0.0002075336799813937,-0.0045552152226552445,adaptive_r75,20,masked_mae,384,1,hard,eyes,75.0
-0.0014099001568889102,0.0025495991266319285,-0.005581393115688865,adaptive_r75,20,masked_mae,384,1,hard,flame_supported,75.0
0.28802595603535275,0.3467227425258963,0.22694624202979294,adaptive_r75,20,masked_mae,384,1,hard,flame_unsupported,75.0
0.08446209794052109,0.10315635806353504,0.06385605458036588,adaptive_r75,20,masked_mae,384,1,hard,foreground,75.0
0.04149145382049281,0.05286393559222009,0.030490984445354467,adaptive_r75,20,masked_mae,384,1,hard,full_frame,75.0
0.02207223407550492,0.03312052079446373,0.011436817750745292,adaptive_r75,20,masked_mae,384,1,hard,head_foreground,75.0
-0.005901787292853235,-0.00334323494892035,-0.008467715506881891,adaptive_r75,20,masked_mae,384,1,hard,head_supported,75.0
0.21410018903123323,0.28255332939957134,0.14486985278428083,adaptive_r75,20,masked_mae,384,1,hard,head_unsupported,75.0
-0.005225284426931759,-0.003004336298339391,-0.007534309997888951,adaptive_r75,20,masked_mae,384,1,hard,oral,75.0
0.2389391259778127,0.28597726964255127,0.18888406103484606,adaptive_r75,20,masked_mae,384,1,hard,torso_outside_head_roi,75.0
-0.010381497202808933,-0.005143245469319813,-0.016266248215742338,adaptive_r75,20,masked_mae,384,4,hard,background,75.0
-0.003184083065089585,-0.0009895817942165979,-0.005374685720053908,adaptive_r75,20,masked_mae,384,4,hard,eyes,75.0
-0.00606223530498788,-0.0016490031362104219,-0.010577495320674181,adaptive_r75,20,masked_mae,384,4,hard,flame_supported,75.0
0.2919364328414583,0.3467748852745799,0.23509487817956864,adaptive_r75,20,masked_mae,384,4,hard,flame_unsupported,75.0
0.08137588982833201,0.09946292969791523,0.06214525499748448,adaptive_r75,20,masked_mae,384,4,hard,foreground,75.0
0.040851312925007724,0.05210315631714516,0.02987862914937478,adaptive_r75,20,masked_mae,384,4,hard,full_frame,75.0
0.016663680915840147,0.02724629535865596,0.006292720314830757,adaptive_r75,20,masked_mae,384,4,hard,head_foreground,75.0
-0.011939771338587566,-0.009571056709687324,-0.014498091392958963,adaptive_r75,20,masked_mae,384,4,hard,head_supported,75.0
0.21461849486855883,0.28143532070012556,0.14857176178803863,adaptive_r75,20,masked_mae,384,4,hard,head_unsupported,75.0
-0.006516018496529372,-0.004053863256695014,-0.009093671659125899,adaptive_r75,20,masked_mae,384,4,hard,oral,75.0
0.24052288230394553,0.28415321248549913,0.19531012890228905,adaptive_r75,20,masked_mae,384,4,hard,torso_outside_head_roi,75.0
-0.010286638511209931,-0.00492863560077165,-0.01621406153452202,adaptive_r75,20,masked_mae,384,8,hard,background,75.0
-0.0021459637961209243,2.014656389037382e-05,-0.004430241946409758,adaptive_r75,20,masked_mae,384,8,hard,eyes,75.0
-0.006734763273218139,-0.0022215645335056083,-0.011176414687697683,adaptive_r75,20,masked_mae,384,8,hard,flame_supported,75.0
0.2963343437108946,0.35052212801444177,0.24001820690871595,adaptive_r75,20,masked_mae,384,8,hard,flame_unsupported,75.0
0.08345841261302515,0.10171105110096845,0.06460599946381995,adaptive_r75,20,masked_mae,384,8,hard,foreground,75.0
0.041546943942877806,0.05301303013707652,0.030498054913886175,adaptive_r75,20,masked_mae,384,8,hard,full_frame,75.0
0.015922325716138892,0.02667097082949216,0.006391750605677271,adaptive_r75,20,masked_mae,384,8,hard,head_foreground,75.0
-0.012630563882583882,-0.009934383565582391,-0.015493603947494664,adaptive_r75,20,masked_mae,384,8,hard,head_supported,75.0
0.21541641073159212,0.28047615354483435,0.14927078966066534,adaptive_r75,20,masked_mae,384,8,hard,head_unsupported,75.0
-0.006321308459212552,-0.0037686850704054284,-0.008956019273024668,adaptive_r75,20,masked_mae,384,8,hard,oral,75.0
0.24448619673946417,0.2874571150794668,0.19708661054924165,adaptive_r75,20,masked_mae,384,8,hard,torso_outside_head_roi,75.0
0.0038162120326707986,0.00747779482165275,0.00016672698515586502,adaptive_r75,20,masked_mae,8,1,released_r150,background,75.0
0.00790819939364926,0.014604571720126018,0.002290971487616688,adaptive_r75,20,masked_mae,8,1,released_r150,eyes,75.0
0.0037456214280998912,0.008529194503209003,-0.0007280992251006259,adaptive_r75,20,masked_mae,8,1,released_r150,flame_supported,75.0
-0.032556797515887005,-0.015041178435806234,-0.04861388447060018,adaptive_r75,20,masked_mae,8,1,released_r150,flame_unsupported,75.0
-0.007429152867889999,-0.0016072371914981213,-0.01315732412125801,adaptive_r75,20,masked_mae,8,1,released_r150,foreground,75.0
-0.0026210258705447456,0.000964899843432339,-0.006348153878256014,adaptive_r75,20,masked_mae,8,1,released_r150,full_frame,75.0
0.004933684819147506,0.008815873997124543,0.0010736578570637808,adaptive_r75,20,masked_mae,8,1,released_r150,head_foreground,75.0
0.0050360726783084024,0.008990281953230478,0.001412334694017299,adaptive_r75,20,masked_mae,8,1,released_r150,head_supported,75.0
-0.0005593090080709031,0.018333143658674476,-0.01856305189482808,adaptive_r75,20,masked_mae,8,1,released_r150,head_unsupported,75.0
0.004357271910057236,0.006498978558113133,0.002171889585254465,adaptive_r75,20,masked_mae,8,1,released_r150,oral,75.0
-0.03576350301419425,-0.020450229347904934,-0.05134427279194404,adaptive_r75,20,masked_mae,8,1,released_r150,torso_outside_head_roi,75.0
0.004699965860865694,0.008583895325547902,0.0009934337780662934,adaptive_r75,20,masked_mae,8,4,released_r150,background,75.0
0.008521144791078026,0.014931188747800394,0.0028334483270254516,adaptive_r75,20,masked_mae,8,4,released_r150,eyes,75.0
0.0025705377924084088,0.007707560798433465,-0.0021671784484483202,adaptive_r75,20,masked_mae,8,4,released_r150,flame_supported,75.0
-0.04487051245777712,-0.02912544864567785,-0.061335359243517816,adaptive_r75,20,masked_mae,8,4,released_r150,flame_unsupported,75.0
-0.011240404425347421,-0.0056654731111630986,-0.01682969921577829,adaptive_r75,20,masked_mae,8,4,released_r150,foreground,75.0
-0.004109363653333604,-0.0003035284120408193,-0.007880238392300504,adaptive_r75,20,masked_mae,8,4,released_r150,full_frame,75.0
0.0026197792252041427,0.006459186145519674,-0.0009132544367394427,adaptive_r75,20,masked_mae,8,4,released_r150,head_foreground,75.0
0.0041627015536079125,0.008042929488559624,0.0006228421166123414,adaptive_r75,20,masked_mae,8,4,released_r150,head_supported,75.0
-0.015811586530737613,-0.004088882784481152,-0.028393442055249754,adaptive_r75,20,masked_mae,8,4,released_r150,head_unsupported,75.0
0.005002773303277124,0.008613929023719357,0.0019794582947106677,adaptive_r75,20,masked_mae,8,4,released_r150,oral,75.0
-0.04688883821120822,-0.029496637266308606,-0.06566473057888703,adaptive_r75,20,masked_mae,8,4,released_r150,torso_outside_head_roi,75.0
0.0047286488645790475,0.008924045268202738,0.0007705838115408751,adaptive_r75,20,masked_mae,8,8,released_r150,background,75.0
0.007645104755230514,0.012950322006966067,0.0031535235076655395,adaptive_r75,20,masked_mae,8,8,released_r150,eyes,75.0
0.0022541406144067277,0.007443966659843223,-0.0025425818661941194,adaptive_r75,20,masked_mae,8,8,released_r150,flame_supported,75.0
-0.04712029554074123,-0.0324617314558245,-0.06275853967815263,adaptive_r75,20,masked_mae,8,8,released_r150,flame_unsupported,75.0
-0.012245134542524745,-0.007041504464568823,-0.017355930378951556,adaptive_r75,20,masked_mae,8,8,released_r150,foreground,75.0
-0.004518349096716572,-0.000760684587910754,-0.00811798601783544,adaptive_r75,20,masked_mae,8,8,released_r150,full_frame,75.0
0.0024459504245543232,0.006284126980693441,-0.0010619891234606282,adaptive_r75,20,masked_mae,8,8,released_r150,head_foreground,75.0
0.004006126717451392,0.007952365006996257,0.0005208332105552764,adaptive_r75,20,masked_mae,8,8,released_r150,head_supported,75.0
-0.014834196567545626,-0.004407676087835479,-0.02602327568617958,adaptive_r75,20,masked_mae,8,8,released_r150,head_unsupported,75.0
0.0041024243967436634,0.0071561209210941005,0.0014008187871482386,adaptive_r75,20,masked_mae,8,8,released_r150,oral,75.0
-0.049407567123825345,-0.033591287579436115,-0.0670838474555937,adaptive_r75,20,masked_mae,8,8,released_r150,torso_outside_head_roi,75.0
0.005854571431651473,0.01043573714019189,0.0015978977808292576,adaptive_r75,20,masked_mae,384,1,released_r150,background,75.0
-0.0016625964032942566,0.0008515574896300529,-0.004174761081796417,adaptive_r75,20,masked_mae,384,1,released_r150,eyes,75.0
0.0006099058239433991,0.0031725190286585295,-0.0018966061995576875,adaptive_r75,20,masked_mae,384,1,released_r150,flame_supported,75.0
-0.08861868518235644,-0.06169720841155523,-0.1155392995185099,adaptive_r75,20,masked_mae,384,1,released_r150,flame_unsupported,75.0
-0.026743335448224454,-0.017906043905857764,-0.03594248843366382,adaptive_r75,20,masked_mae,384,1,released_r150,foreground,75.0
-0.012791023471138696,-0.007556249901523317,-0.018331809153008943,adaptive_r75,20,masked_mae,384,1,released_r150,full_frame,75.0
4.2479092463904715e-05,0.003871733248831193,-0.0030882585714390614,adaptive_r75,20,masked_mae,384,1,released_r150,head_foreground,75.0
0.0022660354203559107,0.0050235717701332585,-0.00028692898322757026,adaptive_r75,20,masked_mae,384,1,released_r150,head_supported,75.0
-0.0314502283656584,-0.009263586006711256,-0.05245091463233914,adaptive_r75,20,masked_mae,384,1,released_r150,head_unsupported,75.0
0.000896790185981456,0.0025884132770648857,-0.0007361246890026013,adaptive_r75,20,masked_mae,384,1,released_r150,oral,75.0
-0.08683497868895737,-0.060324862099725644,-0.11314083371293379,adaptive_r75,20,masked_mae,384,1,released_r150,torso_outside_head_roi,75.0
0.008071791813131949,0.012430472797985807,0.00392894876079297,adaptive_r75,20,masked_mae,384,4,released_r150,background,75.0
-0.002645122697362248,0.0002994435208544157,-0.005563879883864345,adaptive_r75,20,masked_mae,384,4,released_r150,eyes,75.0
-0.0018062071923842828,0.00022809666739332618,-0.0036449840244589604,adaptive_r75,20,masked_mae,384,4,released_r150,flame_supported,75.0
-0.08662057767621943,-0.056209281291987434,-0.11672035403068241,adaptive_r75,20,masked_mae,384,4,released_r150,flame_unsupported,75.0
-0.027951102128521355,-0.01886664740290844,-0.03697309628953081,adaptive_r75,20,masked_mae,384,4,released_r150,foreground,75.0
-0.012611884617608432,-0.0072520899698753916,-0.018004427069064338,adaptive_r75,20,masked_mae,384,4,released_r150,full_frame,75.0
-0.0034901379579253397,-0.0010011063480388036,-0.0057147689460150825,adaptive_r75,20,masked_mae,384,4,released_r150,head_foreground,75.0
-0.000504629551187373,0.0013286740033177996,-0.0021590852387512235,adaptive_r75,20,masked_mae,384,4,released_r150,head_supported,75.0
-0.03921074433311251,-0.021587505088556315,-0.056678842521620726,adaptive_r75,20,masked_mae,384,4,released_r150,head_unsupported,75.0
0.0008120457594084027,0.002717047210583147,-0.0008441357794924893,adaptive_r75,20,masked_mae,384,4,released_r150,oral,75.0
-0.08298319868790985,-0.055044851332561075,-0.1098353627258927,adaptive_r75,20,masked_mae,384,4,released_r150,torso_outside_head_roi,75.0
0.010050219936024698,0.015083273091125232,0.005119119930945242,adaptive_r75,20,masked_mae,384,8,released_r150,background,75.0
-0.0019167718146423994,0.0012374082309867633,-0.005041873259255378,adaptive_r75,20,masked_mae,384,8,released_r150,eyes,75.0
-0.0016360658363400449,0.0004897391077362389,-0.003716811178020994,adaptive_r75,20,masked_mae,384,8,released_r150,flame_supported,75.0
-0.08894424385643875,-0.059936667801569934,-0.11788269646452455,adaptive_r75,20,masked_mae,384,8,released_r150,flame_unsupported,75.0
-0.028927882721380388,-0.019824182728156635,-0.038154507757422816,adaptive_r75,20,masked_mae,384,8,released_r150,foreground,75.0
-0.012064325818079724,-0.006636542622188127,-0.017558235526299933,adaptive_r75,20,masked_mae,384,8,released_r150,full_frame,75.0
-0.003465578409617566,-0.0010478334962695018,-0.005603540154545562,adaptive_r75,20,masked_mae,384,8,released_r150,head_foreground,75.0
-0.00024956929515814396,0.0016259157266358812,-0.002040676224282291,adaptive_r75,20,masked_mae,384,8,released_r150,head_supported,75.0
-0.041395489646722704,-0.02371101888641394,-0.05875618788774319,adaptive_r75,20,masked_mae,384,8,released_r150,head_unsupported,75.0
0.0012171688199165732,0.002973080009862541,-0.00039800304931091697,adaptive_r75,20,masked_mae,384,8,released_r150,oral,75.0
-0.08326429909694708,-0.055590337446444676,-0.10974596533499108,adaptive_r75,20,masked_mae,384,8,released_r150,torso_outside_head_roi,75.0
-0.018488426082368344,-0.006025533276009757,-0.0323482499089691,adaptive_r150,20,masked_mae,8,1,hard,background,150.0
-0.0022771851759944227,0.004290847660447864,-0.011113826390477553,adaptive_r150,20,masked_mae,8,1,hard,eyes,150.0
-0.024433590084968818,-0.016341849514690077,-0.033428719099910464,adaptive_r150,20,masked_mae,8,1,hard,flame_supported,150.0
0.22742411384961825,0.2930820740625966,0.16258816302100956,adaptive_r150,20,masked_mae,8,1,hard,flame_unsupported,150.0
0.04906774119705864,0.07130683341357948,0.02629712274589312,adaptive_r150,20,masked_mae,8,1,hard,foreground,150.0
0.01861006436065849,0.035717030662349804,5.68073732082205e-05,adaptive_r150,20,masked_mae,8,1,hard,full_frame,150.0
-0.008212624435376627,0.0022575128094312886,-0.01810498745837171,adaptive_r150,20,masked_mae,8,1,hard,head_foreground,150.0
-0.025330970077242672,-0.01754625036577415,-0.033339272565312036,adaptive_r150,20,masked_mae,8,1,hard,head_supported,150.0
0.12196977975894004,0.1773173101665737,0.07192415215136756,adaptive_r150,20,masked_mae,8,1,hard,head_unsupported,150.0
-0.01034462033932486,-0.006523103358646527,-0.01426838068305686,adaptive_r150,20,masked_mae,8,1,hard,oral,150.0
0.1829132721559932,0.24928526837586998,0.11414932341347091,adaptive_r150,20,masked_mae,8,1,hard,torso_outside_head_roi,150.0
-0.01796440673279269,-0.004734531643827035,-0.03278776777093935,adaptive_r150,20,masked_mae,8,4,hard,background,150.0
-0.00514380488965493,0.000442576162111294,-0.012082405464793416,adaptive_r150,20,masked_mae,8,4,hard,eyes,150.0
-0.02440155908177821,-0.017382957419509515,-0.0319857023676664,adaptive_r150,20,masked_mae,8,4,hard,flame_supported,150.0
0.23510441655777298,0.29194326012762695,0.18039487532525514,adaptive_r150,20,masked_mae,8,4,hard,flame_unsupported,150.0
0.051611305674436815,0.06990807741316955,0.03248665975301081,adaptive_r150,20,masked_mae,8,4,hard,foreground,150.0
0.020892977763798618,0.03660740121254907,0.003909990506860733,adaptive_r150,20,masked_mae,8,4,hard,full_frame,150.0
-0.011031728938078526,-0.0019485883447950432,-0.019973958658443654,adaptive_r150,20,masked_mae,8,4,hard,head_foreground,150.0
-0.027079174164175834,-0.019960517980985786,-0.03459103229442673,adaptive_r150,20,masked_mae,8,4,hard,head_supported,150.0
0.10745454482231095,0.1525870069666849,0.06615529750146452,adaptive_r150,20,masked_mae,8,4,hard,head_unsupported,150.0
-0.012005745799589723,-0.008559563681005985,-0.01578007663408537,adaptive_r150,20,masked_mae,8,4,hard,oral,150.0
0.19795890575518943,0.25525076041138206,0.13865752140806198,adaptive_r150,20,masked_mae,8,4,hard,torso_outside_head_roi,150.0
-0.01679413206256647,-0.0038239043039646615,-0.03134385453576371,adaptive_r150,20,masked_mae,8,8,hard,background,150.0
-0.004099131903450698,0.0014024972839982545,-0.011134464213621135,adaptive_r150,20,masked_mae,8,8,hard,eyes,150.0
-0.02581532014186405,-0.018786361142767945,-0.0331328492849829,adaptive_r150,20,masked_mae,8,8,hard,flame_supported,150.0
0.23547564306909224,0.2902638590104202,0.18088022326797304,adaptive_r150,20,masked_mae,8,8,hard,flame_unsupported,150.0
0.05179083224492407,0.07038407241566616,0.03257402799322851,adaptive_r150,20,masked_mae,8,8,hard,foreground,150.0
0.021082972396503804,0.037079741852022,0.003947181460403262,adaptive_r150,20,masked_mae,8,8,hard,full_frame,150.0
-0.012457415620150143,-0.0039090846853031425,-0.020845013106930266,adaptive_r150,20,masked_mae,8,8,hard,head_foreground,150.0
-0.028056207813040246,-0.02118277364763925,-0.03507561171688031,adaptive_r150,20,masked_mae,8,8,hard,head_supported,150.0
0.10340583255188052,0.14889340225222747,0.06297668223304231,adaptive_r150,20,masked_mae,8,8,hard,head_unsupported,150.0
-0.011069753889914758,-0.007311557016161381,-0.01519401879384071,adaptive_r150,20,masked_mae,8,8,hard,oral,150.0
0.19811307112728588,0.25584013392665883,0.13970059747953958,adaptive_r150,20,masked_mae,8,8,hard,torso_outside_head_roi,150.0
-0.030610583022752474,-0.018833636365404555,-0.04320571119237369,adaptive_r150,20,masked_mae,32,1,hard,background,150.0
-0.0008814891008914819,0.002068925838358873,-0.0035010764464178026,adaptive_r150,20,masked_mae,32,1,hard,eyes,150.0
-0.010781750470666842,-0.004746880051476606,-0.01703478950891064,adaptive_r150,20,masked_mae,32,1,hard,flame_supported,150.0
0.34937325249795437,0.42080848234538953,0.27458668606572817,adaptive_r150,20,masked_mae,32,1,hard,flame_unsupported,150.0
0.09676557002015225,0.12058612086965631,0.07214939849397652,adaptive_r150,20,masked_mae,32,1,hard,foreground,150.0
0.03905706959971446,0.05689539170561929,0.02234822701990691,adaptive_r150,20,masked_mae,32,1,hard,full_frame,150.0
0.014257348945761184,0.027640387073178722,0.002200541270218326,adaptive_r150,20,masked_mae,32,1,hard,head_foreground,150.0
-0.01579839884383384,-0.011299587570212294,-0.020189734144827283,adaptive_r150,20,masked_mae,32,1,hard,head_supported,150.0
0.22493519806685985,0.3011805724668677,0.14824012229445796,adaptive_r150,20,masked_mae,32,1,hard,head_unsupported,150.0
-0.008817574137060778,-0.0055398922377693305,-0.012096280567042846,adaptive_r150,20,masked_mae,32,1,hard,oral,150.0
0.29998392084187325,0.3582835432646855,0.23850416925986084,adaptive_r150,20,masked_mae,32,1,hard,torso_outside_head_roi,150.0
-0.02780894325597145,-0.016186917141537204,-0.04097366006656331,adaptive_r150,20,masked_mae,32,4,hard,background,150.0
-0.0014064139700131826,0.001871791912169757,-0.004465774070110243,adaptive_r150,20,masked_mae,32,4,hard,eyes,150.0
-0.013171562117707545,-0.007012011437519474,-0.019415213853259894,adaptive_r150,20,masked_mae,32,4,hard,flame_supported,150.0
0.3500478924041053,0.41820926600151087,0.27968999014129803,adaptive_r150,20,masked_mae,32,4,hard,flame_unsupported,150.0
0.09468916991032551,0.11767063926677503,0.07168419244894979,adaptive_r150,20,masked_mae,32,4,hard,foreground,150.0
0.04038892457855197,0.056538720001202296,0.025167502688775923,adaptive_r150,20,masked_mae,32,4,hard,full_frame,150.0
0.01068470867984988,0.02343233979107725,-0.0011408032001446035,adaptive_r150,20,masked_mae,32,4,hard,head_foreground,150.0
-0.019337561851309856,-0.015109927356032197,-0.02377848475032957,adaptive_r150,20,masked_mae,32,4,hard,head_supported,150.0
0.22191986159756755,0.2978296428717231,0.14417164182472011,adaptive_r150,20,masked_mae,32,4,hard,head_unsupported,150.0
-0.011181254644436067,-0.00794084001147334,-0.014879983637351515,adaptive_r150,20,masked_mae,32,4,hard,oral,150.0
0.30076129869964663,0.3561112055366886,0.2427795770987674,adaptive_r150,20,masked_mae,32,4,hard,torso_outside_head_roi,150.0
-0.027819777551970758,-0.015342155637589677,-0.04189342081033876,adaptive_r150,20,masked_mae,32,8,hard,background,150.0
-0.00031506547450036034,0.002582348119220755,-0.003114446436196795,adaptive_r150,20,masked_mae,32,8,hard,eyes,150.0
-0.013084429107887397,-0.007163376848058179,-0.019206562166427462,adaptive_r150,20,masked_mae,32,8,hard,flame_supported,150.0
0.3565348695070224,0.42298767454610453,0.286987732943102,adaptive_r150,20,masked_mae,32,8,hard,flame_unsupported,150.0
0.09838507595592938,0.12109896219220487,0.07515012280112178,adaptive_r150,20,masked_mae,32,8,hard,foreground,150.0
0.04160284651134266,0.058378382988521375,0.025959652767854,adaptive_r150,20,masked_mae,32,8,hard,full_frame,150.0
0.01080410553327062,0.022923915678341712,-0.00018047187062294518,adaptive_r150,20,masked_mae,32,8,hard,head_foreground,150.0
-0.019228887248630484,-0.015203682381865749,-0.02374434835730357,adaptive_r150,20,masked_mae,32,8,hard,head_supported,150.0
0.22377092937926876,0.2960249113625659,0.14893348916363633,adaptive_r150,20,masked_mae,32,8,hard,head_unsupported,150.0
-0.010792347761386854,-0.007267580029764295,-0.014519912453699338,adaptive_r150,20,masked_mae,32,8,hard,oral,150.0
0.3039204246989862,0.359635413507156,0.2454213465779455,adaptive_r150,20,masked_mae,32,8,hard,torso_outside_head_roi,150.0
-0.019302810847600143,-0.01323452673995553,-0.025696590121300756,adaptive_r150,20,masked_mae,128,1,hard,background,150.0
0.00035481874156090764,0.003466014514828807,-0.0026477180826406854,adaptive_r150,20,masked_mae,128,1,hard,eyes,150.0
-0.0030950052451124963,0.001899266650757077,-0.008200879825807606,adaptive_r150,20,masked_mae,128,1,hard,flame_supported,150.0
0.34456561446067047,0.4221183597089966,0.265323008312548,adaptive_r150,20,masked_mae,128,1,hard,flame_unsupported,150.0
0.10082296613517931,0.12575354911574885,0.07456456135828791,adaptive_r150,20,masked_mae,128,1,hard,foreground,150.0
0.047771735293696625,0.06353469590421276,0.032427326136552234,adaptive_r150,20,masked_mae,128,1,hard,full_frame,150.0
0.018571210435700862,0.02964786291246492,0.008053148906061998,adaptive_r150,20,masked_mae,128,1,hard,head_foreground,150.0
-0.009189089227846479,-0.005355211863966927,-0.01322039817566397,adaptive_r150,20,masked_mae,128,1,hard,head_supported,150.0
0.22161613316461812,0.29179602332325005,0.1532615733825443,adaptive_r150,20,masked_mae,128,1,hard,head_unsupported,150.0
-0.00635823216356176,-0.0035936567512054227,-0.00954684110596721,adaptive_r150,20,masked_mae,128,1,hard,oral,150.0
0.2982896663826605,0.36270995065617967,0.23097171051468926,adaptive_r150,20,masked_mae,128,1,hard,torso_outside_head_roi,150.0
-0.02213735766427287,-0.01594021959642468,-0.02876046307496079,adaptive_r150,20,masked_mae,128,4,hard,background,150.0
-6.868468675110367e-05,0.0030803494667793856,-0.0033224703157163408,adaptive_r150,20,masked_mae,128,4,hard,eyes,150.0
-0.006743870438644481,-0.0020712430506517753,-0.011310821237715185,adaptive_r150,20,masked_mae,128,4,hard,flame_supported,150.0
0.3447461199300767,0.4226046347663676,0.2646148018565314,adaptive_r150,20,masked_mae,128,4,hard,flame_unsupported,150.0
0.0971206511009698,0.12123925651768368,0.07254476514581804,adaptive_r150,20,masked_mae,128,4,hard,foreground,150.0
0.04527647342563661,0.060564837458623004,0.030786404517043932,adaptive_r150,20,masked_mae,128,4,hard,full_frame,150.0
0.014711444295751538,0.02472517447862423,0.005106157480556261,adaptive_r150,20,masked_mae,128,4,hard,head_foreground,150.0
-0.014043937786021827,-0.010726117834071411,-0.017780790856301628,adaptive_r150,20,masked_mae,128,4,hard,head_supported,150.0
0.2276954152257284,0.2962445912143048,0.16082393305937953,adaptive_r150,20,masked_mae,128,4,hard,head_unsupported,150.0
-0.009033640894515065,-0.005831163529456472,-0.01263621606891264,adaptive_r150,20,masked_mae,128,4,hard,oral,150.0
0.2944680899378679,0.3592777346779341,0.22776245341470217,adaptive_r150,20,masked_mae,128,4,hard,torso_outside_head_roi,150.0
-0.022073254847228486,-0.015662516963544575,-0.028450763300539143,adaptive_r150,20,masked_mae,128,8,hard,background,150.0
0.001453186110412744,0.004770267821713884,-0.001928007306809167,adaptive_r150,20,masked_mae,128,8,hard,eyes,150.0
-0.007309127854863576,-0.0024033808705078577,-0.012247270774661964,adaptive_r150,20,masked_mae,128,8,hard,flame_supported,150.0
0.35496067643104184,0.4315305524007684,0.2779351110842191,adaptive_r150,20,masked_mae,128,8,hard,flame_unsupported,150.0
0.10154104895881808,0.12662008199915425,0.0762544388369468,adaptive_r150,20,masked_mae,128,8,hard,foreground,150.0
0.04702379378405484,0.06258347376815511,0.032374957060659085,adaptive_r150,20,masked_mae,128,8,hard,full_frame,150.0
0.014891969134542781,0.02528197864121976,0.005248731513493938,adaptive_r150,20,masked_mae,128,8,hard,head_foreground,150.0
-0.014600855799305113,-0.010987701340207797,-0.018881154081199912,adaptive_r150,20,masked_mae,128,8,hard,head_supported,150.0
0.23274744232819802,0.2988221374709356,0.16536386083465504,adaptive_r150,20,masked_mae,128,8,hard,head_unsupported,150.0
-0.00851590249959749,-0.005132194551953472,-0.012181742186202191,adaptive_r150,20,masked_mae,128,8,hard,oral,150.0
0.3024634059143354,0.36509504268144355,0.23496263466232029,adaptive_r150,20,masked_mae,128,8,hard,torso_outside_head_roi,150.0
-0.021745114135160937,-0.014289686229459244,-0.030952422100147533,adaptive_r150,20,masked_mae,384,1,hard,background,150.0
0.0018814664413864001,0.004461244819789626,-0.0006333817243636564,adaptive_r150,20,masked_mae,384,1,hard,eyes,150.0
-0.0037561777391078867,0.0012043461339747727,-0.00883441433179896,adaptive_r150,20,masked_mae,384,1,hard,flame_supported,150.0
0.3594487619481901,0.4338921204007006,0.2812838519196076,adaptive_r150,20,masked_mae,384,1,hard,flame_unsupported,150.0
0.10514264353625682,0.13028536944534272,0.07855391953089921,adaptive_r150,20,masked_mae,384,1,hard,foreground,150.0
0.048714976363195835,0.06471231338910724,0.033774570598875814,adaptive_r150,20,masked_mae,384,1,hard,full_frame,150.0
0.018588444408409517,0.03050230603457133,0.007746447603504986,adaptive_r150,20,masked_mae,384,1,hard,head_foreground,150.0
-0.009597507557556617,-0.005748566314915673,-0.013374661391003068,adaptive_r150,20,masked_mae,384,1,hard,head_supported,150.0
0.22083672187898212,0.29263632179486515,0.1500632523032591,adaptive_r150,20,masked_mae,384,1,hard,head_unsupported,150.0
-0.007069235189451241,-0.004286470868567249,-0.010107078382089347,adaptive_r150,20,masked_mae,384,1,hard,oral,150.0
0.3152576649562228,0.3797286539337175,0.24406272964061143,adaptive_r150,20,masked_mae,384,1,hard,torso_outside_head_roi,150.0
-0.0220365344377361,-0.015737801626593908,-0.028799669116321622,adaptive_r150,20,masked_mae,384,4,hard,background,150.0
0.0005689311198032104,0.003277508582454736,-0.001983210055928275,adaptive_r150,20,masked_mae,384,4,hard,eyes,150.0
-0.007925527835324247,-0.0033098373823767864,-0.01262844500832716,adaptive_r150,20,masked_mae,384,4,hard,flame_supported,150.0
0.35999129184966117,0.43274029882432036,0.28295643712976415,adaptive_r150,20,masked_mae,384,4,hard,flame_unsupported,150.0
0.10132738299539357,0.12496339633192582,0.07617682138310697,adaptive_r150,20,masked_mae,384,4,hard,foreground,150.0
0.04737066857523608,0.06208958945942646,0.033445663836650395,adaptive_r150,20,masked_mae,384,4,hard,full_frame,150.0
0.014244989829085947,0.024749519112590986,0.004326232750453826,adaptive_r150,20,masked_mae,384,4,hard,head_foreground,150.0
-0.01515260270636494,-0.011785021519480934,-0.018886394754226724,adaptive_r150,20,masked_mae,384,4,hard,head_supported,150.0
0.2273333698489778,0.2981616531417856,0.15770159429562935,adaptive_r150,20,masked_mae,384,4,hard,head_unsupported,150.0
-0.008209125580630122,-0.0055089845314906,-0.011411055727873725,adaptive_r150,20,masked_mae,384,4,hard,oral,150.0
0.31238476251444325,0.37633528581000025,0.24635573766586644,adaptive_r150,20,masked_mae,384,4,hard,torso_outside_head_roi,150.0
-0.021656455936571263,-0.015371892300075402,-0.028737451549964106,adaptive_r150,20,masked_mae,384,8,hard,background,150.0
0.0021421355055726023,0.0050158970942831465,-0.0006609151355645404,adaptive_r150,20,masked_mae,384,8,hard,eyes,150.0
-0.008236786495736753,-0.0032530192597705486,-0.013409309125799136,adaptive_r150,20,masked_mae,384,8,hard,flame_supported,150.0
0.3654314395851136,0.4376591343641637,0.28978417374720816,adaptive_r150,20,masked_mae,384,8,hard,flame_unsupported,150.0
0.10441184337530751,0.12836664427948913,0.07985431345911462,adaptive_r150,20,masked_mae,384,8,hard,foreground,150.0
0.04853826623630385,0.06361304441442739,0.03386031558653837,adaptive_r150,20,masked_mae,384,8,hard,full_frame,150.0
0.013905404676732097,0.02388065467896229,0.0042499643193450905,adaptive_r150,20,masked_mae,384,8,hard,head_foreground,150.0
-0.015374025793804086,-0.011602878866355835,-0.019719387888460237,adaptive_r150,20,masked_mae,384,8,hard,head_supported,150.0
0.22796432247301163,0.29832996565725384,0.16088059694024406,adaptive_r150,20,masked_mae,384,8,hard,head_unsupported,150.0
-0.00799246966529201,-0.0049825468554957255,-0.011287829323045534,adaptive_r150,20,masked_mae,384,8,hard,oral,150.0
0.31571767195010286,0.3778200383021239,0.24875851630139742,adaptive_r150,20,masked_mae,384,8,hard,torso_outside_head_roi,150.0
-0.002864420659562546,8.415658160378061e-05,-0.0062331482590762665,adaptive_r150,20,masked_mae,8,1,released_r150,background,150.0
0.002924724858885538,0.008148163560429673,-0.0016032502197241894,adaptive_r150,20,masked_mae,8,1,released_r150,eyes,150.0
-0.002674317863574749,-0.000148297329349875,-0.005239056255525488,adaptive_r150,20,masked_mae,8,1,released_r150,flame_supported,150.0
0.022940677345655764,0.042277997505736895,0.004256377122096126,adaptive_r150,20,masked_mae,8,1,released_r150,flame_unsupported,150.0
0.004612005552153543,0.011083861635935737,-0.001211908518130472,adaptive_r150,20,masked_mae,8,1,released_r150,foreground,150.0
0.0012392656240628394,0.005076092155959347,-0.0025716140401827845,adaptive_r150,20,masked_mae,8,1,released_r150,full_frame,150.0
0.0011583672195252179,0.006205264137112967,-0.0034137598302419574,adaptive_r150,20,masked_mae,8,1,released_r150,head_foreground,150.0
-0.0022904673806190233,0.0005460441945343171,-0.005187675672656698,adaptive_r150,20,masked_mae,8,1,released_r150,head_supported,150.0
0.022495695042414495,0.050310729565214346,-0.00280711678265668,adaptive_r150,20,masked_mae,8,1,released_r150,head_unsupported,150.0
-0.004659931124947786,-0.0018093561585588254,-0.007651134389303401,adaptive_r150,20,masked_mae,8,1,released_r150,oral,150.0
0.01519787854375812,0.03495901395256474,-0.003996557583299597,adaptive_r150,20,masked_mae,8,1,released_r150,torso_outside_head_roi,150.0
-0.0018737645215138488,0.0016702725411930242,-0.005529839322385414,adaptive_r150,20,masked_mae,8,4,released_r150,background,150.0
0.001574059949042511,0.005695018740789038,-0.0020150227829023775,adaptive_r150,20,masked_mae,8,4,released_r150,eyes,150.0
-0.0028169738730277733,0.0004877284871507269,-0.00592899617142926,adaptive_r150,20,masked_mae,8,4,released_r150,flame_supported,150.0
0.013619681805687742,0.028328564342955508,-0.00028728225050987996,adaptive_r150,20,masked_mae,8,4,released_r150,flame_unsupported,150.0
0.002173773412008497,0.00745239227886974,-0.0027153506475077844,adaptive_r150,20,masked_mae,8,4,released_r150,foreground,150.0
0.0006156599499743627,0.004326571694227177,-0.0031466069894169712,adaptive_r150,20,masked_mae,8,4,released_r150,full_frame,150.0
-0.001284198168530802,0.0022387920867079996,-0.00444690029154878,adaptive_r150,20,masked_mae,8,4,released_r150,head_foreground,150.0
-0.0025802741497973104,0.00017336159384512365,-0.0052550147360866,adaptive_r150,20,masked_mae,8,4,released_r150,head_supported,150.0
0.004821395903985876,0.0211571863877202,-0.010475413355009804,adaptive_r150,20,masked_mae,8,4,released_r150,head_unsupported,150.0
-0.003967957565466045,-0.0015415678767299627,-0.0064904100686909065,adaptive_r150,20,masked_mae,8,4,released_r150,oral,150.0
0.01078114196803662,0.024324284277200767,-0.002415696339260597,adaptive_r150,20,masked_mae,8,4,released_r150,torso_outside_head_roi,150.0
-0.0013261908428842308,0.002824878512279338,-0.00552798864024423,adaptive_r150,20,masked_mae,8,8,released_r150,background,150.0
0.0006868916501607842,0.004198754900230542,-0.0023722619843240837,adaptive_r150,20,masked_mae,8,8,released_r150,eyes,150.0
-0.003745670212356063,-0.0008697912788197279,-0.006513753206919456,adaptive_r150,20,masked_mae,8,8,released_r150,flame_supported,150.0
0.007888217324196135,0.022330128249182884,-0.0058028756487163,adaptive_r150,20,masked_mae,8,8,released_r150,flame_unsupported,150.0
-0.0001529933904599587,0.004939318401668182,-0.004803111325392381,adaptive_r150,20,masked_mae,8,8,released_r150,foreground,150.0
-0.0004130391675500465,0.0034394722850119666,-0.0043765418139026955,adaptive_r150,20,masked_mae,8,8,released_r150,full_frame,150.0
-0.0018333190850825833,0.0012437024742053392,-0.004641528024725775,adaptive_r150,20,masked_mae,8,8,released_r150,head_foreground,150.0
-0.0028410813591849154,-0.0004400929184063961,-0.005169136685834664,adaptive_r150,20,masked_mae,8,8,released_r150,head_supported,150.0
0.0030103669359432886,0.017349965177158807,-0.010558587359925787,adaptive_r150,20,masked_mae,8,8,released_r150,head_unsupported,150.0
-0.0042243308721269576,-0.0018761985494099808,-0.006800199129029937,adaptive_r150,20,masked_mae,8,8,released_r150,oral,150.0
0.0035572189044692478,0.017045517325103003,-0.00961304824287059,adaptive_r150,20,masked_mae,8,8,released_r150,torso_outside_head_roi,150.0
-0.001136858650492197,0.0033304746500419247,-0.005962009879310824,adaptive_r150,20,masked_mae,32,1,released_r150,background,150.0
0.004039190712591604,0.008254170741205737,0.00018688399728895554,adaptive_r150,20,masked_mae,32,1,released_r150,eyes,150.0
-0.001665399781547179,0.00034245998670748946,-0.00374349356379837,adaptive_r150,20,masked_mae,32,1,released_r150,flame_supported,150.0
-0.002311317215732955,0.006635109388620067,-0.012752668148103267,adaptive_r150,20,masked_mae,32,1,released_r150,flame_unsupported,150.0
-0.0015048570208619967,0.0017411430923186665,-0.004699917385531988,adaptive_r150,20,masked_mae,32,1,released_r150,foreground,150.0
-0.0013033857937326996,0.0014308364461424747,-0.004078739051307947,adaptive_r150,20,masked_mae,32,1,released_r150,full_frame,150.0
-0.0019466623521942317,0.0006504645606268643,-0.004431688808342394,adaptive_r150,20,masked_mae,32,1,released_r150,head_foreground,150.0
-0.001907600930707496,-4.1502055724267706e-05,-0.0038670068244696237,adaptive_r150,20,masked_mae,32,1,released_r150,head_supported,150.0
-0.0010529438580037576,0.01590418725917077,-0.01734628256189663,adaptive_r150,20,masked_mae,32,1,released_r150,head_unsupported,150.0
-0.004603847705243845,-0.0019824964141127934,-0.00694448788368147,adaptive_r150,20,masked_mae,32,1,released_r150,oral,150.0
-0.00041798181356563077,0.006984766140511319,-0.008146133505903215,adaptive_r150,20,masked_mae,32,1,released_r150,torso_outside_head_roi,150.0
0.0005818746866331622,0.004514561333596463,-0.0036902066492429174,adaptive_r150,20,masked_mae,32,4,released_r150,background,150.0
0.00409251870520814,0.008497341862679732,0.00014529837800981684,adaptive_r150,20,masked_mae,32,4,released_r150,eyes,150.0
-0.0018912072538758457,0.0007809505044705571,-0.0045454495367295645,adaptive_r150,20,masked_mae,32,4,released_r150,flame_supported,150.0
-0.007302358261256104,0.003965395971979239,-0.022984112633295393,adaptive_r150,20,masked_mae,32,4,released_r150,flame_unsupported,150.0
-0.0028043399946671857,0.0014044334014279955,-0.007808624296242715,adaptive_r150,20,masked_mae,32,4,released_r150,foreground,150.0
-0.001062765681929719,0.001897718896140075,-0.004029683070761884,adaptive_r150,20,masked_mae,32,4,released_r150,full_frame,150.0
-0.0031079587866772633,0.0005117349694414589,-0.00702232345135516,adaptive_r150,20,masked_mae,32,4,released_r150,head_foreground,150.0
-0.0018940963308720893,0.0006284575730906788,-0.004362199663888185,adaptive_r150,20,masked_mae,32,4,released_r150,head_supported,150.0
-0.011385432364691597,0.008171181313278977,-0.03521640210635484,adaptive_r150,20,masked_mae,32,4,released_r150,head_unsupported,150.0
-0.00332330330803489,-0.0009155461795244237,-0.005584178336573828,adaptive_r150,20,masked_mae,32,4,released_r150,oral,150.0
-0.001558974994927774,0.0061562010024629734,-0.010274535179898655,adaptive_r150,20,masked_mae,32,4,released_r150,torso_outside_head_roi,150.0
-0.00024256707049234006,0.00299943028478134,-0.0038385348073523722,adaptive_r150,20,masked_mae,32,8,released_r150,background,150.0
0.0038084006360257156,0.00831842091477224,-0.00020778563679399676,adaptive_r150,20,masked_mae,32,8,released_r150,eyes,150.0
-0.001237589984350531,0.0015879670244158643,-0.004034557375361096,adaptive_r150,20,masked_mae,32,8,released_r150,flame_supported,150.0
-0.004080032927121266,0.004567037721140046,-0.015057056023633943,adaptive_r150,20,masked_mae,32,8,released_r150,flame_unsupported,150.0
-0.0017507225173020841,0.001826955477850674,-0.005485019016061308,adaptive_r150,20,masked_mae,32,8,released_r150,foreground,150.0
-0.0009064241147144589,0.0015914420265311898,-0.0033997855018313696,adaptive_r150,20,masked_mae,32,8,released_r150,full_frame,150.0
-0.0021044420923131495,0.0011010552842149201,-0.005220176719788243,adaptive_r150,20,masked_mae,32,8,released_r150,head_foreground,150.0
-0.0014019874731175733,0.001169609989892944,-0.003915756100054153,adaptive_r150,20,masked_mae,32,8,released_r150,head_supported,150.0
-0.004332089603479127,0.0125373475501103,-0.022036070718130952,adaptive_r150,20,masked_mae,32,8,released_r150,head_unsupported,150.0
-0.0037342422287202,-0.0012591741176607356,-0.006119252943214661,adaptive_r150,20,masked_mae,32,8,released_r150,oral,150.0
-0.0009098705057103806,0.005782877864499215,-0.007683534573549506,adaptive_r150,20,masked_mae,32,8,released_r150,torso_outside_head_roi,150.0
-9.563607776759582e-05,0.008697345116923941,-0.006384539257174468,adaptive_r150,20,masked_mae,128,1,released_r150,background,150.0
0.0009712976636406679,0.004941181253179578,-0.002588501609809991,adaptive_r150,20,masked_mae,128,1,released_r150,eyes,150.0
0.0003556152922236912,0.0032592975220261462,-0.0021950358823488456,adaptive_r150,20,masked_mae,128,1,released_r150,flame_supported,150.0
-0.014878168880079767,-0.005021734295430051,-0.027333677418136203,adaptive_r150,20,masked_mae,128,1,released_r150,flame_unsupported,150.0
-0.004602259216290908,-0.001104418471870719,-0.008731928846530443,adaptive_r150,20,masked_mae,128,1,released_r150,foreground,150.0
-0.00248900285960964,6.098430114563044e-05,-0.004526047909586634,adaptive_r150,20,masked_mae,128,1,released_r150,full_frame,150.0
-0.0014886617904781908,0.0016722433549711633,-0.004361885816411789,adaptive_r150,20,masked_mae,128,1,released_r150,head_foreground,150.0
2.0919919037121203e-05,0.0028680811487054913,-0.002469971925869993,adaptive_r150,20,masked_mae,128,1,released_r150,head_supported,150.0
-0.014263123504635771,1.6529900907419673e-05,-0.028330223883504084,adaptive_r150,20,masked_mae,128,1,released_r150,head_unsupported,150.0
-0.0026461648585318414,-0.00018974814364426147,-0.005332993930833002,adaptive_r150,20,masked_mae,128,1,released_r150,oral,150.0
-0.013114060987966442,-0.0041143717799486815,-0.02571496480827368,adaptive_r150,20,masked_mae,128,1,released_r150,torso_outside_head_roi,150.0
6.903281096652166e-05,0.0072949696275339945,-0.005851602489101135,adaptive_r150,20,masked_mae,128,4,released_r150,background,150.0
8.733275411489937e-05,0.0033108719147913767,-0.0029073046539719954,adaptive_r150,20,masked_mae,128,4,released_r150,eyes,150.0
-0.0016447198396501814,0.0007513701780863404,-0.0037853466734731212,adaptive_r150,20,masked_mae,128,4,released_r150,flame_supported,150.0
-0.017614754914292114,-0.004846000566463921,-0.03499306907546897,adaptive_r150,20,masked_mae,128,4,released_r150,flame_unsupported,150.0
-0.006951055254814628,-0.003104919587922808,-0.01210278582828253,adaptive_r150,20,masked_mae,128,4,released_r150,foreground,150.0
-0.003656733244028089,-0.001213621067497255,-0.00571485844552791,adaptive_r150,20,masked_mae,128,4,released_r150,full_frame,150.0
-0.0029685947440750483,0.00016518242658706406,-0.00542085705860148,adaptive_r150,20,masked_mae,128,4,released_r150,head_foreground,150.0
-0.001792848270825031,0.00038443758065182746,-0.0037935387049335026,adaptive_r150,20,masked_mae,128,4,released_r150,head_supported,150.0
-0.012917582056996451,0.0021294821782698366,-0.027189313832495978,adaptive_r150,20,masked_mae,128,4,released_r150,head_unsupported,150.0
-0.0036978239891681725,-0.000252271503942269,-0.007428267156805991,adaptive_r150,20,masked_mae,128,4,released_r150,oral,150.0
-0.018058955359550117,-0.005977036350403241,-0.03664652702744411,adaptive_r150,20,masked_mae,128,4,released_r150,torso_outside_head_roi,150.0
0.0011464291409076393,0.007680542593936807,-0.004423417124557834,adaptive_r150,20,masked_mae,128,8,released_r150,background,150.0
0.0005340971226150817,0.0036508973106924225,-0.0025439318260603466,adaptive_r150,20,masked_mae,128,8,released_r150,eyes,150.0
-0.0018547640529238817,0.0002986110789297933,-0.0037922638381243266,adaptive_r150,20,masked_mae,128,8,released_r150,flame_supported,150.0
-0.014720006673905633,-0.005131872306983733,-0.02515083919754389,adaptive_r150,20,masked_mae,128,8,released_r150,flame_unsupported,150.0
-0.006148987328141281,-0.0033473585381485625,-0.009019724818820333,adaptive_r150,20,masked_mae,128,8,released_r150,foreground,150.0
-0.0028108701389417345,-0.00040036190188292713,-0.004944167718355797,adaptive_r150,20,masked_mae,128,8,released_r150,full_frame,150.0
-0.002865879526303611,7.004028598281104e-06,-0.005056045254040562,adaptive_r150,20,masked_mae,128,8,released_r150,head_foreground,150.0
-0.0019769802022870354,-2.4498978312260292e-05,-0.003761484427953221,adaptive_r150,20,masked_mae,128,8,released_r150,head_supported,150.0
-0.013790913831187546,-0.0020490891665371153,-0.024743251580234063,adaptive_r150,20,masked_mae,128,8,released_r150,head_unsupported,150.0
-0.003397230197518153,-6.9726185838024e-05,-0.006924063521540684,adaptive_r150,20,masked_mae,128,8,released_r150,oral,150.0
-0.01435547419569784,-0.005900238674988533,-0.024709206133067794,adaptive_r150,20,masked_mae,128,8,released_r150,torso_outside_head_roi,150.0
-0.004628361162478587,-0.0020797243833638995,-0.007163017537571283,adaptive_r150,20,masked_mae,384,1,released_r150,background,150.0
0.002469528839633706,0.005440961067259445,-0.0005267815914845894,adaptive_r150,20,masked_mae,384,1,released_r150,eyes,150.0
-0.0017363717582755775,0.00108596696823295,-0.004333502356817866,adaptive_r150,20,masked_mae,384,1,released_r150,flame_supported,150.0
-0.017195879269519022,-0.010427389813087566,-0.024352548598919988,adaptive_r150,20,masked_mae,384,1,released_r150,flame_unsupported,150.0
-0.006062789852488734,-0.00338331725543964,-0.00860578669510072,adaptive_r150,20,masked_mae,384,1,released_r150,foreground,150.0
-0.005567500928435663,-0.0038008587652599707,-0.007309361500463961,adaptive_r150,20,masked_mae,384,1,released_r150,full_frame,150.0
-0.0034413105746315025,-0.0004693620159188749,-0.006037772868830749,adaptive_r150,20,masked_mae,384,1,released_r150,head_foreground,150.0
-0.0014296848443474722,0.0015575413130381013,-0.003930499342428246,adaptive_r150,20,masked_mae,384,1,released_r150,head_supported,150.0
-0.02471369551790948,-0.009648069501980118,-0.041028559043694776,adaptive_r150,20,masked_mae,384,1,released_r150,head_unsupported,150.0
-0.0009471605765380243,0.0011274194219902049,-0.0031156351986278974,adaptive_r150,20,masked_mae,384,1,released_r150,oral,150.0
-0.010516439710547262,-0.003667167296208568,-0.01674119339261341,adaptive_r150,20,masked_mae,384,1,released_r150,torso_outside_head_roi,150.0
-0.003583245421795218,-0.0009389725923986755,-0.0063503600270679314,adaptive_r150,20,masked_mae,384,4,released_r150,background,150.0
0.0011078914875305476,0.004295216479127407,-0.0020384517574375378,adaptive_r150,20,masked_mae,384,4,released_r150,eyes,150.0
-0.0036694997227206504,-0.001647060999366294,-0.005469589643446164,adaptive_r150,20,masked_mae,384,4,released_r150,flame_supported,150.0
-0.01856571866801652,-0.011592723592591914,-0.026148336857260472,adaptive_r150,20,masked_mae,384,4,released_r150,flame_unsupported,150.0
-0.007999608961459775,-0.0057514747000829555,-0.010335317465380522,adaptive_r150,20,masked_mae,384,4,released_r150,foreground,150.0
-0.006092528967380085,-0.004334964696916551,-0.007840340902106927,adaptive_r150,20,masked_mae,384,4,released_r150,full_frame,150.0
-0.005908829044679539,-0.004092903458134533,-0.007930758860007176,adaptive_r150,20,masked_mae,384,4,released_r150,head_foreground,150.0
-0.003717460918964746,-0.0017480759691745266,-0.0055286140819425155,adaptive_r150,20,masked_mae,384,4,released_r150,head_supported,150.0
-0.02649586935269347,-0.014982593746023795,-0.039851424444171335,adaptive_r150,20,masked_mae,384,4,released_r150,head_unsupported,150.0
-0.0008810613246923477,0.0010846996702820596,-0.0031373019886719623,adaptive_r150,20,masked_mae,384,4,released_r150,oral,150.0
-0.011121318477412226,-0.00565079337084389,-0.016628453631266926,adaptive_r150,20,masked_mae,384,4,released_r150,torso_outside_head_roi,150.0
-0.001319597489336638,0.001461583955654519,-0.004099365043823484,adaptive_r150,20,masked_mae,384,8,released_r150,background,150.0
0.002371327487051127,0.005676336481766393,-0.0009323306259057822,adaptive_r150,20,masked_mae,384,8,released_r150,eyes,150.0
-0.0031380890588586603,-0.0012161978993998905,-0.004890330458381701,adaptive_r150,20,masked_mae,384,8,released_r150,flame_supported,150.0
-0.019847147982219777,-0.012721092584535588,-0.02747571877469678,adaptive_r150,20,masked_mae,384,8,released_r150,flame_unsupported,150.0
-0.007974451959098034,-0.005893937506652251,-0.01017683000994585,adaptive_r150,20,masked_mae,384,8,released_r150,foreground,150.0
-0.005073003524653671,-0.003301526762405342,-0.006764269289473269,adaptive_r150,20,masked_mae,384,8,released_r150,full_frame,150.0
-0.005482499449024359,-0.003812205787165911,-0.007269916360280785,adaptive_r150,20,masked_mae,384,8,released_r150,head_foreground,150.0
-0.00299303120637835,-0.0010353909949420998,-0.004767074346128835,adaptive_r150,20,masked_mae,384,8,released_r150,head_supported,150.0
-0.0288475779053032,-0.016665908825868547,-0.041615547932996606,adaptive_r150,20,masked_mae,384,8,released_r150,head_unsupported,150.0
-0.0004539923861628846,0.0017257485327906994,-0.002700959682085806,adaptive_r150,20,masked_mae,384,8,released_r150,oral,150.0
-0.012032823886308375,-0.007274102694462382,-0.01684278446239265,adaptive_r150,20,masked_mae,384,8,released_r150,torso_outside_head_roi,150.0
-0.015624005422805797,-0.004609614086006467,-0.02862412483638319,released_r150,20,masked_mae,8,1,hard,background,150.0
-0.0052019100348799615,0.0007893713774485048,-0.012746433478212044,released_r150,20,masked_mae,8,1,hard,eyes,150.0
-0.02175927222139407,-0.01489618569096888,-0.02945005513939203,released_r150,20,masked_mae,8,1,hard,flame_supported,150.0
0.2044834365039625,0.2620957595968395,0.1466924948361078,released_r150,20,masked_mae,8,1,hard,flame_unsupported,150.0
0.0444557356449051,0.06406143869130038,0.024305429328680662,released_r150,20,masked_mae,8,1,hard,foreground,150.0
0.017370798736595652,0.03281727393382211,0.0007459913180202893,released_r150,20,masked_mae,8,1,hard,full_frame,150.0
-0.009370991654901843,-0.002277312089280545,-0.016544456650236457,released_r150,20,masked_mae,8,1,hard,head_foreground,150.0
-0.023040502696623645,-0.01725192800264001,-0.029095293717480993,released_r150,20,masked_mae,8,1,hard,head_supported,150.0
0.09947408471652554,0.1406952646531853,0.062347197627847156,released_r150,20,masked_mae,8,1,hard,head_unsupported,150.0
-0.005684689214377074,-0.0030899604741636546,-0.008309186130158387,released_r150,20,masked_mae,8,1,hard,oral,150.0
0.1677153936122351,0.22501981526925002,0.1063580884588534,released_r150,20,masked_mae,8,1,hard,torso_outside_head_roi,150.0
-0.01609064221127884,-0.004047394460098586,-0.030492130834709565,released_r150,20,masked_mae,8,4,hard,background,150.0
-0.006717864838697442,-0.0005103765222284469,-0.014312561165854347,released_r150,20,masked_mae,8,4,hard,eyes,150.0
-0.021584585208750437,-0.016094171771774197,-0.02745329054742851,released_r150,20,masked_mae,8,4,hard,flame_supported,150.0
0.22148473475208513,0.272195143379897,0.17334491729549795,released_r150,20,masked_mae,8,4,hard,flame_unsupported,150.0
0.049437532262428315,0.0662857579810143,0.03259251379986075,released_r150,20,masked_mae,8,4,hard,foreground,150.0
0.02027731781382425,0.034524371766847015,0.005174621136994191,released_r150,20,masked_mae,8,4,hard,full_frame,150.0
-0.009747530769547725,-0.002260927410182582,-0.016757084507473895,released_r150,20,masked_mae,8,4,hard,head_foreground,150.0
-0.024498900014378516,-0.018966743704468166,-0.03020284671939001,released_r150,20,masked_mae,8,4,hard,head_supported,150.0
0.10263314891832509,0.14156855169215193,0.06556963760404169,released_r150,20,masked_mae,8,4,hard,head_unsupported,150.0
-0.00803778823412368,-0.004788116043716509,-0.011594458879375031,released_r150,20,masked_mae,8,4,hard,oral,150.0
0.18717776378715284,0.23726117636083577,0.1350092352929467,released_r150,20,masked_mae,8,4,hard,torso_outside_head_roi,150.0
-0.01546794121968224,-0.0033374404461637007,-0.02995929648837013,released_r150,20,masked_mae,8,8,hard,background,150.0
-0.0047860235536114825,0.0008929038238678106,-0.011500220270248355,released_r150,20,masked_mae,8,8,hard,eyes,150.0
-0.022069649929507988,-0.016503954625005483,-0.028046597414443767,released_r150,20,masked_mae,8,8,hard,flame_supported,150.0
0.22758742574489613,0.2780066214480442,0.1795335058080679,released_r150,20,masked_mae,8,8,hard,flame_unsupported,150.0
0.05194382563538402,0.06884217412406547,0.03521984427106868,released_r150,20,masked_mae,8,8,hard,foreground,150.0
0.021496011564053848,0.03558112393941027,0.0059133713981633996,released_r150,20,masked_mae,8,8,hard,full_frame,150.0
-0.010624096535067556,-0.003527189164939311,-0.017440503660636358,released_r150,20,masked_mae,8,8,hard,head_foreground,150.0
-0.02521512645385533,-0.01983738853298768,-0.03084979338032594,released_r150,20,masked_mae,8,8,hard,head_supported,150.0
0.10039546561593723,0.13975029074521658,0.06494960046083799,released_r150,20,masked_mae,8,8,hard,head_unsupported,150.0
-0.006845423017787798,-0.004013971166480893,-0.0098855318314981,released_r150,20,masked_mae,8,8,hard,oral,150.0
0.1945558522228166,0.24515126221208397,0.14324080974061834,released_r150,20,masked_mae,8,8,hard,torso_outside_head_roi,150.0
-0.029473724372260268,-0.01656164830643145,-0.04404017699338803,released_r150,20,masked_mae,32,1,hard,background,150.0
-0.0049206798134830846,-0.0001980893454720892,-0.009945566735455165,released_r150,20,masked_mae,32,1,hard,eyes,150.0
-0.009116350689119665,-0.0029794280678159058,-0.015619909692901845,released_r150,20,masked_mae,32,1,hard,flame_supported,150.0
0.3516845697136873,0.42028488378076534,0.27934666487515913,released_r150,20,masked_mae,32,1,hard,flame_unsupported,150.0
0.09827042704101425,0.12184310923822712,0.07319512821014487,released_r150,20,masked_mae,32,1,hard,foreground,150.0
0.04036045539344716,0.05693244013005349,0.023666411337656377,released_r150,20,masked_mae,32,1,hard,full_frame,150.0
0.016204011297955418,0.02958582031983915,0.004230381074380738,released_r150,20,masked_mae,32,1,hard,head_foreground,150.0
-0.013890797913126345,-0.009587083876171082,-0.018079854558591863,released_r150,20,masked_mae,32,1,hard,head_supported,150.0
0.22598814192486358,0.29993664784142077,0.15573268141424587,released_r150,20,masked_mae,32,1,hard,head_unsupported,150.0
-0.004213726431816932,-0.0017267912891105054,-0.006868519194416814,released_r150,20,masked_mae,32,1,hard,oral,150.0
0.3004019026554388,0.35999768370867574,0.23363767486329964,released_r150,20,masked_mae,32,1,hard,torso_outside_head_roi,150.0
-0.02839081794260461,-0.014283913488140263,-0.04404825539259789,released_r150,20,masked_mae,32,4,hard,background,150.0
-0.005498932675221323,-0.00048075578864068046,-0.011031679322168489,released_r150,20,masked_mae,32,4,hard,eyes,150.0
-0.0112803548638317,-0.005001092956474102,-0.01767020077981645,released_r150,20,masked_mae,32,4,hard,flame_supported,150.0
0.3573502506653614,0.42238937636730817,0.28582442500620486,released_r150,20,masked_mae,32,4,hard,flame_unsupported,150.0
0.0974935099049927,0.11993861809920474,0.0738995068574432,released_r150,20,masked_mae,32,4,hard,foreground,150.0
0.04145169026048168,0.0582203586251775,0.025157943738913516,released_r150,20,masked_mae,32,4,hard,full_frame,150.0
0.013792667466527141,0.02656513855299185,0.0017769712639187092,released_r150,20,masked_mae,32,4,hard,head_foreground,150.0
-0.017443465520437768,-0.013387848078721011,-0.02153786996971949,released_r150,20,masked_mae,32,4,hard,head_supported,150.0
0.23330529396225913,0.3028670232910944,0.16197783957968323,released_r150,20,masked_mae,32,4,hard,head_unsupported,150.0
-0.007857951336401176,-0.004890049026092709,-0.011141592581772278,released_r150,20,masked_mae,32,4,hard,oral,150.0
0.3023202736945744,0.3578787975280407,0.2434961202317985,released_r150,20,masked_mae,32,4,hard,torso_outside_head_roi,150.0
-0.027577210481478414,-0.01374547179205585,-0.04313192091328633,released_r150,20,masked_mae,32,8,hard,background,150.0
-0.004123466110526075,0.0006167319024305297,-0.009590670935078621,released_r150,20,masked_mae,32,8,hard,eyes,150.0
-0.011846839123536864,-0.0056007498219379295,-0.01799197760521205,released_r150,20,masked_mae,32,8,hard,flame_supported,150.0
0.3606149024341437,0.42721567797179466,0.28868825730727876,released_r150,20,masked_mae,32,8,hard,flame_unsupported,150.0
0.10013579847323148,0.12310578413265863,0.07602993220129362,released_r150,20,masked_mae,32,8,hard,foreground,150.0
0.042509270626057125,0.05950923131206337,0.026330571730458552,released_r150,20,masked_mae,32,8,hard,full_frame,150.0
0.012908547625583768,0.025116466890092944,0.0018743561945902545,released_r150,20,masked_mae,32,8,hard,head_foreground,150.0
-0.017826899775512915,-0.013835649272580837,-0.021773237925644666,released_r150,20,masked_mae,32,8,hard,head_supported,150.0
0.22810301898274785,0.29784201436407837,0.1555669531798103,released_r150,20,masked_mae,32,8,hard,head_unsupported,150.0
-0.007058105532666653,-0.00440872202832886,-0.01001536407807459,released_r150,20,masked_mae,32,8,hard,oral,150.0
0.30483029520469657,0.3619947304300721,0.24488065155299793,released_r150,20,masked_mae,32,8,hard,torso_outside_head_roi,150.0
-0.019207174769832552,-0.00927821967321502,-0.03141903721366,released_r150,20,masked_mae,128,1,hard,background,150.0
-0.0006164789220797603,0.0023155870347751316,-0.0033273002054954636,released_r150,20,masked_mae,128,1,hard,eyes,150.0
-0.0034506205373361874,0.0025089496275694416,-0.009915313139111193,released_r150,20,masked_mae,128,1,hard,flame_supported,150.0
0.3594437833407503,0.4340840507308629,0.2795083729444676,released_r150,20,masked_mae,128,1,hard,flame_unsupported,150.0
0.10542522535147023,0.1311332342656391,0.07793087571699327,released_r150,20,masked_mae,128,1,hard,foreground,150.0
0.05026073815330626,0.06617922364773085,0.03474660926437997,released_r150,20,masked_mae,128,1,hard,full_frame,150.0
0.02005987222617906,0.030962731632731007,0.009072619386898911,released_r150,20,masked_mae,128,1,hard,head_foreground,150.0
-0.009210009146883599,-0.004853446445731995,-0.01492043210727695,released_r150,20,masked_mae,128,1,hard,head_supported,150.0
0.23587925666925388,0.3040004299408936,0.17126617474299566,released_r150,20,masked_mae,128,1,hard,head_unsupported,150.0
-0.0037120673050299187,-0.0015868897286064525,-0.006049280750945565,released_r150,20,masked_mae,128,1,hard,oral,150.0
0.3114037273706269,0.3762789700549122,0.24123711579036416,released_r150,20,masked_mae,128,1,hard,torso_outside_head_roi,150.0
-0.02220639047523939,-0.012631140114847346,-0.032699100103304166,released_r150,20,masked_mae,128,4,hard,background,150.0
-0.00015601744086600304,0.0023228726600154695,-0.0025136823005310997,released_r150,20,masked_mae,128,4,hard,eyes,150.0
-0.0050991505989943006,0.00020136454857110853,-0.010612523736243823,released_r150,20,masked_mae,128,4,hard,flame_supported,150.0
0.36236087484436885,0.4364509029852994,0.28421647145168927,released_r150,20,masked_mae,128,4,hard,flame_unsupported,150.0
0.10407170635578442,0.1279516620524029,0.07871679721220773,released_r150,20,masked_mae,128,4,hard,foreground,150.0
0.0489332066696647,0.06401187920906984,0.03515082487075344,released_r150,20,masked_mae,128,4,hard,full_frame,150.0
0.017680039039826588,0.027264400585294266,0.008637738269104562,released_r150,20,masked_mae,128,4,hard,head_foreground,150.0
-0.012251089515196793,-0.0082721883029933,-0.01653880781068328,released_r150,20,masked_mae,128,4,hard,head_supported,150.0
0.2406129972827249,0.3061893981352844,0.17699491259337144,released_r150,20,masked_mae,128,4,hard,head_unsupported,150.0
-0.005335816905346892,-0.003157978710501508,-0.0073920631999199815,released_r150,20,masked_mae,128,4,hard,oral,150.0
0.312527045297418,0.37726627557556963,0.24472537203239603,released_r150,20,masked_mae,128,4,hard,torso_outside_head_roi,150.0
-0.023219683988136126,-0.013742007241196764,-0.03385325217626006,released_r150,20,masked_mae,128,8,hard,background,150.0
0.0009190889877976622,0.0034125526441704753,-0.001502219348233795,released_r150,20,masked_mae,128,8,hard,eyes,150.0
-0.005454363801939695,-7.12584601708444e-05,-0.010897331141746944,released_r150,20,masked_mae,128,8,hard,flame_supported,150.0
0.3696806831049475,0.44613735220518125,0.2925432033066592,released_r150,20,masked_mae,128,8,hard,flame_unsupported,150.0
0.10769003628695936,0.1319420962803002,0.08261557899489144,released_r150,20,masked_mae,128,8,hard,foreground,150.0
0.04983466392299658,0.06557399461731249,0.034950708686703386,released_r150,20,masked_mae,128,8,hard,full_frame,150.0
0.017757848660846395,0.027468580913628336,0.008722587923763035,released_r150,20,masked_mae,128,8,hard,head_foreground,150.0
-0.01262387559701808,-0.00865173707105182,-0.017072060875191326,released_r150,20,masked_mae,128,8,hard,head_supported,150.0
0.24653835615938552,0.3119060037126742,0.18514060519801934,released_r150,20,masked_mae,128,8,hard,head_unsupported,150.0
-0.005118672302079337,-0.0030005084375324996,-0.007235226135410739,released_r150,20,masked_mae,128,8,hard,oral,150.0
0.31681888011003323,0.3812817476048284,0.24872722956946353,released_r150,20,masked_mae,128,8,hard,torso_outside_head_roi,150.0
-0.01711675297268235,-0.009216204835117465,-0.027122639118467958,released_r150,20,masked_mae,384,1,hard,background,150.0
-0.0005880623982473059,0.00284459649020192,-0.004086168533332861,released_r150,20,masked_mae,384,1,hard,eyes,150.0
-0.0020198059808323094,0.002949781953446067,-0.006989504249929329,released_r150,20,masked_mae,384,1,hard,flame_supported,150.0
0.3766446412177091,0.4502828119017614,0.2996657511668923,released_r150,20,masked_mae,384,1,hard,flame_unsupported,150.0
0.11120543338874556,0.13670471739982795,0.08410859257021096,released_r150,20,masked_mae,384,1,hard,foreground,150.0
0.054282477291631506,0.0702527542502591,0.03929487795798809,released_r150,20,masked_mae,384,1,hard,full_frame,150.0
0.022029754983041015,0.03300315338170561,0.012124372998447683,released_r150,20,masked_mae,384,1,hard,head_foreground,150.0
-0.008167822713209144,-0.005060144193385382,-0.011462211319055912,released_r150,20,masked_mae,384,1,hard,head_supported,150.0
0.2455504173968916,0.31068692689732624,0.1840742249183799,released_r150,20,masked_mae,384,1,hard,head_unsupported,150.0
-0.006122074612913216,-0.003457539879310568,-0.008914284608288692,released_r150,20,masked_mae,384,1,hard,oral,150.0
0.32577410466677004,0.390972936101721,0.2551873708213857,released_r150,20,masked_mae,384,1,hard,torso_outside_head_roi,150.0
-0.018453289015940882,-0.012273166860195885,-0.02600117823427718,released_r150,20,masked_mae,384,4,hard,background,150.0
-0.0005389603677273373,0.0032146412050805336,-0.00429706568264996,released_r150,20,masked_mae,384,4,hard,eyes,150.0
-0.004256028112603597,0.0007877825665246578,-0.009337601130017695,released_r150,20,masked_mae,384,4,hard,flame_supported,150.0
0.37855701051767776,0.4507870703146433,0.30076824669584384,released_r150,20,masked_mae,384,4,hard,flame_unsupported,150.0
0.10932699195685333,0.1335617031480443,0.08359628103099188,released_r150,20,masked_mae,384,4,hard,foreground,150.0
0.05346319754261615,0.0687415866817872,0.038631839714568066,released_r150,20,masked_mae,384,4,hard,full_frame,150.0
0.020153818873765484,0.030019065087840927,0.010683714683238187,released_r150,20,masked_mae,384,4,hard,head_foreground,150.0
-0.011435141787400193,-0.00810582535346915,-0.015006165034915236,released_r150,20,masked_mae,384,4,hard,head_supported,150.0
0.2538292392016713,0.3196003220415111,0.18939269607693923,released_r150,20,masked_mae,384,4,hard,head_unsupported,150.0
-0.007328064255937771,-0.004806392053033943,-0.009873868006222713,released_r150,20,masked_mae,384,4,hard,oral,150.0
0.3235060809918554,0.38756796880437233,0.25575327615077853,released_r150,20,masked_mae,384,4,hard,torso_outside_head_roi,150.0
-0.02033685844723463,-0.014001723145535744,-0.02853040572695748,released_r150,20,masked_mae,384,8,hard,background,150.0
-0.0002291919814785246,0.0035011902231708424,-0.004009343187344251,released_r150,20,masked_mae,384,8,hard,eyes,150.0
-0.005098697436878094,0.0003445917177615737,-0.010652880438084092,released_r150,20,masked_mae,384,8,hard,flame_supported,150.0
0.38527858756733335,0.45767022138402746,0.3087324719138568,released_r150,20,masked_mae,384,8,hard,flame_unsupported,150.0
0.11238629533440554,0.13654519644923163,0.08709927835313605,released_r150,20,masked_mae,384,8,hard,foreground,150.0
0.05361126976095752,0.06954485199066124,0.03864240297571922,released_r150,20,masked_mae,384,8,hard,full_frame,150.0
0.019387904125756462,0.029201254248203776,0.01010511298233144,released_r150,20,masked_mae,384,8,hard,head_foreground,150.0
-0.012380994587425736,-0.00875484956603865,-0.0163926553374569,released_r150,20,masked_mae,384,8,hard,head_supported,150.0
0.2568119003783148,0.32075173206405966,0.19381911854808373,released_r150,20,masked_mae,384,8,hard,head_unsupported,150.0
-0.007538477279129124,-0.004722887620477222,-0.010242103860967194,released_r150,20,masked_mae,384,8,hard,oral,150.0
0.32775049583641125,0.3916379677782766,0.2592664960281654,released_r150,20,masked_mae,384,8,hard,torso_outside_head_roi,150.0
-0.006983815169050561,0.003595184589780559,-0.017557482316735238,adaptive_r30,20,ssim,8,1,hard,full_frame,30.0
-0.013729171725836658,-0.0040044358067891795,-0.023943508897315405,adaptive_r30,20,ssim,8,4,hard,full_frame,30.0
-0.014945677206629782,-0.0053434532313119745,-0.024691554330998906,adaptive_r30,20,ssim,8,8,hard,full_frame,30.0
0.012683841940902527,0.01980139741940157,0.005764846567596708,adaptive_r30,20,ssim,384,1,hard,full_frame,30.0
0.006960000323526771,0.01253465664206127,0.0017611441016197316,adaptive_r30,20,ssim,384,4,hard,full_frame,30.0
0.004668620654514835,0.010493778962464523,-0.0005930325317950864,adaptive_r30,20,ssim,384,8,hard,full_frame,30.0
0.024393417508829236,0.0339082608540498,0.01541508943019883,adaptive_r30,20,ssim,8,1,released_r150,full_frame,30.0
0.027942188896916124,0.03856800719869858,0.01802908313319539,adaptive_r30,20,ssim,8,4,released_r150,full_frame,30.0
0.0272353823695864,0.03803317677407036,0.016609309560486278,adaptive_r30,20,ssim,8,8,released_r150,full_frame,30.0
0.00853699580544517,0.019092530307493034,-0.0022877121867523192,adaptive_r30,20,ssim,384,1,released_r150,full_frame,30.0
0.017062053716543946,0.025921660631217706,0.007577456513589092,adaptive_r30,20,ssim,384,4,released_r150,full_frame,30.0
0.020306972094944534,0.030621389395424286,0.00910345129313922,adaptive_r30,20,ssim,384,8,released_r150,full_frame,30.0
-0.019060285566818127,-0.00414864057675001,-0.03550480508378575,adaptive_r75,20,ssim,8,1,hard,full_frame,75.0
-0.032443212559728915,-0.018266220098417815,-0.04783653512145535,adaptive_r75,20,ssim,8,4,hard,full_frame,75.0
-0.03357092993600026,-0.019394897854044312,-0.048837579719367495,adaptive_r75,20,ssim,8,8,hard,full_frame,75.0
-0.010805905929633552,-0.003133022804700203,-0.018607211151115955,adaptive_r75,20,ssim,384,1,hard,full_frame,75.0
-0.025934334325067913,-0.019028021744029098,-0.03332921795095456,adaptive_r75,20,ssim,384,4,hard,full_frame,75.0
-0.027384164361726703,-0.0203174607242857,-0.03500867138306304,adaptive_r75,20,ssim,384,8,hard,full_frame,75.0
0.012316947111061669,0.0192182900996081,0.005480793751776233,adaptive_r75,20,ssim,8,1,released_r150,full_frame,75.0
0.009228148063023873,0.016598882874981936,0.0014197493750940074,adaptive_r75,20,ssim,8,4,released_r150,full_frame,75.0
0.008610129640215916,0.0164149553204576,0.0005012616142630632,adaptive_r75,20,ssim,8,8,released_r150,full_frame,75.0
-0.01495275206509091,-0.005264093155662207,-0.02466430289582128,adaptive_r75,20,ssim,384,1,released_r150,full_frame,75.0
-0.01583228093205074,-0.006888000200869451,-0.02501177876849064,adaptive_r75,20,ssim,384,4,released_r150,full_frame,75.0
-0.011745812921297002,-0.0015378600855668362,-0.021789965602968444,adaptive_r75,20,ssim,384,8,released_r150,full_frame,75.0
-0.02677487305232455,-0.00975689530816106,-0.04497087745971624,adaptive_r150,20,ssim,8,1,hard,full_frame,150.0
-0.03937021697109395,-0.020467062566542286,-0.05965829057449642,adaptive_r150,20,ssim,8,4,hard,full_frame,150.0
-0.04107741607086997,-0.021420923542408724,-0.061333989775961315,adaptive_r150,20,ssim,8,8,hard,full_frame,150.0
-0.02587337561306499,-0.008748469660502101,-0.04330913652266769,adaptive_r150,20,ssim,32,1,hard,full_frame,150.0
-0.03938513949061888,-0.022974877054944245,-0.0558987967952183,adaptive_r150,20,ssim,32,4,hard,full_frame,150.0
-0.040717928537300684,-0.02459929071544186,-0.05699733194141163,adaptive_r150,20,ssim,32,8,hard,full_frame,150.0
-0.011443073870170692,-0.00015835845133380306,-0.023728736350756317,adaptive_r150,20,ssim,128,1,hard,full_frame,150.0
-0.030503290304631926,-0.020155981756521023,-0.041498474674017134,adaptive_r150,20,ssim,128,4,hard,full_frame,150.0
-0.03028234392404556,-0.019717031417503222,-0.04219800061768007,adaptive_r150,20,ssim,128,8,hard,full_frame,150.0
-0.012700063628809797,-0.0011994009677852994,-0.025098259308863252,adaptive_r150,20,ssim,384,1,hard,full_frame,150.0
-0.028692670031027386,-0.018963528591575084,-0.0391732878091209,adaptive_r150,20,ssim,384,4,hard,full_frame,150.0
-0.030668631976559047,-0.020455630533397162,-0.04165017215446349,adaptive_r150,20,ssim,384,8,hard,full_frame,150.0
0.004602359625555244,0.010931423851067126,-0.0019875082338139853,adaptive_r150,20,ssim,8,1,released_r150,full_frame,150.0
0.002301143651658838,0.009843033239471147,-0.005506885178161401,adaptive_r150,20,ssim,8,4,released_r150,full_frame,150.0
0.0011036435053462135,0.008617923830946278,-0.006567657758437449,adaptive_r150,20,ssim,8,8,released_r150,full_frame,150.0
-0.010799037026507521,-0.00491835681898962,-0.017118312617143017,adaptive_r150,20,ssim,32,1,released_r150,full_frame,150.0
-0.011183731348225586,-0.005586491962048135,-0.017202793622784582,adaptive_r150,20,ssim,32,4,released_r150,full_frame,150.0
-0.011062787827991347,-0.005707130669837933,-0.016613013256518674,adaptive_r150,20,ssim,32,8,released_r150,full_frame,150.0
-0.010562838720423856,-0.0006875152096507344,-0.018992632309063555,adaptive_r150,20,ssim,128,1,released_r150,full_frame,150.0
-0.012901980362155258,-0.003297687400922697,-0.021422574993110108,adaptive_r150,20,ssim,128,4,released_r150,full_frame,150.0
-0.010330309825284132,-0.0007072462673697805,-0.019022845968249324,adaptive_r150,20,ssim,128,8,released_r150,full_frame,150.0
-0.016846909764267153,-0.009718352234257103,-0.023475858075987736,adaptive_r150,20,ssim,384,1,released_r150,full_frame,150.0
-0.018590616638010204,-0.012611358083333059,-0.024456416721822638,adaptive_r150,20,ssim,384,4,released_r150,full_frame,150.0
-0.015030280536129351,-0.00869908538602647,-0.021214272213124066,adaptive_r150,20,ssim,384,8,released_r150,full_frame,150.0
-0.0313772326778798,-0.016956375764594203,-0.04618210015907174,released_r150,20,ssim,8,1,hard,full_frame,150.0
-0.04167136062275279,-0.025937813256274585,-0.057681876393881684,released_r150,20,ssim,8,4,hard,full_frame,150.0
-0.04218105957621617,-0.026372633461086495,-0.057930772634489175,released_r150,20,ssim,8,8,hard,full_frame,150.0
-0.015074338586557467,0.0025756402695108036,-0.03303731551039076,released_r150,20,ssim,32,1,hard,full_frame,150.0
-0.028201408142393282,-0.009798510455046624,-0.04711736314788912,released_r150,20,ssim,32,4,hard,full_frame,150.0
-0.029655140709309337,-0.012233188982520776,-0.04774363019459301,released_r150,20,ssim,32,8,hard,full_frame,150.0
-0.0008802351497468359,0.013162378930442403,-0.01585092535952016,released_r150,20,ssim,128,1,hard,full_frame,150.0
-0.017601309942476665,-0.004055327734712424,-0.03202812520279126,released_r150,20,ssim,128,4,hard,full_frame,150.0
-0.01995203409876143,-0.005093499423847299,-0.03530608525056217,released_r150,20,ssim,128,8,hard,full_frame,150.0
0.004146846135457358,0.014906834943131358,-0.007411231093463441,released_r150,20,ssim,384,1,hard,full_frame,150.0
-0.010102053393017174,-4.794015125828425e-06,-0.02039308858527378,released_r150,20,ssim,384,4,hard,full_frame,150.0
-0.015638351440429698,-0.004368630119022867,-0.027368660407761754,released_r150,20,ssim,384,8,hard,full_frame,150.0
-0.0028692949182049466,0.0009847111466887602,-0.006923208709425051,adaptive_r30,20,lpips_alex_spatial,8,1,hard,background,30.0
0.003323250275953392,0.010801095593409403,-0.0038870202152345595,adaptive_r30,20,lpips_alex_spatial,8,1,hard,eyes,30.0
-0.004070765239391466,0.0018612679458383493,-0.010507458483803534,adaptive_r30,20,lpips_alex_spatial,8,1,hard,flame_supported,30.0
0.012941895831879874,0.024344316066617477,-0.0011308344406645477,adaptive_r30,20,lpips_alex_spatial,8,1,hard,flame_unsupported,30.0
0.0016910941621255822,0.008527313668022576,-0.0060564777015900805,adaptive_r30,20,lpips_alex_spatial,8,1,hard,foreground,30.0
-0.0003079228586964827,0.004453402379955046,-0.0058202952378755965,adaptive_r30,20,lpips_alex_spatial,8,1,hard,full_frame,30.0
-0.0028214386017716047,0.0020599787712928127,-0.008004722261398138,adaptive_r30,20,lpips_alex_spatial,8,1,hard,head_foreground,30.0
-0.003104570229298655,0.002062561142847892,-0.008700910289248496,adaptive_r30,20,lpips_alex_spatial,8,1,hard,head_supported,30.0
-0.005769657770730713,0.0005808813456614413,-0.012878557038716048,adaptive_r30,20,lpips_alex_spatial,8,1,hard,head_unsupported,30.0
-0.006358104532496271,0.0006475609406310066,-0.012801394304883513,adaptive_r30,20,lpips_alex_spatial,8,1,hard,oral,30.0
0.009188936094597824,0.025615998766176932,-0.010765500708748594,adaptive_r30,20,lpips_alex_spatial,8,1,hard,torso_outside_head_roi,30.0
-0.0007596120276840632,0.0034677240200742462,-0.005336313191411014,adaptive_r30,20,lpips_alex_spatial,8,4,hard,background,30.0
0.004022286565702034,0.010298829355164092,-0.00246307614591979,adaptive_r30,20,lpips_alex_spatial,8,4,hard,eyes,30.0
-0.003990940737991719,0.002264496205936506,-0.010591692920115496,adaptive_r30,20,lpips_alex_spatial,8,4,hard,flame_supported,30.0
0.015417919898428977,0.02682811781779631,0.0011647992068798245,adaptive_r30,20,lpips_alex_spatial,8,4,hard,flame_unsupported,30.0
0.0022694879108214354,0.00945340968196155,-0.005866137704953787,adaptive_r30,20,lpips_alex_spatial,8,4,hard,foreground,30.0
0.000927523574881628,0.006114282658523739,-0.005191219665376951,adaptive_r30,20,lpips_alex_spatial,8,4,hard,full_frame,30.0
-0.0030401903098560127,0.0019155032185381627,-0.008065442719480618,adaptive_r30,20,lpips_alex_spatial,8,4,hard,head_foreground,30.0
-0.003408144659719449,0.0016324113778508373,-0.008653153319682992,adaptive_r30,20,lpips_alex_spatial,8,4,hard,head_supported,30.0
-0.005024330243781121,0.0026995887747081706,-0.012737947304488014,adaptive_r30,20,lpips_alex_spatial,8,4,hard,head_unsupported,30.0
-0.01007616300695854,-0.004182347073048908,-0.015780086037852113,adaptive_r30,20,lpips_alex_spatial,8,4,hard,oral,30.0
0.014266251253688179,0.030061608784123575,-0.005182165189075983,adaptive_r30,20,lpips_alex_spatial,8,4,hard,torso_outside_head_roi,30.0
-0.0019473328689452272,0.002577811522541747,-0.006869113611517196,adaptive_r30,20,lpips_alex_spatial,8,8,hard,background,30.0
0.0027983778527192736,0.009444631804406993,-0.003912618322396326,adaptive_r30,20,lpips_alex_spatial,8,8,hard,eyes,30.0
-0.005930063157524745,0.000600275401040989,-0.012926469717154485,adaptive_r30,20,lpips_alex_spatial,8,8,hard,flame_supported,30.0
0.016590984374190983,0.028582584741063132,0.0013647177204830093,adaptive_r30,20,lpips_alex_spatial,8,8,hard,flame_unsupported,30.0
0.001209644213014327,0.008527157068015372,-0.007359102400110297,adaptive_r30,20,lpips_alex_spatial,8,8,hard,foreground,30.0
-0.00015566472883348366,0.005408368385457385,-0.0065835658644700975,adaptive_r30,20,lpips_alex_spatial,8,8,hard,full_frame,30.0
-0.004556276613146256,0.0006789134040037116,-0.00962200168219926,adaptive_r30,20,lpips_alex_spatial,8,8,hard,head_foreground,30.0
-0.005074556256732765,0.0002608952136354595,-0.010334773941702345,adaptive_r30,20,lpips_alex_spatial,8,8,hard,head_supported,30.0
-0.004940035752142414,0.0029602413588070975,-0.013177695598814088,adaptive_r30,20,lpips_alex_spatial,8,8,hard,head_unsupported,30.0
-0.011419095460711879,-0.004259749486178469,-0.01850152343407961,adaptive_r30,20,lpips_alex_spatial,8,8,hard,oral,30.0
0.014929489825156642,0.03150229894197892,-0.004979790788982711,adaptive_r30,20,lpips_alex_spatial,8,8,hard,torso_outside_head_roi,30.0
0.004133459483821456,0.008163622609147228,1.6035765336746148e-05,adaptive_r30,20,lpips_alex_spatial,384,1,hard,background,30.0
0.00342195910861504,0.007961381530073022,-0.0012863604632310885,adaptive_r30,20,lpips_alex_spatial,384,1,hard,eyes,30.0
-0.020702841304454857,-0.013767194737416619,-0.02768597585723286,adaptive_r30,20,lpips_alex_spatial,384,1,hard,flame_supported,30.0
0.02136495078941602,0.032029326338704145,0.010298395924559986,adaptive_r30,20,lpips_alex_spatial,384,1,hard,flame_unsupported,30.0
-0.007639512323263852,0.0003939581141167134,-0.015721110141590867,adaptive_r30,20,lpips_alex_spatial,384,1,hard,foreground,30.0
-0.002006889215279445,0.0035127137781995935,-0.0073875132828821926,adaptive_r30,20,lpips_alex_spatial,384,1,hard,full_frame,30.0
-0.016269079339942948,-0.010296573787330133,-0.022295168722332455,adaptive_r30,20,lpips_alex_spatial,384,1,hard,head_foreground,30.0
-0.01885844743337158,-0.012314821508272627,-0.02540239749783158,adaptive_r30,20,lpips_alex_spatial,384,1,hard,head_supported,30.0
-0.0007198870754600226,0.005199839467561753,-0.006220586809847848,adaptive_r30,20,lpips_alex_spatial,384,1,hard,head_unsupported,30.0
-0.011478163513433687,-0.00407175046083719,-0.01849255843632803,adaptive_r30,20,lpips_alex_spatial,384,1,hard,oral,30.0
0.01237151559215908,0.024836770731768588,-0.0004493609193484093,adaptive_r30,20,lpips_alex_spatial,384,1,hard,torso_outside_head_roi,30.0
0.00540362244495389,0.00865386134287556,0.002068629429374795,adaptive_r30,20,lpips_alex_spatial,384,4,hard,background,30.0
0.007820420275048416,0.012801714275385987,0.0022721291694722074,adaptive_r30,20,lpips_alex_spatial,384,4,hard,eyes,30.0
-0.01611658358576666,-0.010145285386806872,-0.022241352749759382,adaptive_r30,20,lpips_alex_spatial,384,4,hard,flame_supported,30.0
0.0225793281803263,0.032856500438376714,0.011795587295106469,adaptive_r30,20,lpips_alex_spatial,384,4,hard,flame_unsupported,30.0
-0.004307792515346749,0.002776458249855402,-0.011342424173471201,adaptive_r30,20,lpips_alex_spatial,384,4,hard,foreground,30.0
0.0002108551253957272,0.004959329443858015,-0.0043529848430110575,adaptive_r30,20,lpips_alex_spatial,384,4,hard,full_frame,30.0
-0.012159010104176998,-0.006989929558050274,-0.017543720513223185,adaptive_r30,20,lpips_alex_spatial,384,4,hard,head_foreground,30.0
-0.014362396195293017,-0.008930205438510867,-0.02027391331745669,adaptive_r30,20,lpips_alex_spatial,384,4,hard,head_supported,30.0
0.0011047163822157902,0.006454069254841234,-0.004055198178947461,adaptive_r30,20,lpips_alex_spatial,384,4,hard,head_unsupported,30.0
-0.004325649285105185,0.0010295403980761072,-0.009685536560723719,adaptive_r30,20,lpips_alex_spatial,384,4,hard,oral,30.0
0.014635871097742132,0.027066800291335277,0.0024389348386499947,adaptive_r30,20,lpips_alex_spatial,384,4,hard,torso_outside_head_roi,30.0
0.0054948418480704475,0.008911372690034848,0.0019661086213587312,adaptive_r30,20,lpips_alex_spatial,384,8,hard,background,30.0
0.005809605920085299,0.010354914941405951,0.0007942467168827571,adaptive_r30,20,lpips_alex_spatial,384,8,hard,eyes,30.0
-0.016184241763912956,-0.0096025056406798,-0.023058598902454725,adaptive_r30,20,lpips_alex_spatial,384,8,hard,flame_supported,30.0
0.024888040081349323,0.035518089018688304,0.01400167943279911,adaptive_r30,20,lpips_alex_spatial,384,8,hard,flame_unsupported,30.0
-0.003567264172368989,0.0040104420979712885,-0.010875101499785928,adaptive_r30,20,lpips_alex_spatial,384,8,hard,foreground,30.0
0.0008584257070120241,0.005960306851636787,-0.0040598034323293996,adaptive_r30,20,lpips_alex_spatial,384,8,hard,full_frame,30.0
-0.012059079487094098,-0.00636718742625402,-0.018001934145150975,adaptive_r30,20,lpips_alex_spatial,384,8,hard,head_foreground,30.0
-0.014270308972350293,-0.008135915060820623,-0.020746481246419573,adaptive_r30,20,lpips_alex_spatial,384,8,hard,head_supported,30.0
0.0020994376326292966,0.008067254975183135,-0.0036114810300441748,adaptive_r30,20,lpips_alex_spatial,384,8,hard,head_unsupported,30.0
-0.0037357324854877527,0.001956929310725742,-0.009750630086631238,adaptive_r30,20,lpips_alex_spatial,384,8,hard,oral,30.0
0.017003041493115104,0.029703512624331522,0.004720024229183714,adaptive_r30,20,lpips_alex_spatial,384,8,hard,torso_outside_head_roi,30.0
0.03026352107399603,0.040208841483843474,0.020651086040529166,adaptive_r30,20,lpips_alex_spatial,8,1,released_r150,background,30.0
0.021816699219613673,0.029350458554865663,0.013937554933956136,adaptive_r30,20,lpips_alex_spatial,8,1,released_r150,eyes,30.0
0.051999623821087915,0.06235532743214066,0.04087852737029477,adaptive_r30,20,lpips_alex_spatial,8,1,released_r150,flame_supported,30.0
0.01679433560261772,0.037829837625111704,-0.004224667322151567,adaptive_r30,20,lpips_alex_spatial,8,1,released_r150,flame_unsupported,30.0
0.04012894532183755,0.05361955010325846,0.026365475463714674,adaptive_r30,20,lpips_alex_spatial,8,1,released_r150,foreground,30.0
0.0355094865932093,0.046475498188948215,0.024545702537868436,adaptive_r30,20,lpips_alex_spatial,8,1,released_r150,full_frame,30.0
0.05098012767733527,0.060216334202448187,0.041457641271054925,adaptive_r30,20,lpips_alex_spatial,8,1,released_r150,head_foreground,30.0
0.05127217596564946,0.06106070100504582,0.040928131294629876,adaptive_r30,20,lpips_alex_spatial,8,1,released_r150,head_supported,30.0
0.04553996779687349,0.054248422542006056,0.03696214064802894,adaptive_r30,20,lpips_alex_spatial,8,1,released_r150,head_unsupported,30.0
0.03692887988174026,0.04369101156243202,0.029849187176196754,adaptive_r30,20,lpips_alex_spatial,8,1,released_r150,oral,30.0
0.021350307049694754,0.04623196638081015,-0.003111534421976098,adaptive_r30,20,lpips_alex_spatial,8,1,released_r150,torso_outside_head_roi,30.0
0.027255099995260584,0.03800191836383432,0.01705293096155276,adaptive_r30,20,lpips_alex_spatial,8,4,released_r150,background,30.0
0.01885140408496449,0.02840358620785809,0.009619713749503744,adaptive_r30,20,lpips_alex_spatial,8,4,released_r150,eyes,30.0
0.049492045136483406,0.061357568738377465,0.037761499276138484,adaptive_r30,20,lpips_alex_spatial,8,4,released_r150,flame_supported,30.0
0.014883473497449317,0.03536471356838711,-0.004910584652565684,adaptive_r30,20,lpips_alex_spatial,8,4,released_r150,flame_unsupported,30.0
0.0385464910072006,0.05211077999570217,0.024911658842497925,adaptive_r30,20,lpips_alex_spatial,8,4,released_r150,foreground,30.0
0.03335117786383825,0.04454467706115448,0.02217720015441419,adaptive_r30,20,lpips_alex_spatial,8,4,released_r150,full_frame,30.0
0.048778784174980806,0.05929352127785588,0.03817110036947735,adaptive_r30,20,lpips_alex_spatial,8,4,released_r150,head_foreground,30.0
0.048915882880841643,0.06009179112707402,0.037590491998228615,adaptive_r30,20,lpips_alex_spatial,8,4,released_r150,head_supported,30.0
0.04610877253198668,0.05749643340780921,0.035062009593548146,adaptive_r30,20,lpips_alex_spatial,8,4,released_r150,head_unsupported,30.0
0.03230837715790601,0.04318339051168537,0.022177344556372998,adaptive_r30,20,lpips_alex_spatial,8,4,released_r150,oral,30.0
0.018503193497531358,0.04390739902109601,-0.005930418767972209,adaptive_r30,20,lpips_alex_spatial,8,4,released_r150,torso_outside_head_roi,30.0
0.02250946274694533,0.03242615309389432,0.013210457330567724,adaptive_r30,20,lpips_alex_spatial,8,8,released_r150,background,30.0
0.013511282840622276,0.022083336164997348,0.005242629202371522,adaptive_r30,20,lpips_alex_spatial,8,8,released_r150,eyes,30.0
0.044331631699718585,0.05586950741138804,0.03307747025911681,adaptive_r30,20,lpips_alex_spatial,8,8,released_r150,flame_supported,30.0
0.010880017019234531,0.029953863617722114,-0.007395630487832774,adaptive_r30,20,lpips_alex_spatial,8,8,released_r150,flame_unsupported,30.0
0.033342014596636826,0.04650383394600141,0.02019926067976941,adaptive_r30,20,lpips_alex_spatial,8,8,released_r150,foreground,30.0
0.02826087799939242,0.039056043886777116,0.017599887315071002,adaptive_r30,20,lpips_alex_spatial,8,8,released_r150,full_frame,30.0
0.04325762641934157,0.05343732078496391,0.03336587650250239,adaptive_r30,20,lpips_alex_spatial,8,8,released_r150,head_foreground,30.0
0.04327446219706245,0.053527628872537016,0.03305671962676305,adaptive_r30,20,lpips_alex_spatial,8,8,released_r150,head_supported,30.0
0.04278721291979175,0.05338414639257573,0.03281667789754515,adaptive_r30,20,lpips_alex_spatial,8,8,released_r150,head_unsupported,30.0
0.027850751090447805,0.03758249407479535,0.018442459832776877,adaptive_r30,20,lpips_alex_spatial,8,8,released_r150,oral,30.0
0.01597987027009629,0.04066569500898588,-0.0084454164560208,adaptive_r30,20,lpips_alex_spatial,8,8,released_r150,torso_outside_head_roi,30.0
0.017129093731339674,0.0249766152451811,0.009659816872815362,adaptive_r30,20,lpips_alex_spatial,384,1,released_r150,background,30.0
0.020824114298468647,0.02884757284094848,0.013009315045659664,adaptive_r30,20,lpips_alex_spatial,384,1,released_r150,eyes,30.0
0.03531802545446505,0.04509125460501341,0.0256410748655653,adaptive_r30,20,lpips_alex_spatial,384,1,released_r150,flame_supported,30.0
-0.025616010540895885,-0.005685471618564542,-0.045015967436137394,adaptive_r30,20,lpips_alex_spatial,384,1,released_r150,flame_unsupported,30.0
0.015410944809534591,0.025240385079546415,0.006580361200341331,adaptive_r30,20,lpips_alex_spatial,384,1,released_r150,foreground,30.0
0.015845806748320024,0.023146747612269414,0.008733581201338672,adaptive_r30,20,lpips_alex_spatial,384,1,released_r150,full_frame,30.0
0.03848256213762937,0.047991227013111086,0.029046201769672427,adaptive_r30,20,lpips_alex_spatial,384,1,released_r150,head_foreground,30.0
0.03834858714153726,0.04790973286643605,0.028847125448445088,adaptive_r30,20,lpips_alex_spatial,384,1,released_r150,head_supported,30.0
0.038567465906470706,0.05188166009912885,0.02629803442150197,adaptive_r30,20,lpips_alex_spatial,384,1,released_r150,head_unsupported,30.0
0.036018255958555276,0.04735503799805512,0.02460648213742023,adaptive_r30,20,lpips_alex_spatial,384,1,released_r150,oral,30.0
-0.033534014535638146,-0.010962955304222512,-0.05481087035724205,adaptive_r30,20,lpips_alex_spatial,384,1,released_r150,torso_outside_head_roi,30.0
0.018580719851055354,0.025465297345328645,0.01199489814632941,adaptive_r30,20,lpips_alex_spatial,384,4,released_r150,background,30.0
0.02400235908425441,0.03137196529847412,0.01715741164555225,adaptive_r30,20,lpips_alex_spatial,384,4,released_r150,eyes,30.0
0.04162622805297187,0.05027590583373682,0.032974155615953404,adaptive_r30,20,lpips_alex_spatial,384,4,released_r150,flame_supported,30.0
-0.02517906094456925,-0.008169240381074817,-0.04276231402641713,adaptive_r30,20,lpips_alex_spatial,384,4,released_r150,flame_unsupported,30.0
0.02041597644145835,0.028353677414843032,0.013105052086131944,adaptive_r30,20,lpips_alex_spatial,384,4,released_r150,foreground,30.0
0.01913874837321026,0.02475669423369666,0.013430755220086778,adaptive_r30,20,lpips_alex_spatial,384,4,released_r150,full_frame,30.0
0.04525297939785099,0.05416251326792627,0.03645244872159034,adaptive_r30,20,lpips_alex_spatial,384,4,released_r150,head_foreground,30.0
0.04563644098632785,0.05448582943755873,0.036992838763331974,adaptive_r30,20,lpips_alex_spatial,384,4,released_r150,head_supported,30.0
0.04212741246159115,0.056956460094997864,0.02968864568912975,adaptive_r30,20,lpips_alex_spatial,384,4,released_r150,head_unsupported,30.0
0.05081396664335278,0.06315616713928418,0.03890620249165819,adaptive_r30,20,lpips_alex_spatial,384,4,released_r150,oral,30.0
-0.033933623551039294,-0.01566158408066814,-0.052160842109726505,adaptive_r30,20,lpips_alex_spatial,384,4,released_r150,torso_outside_head_roi,30.0
0.014491866523825742,0.02088776437372278,0.007784283606916933,adaptive_r30,20,lpips_alex_spatial,384,8,released_r150,background,30.0
0.019345443461213693,0.026750635255043207,0.012028966409164748,adaptive_r30,20,lpips_alex_spatial,384,8,released_r150,eyes,30.0
0.038977860697284074,0.047430419214271505,0.030558702748280722,adaptive_r30,20,lpips_alex_spatial,384,8,released_r150,flame_supported,30.0
-0.026996112253493472,-0.00904569272133662,-0.04536581407349139,adaptive_r30,20,lpips_alex_spatial,384,8,released_r150,flame_unsupported,30.0
0.01737129316679805,0.025832948251317444,0.009448116762389101,adaptive_r30,20,lpips_alex_spatial,384,8,released_r150,foreground,30.0
0.015631743297948465,0.02185208133159777,0.00920258210592972,adaptive_r30,20,lpips_alex_spatial,384,8,released_r150,full_frame,30.0
0.04215228007845074,0.05076074634900602,0.03332387585037752,adaptive_r30,20,lpips_alex_spatial,384,8,released_r150,head_foreground,30.0
0.04268280880276535,0.05143905133494512,0.0339983242647256,adaptive_r30,20,lpips_alex_spatial,384,8,released_r150,head_supported,30.0
0.03877598691122078,0.05309890489180147,0.02702793277680986,adaptive_r30,20,lpips_alex_spatial,384,8,released_r150,head_unsupported,30.0
0.0482867932314024,0.06068434636371613,0.03631764564064859,adaptive_r30,20,lpips_alex_spatial,384,8,released_r150,oral,30.0
-0.03313245836515429,-0.013922570759372081,-0.05191470834221419,adaptive_r30,20,lpips_alex_spatial,384,8,released_r150,torso_outside_head_roi,30.0
-0.016419592835326024,-0.008790981291821643,-0.02467175957654221,adaptive_r75,20,lpips_alex_spatial,8,1,hard,background,75.0
0.007463882640808402,0.015017583189261082,-0.00015579818280185903,adaptive_r75,20,lpips_alex_spatial,8,1,hard,eyes,75.0
-0.031694301822871765,-0.02205978365691735,-0.041145300134537356,adaptive_r75,20,lpips_alex_spatial,8,1,hard,flame_supported,75.0
0.008810704054955506,0.03394275200059969,-0.01932849165759678,adaptive_r75,20,lpips_alex_spatial,8,1,hard,flame_unsupported,75.0
-0.018250047531496394,-0.003907354851752928,-0.03251603225095127,adaptive_r75,20,lpips_alex_spatial,8,1,hard,foreground,75.0
-0.016940368679694805,-0.006703841338877563,-0.027922666145093502,adaptive_r75,20,lpips_alex_spatial,8,1,hard,full_frame,75.0
-0.028517604867460473,-0.020404449237860594,-0.03665148741782398,adaptive_r75,20,lpips_alex_spatial,8,1,hard,head_foreground,75.0
-0.029241911607925213,-0.021120500522929565,-0.03746713620937098,adaptive_r75,20,lpips_alex_spatial,8,1,hard,head_supported,75.0
-0.025284720686151417,-0.01563824585690847,-0.034679413601453365,adaptive_r75,20,lpips_alex_spatial,8,1,hard,head_unsupported,75.0
-0.022399645316492557,-0.014362914294506032,-0.030662143682173962,adaptive_r75,20,lpips_alex_spatial,8,1,hard,oral,75.0
-0.0023977582468740015,0.028821673420594263,-0.03804358128823097,adaptive_r75,20,lpips_alex_spatial,8,1,hard,torso_outside_head_roi,75.0
-0.012028554237341322,-0.0033109245292396432,-0.021938835148199217,adaptive_r75,20,lpips_alex_spatial,8,4,hard,background,75.0
0.010116281485607299,0.01686503613713198,0.003143597427018583,adaptive_r75,20,lpips_alex_spatial,8,4,hard,eyes,75.0
-0.02860491471451233,-0.017203744556758077,-0.039611659138856066,adaptive_r75,20,lpips_alex_spatial,8,4,hard,flame_supported,75.0
0.015806294847185758,0.0424113448428635,-0.013545523058334862,adaptive_r75,20,lpips_alex_spatial,8,4,hard,flame_unsupported,75.0
-0.01425198465928713,0.0012581704817729153,-0.030396552838241254,adaptive_r75,20,lpips_alex_spatial,8,4,hard,foreground,75.0
-0.012806070819702364,-0.0013501185745247246,-0.025327046082532105,adaptive_r75,20,lpips_alex_spatial,8,4,hard,full_frame,75.0
-0.026230022558077694,-0.016360925824789506,-0.035663836221749075,adaptive_r75,20,lpips_alex_spatial,8,4,hard,head_foreground,75.0
-0.026934740148817173,-0.017203849468896304,-0.036361972553331734,adaptive_r75,20,lpips_alex_spatial,8,4,hard,head_supported,75.0
-0.023852259177816637,-0.011178693162335171,-0.03683284856103771,adaptive_r75,20,lpips_alex_spatial,8,4,hard,head_unsupported,75.0
-0.02333478562751736,-0.01325749818740268,-0.0331118296224741,adaptive_r75,20,lpips_alex_spatial,8,4,hard,oral,75.0
0.007871514666797613,0.040255036019873854,-0.027751081283859686,adaptive_r75,20,lpips_alex_spatial,8,4,hard,torso_outside_head_roi,75.0
-0.01309431323386041,-0.003961142181175825,-0.023382785425665884,adaptive_r75,20,lpips_alex_spatial,8,8,hard,background,75.0
0.010029527353441276,0.016721051123716132,0.0028439563958910616,adaptive_r75,20,lpips_alex_spatial,8,8,hard,eyes,75.0
-0.02990772852815768,-0.018479579534232408,-0.041461364489913506,adaptive_r75,20,lpips_alex_spatial,8,8,hard,flame_supported,75.0
0.01735673572613774,0.042546652248980965,-0.011964351717935409,adaptive_r75,20,lpips_alex_spatial,8,8,hard,flame_unsupported,75.0
-0.014546341794201159,0.0010243180692698444,-0.03087507145568751,adaptive_r75,20,lpips_alex_spatial,8,8,hard,foreground,75.0
-0.013465545368401022,-0.0018443130969485455,-0.026699942051074226,adaptive_r75,20,lpips_alex_spatial,8,8,hard,full_frame,75.0
-0.02705118978549731,-0.016540417044397654,-0.03717174211216287,adaptive_r75,20,lpips_alex_spatial,8,8,hard,head_foreground,75.0
-0.02778090362841375,-0.017575931839651067,-0.03767164689931522,adaptive_r75,20,lpips_alex_spatial,8,8,hard,head_supported,75.0
-0.025440951849599498,-0.011512645937138834,-0.039526323213977706,adaptive_r75,20,lpips_alex_spatial,8,8,hard,head_unsupported,75.0
-0.0230695074457167,-0.01340549832427437,-0.03257800196839813,adaptive_r75,20,lpips_alex_spatial,8,8,hard,oral,75.0
0.009842300086387054,0.040605884148922154,-0.026934022856951945,adaptive_r75,20,lpips_alex_spatial,8,8,hard,torso_outside_head_roi,75.0
-0.0013817524329877956,0.0062727534347606865,-0.009200164598295913,adaptive_r75,20,lpips_alex_spatial,384,1,hard,background,75.0
-0.005429177850486957,0.0018235758177558216,-0.013196849349360025,adaptive_r75,20,lpips_alex_spatial,384,1,hard,eyes,75.0
-0.04375950941926792,-0.03281735271490165,-0.055393423051889455,adaptive_r75,20,lpips_alex_spatial,384,1,hard,flame_supported,75.0
0.022988293700779133,0.04564199840724655,-0.00020471284606540086,adaptive_r75,20,lpips_alex_spatial,384,1,hard,flame_unsupported,75.0
-0.022135582122840163,-0.007573415974327109,-0.03670023120062035,adaptive_r75,20,lpips_alex_spatial,384,1,hard,foreground,75.0
-0.012294079524614076,-0.0014423634692446075,-0.023087995740306858,adaptive_r75,20,lpips_alex_spatial,384,1,hard,full_frame,75.0
-0.039795051395566904,-0.02894642603673026,-0.05160069263635739,adaptive_r75,20,lpips_alex_spatial,384,1,hard,head_foreground,75.0
-0.04198582936340339,-0.03065822208117298,-0.05375906507225219,adaptive_r75,20,lpips_alex_spatial,384,1,hard,head_supported,75.0
-0.02665670021170352,-0.014098825410591029,-0.03931462721825972,adaptive_r75,20,lpips_alex_spatial,384,1,hard,head_unsupported,75.0
-0.033717882257061016,-0.018047998517602755,-0.04966592921572013,adaptive_r75,20,lpips_alex_spatial,384,1,hard,oral,75.0
0.017180775538567162,0.0430390306808398,-0.009165729580017138,adaptive_r75,20,lpips_alex_spatial,384,1,hard,torso_outside_head_roi,75.0
0.00015338169500990346,0.007019785002639586,-0.006454381912921775,adaptive_r75,20,lpips_alex_spatial,384,4,hard,background,75.0
-0.0027842974654287145,0.0050849049185160596,-0.011072030103378646,adaptive_r75,20,lpips_alex_spatial,384,4,hard,eyes,75.0
-0.04291435482877628,-0.032939072705848414,-0.05359659984750623,adaptive_r75,20,lpips_alex_spatial,384,4,hard,flame_supported,75.0
0.02666095591939512,0.049623940201401394,0.004192695652860753,adaptive_r75,20,lpips_alex_spatial,384,4,hard,flame_unsupported,75.0
-0.02091094390305904,-0.006338038100426955,-0.03470577886833236,adaptive_r75,20,lpips_alex_spatial,384,4,hard,foreground,75.0
-0.01099814547651724,-0.00025322045053328545,-0.021061035202554403,adaptive_r75,20,lpips_alex_spatial,384,4,hard,full_frame,75.0
-0.039067386836227305,-0.029474463737223688,-0.049189568588404724,adaptive_r75,20,lpips_alex_spatial,384,4,hard,head_foreground,75.0
-0.041601901569661065,-0.031678126581226866,-0.051982197448131935,adaptive_r75,20,lpips_alex_spatial,384,4,hard,head_supported,75.0
-0.02352995032151638,-0.012202709070110198,-0.0355953908443927,adaptive_r75,20,lpips_alex_spatial,384,4,hard,head_unsupported,75.0
-0.03247906377766113,-0.021160115318403623,-0.04465657180189143,adaptive_r75,20,lpips_alex_spatial,384,4,hard,oral,75.0
0.020694500265757226,0.04665606095112553,-0.005262198974688344,adaptive_r75,20,lpips_alex_spatial,384,4,hard,torso_outside_head_roi,75.0
0.0010112797852576557,0.00809601446241634,-0.005964213006693641,adaptive_r75,20,lpips_alex_spatial,384,8,hard,background,75.0
-0.004417186463502096,0.0028448469643894293,-0.012532185686508124,adaptive_r75,20,lpips_alex_spatial,384,8,hard,eyes,75.0
-0.042740894216874575,-0.0322825093485164,-0.053710432604036094,adaptive_r75,20,lpips_alex_spatial,384,8,hard,flame_supported,75.0
0.031093081214978197,0.05314518628826072,0.008619475591079716,adaptive_r75,20,lpips_alex_spatial,384,8,hard,flame_unsupported,75.0
-0.019106874156915664,-0.0044498895872722025,-0.0332766150177811,adaptive_r75,20,lpips_alex_spatial,384,8,hard,foreground,75.0
-0.009425476051512227,0.0014148848158714246,-0.019765671716107963,adaptive_r75,20,lpips_alex_spatial,384,8,hard,full_frame,75.0
-0.03859065465994801,-0.028379783395055643,-0.04940103246175308,adaptive_r75,20,lpips_alex_spatial,384,8,hard,head_foreground,75.0
-0.04127115857336414,-0.030829132203638542,-0.052162866978152436,adaptive_r75,20,lpips_alex_spatial,384,8,hard,head_supported,75.0
-0.021859187415901656,-0.009636799273162338,-0.034299212586941755,adaptive_r75,20,lpips_alex_spatial,384,8,hard,head_unsupported,75.0
-0.03530369799224372,-0.023050960290633412,-0.048315778809107056,adaptive_r75,20,lpips_alex_spatial,384,8,hard,oral,75.0
0.024940306812606568,0.04959988514422198,-0.0008342316838498502,adaptive_r75,20,lpips_alex_spatial,384,8,hard,torso_outside_head_roi,75.0
0.01671322315687495,0.02390468797867001,0.009463306107929215,adaptive_r75,20,lpips_alex_spatial,8,1,released_r150,background,75.0
0.025957331584468685,0.032503800194807975,0.01935533039735127,adaptive_r75,20,lpips_alex_spatial,8,1,released_r150,eyes,75.0
0.02437608723760761,0.031150024376729233,0.016948379885507982,adaptive_r75,20,lpips_alex_spatial,8,1,released_r150,flame_supported,75.0
0.012663143825693354,0.02305166089835912,0.002346621486414902,adaptive_r75,20,lpips_alex_spatial,8,1,released_r150,flame_unsupported,75.0
0.020187803628215574,0.02761436400049425,0.012187032052293156,adaptive_r75,20,lpips_alex_spatial,8,1,released_r150,foreground,75.0
0.018877040772210984,0.025788217432700176,0.01137579525058918,adaptive_r75,20,lpips_alex_spatial,8,1,released_r150,full_frame,75.0
0.025283961411646405,0.03160398724362697,0.018818385212770506,adaptive_r75,20,lpips_alex_spatial,8,1,released_r150,head_foreground,75.0
0.025134834587022904,0.03158988846401736,0.018434608972166575,adaptive_r75,20,lpips_alex_spatial,8,1,released_r150,head_supported,75.0
0.026024904881452794,0.03223166607084969,0.01947582424096831,adaptive_r75,20,lpips_alex_spatial,8,1,released_r150,head_unsupported,75.0
0.020887339097743974,0.027411854636060766,0.014132057404002953,adaptive_r75,20,lpips_alex_spatial,8,1,released_r150,oral,75.0
0.009763612708222926,0.021747128145294167,-0.0029773063240178615,adaptive_r75,20,lpips_alex_spatial,8,1,released_r150,torso_outside_head_roi,75.0
0.015986157785603326,0.023146168777479107,0.009097297160135612,adaptive_r75,20,lpips_alex_spatial,8,4,released_r150,background,75.0
0.024945399004869757,0.03196833893133296,0.018096569825596882,adaptive_r75,20,lpips_alex_spatial,8,4,released_r150,eyes,75.0
0.024878071159962795,0.03341071138217892,0.017127589145936296,adaptive_r75,20,lpips_alex_spatial,8,4,released_r150,flame_supported,75.0
0.015271848446206096,0.025601687270294278,0.004924299882447425,adaptive_r75,20,lpips_alex_spatial,8,4,released_r150,flame_unsupported,75.0
0.022025018437092037,0.03043528010533055,0.013867489143674616,adaptive_r75,20,lpips_alex_spatial,8,4,released_r150,foreground,75.0
0.01961758346925426,0.02745384409448989,0.012207892732515156,adaptive_r75,20,lpips_alex_spatial,8,4,released_r150,full_frame,75.0
0.02558895192675912,0.03305632545924438,0.018545173457900587,adaptive_r75,20,lpips_alex_spatial,8,4,released_r150,head_foreground,75.0
0.025389287391743915,0.033019414290880025,0.018148482574854633,adaptive_r75,20,lpips_alex_spatial,8,4,released_r150,head_supported,75.0
0.027280843597951177,0.03354936438612227,0.020742022129632907,adaptive_r75,20,lpips_alex_spatial,8,4,released_r150,head_unsupported,75.0
0.019049754537347193,0.027771476298510893,0.010486378753023605,adaptive_r75,20,lpips_alex_spatial,8,4,released_r150,oral,75.0
0.012108456910640792,0.02615964953683079,-0.0014977271335479987,adaptive_r75,20,lpips_alex_spatial,8,4,released_r150,torso_outside_head_roi,75.0
0.011362482382030144,0.01845660933191438,0.004586301276144819,adaptive_r75,20,lpips_alex_spatial,8,8,released_r150,background,75.0
0.02074243234134428,0.027500720352334855,0.014123046514157135,adaptive_r75,20,lpips_alex_spatial,8,8,released_r150,eyes,75.0
0.02035396632908565,0.028159495056891144,0.012893939795288183,adaptive_r75,20,lpips_alex_spatial,8,8,released_r150,flame_supported,75.0
0.011645768371181286,0.021942256404853137,0.0016773865025376906,adaptive_r75,20,lpips_alex_spatial,8,8,released_r150,flame_unsupported,75.0
0.017586028589421338,0.0257097881669812,0.009914304047039269,adaptive_r75,20,lpips_alex_spatial,8,8,released_r150,foreground,75.0
0.014950997359824886,0.022422777069208404,0.007846238008696266,adaptive_r75,20,lpips_alex_spatial,8,8,released_r150,full_frame,75.0
0.02076271324699052,0.027929799092912908,0.014023127294137175,adaptive_r75,20,lpips_alex_spatial,8,8,released_r150,head_foreground,75.0
0.020568114825381466,0.02764916570965091,0.014001787297995965,adaptive_r75,20,lpips_alex_spatial,8,8,released_r150,head_supported,75.0
0.02228629682233467,0.02874804210859917,0.015440455581351847,adaptive_r75,20,lpips_alex_spatial,8,8,released_r150,head_unsupported,75.0
0.016200339105442982,0.02375847945848437,0.008714473187318737,adaptive_r75,20,lpips_alex_spatial,8,8,released_r150,oral,75.0
0.010892680531326701,0.024375861142656986,-0.002346140411883442,adaptive_r75,20,lpips_alex_spatial,8,8,released_r150,torso_outside_head_roi,75.0
0.01161388181453042,0.01879609339671824,0.00452213139022498,adaptive_r75,20,lpips_alex_spatial,384,1,released_r150,background,75.0
0.011972977339366647,0.01898847942270136,0.005494785523257843,adaptive_r75,20,lpips_alex_spatial,384,1,released_r150,eyes,75.0
0.012261357339651975,0.02006925907941384,0.00497796331608556,adaptive_r75,20,lpips_alex_spatial,384,1,released_r150,flame_supported,75.0
-0.023992667629532772,-0.013255935469432512,-0.034516343809890805,adaptive_r75,20,lpips_alex_spatial,384,1,released_r150,flame_unsupported,75.0
0.0009148750099582798,0.006707678187762004,-0.00468654793920262,adaptive_r75,20,lpips_alex_spatial,384,1,released_r150,foreground,75.0
0.005558616438985395,0.01110635050673248,5.0202331050150805e-05,adaptive_r75,20,lpips_alex_spatial,384,1,released_r150,full_frame,75.0
0.014956590082005417,0.02351648223816442,0.007001998564101386,adaptive_r75,20,lpips_alex_spatial,384,1,released_r150,head_foreground,75.0
0.015221205211505436,0.02345437017929117,0.007643133801937374,adaptive_r75,20,lpips_alex_spatial,384,1,released_r150,head_supported,75.0
0.012630652770227202,0.027925635754712,-0.0011643449512767077,adaptive_r75,20,lpips_alex_spatial,384,1,released_r150,head_unsupported,75.0
0.013778537214927954,0.023732283269734002,0.003914925108062378,adaptive_r75,20,lpips_alex_spatial,384,1,released_r150,oral,75.0
-0.028724754589230062,-0.016719426522570704,-0.03992920455023313,adaptive_r75,20,lpips_alex_spatial,384,1,released_r150,torso_outside_head_roi,75.0
0.01333047910111137,0.02048036562533086,0.006440226437147797,adaptive_r75,20,lpips_alex_spatial,384,4,released_r150,background,75.0
0.013397641343777278,0.02058781071487624,0.006808455467136657,adaptive_r75,20,lpips_alex_spatial,384,4,released_r150,eyes,75.0
0.01482845680996225,0.02340197911421611,0.006806865585621381,adaptive_r75,20,lpips_alex_spatial,384,4,released_r150,flame_supported,75.0
-0.021097433205500428,-0.011059667158508445,-0.03142609370741342,adaptive_r75,20,lpips_alex_spatial,384,4,released_r150,flame_unsupported,75.0
0.0038128250537460633,0.010005383857293233,-0.0019131609950787905,adaptive_r75,20,lpips_alex_spatial,384,4,released_r150,foreground,75.0
0.007929747771297294,0.013966300949741666,0.0024119576996515825,adaptive_r75,20,lpips_alex_spatial,384,4,released_r150,full_frame,75.0
0.01834460266580068,0.027426542123755723,0.00996004454484802,adaptive_r75,20,lpips_alex_spatial,384,4,released_r150,head_foreground,75.0
0.018396935611959816,0.027317559266203106,0.010123992882481185,adaptive_r75,20,lpips_alex_spatial,384,4,released_r150,head_supported,75.0
0.01749274575785898,0.03328777712496158,0.003582437671177242,adaptive_r75,20,lpips_alex_spatial,384,4,released_r150,head_unsupported,75.0
0.02266055215079683,0.03262471178913046,0.01288953192283563,adaptive_r75,20,lpips_alex_spatial,384,4,released_r150,oral,75.0
-0.0278749943830242,-0.016239420541618057,-0.039522599439095654,adaptive_r75,20,lpips_alex_spatial,384,4,released_r150,torso_outside_head_roi,75.0
0.010008304461012951,0.016943843571250283,0.002898472624595115,adaptive_r75,20,lpips_alex_spatial,384,8,released_r150,background,75.0
0.0091186510776263,0.01610840045855362,0.0023483197689119014,adaptive_r75,20,lpips_alex_spatial,384,8,released_r150,eyes,75.0
0.012421208244322458,0.02107659232844194,0.004139852832067838,adaptive_r75,20,lpips_alex_spatial,384,8,released_r150,flame_supported,75.0
-0.020791071119864595,-0.010178278105614029,-0.03173663408105728,adaptive_r75,20,lpips_alex_spatial,384,8,released_r150,flame_unsupported,75.0
0.0018316831822513715,0.007936912869217006,-0.0042135215432739,adaptive_r75,20,lpips_alex_spatial,384,8,released_r150,foreground,75.0
0.005347841539424211,0.011091888070880577,-0.0005956525597479403,adaptive_r75,20,lpips_alex_spatial,384,8,released_r150,full_frame,75.0
0.015620704905596828,0.024978823572156295,0.006977645843738777,adaptive_r75,20,lpips_alex_spatial,384,8,released_r150,head_foreground,75.0
0.015681959201751503,0.024889686643225477,0.006862003130102165,adaptive_r75,20,lpips_alex_spatial,384,8,released_r150,head_supported,75.0
0.014817361862689832,0.03046636057940791,0.0008773428325447174,adaptive_r75,20,lpips_alex_spatial,384,8,released_r150,head_unsupported,75.0
0.01671882772464643,0.026666018150684617,0.007257507211422582,adaptive_r75,20,lpips_alex_spatial,384,8,released_r150,oral,75.0
-0.025195193045662832,-0.012998075700547132,-0.03713679900604659,adaptive_r75,20,lpips_alex_spatial,384,8,released_r150,torso_outside_head_roi,75.0
-0.024086658794877973,-0.012996236606222717,-0.035614513313252126,adaptive_r150,20,lpips_alex_spatial,8,1,hard,background,150.0
-0.00305598276181934,0.0035247726983691635,-0.010436353219489882,adaptive_r150,20,lpips_alex_spatial,8,1,hard,eyes,150.0
-0.03192402913018553,-0.020612641027139184,-0.04374111103932805,adaptive_r150,20,lpips_alex_spatial,8,1,hard,flame_supported,150.0
0.035684776115009184,0.06732034831688051,0.0024722679558405788,adaptive_r150,20,lpips_alex_spatial,8,1,hard,flame_unsupported,150.0
-0.00976863718250372,0.007859566757774536,-0.026316767836824184,adaptive_r150,20,lpips_alex_spatial,8,1,hard,foreground,150.0
-0.015931994780833573,-0.002974255695552001,-0.02870538671488885,adaptive_r150,20,lpips_alex_spatial,8,1,hard,full_frame,150.0
-0.031263330086409157,-0.021118769997809875,-0.041713255584754416,adaptive_r150,20,lpips_alex_spatial,8,1,hard,head_foreground,150.0
-0.03214937308119562,-0.022350887855064467,-0.04291515599419068,adaptive_r150,20,lpips_alex_spatial,8,1,hard,head_supported,150.0
-0.027218180769632096,-0.015518913967557843,-0.03876829778067551,adaptive_r150,20,lpips_alex_spatial,8,1,hard,head_unsupported,150.0
-0.027448980239710662,-0.016746998858463355,-0.038345414244895626,adaptive_r150,20,lpips_alex_spatial,8,1,hard,oral,150.0
0.03178047503497104,0.06933162529107463,-0.006946376439328384,adaptive_r150,20,lpips_alex_spatial,8,1,hard,torso_outside_head_roi,150.0
-0.021820268226330854,-0.008642132840777824,-0.03549976727024171,adaptive_r150,20,lpips_alex_spatial,8,4,hard,background,150.0
-0.0047379528540372525,0.0027785869827987985,-0.013613038365308189,adaptive_r150,20,lpips_alex_spatial,8,4,hard,eyes,150.0
-0.03447724515526305,-0.020710254169933284,-0.049333057223290254,adaptive_r150,20,lpips_alex_spatial,8,4,hard,flame_supported,150.0
0.03496902013716567,0.06430571593072382,0.0020434956242731915,adaptive_r150,20,lpips_alex_spatial,8,4,hard,flame_unsupported,150.0
-0.012794948627640778,0.004365294596118014,-0.031757291461006754,adaptive_r150,20,lpips_alex_spatial,8,4,hard,foreground,150.0
-0.016576598137206616,-0.002505732648710907,-0.032415870210520156,adaptive_r150,20,lpips_alex_spatial,8,4,hard,full_frame,150.0
-0.03446830895506215,-0.022569548266206798,-0.04691593684956234,adaptive_r150,20,lpips_alex_spatial,8,4,hard,head_foreground,150.0
-0.03539260835208184,-0.02357355990237651,-0.04809009852062686,adaptive_r150,20,lpips_alex_spatial,8,4,hard,head_supported,150.0
-0.03040679480314796,-0.0156454716152684,-0.046289333939306745,adaptive_r150,20,lpips_alex_spatial,8,4,hard,head_unsupported,150.0
-0.03198793394638117,-0.019952444639247564,-0.044268275212388415,adaptive_r150,20,lpips_alex_spatial,8,4,hard,oral,150.0
0.03380687993637791,0.06926453035434722,-0.008348262643376693,adaptive_r150,20,lpips_alex_spatial,8,4,hard,torso_outside_head_roi,150.0
-0.02075156441485413,-0.0076531287420824904,-0.034465146213848094,adaptive_r150,20,lpips_alex_spatial,8,8,hard,background,150.0
-0.002697123846149134,0.005060476290510716,-0.010944348649653097,adaptive_r150,20,lpips_alex_spatial,8,8,hard,eyes,150.0
-0.032657957257837524,-0.018790087806980584,-0.04714662734391973,adaptive_r150,20,lpips_alex_spatial,8,8,hard,flame_supported,150.0
0.038443350315235936,0.06573567138913529,0.007110689504359689,adaptive_r150,20,lpips_alex_spatial,8,8,hard,flame_unsupported,150.0
-0.010150788222173435,0.006397524186429843,-0.028544887721619273,adaptive_r150,20,lpips_alex_spatial,8,8,hard,foreground,150.0
-0.014679767662312576,-0.0005233238147192868,-0.030248032612847055,adaptive_r150,20,lpips_alex_spatial,8,8,hard,full_frame,150.0
-0.03258405140763242,-0.020210173788656957,-0.045705436493432935,adaptive_r150,20,lpips_alex_spatial,8,8,hard,head_foreground,150.0
-0.03344434142703051,-0.021293332383581328,-0.045652718816483195,adaptive_r150,20,lpips_alex_spatial,8,8,hard,head_supported,150.0
-0.03007252860608629,-0.014029258261869121,-0.04649752072299373,adaptive_r150,20,lpips_alex_spatial,8,8,hard,head_unsupported,150.0
-0.028763870554452804,-0.015947655786489944,-0.04115795907176861,adaptive_r150,20,lpips_alex_spatial,8,8,hard,oral,150.0
0.037641572955627055,0.0709028514071508,-0.0009959801177767875,adaptive_r150,20,lpips_alex_spatial,8,8,hard,torso_outside_head_roi,150.0
-0.020104732160975896,-0.010696146417529098,-0.02982852105474401,adaptive_r150,20,lpips_alex_spatial,32,1,hard,background,150.0
-0.011647452417876666,-0.0018432685903506266,-0.021231289140628683,adaptive_r150,20,lpips_alex_spatial,32,1,hard,eyes,150.0
-0.06202725015019158,-0.0499551273838775,-0.07438999075735753,adaptive_r150,20,lpips_alex_spatial,32,1,hard,flame_supported,150.0
0.026293042704797202,0.055952530986701554,-0.0066911407247918775,adaptive_r150,20,lpips_alex_spatial,32,1,hard,flame_unsupported,150.0
-0.03343386085203885,-0.01641710380002661,-0.0509871099752768,adaptive_r150,20,lpips_alex_spatial,32,1,hard,foreground,150.0
-0.026722919811934122,-0.014385267808001307,-0.03975959683328999,adaptive_r150,20,lpips_alex_spatial,32,1,hard,full_frame,150.0
-0.05978721712109479,-0.04900659741400229,-0.07119144138721922,adaptive_r150,20,lpips_alex_spatial,32,1,hard,head_foreground,150.0
-0.061866448894364025,-0.05100047223388106,-0.07352256921930646,adaptive_r150,20,lpips_alex_spatial,32,1,hard,head_supported,150.0
-0.04835745405318364,-0.033341019125022825,-0.06607171936654131,adaptive_r150,20,lpips_alex_spatial,32,1,hard,head_unsupported,150.0
-0.05467516501732752,-0.04006801765432143,-0.06880442035119849,adaptive_r150,20,lpips_alex_spatial,32,1,hard,oral,150.0
0.020853554835510466,0.05662395844687549,-0.019484570460250032,adaptive_r150,20,lpips_alex_spatial,32,1,hard,torso_outside_head_roi,150.0
-0.01811887900310266,-0.008977284116428808,-0.028108081907083634,adaptive_r150,20,lpips_alex_spatial,32,4,hard,background,150.0
-0.01168848601658243,-0.0012982698485619728,-0.02221042169951808,adaptive_r150,20,lpips_alex_spatial,32,4,hard,eyes,150.0
-0.061797317820987976,-0.050217863492207734,-0.07455084484630596,adaptive_r150,20,lpips_alex_spatial,32,4,hard,flame_supported,150.0
0.027020211581145724,0.055361157913327845,-0.0021563027716394066,adaptive_r150,20,lpips_alex_spatial,32,4,hard,flame_unsupported,150.0
-0.0335818938012463,-0.01742852424401908,-0.05016329813368806,adaptive_r150,20,lpips_alex_spatial,32,4,hard,foreground,150.0
-0.026095033135295893,-0.01368438901939013,-0.038827699603866936,adaptive_r150,20,lpips_alex_spatial,32,4,hard,full_frame,150.0
-0.06015851420237116,-0.048832845718029934,-0.07278590842543133,adaptive_r150,20,lpips_alex_spatial,32,4,hard,head_foreground,150.0
-0.06226172707673906,-0.051119171795518455,-0.07503282123114939,adaptive_r150,20,lpips_alex_spatial,32,4,hard,head_supported,150.0
-0.04874733947019473,-0.03258945317567701,-0.0676702387215789,adaptive_r150,20,lpips_alex_spatial,32,4,hard,head_unsupported,150.0
-0.05480757234407814,-0.04175028754720421,-0.06851022096678189,adaptive_r150,20,lpips_alex_spatial,32,4,hard,oral,150.0
0.023288028572990775,0.05517544824109614,-0.01036738252467754,adaptive_r150,20,lpips_alex_spatial,32,4,hard,torso_outside_head_roi,150.0
-0.014595608958205313,-0.005573387477589827,-0.024578761792987507,adaptive_r150,20,lpips_alex_spatial,32,8,hard,background,150.0
-0.009871198807261443,3.318067771187005e-06,-0.019771013764580212,adaptive_r150,20,lpips_alex_spatial,32,8,hard,eyes,150.0
-0.05849482539029568,-0.04591405431141762,-0.07216115530016462,adaptive_r150,20,lpips_alex_spatial,32,8,hard,flame_supported,150.0
0.03168935332208654,0.06060623311692021,0.0028609155197735115,adaptive_r150,20,lpips_alex_spatial,32,8,hard,flame_unsupported,150.0
-0.029102269796576062,-0.01223013440531313,-0.04607945691653254,adaptive_r150,20,lpips_alex_spatial,32,8,hard,foreground,150.0
-0.021917518986251973,-0.00928726290276042,-0.0350522837216978,adaptive_r150,20,lpips_alex_spatial,32,8,hard,full_frame,150.0
-0.056334051764085055,-0.0442680301595438,-0.06949816959840598,adaptive_r150,20,lpips_alex_spatial,32,8,hard,head_foreground,150.0
-0.058475448544995964,-0.046301837321010224,-0.07154823696843865,adaptive_r150,20,lpips_alex_spatial,32,8,hard,head_supported,150.0
-0.04376958682517896,-0.027768761747315976,-0.06274080981220101,adaptive_r150,20,lpips_alex_spatial,32,8,hard,head_unsupported,150.0
-0.05246083051859156,-0.03926482377669937,-0.06608352460925579,adaptive_r150,20,lpips_alex_spatial,32,8,hard,oral,150.0
0.026413446157003855,0.05805203114449841,-0.006335405640310997,adaptive_r150,20,lpips_alex_spatial,32,8,hard,torso_outside_head_roi,150.0
-0.006914817646814254,0.0017982997158766778,-0.015603558702462305,adaptive_r150,20,lpips_alex_spatial,128,1,hard,background,150.0
-0.002064802351019422,0.007612279532428333,-0.012604900929152526,adaptive_r150,20,lpips_alex_spatial,128,1,hard,eyes,150.0
-0.04342805484016299,-0.0304455308680124,-0.0574084674743933,adaptive_r150,20,lpips_alex_spatial,128,1,hard,flame_supported,150.0
0.04568237768615985,0.0694357851524608,0.021118014014841632,adaptive_r150,20,lpips_alex_spatial,128,1,hard,flame_unsupported,150.0
-0.014759387757850965,7.451209239865324e-05,-0.030225661609254054,adaptive_r150,20,lpips_alex_spatial,128,1,hard,foreground,150.0
-0.010856150484188302,0.0005311404323422885,-0.022345666138382694,adaptive_r150,20,lpips_alex_spatial,128,1,hard,full_frame,150.0
-0.04239475802966427,-0.028990699587498645,-0.05674558417448319,adaptive_r150,20,lpips_alex_spatial,128,1,hard,head_foreground,150.0
-0.044260909365819945,-0.030642287022009183,-0.05812775648091297,adaptive_r150,20,lpips_alex_spatial,128,1,hard,head_supported,150.0
-0.033675856967568876,-0.01774171942352687,-0.051799368614166987,adaptive_r150,20,lpips_alex_spatial,128,1,hard,head_unsupported,150.0
-0.034805568780893435,-0.016489203113497344,-0.05355044415639678,adaptive_r150,20,lpips_alex_spatial,128,1,hard,oral,150.0
0.045361672177906,0.07184413417160693,0.01642817961917121,adaptive_r150,20,lpips_alex_spatial,128,1,hard,torso_outside_head_roi,150.0
-0.010337649050901909,-0.002263441817415402,-0.018567025294429683,adaptive_r150,20,lpips_alex_spatial,128,4,hard,background,150.0
-0.007320761761355333,0.002920329719357614,-0.018374540292599183,adaptive_r150,20,lpips_alex_spatial,128,4,hard,eyes,150.0
-0.05064283761569718,-0.03727430572368519,-0.06463225392871211,adaptive_r150,20,lpips_alex_spatial,128,4,hard,flame_supported,150.0
0.04358286725754647,0.06889862940300674,0.018162751339505734,adaptive_r150,20,lpips_alex_spatial,128,4,hard,flame_unsupported,150.0
-0.02086111427944902,-0.00553416552602045,-0.037227940561143626,adaptive_r150,20,lpips_alex_spatial,128,4,hard,foreground,150.0
-0.015759145737351144,-0.004299172915867221,-0.027720813785702732,adaptive_r150,20,lpips_alex_spatial,128,4,hard,full_frame,150.0
-0.0504831857805559,-0.03653645522132805,-0.06505779529745223,adaptive_r150,20,lpips_alex_spatial,128,4,hard,head_foreground,150.0
-0.05263142045379976,-0.03879873031568436,-0.06687975720308606,adaptive_r150,20,lpips_alex_spatial,128,4,hard,head_supported,150.0
-0.039086764755131516,-0.02176910021902736,-0.05742219815658878,adaptive_r150,20,lpips_alex_spatial,128,4,hard,head_unsupported,150.0
-0.04429581237604863,-0.0276643401415593,-0.06212315243151887,adaptive_r150,20,lpips_alex_spatial,128,4,hard,oral,150.0
0.044541051733383276,0.07128358204271869,0.01676698617075941,adaptive_r150,20,lpips_alex_spatial,128,4,hard,torso_outside_head_roi,150.0
-0.006182984239325229,0.00208170098647337,-0.014547590541918226,adaptive_r150,20,lpips_alex_spatial,128,8,hard,background,150.0
-0.005601998669169545,0.004046494605234983,-0.016321138460016385,adaptive_r150,20,lpips_alex_spatial,128,8,hard,eyes,150.0
-0.0476048807872443,-0.03379403867887483,-0.06238625047995461,adaptive_r150,20,lpips_alex_spatial,128,8,hard,flame_supported,150.0
0.04900398899191117,0.07422652503577395,0.024187916800499903,adaptive_r150,20,lpips_alex_spatial,128,8,hard,flame_unsupported,150.0
-0.01638679612900968,-0.0002463658483937612,-0.03290984846099101,adaptive_r150,20,lpips_alex_spatial,128,8,hard,foreground,150.0
-0.011342249623624805,0.0007917477783960531,-0.023330895657534215,adaptive_r150,20,lpips_alex_spatial,128,8,hard,full_frame,150.0
-0.046894409201106275,-0.03303539105553232,-0.061856008008855684,adaptive_r150,20,lpips_alex_spatial,128,8,hard,head_foreground,150.0
-0.049252624681174056,-0.035139273233682024,-0.06386022969020008,adaptive_r150,20,lpips_alex_spatial,128,8,hard,head_supported,150.0
-0.03358545470764162,-0.017247558464016533,-0.0511766000967473,adaptive_r150,20,lpips_alex_spatial,128,8,hard,head_unsupported,150.0
-0.04427266026901491,-0.02776182426591164,-0.06250198911475938,adaptive_r150,20,lpips_alex_spatial,128,8,hard,oral,150.0
0.048568233404046646,0.07571500100169633,0.021224263055148275,adaptive_r150,20,lpips_alex_spatial,128,8,hard,torso_outside_head_roi,150.0
-0.007432322479353072,0.0014285162733540364,-0.016079317534460225,adaptive_r150,20,lpips_alex_spatial,384,1,hard,background,150.0
-0.003983454840338856,0.003556403381328999,-0.012039474467417469,adaptive_r150,20,lpips_alex_spatial,384,1,hard,eyes,150.0
-0.047738273790098054,-0.035660780163586085,-0.06012069442493539,adaptive_r150,20,lpips_alex_spatial,384,1,hard,flame_supported,150.0
0.04280540754840455,0.07003502178375412,0.015750650208929077,adaptive_r150,20,lpips_alex_spatial,384,1,hard,flame_unsupported,150.0
-0.018572203494776,-0.0027818610868094924,-0.033793850811283346,adaptive_r150,20,lpips_alex_spatial,384,1,hard,foreground,150.0
-0.012888152000707975,-0.00038788054928632926,-0.02475080967401013,adaptive_r150,20,lpips_alex_spatial,384,1,hard,full_frame,150.0
-0.04631324345000158,-0.03430993900256912,-0.058719697515696404,adaptive_r150,20,lpips_alex_spatial,384,1,hard,head_foreground,150.0
-0.04811709329116011,-0.036122818703448974,-0.060462533600539776,adaptive_r150,20,lpips_alex_spatial,384,1,hard,head_supported,150.0
-0.03809775642586184,-0.02335601660597914,-0.053664023074325135,adaptive_r150,20,lpips_alex_spatial,384,1,hard,head_unsupported,150.0
-0.043449656730200584,-0.02511709594985986,-0.06278395118835693,adaptive_r150,20,lpips_alex_spatial,384,1,hard,oral,150.0
0.041289439225996594,0.07079749787835891,0.009171484750939325,adaptive_r150,20,lpips_alex_spatial,384,1,hard,torso_outside_head_roi,150.0
-0.009127984627071862,-0.0008008777600660319,-0.017002246672530526,adaptive_r150,20,lpips_alex_spatial,384,4,hard,background,150.0
-0.008461540522418627,0.00033791208514308524,-0.017290749725597212,adaptive_r150,20,lpips_alex_spatial,384,4,hard,eyes,150.0
-0.054556797911629054,-0.04261262119965964,-0.06690196452200994,adaptive_r150,20,lpips_alex_spatial,384,4,hard,flame_supported,150.0
0.042236737117840685,0.06745710371727381,0.0169838586166792,adaptive_r150,20,lpips_alex_spatial,384,4,hard,flame_unsupported,150.0
-0.02404777120958768,-0.009240326551194934,-0.03862258998329056,adaptive_r150,20,lpips_alex_spatial,384,4,hard,foreground,150.0
-0.016730855992346087,-0.005604385917919043,-0.027928615708324837,adaptive_r150,20,lpips_alex_spatial,384,4,hard,full_frame,150.0
-0.054227872431257006,-0.041645163265228824,-0.06700985036023908,adaptive_r150,20,lpips_alex_spatial,384,4,hard,head_foreground,150.0
-0.05625626790660036,-0.04350595939844434,-0.06887723552103389,adaptive_r150,20,lpips_alex_spatial,384,4,hard,head_supported,150.0
-0.0438489896777709,-0.028153254943208725,-0.060919033361686,adaptive_r150,20,lpips_alex_spatial,384,4,hard,head_unsupported,150.0
-0.05230876500109276,-0.03599602568256139,-0.07009304698401238,adaptive_r150,20,lpips_alex_spatial,384,4,hard,oral,150.0
0.04311521088204381,0.07119248277706422,0.01550954655629423,adaptive_r150,20,lpips_alex_spatial,384,4,hard,torso_outside_head_roi,150.0
-0.005669116334286814,0.0026443614618148208,-0.013661878942803496,adaptive_r150,20,lpips_alex_spatial,384,8,hard,background,150.0
-0.007610757584582836,0.0007265779997535676,-0.016452780319761617,adaptive_r150,20,lpips_alex_spatial,384,8,hard,eyes,150.0
-0.05102220733682702,-0.03922197484562754,-0.06322300255732567,adaptive_r150,20,lpips_alex_spatial,384,8,hard,flame_supported,150.0
0.045785895663013165,0.07095886833707074,0.02020496020433859,adaptive_r150,20,lpips_alex_spatial,384,8,hard,flame_unsupported,150.0
-0.019709311605192438,-0.004101204064247456,-0.03457255190371163,adaptive_r150,20,lpips_alex_spatial,384,8,hard,foreground,150.0
-0.012590661012765136,-0.0011250620209551636,-0.023959681138847805,adaptive_r150,20,lpips_alex_spatial,384,8,hard,full_frame,150.0
-0.04994601499136627,-0.037661889602849885,-0.0625534513542204,adaptive_r150,20,lpips_alex_spatial,384,8,hard,head_foreground,150.0
-0.052187946918827034,-0.039985971978210015,-0.06451202520131283,adaptive_r150,20,lpips_alex_spatial,384,8,hard,head_supported,150.0
-0.03723867113588379,-0.023001149668818877,-0.05175180310223822,adaptive_r150,20,lpips_alex_spatial,384,8,hard,head_unsupported,150.0
-0.0510240085873622,-0.03425335196058659,-0.06895389342393474,adaptive_r150,20,lpips_alex_spatial,384,8,hard,oral,150.0
0.044290144443807904,0.07176466933924766,0.01672600602336257,adaptive_r150,20,lpips_alex_spatial,384,8,hard,torso_outside_head_roi,150.0
0.009046157197323008,0.015119137596643687,0.002779349518928155,adaptive_r150,20,lpips_alex_spatial,8,1,released_r150,background,150.0
0.015437466181840937,0.02003682977724603,0.010356328934956444,adaptive_r150,20,lpips_alex_spatial,8,1,released_r150,eyes,150.0
0.02414635993029384,0.032268423524741116,0.015754674734420188,adaptive_r150,20,lpips_alex_spatial,8,1,released_r150,flame_supported,150.0
0.03953721588574703,0.05442542930608149,0.025998830172726296,adaptive_r150,20,lpips_alex_spatial,8,1,released_r150,flame_unsupported,150.0
0.02866921397720825,0.03823919419483611,0.01934055327785267,adaptive_r150,20,lpips_alex_spatial,8,1,released_r150,foreground,150.0
0.019885414671072216,0.02740780279846678,0.01250313313008647,adaptive_r150,20,lpips_alex_spatial,8,1,released_r150,full_frame,150.0
0.02253823619269772,0.029875310275177563,0.01538585625592802,adaptive_r150,20,lpips_alex_spatial,8,1,released_r150,head_foreground,150.0
0.022227373113752495,0.029475824452104938,0.015092579646756135,adaptive_r150,20,lpips_alex_spatial,8,1,released_r150,head_supported,150.0
0.024091444797972116,0.03536012719247789,0.013404814944818369,adaptive_r150,20,lpips_alex_spatial,8,1,released_r150,head_unsupported,150.0
0.01583800417452587,0.02190374188027192,0.009471339628965318,adaptive_r150,20,lpips_alex_spatial,8,1,released_r150,oral,150.0
0.04394184599006797,0.06078823905113985,0.027828131889828002,adaptive_r150,20,lpips_alex_spatial,8,1,released_r150,torso_outside_head_roi,150.0
0.006194443796613797,0.011445892003169393,0.000989044843486034,adaptive_r150,20,lpips_alex_spatial,8,4,released_r150,background,150.0
0.010091164665225203,0.015327221670681625,0.005229737923340844,adaptive_r150,20,lpips_alex_spatial,8,4,released_r150,eyes,150.0
0.01900574071921208,0.027426176425922065,0.011354175920277713,adaptive_r150,20,lpips_alex_spatial,8,4,released_r150,flame_supported,150.0
0.03443457373618601,0.048280527665289036,0.022156161750225615,adaptive_r150,20,lpips_alex_spatial,8,4,released_r150,flame_unsupported,150.0
0.023482054468738387,0.03287557919389581,0.0147200287086548,adaptive_r150,20,lpips_alex_spatial,8,4,released_r150,foreground,150.0
0.01584705615175001,0.023072065063251934,0.009049236727237061,adaptive_r150,20,lpips_alex_spatial,8,4,released_r150,full_frame,150.0
0.01735066552977467,0.024569007894257082,0.01085342074202149,adaptive_r150,20,lpips_alex_spatial,8,4,released_r150,head_foreground,150.0
0.01693141918847924,0.024353313244099357,0.010463957861723364,adaptive_r150,20,lpips_alex_spatial,8,4,released_r150,head_supported,150.0
0.020726307972619852,0.030475850482863873,0.011185550242048457,adaptive_r150,20,lpips_alex_spatial,8,4,released_r150,head_unsupported,150.0
0.010396606218483383,0.016433141569269113,0.004903694191524416,adaptive_r150,20,lpips_alex_spatial,8,4,released_r150,oral,150.0
0.038043822180221086,0.054590912158470464,0.022818924183243848,adaptive_r150,20,lpips_alex_spatial,8,4,released_r150,torso_outside_head_roi,150.0
0.0037052312010364226,0.009282443200429077,-0.0018952780386578567,adaptive_r150,20,lpips_alex_spatial,8,8,released_r150,background,150.0
0.008015781141753869,0.012337586657811948,0.0036810909316606017,adaptive_r150,20,lpips_alex_spatial,8,8,released_r150,eyes,150.0
0.01760373759940581,0.025523018007264066,0.00992689972095506,adaptive_r150,20,lpips_alex_spatial,8,8,released_r150,flame_supported,150.0
0.032732382960279485,0.046036053994276314,0.019923322807437565,adaptive_r150,20,lpips_alex_spatial,8,8,released_r150,flame_unsupported,150.0
0.021981582161449062,0.031243554159756378,0.01328211134237973,adaptive_r150,20,lpips_alex_spatial,8,8,released_r150,foreground,150.0
0.013736775065913332,0.021316250736837267,0.006718568332912598,adaptive_r150,20,lpips_alex_spatial,8,8,released_r150,full_frame,150.0
0.015229851624855406,0.02204967996202805,0.008613235497242012,adaptive_r150,20,lpips_alex_spatial,8,8,released_r150,head_foreground,150.0
0.014904677026764707,0.021686608738151467,0.008334728790424503,adaptive_r150,20,lpips_alex_spatial,8,8,released_r150,head_supported,150.0
0.017654720065847875,0.027817612723295235,0.008114661649351087,adaptive_r150,20,lpips_alex_spatial,8,8,released_r150,head_unsupported,150.0
0.010505975996706881,0.016787402476290247,0.004111508831463012,adaptive_r150,20,lpips_alex_spatial,8,8,released_r150,oral,150.0
0.038691953400566706,0.054993926103583536,0.023364227578752686,adaptive_r150,20,lpips_alex_spatial,8,8,released_r150,torso_outside_head_roi,150.0
0.007216443773725554,0.01316291732900635,0.0011541478418341223,adaptive_r150,20,lpips_alex_spatial,32,1,released_r150,background,150.0
0.009768743351206869,0.016789344554850077,0.002783553599397935,adaptive_r150,20,lpips_alex_spatial,32,1,released_r150,eyes,150.0
0.003160223826591581,0.009448259324248368,-0.0025802508991422985,adaptive_r150,20,lpips_alex_spatial,32,1,released_r150,flame_supported,150.0
-0.0035405321444206576,0.0017982169605831038,-0.009013981261101032,adaptive_r150,20,lpips_alex_spatial,32,1,released_r150,flame_unsupported,150.0
0.001023650169136228,0.0060032077050590936,-0.0038226963663378823,adaptive_r150,20,lpips_alex_spatial,32,1,released_r150,foreground,150.0
0.003828482413704759,0.008705017655700812,-0.0010652462396271113,adaptive_r150,20,lpips_alex_spatial,32,1,released_r150,full_frame,150.0
0.002817807210561421,0.009076379994675542,-0.0032800891661907976,adaptive_r150,20,lpips_alex_spatial,32,1,released_r150,head_foreground,150.0
0.003346470469195238,0.009789190024638033,-0.0027483456169422904,adaptive_r150,20,lpips_alex_spatial,32,1,released_r150,head_supported,150.0
-0.003199178326515002,0.005445805260533095,-0.012786329612538234,adaptive_r150,20,lpips_alex_spatial,32,1,released_r150,head_unsupported,150.0
-0.002014963577723802,0.007247172743288317,-0.00997996744665688,adaptive_r150,20,lpips_alex_spatial,32,1,released_r150,oral,150.0
-0.0033637365362488457,0.0032694608393519647,-0.00985706658815082,adaptive_r150,20,lpips_alex_spatial,32,1,released_r150,torso_outside_head_roi,150.0
0.009043878000592009,0.014871796271215034,0.003258221496076774,adaptive_r150,20,lpips_alex_spatial,32,4,released_r150,background,150.0
0.009714388146988152,0.01724283235636918,0.0019752739134417784,adaptive_r150,20,lpips_alex_spatial,32,4,released_r150,eyes,150.0
0.007315092188968074,0.014310920179891785,0.0004703714358377272,adaptive_r150,20,lpips_alex_spatial,32,4,released_r150,flame_supported,150.0
0.0028859975457235843,0.0113236882954535,-0.005068676361540646,adaptive_r150,20,lpips_alex_spatial,32,4,released_r150,flame_unsupported,150.0
0.006061042548995513,0.013113877809562429,-0.00072875950844528,adaptive_r150,20,lpips_alex_spatial,32,4,released_r150,foreground,150.0
0.0072789646541448275,0.013257764728108684,0.0016479944423374647,adaptive_r150,20,lpips_alex_spatial,32,4,released_r150,full_frame,150.0
0.005884933958839544,0.01270089076341692,-0.0009145440243379382,adaptive_r150,20,lpips_alex_spatial,32,4,released_r150,head_foreground,150.0
0.006666362258917616,0.01335206908671865,-9.249776830438656e-05,adaptive_r150,20,lpips_alex_spatial,32,4,released_r150,head_supported,150.0
-0.0027129920108934754,0.006706754253255579,-0.01312934747719759,adaptive_r150,20,lpips_alex_spatial,32,4,released_r150,head_unsupported,150.0
0.003728784952751328,0.011828423996272788,-0.004625051135414097,adaptive_r150,20,lpips_alex_spatial,32,4,released_r150,oral,150.0
0.006245226955959285,0.015971285882879348,-0.0035116260187040755,adaptive_r150,20,lpips_alex_spatial,32,4,released_r150,torso_outside_head_roi,150.0
0.008169559541814019,0.014303789172975307,0.0018160456923631367,adaptive_r150,20,lpips_alex_spatial,32,8,released_r150,background,150.0
0.011527401649531342,0.02000139493932632,0.003164756821704796,adaptive_r150,20,lpips_alex_spatial,32,8,released_r150,eyes,150.0
0.00804415696397622,0.014642007433090855,0.0012473503104325145,adaptive_r150,20,lpips_alex_spatial,32,8,released_r150,flame_supported,150.0
0.002920541282846656,0.010646716985772308,-0.004325533727714737,adaptive_r150,20,lpips_alex_spatial,32,8,released_r150,flame_unsupported,150.0
0.0065738729391213195,0.013137078098246577,0.0001481977123565099,adaptive_r150,20,lpips_alex_spatial,32,8,released_r150,foreground,150.0
0.007214708194072108,0.013145496432399336,0.001213731636732671,adaptive_r150,20,lpips_alex_spatial,32,8,released_r150,full_frame,150.0
0.006503271132965298,0.013170987723002287,-0.00037532630224047596,adaptive_r150,20,lpips_alex_spatial,32,8,released_r150,head_foreground,150.0
0.007413248611287058,0.013957646427835984,0.0006226750951117086,adaptive_r150,20,lpips_alex_spatial,32,8,released_r150,head_supported,150.0
-0.0027069701515794256,0.00649331355989659,-0.01362109270185418,adaptive_r150,20,lpips_alex_spatial,32,8,released_r150,head_unsupported,150.0
0.004052750903214486,0.012201818233169964,-0.004125083671056033,adaptive_r150,20,lpips_alex_spatial,32,8,released_r150,oral,150.0
0.006796950485726238,0.01584121209648936,-0.0013981864225335097,adaptive_r150,20,lpips_alex_spatial,32,8,released_r150,torso_outside_head_roi,150.0
0.012523142344682043,0.020718752869650404,0.004842727478462696,adaptive_r150,20,lpips_alex_spatial,128,1,released_r150,background,150.0
0.012275383494614048,0.021948999851975536,0.0028458211856363757,adaptive_r150,20,lpips_alex_spatial,128,1,released_r150,eyes,150.0
0.009253036710465139,0.019015579774326136,9.881442100698564e-05,adaptive_r150,20,lpips_alex_spatial,128,1,released_r150,flame_supported,150.0
0.0015178167963182583,0.010522512996924624,-0.007094996020804649,adaptive_r150,20,lpips_alex_spatial,128,1,released_r150,flame_unsupported,150.0
0.006820117872399045,0.015964725288215634,-0.0016737574451329861,adaptive_r150,20,lpips_alex_spatial,128,1,released_r150,foreground,150.0
0.009412987368963493,0.01790430618216206,0.0016235550841340698,adaptive_r150,20,lpips_alex_spatial,128,1,released_r150,full_frame,150.0
0.009217384118593866,0.019190841582913894,0.00018347506837056797,adaptive_r150,20,lpips_alex_spatial,128,1,released_r150,head_foreground,150.0
0.009543602609751739,0.019404684660067704,0.0004874879340226343,adaptive_r150,20,lpips_alex_spatial,128,1,released_r150,head_supported,150.0
0.004722760921075345,0.01638165594047187,-0.006519931096478916,adaptive_r150,20,lpips_alex_spatial,128,1,released_r150,head_unsupported,150.0
0.0024213967631054726,0.01195378328248421,-0.007821914005017642,adaptive_r150,20,lpips_alex_spatial,128,1,released_r150,oral,150.0
0.0005348829994764881,0.010141609488217958,-0.008730383480423865,adaptive_r150,20,lpips_alex_spatial,128,1,released_r150,torso_outside_head_roi,150.0
0.009419107358440256,0.01573352340712336,0.003302600694236267,adaptive_r150,20,lpips_alex_spatial,128,4,released_r150,background,150.0
0.006469541877142919,0.013052016502393961,-0.0004934599077642416,adaptive_r150,20,lpips_alex_spatial,128,4,released_r150,eyes,150.0
0.006186832211000738,0.015057757722132041,-0.0021081304908302906,adaptive_r150,20,lpips_alex_spatial,128,4,released_r150,flame_supported,150.0
-0.0019293836225955097,0.004822693773402032,-0.008437728714674004,adaptive_r150,20,lpips_alex_spatial,128,4,released_r150,flame_unsupported,150.0
0.003871681196209946,0.01150291391155025,-0.003415589977100272,adaptive_r150,20,lpips_alex_spatial,128,4,released_r150,foreground,150.0
0.006378387731625683,0.012936874660907037,-0.00012859426705633345,adaptive_r150,20,lpips_alex_spatial,128,4,released_r150,full_frame,150.0
0.005792708603384669,0.014615838369181218,-0.002844017418062224,adaptive_r150,20,lpips_alex_spatial,128,4,released_r150,head_foreground,150.0
0.00617297778196219,0.015093349285230803,-0.002158606367481249,adaptive_r150,20,lpips_alex_spatial,128,4,released_r150,head_supported,150.0
0.00048259947235784056,0.009818098284224787,-0.009200127854101093,adaptive_r150,20,lpips_alex_spatial,128,4,released_r150,head_unsupported,150.0
0.0032768099524808888,0.012528138395519297,-0.005938771354157525,adaptive_r150,20,lpips_alex_spatial,128,4,released_r150,oral,150.0
-0.00210794747940648,0.004535299954631811,-0.008822396924354743,adaptive_r150,20,lpips_alex_spatial,128,4,released_r150,torso_outside_head_roi,150.0
0.008116528794929644,0.014258769441284605,0.00220489056714631,adaptive_r150,20,lpips_alex_spatial,128,8,released_r150,background,150.0
0.004701057880356319,0.010898057072964424,-0.001899967111293042,adaptive_r150,20,lpips_alex_spatial,128,8,released_r150,eyes,150.0
0.004653226588794783,0.011813482065246806,-0.0029714748543270995,adaptive_r150,20,lpips_alex_spatial,128,8,released_r150,flame_supported,150.0
-0.0008541741054989282,0.006385697600308712,-0.007909198029444345,adaptive_r150,20,lpips_alex_spatial,128,8,released_r150,flame_unsupported,150.0
0.0030006016123926087,0.009610766751257311,-0.003861694520661132,adaptive_r150,20,lpips_alex_spatial,128,8,released_r150,foreground,150.0
0.005262525644137213,0.011087241277292154,-0.0005727932921477868,adaptive_r150,20,lpips_alex_spatial,128,8,released_r150,full_frame,150.0
0.003986952046600915,0.011603631461586156,-0.004021529995921233,adaptive_r150,20,lpips_alex_spatial,128,8,released_r150,head_foreground,150.0
0.004355602677901827,0.012017715751887674,-0.0037095651516188886,adaptive_r150,20,lpips_alex_spatial,128,8,released_r150,head_supported,150.0
-0.0006983085424454485,0.007971671528284015,-0.009823310654190261,adaptive_r150,20,lpips_alex_spatial,128,8,released_r150,head_unsupported,150.0
-0.0016667238588680161,0.007454525095493548,-0.011136979662905631,adaptive_r150,20,lpips_alex_spatial,128,8,released_r150,oral,150.0
0.00017690617314991552,0.00782427886980059,-0.0074268465972569244,adaptive_r150,20,lpips_alex_spatial,128,8,released_r150,torso_outside_head_roi,150.0
0.005563311768165144,0.011385649238257686,-0.00010138454983236188,adaptive_r150,20,lpips_alex_spatial,384,1,released_r150,background,150.0
0.013418700349514751,0.021432006983135507,0.00510672869511619,adaptive_r150,20,lpips_alex_spatial,384,1,released_r150,eyes,150.0
0.008282592968821851,0.01550850825443101,0.0012758630580743421,adaptive_r150,20,lpips_alex_spatial,384,1,released_r150,flame_supported,150.0
-0.004175553781907348,0.003419040418774561,-0.01143577783361043,adaptive_r150,20,lpips_alex_spatial,384,1,released_r150,flame_unsupported,150.0
0.004478253638022439,0.01017675107594774,-0.0014552863059161933,adaptive_r150,20,lpips_alex_spatial,384,1,released_r150,foreground,150.0
0.004964543962891495,0.010495202894850748,-0.00038261589582087364,adaptive_r150,20,lpips_alex_spatial,384,1,released_r150,full_frame,150.0
0.008438398027570734,0.016224286678060272,0.0011823089561133922,adaptive_r150,20,lpips_alex_spatial,384,1,released_r150,head_foreground,150.0
0.009089941283748727,0.016557176481582028,0.0018443018024651623,adaptive_r150,20,lpips_alex_spatial,384,1,released_r150,head_supported,150.0
0.0011895965560688906,0.010379773686021856,-0.007189165660904339,adaptive_r150,20,lpips_alex_spatial,384,1,released_r150,head_unsupported,150.0
0.004046762741788383,0.012376590222346641,-0.004834604309444095,adaptive_r150,20,lpips_alex_spatial,384,1,released_r150,oral,150.0
-0.004616090901800635,0.003819312515910784,-0.013229126333260531,adaptive_r150,20,lpips_alex_spatial,384,1,released_r150,torso_outside_head_roi,150.0
0.0040491127790296035,0.008608875047970053,-0.0005776593073156382,adaptive_r150,20,lpips_alex_spatial,384,4,released_r150,background,150.0
0.007720398286787364,0.013479987294165711,0.0022528356938176725,adaptive_r150,20,lpips_alex_spatial,384,4,released_r150,eyes,150.0
0.0031860137271094795,0.009292059207311368,-0.0027726018611956013,adaptive_r150,20,lpips_alex_spatial,384,4,released_r150,flame_supported,150.0
-0.00552165200705487,0.0006398762803007098,-0.011617256916553036,adaptive_r150,20,lpips_alex_spatial,384,4,released_r150,flame_unsupported,150.0
0.000675997747217423,0.005960390400228584,-0.004446643538249759,adaptive_r150,20,lpips_alex_spatial,384,4,released_r150,foreground,150.0
0.0021970372554684496,0.006753159702316779,-0.0021631438237904657,adaptive_r150,20,lpips_alex_spatial,384,4,released_r150,full_frame,150.0
0.0031841170707709796,0.009496289963482155,-0.003075304945535499,adaptive_r150,20,lpips_alex_spatial,384,4,released_r150,head_foreground,150.0
0.0037425692750205075,0.009970168271066657,-0.002468581182651432,adaptive_r150,20,lpips_alex_spatial,384,4,released_r150,head_supported,150.0
-0.0028262935983955377,0.005878559498857469,-0.011195750694645608,adaptive_r150,20,lpips_alex_spatial,384,4,released_r150,head_unsupported,150.0
0.002830850927365197,0.01026466141276839,-0.004820311543985608,adaptive_r150,20,lpips_alex_spatial,384,4,released_r150,oral,150.0
-0.0054542837667376195,0.0007566350074374678,-0.011476825912221537,adaptive_r150,20,lpips_alex_spatial,384,4,released_r150,torso_outside_head_roi,150.0
0.0033279083414684816,0.0079343297225618,-0.0014474074158130654,adaptive_r150,20,lpips_alex_spatial,384,8,released_r150,background,150.0
0.0059250799565455595,0.012506482609790434,-0.00036947519503414543,adaptive_r150,20,lpips_alex_spatial,384,8,released_r150,eyes,150.0
0.004139895124370014,0.009823549684509403,-0.0018843339312578857,adaptive_r150,20,lpips_alex_spatial,384,8,released_r150,flame_supported,150.0
-0.006098256671829627,0.0005937051822920439,-0.012686259578024179,adaptive_r150,20,lpips_alex_spatial,384,8,released_r150,flame_unsupported,150.0
0.0012292457339746015,0.0061062506679910806,-0.003834257480304978,adaptive_r150,20,lpips_alex_spatial,384,8,released_r150,foreground,150.0
0.002182656578171303,0.006419943998773381,-0.0022639889041066686,adaptive_r150,20,lpips_alex_spatial,384,8,released_r150,full_frame,150.0
0.004265344574178566,0.010177056876099154,-0.001865008910902271,adaptive_r150,20,lpips_alex_spatial,384,8,released_r150,head_foreground,150.0
0.0047651708562886225,0.01062586843867354,-0.0014273493314723108,adaptive_r150,20,lpips_alex_spatial,384,8,released_r150,head_supported,150.0
-0.0005621218572923151,0.00707135660314267,-0.00815854690882098,adaptive_r150,20,lpips_alex_spatial,384,8,released_r150,head_unsupported,150.0
0.0009985171295279372,0.009779324524070019,-0.00871583846503677,adaptive_r150,20,lpips_alex_spatial,384,8,released_r150,oral,150.0
-0.005845355414461501,0.001682736329517083,-0.013687120954317296,adaptive_r150,20,lpips_alex_spatial,384,8,released_r150,torso_outside_head_roi,150.0
-0.03313281599220098,-0.02144749572574814,-0.04499385307234182,released_r150,20,lpips_alex_spatial,8,1,hard,background,150.0
-0.018493448943660278,-0.011207147513307732,-0.02634634964565185,released_r150,20,lpips_alex_spatial,8,1,hard,eyes,150.0
-0.05607038906047938,-0.04446255446976494,-0.06725649967315939,released_r150,20,lpips_alex_spatial,8,1,hard,flame_supported,150.0
-0.0038524397707378477,0.025367177713708604,-0.034854229420744724,released_r150,20,lpips_alex_spatial,8,1,hard,flame_unsupported,150.0
-0.038437851159711975,-0.02165144953215448,-0.05508191672991517,released_r150,20,lpips_alex_spatial,8,1,hard,foreground,150.0
-0.035817409451905785,-0.02257760685114632,-0.04961112097163737,released_r150,20,lpips_alex_spatial,8,1,hard,full_frame,150.0
-0.05380156627910687,-0.043524778737251454,-0.06352892522585199,released_r150,20,lpips_alex_spatial,8,1,hard,head_foreground,150.0
-0.054376746194948124,-0.044230539237697465,-0.06403015548462794,released_r150,20,lpips_alex_spatial,8,1,hard,head_supported,150.0
-0.0513096255676042,-0.03949893223078175,-0.06257520135737986,released_r150,20,lpips_alex_spatial,8,1,hard,head_unsupported,150.0
-0.04328698441423653,-0.03405014196670852,-0.05241748142494863,released_r150,20,lpips_alex_spatial,8,1,hard,oral,150.0
-0.012161370955096928,0.021885454960082835,-0.051278281529208734,released_r150,20,lpips_alex_spatial,8,1,hard,torso_outside_head_roi,150.0
-0.028014712022944654,-0.015144902366791743,-0.04193166643765069,released_r150,20,lpips_alex_spatial,8,4,hard,background,150.0
-0.014829117519262455,-0.0062952955522384045,-0.02418078862400436,released_r150,20,lpips_alex_spatial,8,4,hard,eyes,150.0
-0.05348298587447513,-0.03992401263810281,-0.06658017939166337,released_r150,20,lpips_alex_spatial,8,4,hard,flame_supported,150.0
0.0005344464009796601,0.027581937919279553,-0.030297547258224946,released_r150,20,lpips_alex_spatial,8,4,hard,flame_unsupported,150.0
-0.03627700309637917,-0.0187868246875589,-0.053694064494609756,released_r150,20,lpips_alex_spatial,8,4,hard,foreground,150.0
-0.032423654288956626,-0.01809138257436189,-0.04767084829981336,released_r150,20,lpips_alex_spatial,8,4,hard,full_frame,150.0
-0.05181897448483681,-0.03932427594024761,-0.06385540449023498,released_r150,20,lpips_alex_spatial,8,4,hard,head_foreground,150.0
-0.05232402754056109,-0.039806161307522465,-0.06431773073950534,released_r150,20,lpips_alex_spatial,8,4,hard,head_supported,150.0
-0.05113310277576781,-0.03522915590596078,-0.06749221448791302,released_r150,20,lpips_alex_spatial,8,4,hard,head_unsupported,150.0
-0.04238454016486455,-0.03051631768096427,-0.054315085189808404,released_r150,20,lpips_alex_spatial,8,4,hard,oral,150.0
-0.004236942243843178,0.030486288773991566,-0.041982629892543644,released_r150,20,lpips_alex_spatial,8,4,hard,torso_outside_head_roi,150.0
-0.024456795615890554,-0.01169168178062035,-0.037787943928660625,released_r150,20,lpips_alex_spatial,8,8,hard,background,150.0
-0.010712904987903001,-0.002604157072894181,-0.019499523183281714,released_r150,20,lpips_alex_spatial,8,8,hard,eyes,150.0
-0.05026169485724332,-0.037153592266356714,-0.06283381643877846,released_r150,20,lpips_alex_spatial,8,8,hard,flame_supported,150.0
0.005710967354956453,0.03170171602370829,-0.023751010726316392,released_r150,20,lpips_alex_spatial,8,8,hard,flame_unsupported,150.0
-0.0321323703836225,-0.015394768733956647,-0.04939402043741649,released_r150,20,lpips_alex_spatial,8,8,hard,foreground,150.0
-0.028416542728225906,-0.01472945669190193,-0.04345443126249624,released_r150,20,lpips_alex_spatial,8,8,hard,full_frame,150.0
-0.04781390303248782,-0.03577447367581444,-0.05941002949944855,released_r150,20,lpips_alex_spatial,8,8,hard,head_foreground,150.0
-0.04834901845379522,-0.03682902132875166,-0.059788249083999705,released_r150,20,lpips_alex_spatial,8,8,hard,head_supported,150.0
-0.047727248671934175,-0.031127143894196095,-0.06479563725940483,released_r150,20,lpips_alex_spatial,8,8,hard,head_unsupported,150.0
-0.039269846551159684,-0.02769194461264563,-0.050687277293099436,released_r150,20,lpips_alex_spatial,8,8,hard,oral,150.0
-0.001050380444939647,0.030939651457135096,-0.03690779543861302,released_r150,20,lpips_alex_spatial,8,8,hard,torso_outside_head_roi,150.0
-0.027321175934701448,-0.0176282202148963,-0.037839438530660574,released_r150,20,lpips_alex_spatial,32,1,hard,background,150.0
-0.021416195769083535,-0.009195498749941378,-0.03398336984631408,released_r150,20,lpips_alex_spatial,32,1,hard,eyes,150.0
-0.06518747397678315,-0.05232700919714593,-0.07867103991411205,released_r150,20,lpips_alex_spatial,32,1,hard,flame_supported,150.0
0.029833574849217857,0.060059505214234775,-0.002171033884024805,released_r150,20,lpips_alex_spatial,32,1,hard,flame_unsupported,150.0
-0.03445751102117507,-0.01758075154070889,-0.052411427104425194,released_r150,20,lpips_alex_spatial,32,1,hard,foreground,150.0
-0.030551402225638867,-0.01825135206731108,-0.04375439732847534,released_r150,20,lpips_alex_spatial,32,1,hard,full_frame,150.0
-0.06260502433165624,-0.050867249836219694,-0.07517696172192813,released_r150,20,lpips_alex_spatial,32,1,hard,head_foreground,150.0
-0.06521291936355926,-0.05318516811033788,-0.0779899031304016,released_r150,20,lpips_alex_spatial,32,1,hard,head_supported,150.0
-0.04515827572666863,-0.03178152278361006,-0.05979590135323115,released_r150,20,lpips_alex_spatial,32,1,hard,head_unsupported,150.0
-0.05266020143960372,-0.03918538271481367,-0.06589306327739808,released_r150,20,lpips_alex_spatial,32,1,hard,oral,150.0
0.024217291371759313,0.05833231223900779,-0.012960054602928229,released_r150,20,lpips_alex_spatial,32,1,hard,torso_outside_head_roi,150.0
-0.027162757003694672,-0.016241337746002466,-0.03897401248392889,released_r150,20,lpips_alex_spatial,32,4,hard,background,150.0
-0.021402874163570583,-0.00914676071520109,-0.0339890129898964,released_r150,20,lpips_alex_spatial,32,4,hard,eyes,150.0
-0.06911241000995604,-0.05513906507392478,-0.08427802837206098,released_r150,20,lpips_alex_spatial,32,4,hard,flame_supported,150.0
0.024134214035422145,0.05425072853627058,-0.00694232635869334,released_r150,20,lpips_alex_spatial,32,4,hard,flame_unsupported,150.0
-0.03964293635024181,-0.021188686040594065,-0.059266838375720055,released_r150,20,lpips_alex_spatial,32,4,hard,foreground,150.0
-0.03337399778944073,-0.019305967718937507,-0.048528983158267223,released_r150,20,lpips_alex_spatial,32,4,hard,full_frame,150.0
-0.0660434481612107,-0.053058473131275784,-0.08022124508496466,released_r150,20,lpips_alex_spatial,32,4,hard,head_foreground,150.0
-0.06892808933565665,-0.05629498776504788,-0.08256997360525858,released_r150,20,lpips_alex_spatial,32,4,hard,head_supported,150.0
-0.04603434745930125,-0.029019025818095345,-0.06372895948630856,released_r150,20,lpips_alex_spatial,32,4,hard,head_unsupported,150.0
-0.05853635729682947,-0.04539363610211257,-0.07184266140691441,released_r150,20,lpips_alex_spatial,32,4,hard,oral,150.0
0.017042801617031488,0.051475849300746834,-0.020276946586258695,released_r150,20,lpips_alex_spatial,32,4,hard,torso_outside_head_roi,150.0
-0.02276516850001933,-0.011832675513800673,-0.034159132853005814,released_r150,20,lpips_alex_spatial,32,8,hard,background,150.0
-0.021398600456792788,-0.010146054509071429,-0.033610325372206526,released_r150,20,lpips_alex_spatial,32,8,hard,eyes,150.0
-0.0665389823542719,-0.052786768756485636,-0.08157294040557546,released_r150,20,lpips_alex_spatial,32,8,hard,flame_supported,150.0
0.028768812039239894,0.0605426247146673,-0.0045659119680010254,released_r150,20,lpips_alex_spatial,32,8,hard,flame_unsupported,150.0
-0.03567614273569738,-0.01689453809686428,-0.05506078248395044,released_r150,20,lpips_alex_spatial,32,8,hard,foreground,150.0
-0.029132227180324082,-0.015124365944108925,-0.04426714574942342,released_r150,20,lpips_alex_spatial,32,8,hard,full_frame,150.0
-0.06283732289705035,-0.04988024440315772,-0.0768175712126267,released_r150,20,lpips_alex_spatial,32,8,hard,head_foreground,150.0
-0.06588869715628302,-0.053140140231568204,-0.07951894421700328,released_r150,20,lpips_alex_spatial,32,8,hard,head_supported,150.0
-0.04106261667359953,-0.025121929185312284,-0.05772738242488826,released_r150,20,lpips_alex_spatial,32,8,hard,head_unsupported,150.0
-0.05651358142180605,-0.04339400089045878,-0.07000136168405621,released_r150,20,lpips_alex_spatial,32,8,hard,oral,150.0
0.019616495671277618,0.05453376397415782,-0.018498166391173472,released_r150,20,lpips_alex_spatial,32,8,hard,torso_outside_head_roi,150.0
-0.0194379599914963,-0.009638823129141902,-0.02991810395852355,released_r150,20,lpips_alex_spatial,128,1,hard,background,150.0
-0.014340185845633468,-0.0025854724145701743,-0.02630871129885425,released_r150,20,lpips_alex_spatial,128,1,hard,eyes,150.0
-0.05268109155062813,-0.04070831880258249,-0.0652808401780059,released_r150,20,lpips_alex_spatial,128,1,hard,flame_supported,150.0
0.044164560889841595,0.0675887188039075,0.021086604849018177,released_r150,20,lpips_alex_spatial,128,1,hard,flame_unsupported,150.0
-0.02157950563025001,-0.009200328590191136,-0.034833778168496136,released_r150,20,lpips_alex_spatial,128,1,hard,foreground,150.0
-0.020269137853151795,-0.010632006520832796,-0.031156578321993617,released_r150,20,lpips_alex_spatial,128,1,hard,full_frame,150.0
-0.05161214214825814,-0.039724827648099245,-0.0634810604417677,released_r150,20,lpips_alex_spatial,128,1,hard,head_foreground,150.0
-0.05380451197557168,-0.0415555316688612,-0.06594566982722286,released_r150,20,lpips_alex_spatial,128,1,hard,head_supported,150.0
-0.038398617888644224,-0.024469846936341577,-0.054321650065865285,released_r150,20,lpips_alex_spatial,128,1,hard,head_unsupported,150.0
-0.0372269655439989,-0.02233135858396461,-0.05183524963132209,released_r150,20,lpips_alex_spatial,128,1,hard,oral,150.0
0.04482678917842951,0.07002875304606326,0.017393178155079927,released_r150,20,lpips_alex_spatial,128,1,hard,torso_outside_head_roi,150.0
-0.019756756409342165,-0.010469496368750126,-0.029653767500696718,released_r150,20,lpips_alex_spatial,128,4,hard,background,150.0
-0.013790303638498253,-0.002714520701469296,-0.025466186744167233,released_r150,20,lpips_alex_spatial,128,4,hard,eyes,150.0
-0.05682966982669792,-0.04458337150742847,-0.07004736344227042,released_r150,20,lpips_alex_spatial,128,4,hard,flame_supported,150.0
0.045512250880141984,0.06841753107054911,0.023045885296898883,released_r150,20,lpips_alex_spatial,128,4,hard,flame_unsupported,150.0
-0.024732795475658965,-0.012276259072186511,-0.038305451711539255,released_r150,20,lpips_alex_spatial,128,4,hard,foreground,150.0
-0.022137533468976824,-0.012392015190738638,-0.03314711247511804,released_r150,20,lpips_alex_spatial,128,4,hard,full_frame,150.0
-0.056275894383940574,-0.04432012165040557,-0.06936703867118962,released_r150,20,lpips_alex_spatial,128,4,hard,head_foreground,150.0
-0.058804398235761945,-0.04662146804933996,-0.07151199872218758,released_r150,20,lpips_alex_spatial,128,4,hard,head_supported,150.0
-0.03956936422748935,-0.025600056964633213,-0.055681664657184125,released_r150,20,lpips_alex_spatial,128,4,hard,head_unsupported,150.0
-0.04757262232852951,-0.033332028328081485,-0.06267025503831311,released_r150,20,lpips_alex_spatial,128,4,hard,oral,150.0
0.046648999212789755,0.07059491280259049,0.021960113528945762,released_r150,20,lpips_alex_spatial,128,4,hard,torso_outside_head_roi,150.0
-0.014299513034254871,-0.004225270845048393,-0.024821071997505207,released_r150,20,lpips_alex_spatial,128,8,hard,background,150.0
-0.010303056549525864,0.0005365392673948649,-0.021569720827554106,released_r150,20,lpips_alex_spatial,128,8,hard,eyes,150.0
-0.05225810737603909,-0.040525034031671237,-0.06549085795889514,released_r150,20,lpips_alex_spatial,128,8,hard,flame_supported,150.0
0.049858163097410105,0.07237826816753351,0.027500408454325026,released_r150,20,lpips_alex_spatial,128,8,hard,flame_unsupported,150.0
-0.01938739774140229,-0.006064214893525554,-0.03342835108497968,released_r150,20,lpips_alex_spatial,128,8,hard,foreground,150.0
-0.016604775267762016,-0.006125581683792584,-0.028183841820790128,released_r150,20,lpips_alex_spatial,128,8,hard,full_frame,150.0
-0.05088136124770719,-0.039028506152527585,-0.0642152284064036,released_r150,20,lpips_alex_spatial,128,8,hard,head_foreground,150.0
-0.053608227359075875,-0.04174685573906202,-0.06690403782070743,released_r150,20,lpips_alex_spatial,128,8,hard,head_supported,150.0
-0.03288714616519617,-0.019504215343191935,-0.048653396787792166,released_r150,20,lpips_alex_spatial,128,8,hard,head_unsupported,150.0
-0.04260593641014689,-0.029122069014401914,-0.05662726776129352,released_r150,20,lpips_alex_spatial,128,8,hard,oral,150.0
0.048391327230896716,0.07191410928676303,0.02443555786256646,released_r150,20,lpips_alex_spatial,128,8,hard,torso_outside_head_roi,150.0
-0.012995634247518217,-0.004274267109301483,-0.021871530526295768,released_r150,20,lpips_alex_spatial,384,1,hard,background,150.0
-0.017402155189853604,-0.007462499107932426,-0.02794238310884081,released_r150,20,lpips_alex_spatial,384,1,hard,eyes,150.0
-0.05602086675891991,-0.04536553512799544,-0.06640715251816628,released_r150,20,lpips_alex_spatial,384,1,hard,flame_supported,150.0
0.04698096133031191,0.07156409275024023,0.022387301441517165,released_r150,20,lpips_alex_spatial,384,1,hard,flame_unsupported,150.0
-0.023050457132798442,-0.010342644397735473,-0.03582357877473882,released_r150,20,lpips_alex_spatial,384,1,hard,foreground,150.0
-0.01785269596359947,-0.008328226036130098,-0.027540730739504242,released_r150,20,lpips_alex_spatial,384,1,hard,full_frame,150.0
-0.05475164147757232,-0.04437818156037942,-0.06478470960243145,released_r150,20,lpips_alex_spatial,384,1,hard,head_foreground,150.0
-0.05720703457490883,-0.046509393848275654,-0.06764368424682395,released_r150,20,lpips_alex_spatial,384,1,hard,head_supported,150.0
-0.03928735298193073,-0.027882966489319524,-0.05223985748333191,released_r150,20,lpips_alex_spatial,384,1,hard,head_unsupported,150.0
-0.04749641947198897,-0.03268615421751758,-0.06183244308765024,released_r150,20,lpips_alex_spatial,384,1,hard,oral,150.0
0.04590553012779723,0.07412290039432033,0.01689195123063672,released_r150,20,lpips_alex_spatial,384,1,hard,torso_outside_head_roi,150.0
-0.013177097406101467,-0.006060556161903824,-0.02045810941720414,released_r150,20,lpips_alex_spatial,384,4,hard,background,150.0
-0.01618193880920599,-0.006298426871457447,-0.026729028200215544,released_r150,20,lpips_alex_spatial,384,4,hard,eyes,150.0
-0.05774281163873853,-0.048382659762519646,-0.06700112690039425,released_r150,20,lpips_alex_spatial,384,4,hard,flame_supported,150.0
0.04775838912489555,0.07241207265815408,0.02411464684783296,released_r150,20,lpips_alex_spatial,384,4,hard,flame_unsupported,150.0
-0.024723768956805104,-0.013429493760521612,-0.0364013419146592,released_r150,20,lpips_alex_spatial,384,4,hard,foreground,150.0
-0.01892789324781453,-0.011137452650989694,-0.026803012289948355,released_r150,20,lpips_alex_spatial,384,4,hard,full_frame,150.0
-0.057411989502027985,-0.04779617103420304,-0.06703254802894247,released_r150,20,lpips_alex_spatial,384,4,hard,head_foreground,150.0
-0.05999883718162088,-0.05037113247055933,-0.06942359558757613,released_r150,20,lpips_alex_spatial,384,4,hard,head_supported,150.0
-0.041022696079375365,-0.027597081998050242,-0.05613533801707654,released_r150,20,lpips_alex_spatial,384,4,hard,head_unsupported,150.0
-0.055139615928457966,-0.041098085783120714,-0.06942895729376354,released_r150,20,lpips_alex_spatial,384,4,hard,oral,150.0
0.04856949464878142,0.07421368036692168,0.023000457430889316,released_r150,20,lpips_alex_spatial,384,4,hard,torso_outside_head_roi,150.0
-0.008997024675755295,-0.0007249620391244801,-0.01688332172663858,released_r150,20,lpips_alex_spatial,384,8,hard,background,150.0
-0.013535837541128392,-0.004058759826644844,-0.02392494851600758,released_r150,20,lpips_alex_spatial,384,8,hard,eyes,150.0
-0.055162102461197036,-0.04642244406288824,-0.06456365196498383,released_r150,20,lpips_alex_spatial,384,8,hard,flame_supported,150.0
0.05188415233484278,0.07709418625110634,0.027396773574821568,released_r150,20,lpips_alex_spatial,384,8,hard,flame_unsupported,150.0
-0.020938557339167038,-0.008543324922493923,-0.0331335462627347,released_r150,20,lpips_alex_spatial,384,8,hard,foreground,150.0
-0.014773317590936436,-0.005679741721777703,-0.023654612815612312,released_r150,20,lpips_alex_spatial,384,8,hard,full_frame,150.0
-0.054211359565544834,-0.04492828186730261,-0.06389931601995194,released_r150,20,lpips_alex_spatial,384,8,hard,head_foreground,150.0
-0.05695311777511565,-0.047641618404303275,-0.06623842091540823,released_r150,20,lpips_alex_spatial,384,8,hard,head_supported,150.0
-0.03667654927859148,-0.023857935002857922,-0.0512810579392549,released_r150,20,lpips_alex_spatial,384,8,hard,head_unsupported,150.0
-0.05202252571689016,-0.03851983272137481,-0.06561037099578146,released_r150,20,lpips_alex_spatial,384,8,hard,oral,150.0
0.05013549985826941,0.07667169049955407,0.024340334394859494,released_r150,20,lpips_alex_spatial,384,8,hard,torso_outside_head_roi,150.0
