ci_high,ci_low,identity_count,mean,method,metric,n_id,n_obs,region,variant
22.782118207105853,14.893489678726443,20,18.198325185518307,adaptive,masked_psnr,8,1,background,capacity_s5_h512_20k
20.95736279396552,19.432888673928687,20,20.20629239031621,adaptive,masked_psnr,8,1,eyes,capacity_s5_h512_20k
16.23875406868159,14.568830764767993,20,15.402323556291005,adaptive,masked_psnr,8,1,flame_supported,capacity_s5_h512_20k
8.79063842721888,6.852677727810567,20,7.80922902732011,adaptive,masked_psnr,8,1,flame_unsupported,capacity_s5_h512_20k
12.465155972778469,10.582953807133048,20,11.511779621764717,adaptive,masked_psnr,8,1,foreground,capacity_s5_h512_20k
13.346653997246477,11.780046184558726,20,12.52066061043605,adaptive,masked_psnr,8,1,full_frame,capacity_s5_h512_20k
14.233400923897557,12.525990295694454,20,13.411580765524963,adaptive,masked_psnr,8,1,head_foreground,capacity_s5_h512_20k
16.749815080316285,15.116124111376593,20,15.951707038630925,adaptive,masked_psnr,8,1,head_supported,capacity_s5_h512_20k
8.545990004648893,6.380437127733447,20,7.456177908732505,adaptive,masked_psnr,8,1,head_unsupported,capacity_s5_h512_20k
20.27418581652344,18.6803584809974,20,19.402823666634983,adaptive,masked_psnr,8,1,oral,capacity_s5_h512_20k
10.045541833712209,7.920977337225297,20,8.958151947270864,adaptive,masked_psnr,8,1,torso_outside_head_roi,capacity_s5_h512_20k
22.522604656161533,14.893900410823397,20,18.198659527940663,adaptive,masked_psnr,8,4,background,capacity_s5_h512_20k
21.004698674741093,19.835858319930185,20,20.398319115026567,adaptive,masked_psnr,8,4,eyes,capacity_s5_h512_20k
16.47241805680232,15.016712769867762,20,15.74993871549508,adaptive,masked_psnr,8,4,flame_supported,capacity_s5_h512_20k
8.698406213904025,6.78460759219261,20,7.734087415631839,adaptive,masked_psnr,8,4,flame_unsupported,capacity_s5_h512_20k
12.475621023022178,10.704658634611395,20,11.583213921527623,adaptive,masked_psnr,8,4,foreground,capacity_s5_h512_20k
13.254138433450047,11.913686452245917,20,12.567408673308945,adaptive,masked_psnr,8,4,full_frame,capacity_s5_h512_20k
14.40993124643943,12.68649480999133,20,13.55982196025342,adaptive,masked_psnr,8,4,head_foreground,capacity_s5_h512_20k
17.036508390972536,15.548927389045945,20,16.31814954869177,adaptive,masked_psnr,8,4,head_supported,capacity_s5_h512_20k
8.34701176057949,6.202455816818172,20,7.227236167989879,adaptive,masked_psnr,8,4,head_unsupported,capacity_s5_h512_20k
20.37752085911984,18.596325723415116,20,19.348470977955454,adaptive,masked_psnr,8,4,oral,capacity_s5_h512_20k
9.785703307035806,7.9823405363103515,20,8.8707038427962,adaptive,masked_psnr,8,4,torso_outside_head_roi,capacity_s5_h512_20k
22.508617908825965,15.083096420512824,20,18.28517824806581,adaptive,masked_psnr,8,8,background,capacity_s5_h512_20k
20.856201118904178,19.758789079832145,20,20.290511934578845,adaptive,masked_psnr,8,8,eyes,capacity_s5_h512_20k
16.570094870279647,15.100991782946068,20,15.831857393050566,adaptive,masked_psnr,8,8,flame_supported,capacity_s5_h512_20k
8.7766128656637,6.857272421182596,20,7.818375671551361,adaptive,masked_psnr,8,8,flame_unsupported,capacity_s5_h512_20k
12.550700574883049,10.766629619420076,20,11.63492436689495,adaptive,masked_psnr,8,8,foreground,capacity_s5_h512_20k
13.364296526322024,11.96466267161247,20,12.652920632878018,adaptive,masked_psnr,8,8,full_frame,capacity_s5_h512_20k
14.440788737732909,12.741005009523258,20,13.60238484852504,adaptive,masked_psnr,8,8,head_foreground,capacity_s5_h512_20k
17.10756179096272,15.669297298257156,20,16.399673975194908,adaptive,masked_psnr,8,8,head_supported,capacity_s5_h512_20k
8.3509557008676,6.190341011636411,20,7.21966439579293,adaptive,masked_psnr,8,8,head_unsupported,capacity_s5_h512_20k
19.671633691619473,18.62250240635687,20,19.128327780334793,adaptive,masked_psnr,8,8,oral,capacity_s5_h512_20k
10.006756530177455,8.12498239580691,20,9.045096283368522,adaptive,masked_psnr,8,8,torso_outside_head_roi,capacity_s5_h512_20k
20.475130431054247,16.5160062735833,20,18.357654258948287,hard,masked_psnr,8,1,background,capacity_s5_h512_20k
21.336280321017405,20.272117821952662,20,20.79135631046876,hard,masked_psnr,8,1,eyes,capacity_s5_h512_20k
17.32388875051796,16.449612419662518,20,16.887434920621303,hard,masked_psnr,8,1,flame_supported,capacity_s5_h512_20k
5.600464638573906,3.3870569515614566,20,4.412541302604596,hard,masked_psnr,8,1,flame_unsupported,capacity_s5_h512_20k
10.292529249933416,8.207948415550712,20,9.19819989623046,hard,masked_psnr,8,1,foreground,capacity_s5_h512_20k
12.098625643447447,10.293371937790827,20,11.155674989916559,hard,masked_psnr,8,1,full_frame,capacity_s5_h512_20k
14.553753923417483,12.547816339619896,20,13.532538285509052,hard,masked_psnr,8,1,head_foreground,capacity_s5_h512_20k
18.56840560618787,17.774305758553357,20,18.167208329206836,hard,masked_psnr,8,1,head_supported,capacity_s5_h512_20k
6.724856052085707,4.688160448905484,20,5.6705703326936305,hard,masked_psnr,8,1,head_unsupported,capacity_s5_h512_20k
21.188247442591397,19.55959596385813,20,20.27428062585212,hard,masked_psnr,8,1,oral,capacity_s5_h512_20k
6.425064944567167,4.11140397166137,20,5.183442050083647,hard,masked_psnr,8,1,torso_outside_head_roi,capacity_s5_h512_20k
20.416708712429816,16.489548746079357,20,18.29809754412606,hard,masked_psnr,8,4,background,capacity_s5_h512_20k
21.133162981318787,20.180583721019364,20,20.63312840999635,hard,masked_psnr,8,4,eyes,capacity_s5_h512_20k
17.767393611982936,16.869598521862205,20,17.328718414660916,hard,masked_psnr,8,4,flame_supported,capacity_s5_h512_20k
5.620354572943948,3.3853948521193478,20,4.423579649141856,hard,masked_psnr,8,4,flame_unsupported,capacity_s5_h512_20k
10.389874764302055,8.290182867784406,20,9.282466320073913,hard,masked_psnr,8,4,foreground,capacity_s5_h512_20k
12.158279166540966,10.31338382575521,20,11.204432434537997,hard,masked_psnr,8,4,full_frame,capacity_s5_h512_20k
14.76369299668315,12.735194683310775,20,13.73006210906793,hard,masked_psnr,8,4,head_foreground,capacity_s5_h512_20k
19.213911862583263,18.36506753073167,20,18.7972849754877,hard,masked_psnr,8,4,head_supported,capacity_s5_h512_20k
6.713765535326283,4.653255990232696,20,5.646606657659701,hard,masked_psnr,8,4,head_unsupported,capacity_s5_h512_20k
21.495587592570967,19.62646148698008,20,20.42379697635073,hard,masked_psnr,8,4,oral,capacity_s5_h512_20k
6.469167770425943,4.1285380260075675,20,5.218383499687374,hard,masked_psnr,8,4,torso_outside_head_roi,capacity_s5_h512_20k
20.109116086195808,16.434232688233035,20,18.171957667435485,hard,masked_psnr,8,8,background,capacity_s5_h512_20k
20.92890624669839,19.953887233799172,20,20.417455338070518,hard,masked_psnr,8,8,eyes,capacity_s5_h512_20k
17.924956168946842,16.99761797296989,20,17.467966086246214,hard,masked_psnr,8,8,flame_supported,capacity_s5_h512_20k
5.604755127310652,3.4049548423699627,20,4.440415796969577,hard,masked_psnr,8,8,flame_unsupported,capacity_s5_h512_20k
10.392446448923458,8.245171724128152,20,9.255293590330743,hard,masked_psnr,8,8,foreground,capacity_s5_h512_20k
12.196304387081836,10.281957165244696,20,11.204845914504384,hard,masked_psnr,8,8,full_frame,capacity_s5_h512_20k
14.851622080099226,12.815646809988792,20,13.822239395611765,hard,masked_psnr,8,8,head_foreground,capacity_s5_h512_20k
19.414413812242273,18.55691790567872,20,18.9862218217931,hard,masked_psnr,8,8,head_supported,capacity_s5_h512_20k
6.743587342655432,4.729579918972298,20,5.691681513445294,hard,masked_psnr,8,8,head_unsupported,capacity_s5_h512_20k
20.563167019192672,19.590955630072994,20,20.05336206842357,hard,masked_psnr,8,8,oral,capacity_s5_h512_20k
6.498150820215881,4.1393156060939695,20,5.252856275486569,hard,masked_psnr,8,8,torso_outside_head_roi,capacity_s5_h512_20k
21.613755174814845,14.637895697994432,20,17.586399339284647,released,masked_psnr,8,1,background,capacity_s5_h512_20k
20.863834436020237,19.23704072713813,20,20.079731721897964,released,masked_psnr,8,1,eyes,capacity_s5_h512_20k
16.019543571797158,14.551431132293784,20,15.31466871417847,released,masked_psnr,8,1,flame_supported,capacity_s5_h512_20k
8.078028366937586,6.124282762906121,20,7.095770352565767,released,masked_psnr,8,1,flame_unsupported,capacity_s5_h512_20k
11.885433665228508,10.09393215843263,20,10.979749862930738,released,masked_psnr,8,1,foreground,capacity_s5_h512_20k
12.828636866830127,11.454049135472662,20,12.1155185964864,released,masked_psnr,8,1,full_frame,capacity_s5_h512_20k
14.101880733497165,12.51776189959408,20,13.324609213277274,released,masked_psnr,8,1,head_foreground,capacity_s5_h512_20k
16.653167326276826,15.267942989349768,20,15.970381993598739,released,masked_psnr,8,1,head_supported,capacity_s5_h512_20k
8.039403586928444,6.1386380750089975,20,7.068677562791836,released,masked_psnr,8,1,head_unsupported,capacity_s5_h512_20k
20.37707594064243,18.767026184316915,20,19.50187050004786,released,masked_psnr,8,1,oral,capacity_s5_h512_20k
8.95465542511731,6.968194043200121,20,7.941770385573145,released,masked_psnr,8,1,torso_outside_head_roi,capacity_s5_h512_20k
21.896353817332773,14.688717773232568,20,17.72992631479856,released,masked_psnr,8,4,background,capacity_s5_h512_20k
20.783571019380027,19.33000603717201,20,20.06243527590833,released,masked_psnr,8,4,eyes,capacity_s5_h512_20k
16.30710796672274,14.950911215790056,20,15.633864194699964,released,masked_psnr,8,4,flame_supported,capacity_s5_h512_20k
8.211228443033544,6.264354764116459,20,7.235936945069463,released,masked_psnr,8,4,flame_unsupported,capacity_s5_h512_20k
12.056752571460384,10.365693622405203,20,11.170940661751818,released,masked_psnr,8,4,foreground,capacity_s5_h512_20k
12.88554318326365,11.591197842572745,20,12.217800058557675,released,masked_psnr,8,4,full_frame,capacity_s5_h512_20k
14.312338432736844,12.674771995699881,20,13.488874210424157,released,masked_psnr,8,4,head_foreground,capacity_s5_h512_20k
17.0066646367734,15.66985546159365,20,16.33109208466528,released,masked_psnr,8,4,head_supported,capacity_s5_h512_20k
7.8188119689714295,5.955974963362031,20,6.8834475045952574,released,masked_psnr,8,4,head_unsupported,capacity_s5_h512_20k
20.505974462022984,18.625791475875012,20,19.436098039025488,released,masked_psnr,8,4,oral,capacity_s5_h512_20k
9.078796134087087,7.29015212044414,20,8.162783123542765,released,masked_psnr,8,4,torso_outside_head_roi,capacity_s5_h512_20k
21.297264145961,14.704362122512812,20,17.636003067670924,released,masked_psnr,8,8,background,capacity_s5_h512_20k
20.606740759280996,19.29762529915768,20,19.98191026869115,released,masked_psnr,8,8,eyes,capacity_s5_h512_20k
16.465272373993283,15.065617567386672,20,15.75736651918685,released,masked_psnr,8,8,flame_supported,capacity_s5_h512_20k
8.40892375150636,6.367989030146354,20,7.385403235509169,released,masked_psnr,8,8,flame_unsupported,capacity_s5_h512_20k
12.166015853564497,10.431359896385269,20,11.266096238452059,released,masked_psnr,8,8,foreground,capacity_s5_h512_20k
13.05005564019502,11.67921032500681,20,12.33943053890165,released,masked_psnr,8,8,full_frame,capacity_s5_h512_20k
14.431703525909725,12.760327634635216,20,13.589890838216315,released,masked_psnr,8,8,head_foreground,capacity_s5_h512_20k
17.105055886905287,15.7941780484632,20,16.428215614098853,released,masked_psnr,8,8,head_supported,capacity_s5_h512_20k
7.90995069757052,6.003292226474246,20,6.956681908765924,released,masked_psnr,8,8,head_unsupported,capacity_s5_h512_20k
19.74613454991975,18.664401476031518,20,19.181742668160105,released,masked_psnr,8,8,oral,capacity_s5_h512_20k
9.307759800119078,7.461695626169524,20,8.378362113439927,released,masked_psnr,8,8,torso_outside_head_roi,capacity_s5_h512_20k
18.12292233040949,14.678197661439373,20,16.186911448522892,adaptive,masked_psnr,384,1,background,capacity_s5_h512_20k
21.161312410500106,20.160720206471428,20,20.63486741280945,adaptive,masked_psnr,384,1,eyes,capacity_s5_h512_20k
18.329876936856582,17.167249439346186,20,17.769857819139983,adaptive,masked_psnr,384,1,flame_supported,capacity_s5_h512_20k
12.414328878967822,10.586770630420158,20,11.510158260979958,adaptive,masked_psnr,384,1,flame_unsupported,capacity_s5_h512_20k
15.379865949644694,14.021235196507408,20,14.69784929133895,adaptive,masked_psnr,384,1,foreground,capacity_s5_h512_20k
15.391494697340445,14.204738821329379,20,14.7930956541775,adaptive,masked_psnr,384,1,full_frame,capacity_s5_h512_20k
16.706577245228242,15.686590775651036,20,16.22691685064554,adaptive,masked_psnr,384,1,head_foreground,capacity_s5_h512_20k
18.595402461092725,17.436404650113843,20,18.035807814159334,adaptive,masked_psnr,384,1,head_supported,capacity_s5_h512_20k
11.573364297832544,10.15791886751307,20,10.8431800130658,adaptive,masked_psnr,384,1,head_unsupported,capacity_s5_h512_20k
20.30156007396518,18.447526089442793,20,19.298690403867386,adaptive,masked_psnr,384,1,oral,capacity_s5_h512_20k
14.176339430622964,11.838184622241503,20,13.003038339457465,adaptive,masked_psnr,384,1,torso_outside_head_roi,capacity_s5_h512_20k
18.009528583091072,14.685433829223856,20,16.12134934063049,adaptive,masked_psnr,384,4,background,capacity_s5_h512_20k
20.87447469242323,19.872848204139014,20,20.337740090499516,adaptive,masked_psnr,384,4,eyes,capacity_s5_h512_20k
18.60378283154772,17.444544918165903,20,18.04526357945902,adaptive,masked_psnr,384,4,flame_supported,capacity_s5_h512_20k
12.242838274876183,10.581867534435446,20,11.414416000187353,adaptive,masked_psnr,384,4,flame_unsupported,capacity_s5_h512_20k
15.430152350641926,14.078627899751032,20,14.751165645836815,adaptive,masked_psnr,384,4,foreground,capacity_s5_h512_20k
15.44845336260582,14.241101682976332,20,14.84255659811679,adaptive,masked_psnr,384,4,full_frame,capacity_s5_h512_20k
16.92210462090843,15.894212562833046,20,16.422497523005198,adaptive,masked_psnr,384,4,head_foreground,capacity_s5_h512_20k
18.84596982058993,17.719666514459405,20,18.299988757359518,adaptive,masked_psnr,384,4,head_supported,capacity_s5_h512_20k
11.652332614847895,10.210759312259349,20,10.93377737130174,adaptive,masked_psnr,384,4,head_unsupported,capacity_s5_h512_20k
20.431747388892934,18.359239827074507,20,19.271291534376992,adaptive,masked_psnr,384,4,oral,capacity_s5_h512_20k
13.912850911696209,11.748243160366924,20,12.821365990987456,adaptive,masked_psnr,384,4,torso_outside_head_roi,capacity_s5_h512_20k
17.41536711335463,14.33252265812413,20,15.705608320763343,adaptive,masked_psnr,384,8,background,capacity_s5_h512_20k
20.674582072522565,19.685970311049314,20,20.1565072357131,adaptive,masked_psnr,384,8,eyes,capacity_s5_h512_20k
18.532697770474442,17.35699951118442,20,17.98164081707649,adaptive,masked_psnr,384,8,flame_supported,capacity_s5_h512_20k
12.36146813409418,10.715868725512506,20,11.540344454098975,adaptive,masked_psnr,384,8,flame_unsupported,capacity_s5_h512_20k
15.49164441555167,14.098909788327415,20,14.786957047780334,adaptive,masked_psnr,384,8,foreground,capacity_s5_h512_20k
15.385752733296211,14.121561482466971,20,14.743514679246903,adaptive,masked_psnr,384,8,full_frame,capacity_s5_h512_20k
16.88783673916937,15.912084941336625,20,16.409311266054555,adaptive,masked_psnr,384,8,head_foreground,capacity_s5_h512_20k
18.798098523979938,17.67902513313359,20,18.25483481192876,adaptive,masked_psnr,384,8,head_supported,capacity_s5_h512_20k
11.704815056978225,10.281805225888347,20,10.986342122095483,adaptive,masked_psnr,384,8,head_unsupported,capacity_s5_h512_20k
19.4785553769315,18.304547736371024,20,18.880553989328615,adaptive,masked_psnr,384,8,oral,capacity_s5_h512_20k
14.111777837945413,11.811723695361856,20,12.959628746251,adaptive,masked_psnr,384,8,torso_outside_head_roi,capacity_s5_h512_20k
20.55924284354345,16.899251716533378,20,18.65835270412656,hard,masked_psnr,384,1,background,capacity_s5_h512_20k
21.635180738833686,20.411368289474954,20,21.003042975725116,hard,masked_psnr,384,1,eyes,capacity_s5_h512_20k
17.907999176403024,16.877590095603036,20,17.393110213838277,hard,masked_psnr,384,1,flame_supported,capacity_s5_h512_20k
5.555395361134938,3.40082767232865,20,4.418764074381249,hard,masked_psnr,384,1,flame_unsupported,capacity_s5_h512_20k
10.50378733307278,8.309538214562147,20,9.323840850978485,hard,masked_psnr,384,1,foreground,capacity_s5_h512_20k
12.421119357433424,10.371173674754585,20,11.353879022946668,hard,masked_psnr,384,1,full_frame,capacity_s5_h512_20k
14.799370187769252,12.70014351023609,20,13.755247482775712,hard,masked_psnr,384,1,head_foreground,capacity_s5_h512_20k
19.05685030333366,18.197304036962667,20,18.62443252914082,hard,masked_psnr,384,1,head_supported,capacity_s5_h512_20k
6.745616420764839,4.767040497700437,20,5.714636043279401,hard,masked_psnr,384,1,head_unsupported,capacity_s5_h512_20k
21.286004438355153,19.793270358857978,20,20.463949754506363,hard,masked_psnr,384,1,oral,capacity_s5_h512_20k
6.709911485408333,4.159276302405943,20,5.316206762325029,hard,masked_psnr,384,1,torso_outside_head_roi,capacity_s5_h512_20k
20.62483958652255,16.8466197644836,20,18.64318390374605,hard,masked_psnr,384,4,background,capacity_s5_h512_20k
21.58590691849808,20.448142069188144,20,20.986917726954974,hard,masked_psnr,384,4,eyes,capacity_s5_h512_20k
18.32399703182917,17.24019322694654,20,17.7926415990073,hard,masked_psnr,384,4,flame_supported,capacity_s5_h512_20k
5.570944983968416,3.4031810153334656,20,4.430015643151302,hard,masked_psnr,384,4,flame_unsupported,capacity_s5_h512_20k
10.514357670027604,8.36843631959918,20,9.392759923976246,hard,masked_psnr,384,4,foreground,capacity_s5_h512_20k
12.417396379055663,10.418710924082948,20,11.376581881676652,hard,masked_psnr,384,4,full_frame,capacity_s5_h512_20k
14.983704564085228,12.854092614354283,20,13.915838588324636,hard,masked_psnr,384,4,head_foreground,capacity_s5_h512_20k
19.699330869495906,18.7325185045904,20,19.216166216489267,hard,masked_psnr,384,4,head_supported,capacity_s5_h512_20k
6.7247960951952725,4.703772044377774,20,5.687008197406387,hard,masked_psnr,384,4,head_unsupported,capacity_s5_h512_20k
21.641533466506832,19.801202872751368,20,20.59996015579512,hard,masked_psnr,384,4,oral,capacity_s5_h512_20k
6.694238212832412,4.183926514820047,20,5.342802286556328,hard,masked_psnr,384,4,torso_outside_head_roi,capacity_s5_h512_20k
20.252473681359017,16.78772827213904,20,18.448725987883122,hard,masked_psnr,384,8,background,capacity_s5_h512_20k
21.322378271089047,20.157491966313945,20,20.712843767183138,hard,masked_psnr,384,8,eyes,capacity_s5_h512_20k
18.399274573791324,17.29269300870079,20,17.852144295248333,hard,masked_psnr,384,8,flame_supported,capacity_s5_h512_20k
5.594716767335915,3.419800453826958,20,4.445704120187151,hard,masked_psnr,384,8,flame_unsupported,capacity_s5_h512_20k
10.54159019635576,8.28578190008478,20,9.344703580913182,hard,masked_psnr,384,8,foreground,capacity_s5_h512_20k
12.446506673419869,10.37249789913356,20,11.358632311574894,hard,masked_psnr,384,8,full_frame,capacity_s5_h512_20k
15.042699142963777,12.91921764194157,20,13.973838747692241,hard,masked_psnr,384,8,head_foreground,capacity_s5_h512_20k
19.795578131451325,18.8211917374586,20,19.307393082136635,hard,masked_psnr,384,8,head_supported,capacity_s5_h512_20k
6.757421199359757,4.776014200366588,20,5.725682415775535,hard,masked_psnr,384,8,head_unsupported,capacity_s5_h512_20k
20.735029656989852,19.740826490722768,20,20.213578288086932,hard,masked_psnr,384,8,oral,capacity_s5_h512_20k
6.717140689440476,4.19256544598719,20,5.362451227620143,hard,masked_psnr,384,8,torso_outside_head_roi,capacity_s5_h512_20k
17.385006393039323,15.04136349169946,20,16.217470245290535,released,masked_psnr,384,1,background,capacity_s5_h512_20k
21.534593112367645,20.63130360498129,20,21.084542728442354,released,masked_psnr,384,1,eyes,capacity_s5_h512_20k
18.531196069444412,17.29317174685766,20,17.944072758602577,released,masked_psnr,384,1,flame_supported,capacity_s5_h512_20k
12.570881856036893,10.792742289196026,20,11.702243065181722,released,masked_psnr,384,1,flame_unsupported,capacity_s5_h512_20k
15.565298865341743,14.206041972967967,20,14.890547104024483,released,masked_psnr,384,1,foreground,capacity_s5_h512_20k
15.624268382996327,14.44353543850164,20,15.049140275268414,released,masked_psnr,384,1,full_frame,capacity_s5_h512_20k
16.919635934330778,15.866104470124657,20,16.402492479023376,released,masked_psnr,384,1,head_foreground,capacity_s5_h512_20k
18.821744064712945,17.629829093348075,20,18.237029294024342,released,masked_psnr,384,1,head_supported,capacity_s5_h512_20k
11.686901030320081,10.271627021306026,20,10.973676708705511,released,masked_psnr,384,1,head_unsupported,capacity_s5_h512_20k
20.760764322148393,18.935959297712888,20,19.768672828785732,released,masked_psnr,384,1,oral,capacity_s5_h512_20k
14.22427231811551,12.031871322930181,20,13.107435718581476,released,masked_psnr,384,1,torso_outside_head_roi,capacity_s5_h512_20k
17.473418507263105,15.033714346096323,20,16.20394654257577,released,masked_psnr,384,4,background,capacity_s5_h512_20k
21.291545987594514,20.50170793803143,20,20.891001703367735,released,masked_psnr,384,4,eyes,capacity_s5_h512_20k
18.807282178294766,17.61310399258482,20,18.240219510712738,released,masked_psnr,384,4,flame_supported,capacity_s5_h512_20k
12.53012164275444,10.965952139271899,20,11.748271401051698,released,masked_psnr,384,4,flame_unsupported,capacity_s5_h512_20k
15.67400223721595,14.384760263305873,20,15.052113267648537,released,masked_psnr,384,4,foreground,capacity_s5_h512_20k
15.749900271994452,14.551444844418304,20,15.16044856006286,released,masked_psnr,384,4,full_frame,capacity_s5_h512_20k
17.211300886106883,16.18461825888252,20,16.70943184289866,released,masked_psnr,384,4,head_foreground,capacity_s5_h512_20k
19.06525906387101,17.960846211187846,20,18.536342048383847,released,masked_psnr,384,4,head_supported,capacity_s5_h512_20k
11.92572433283417,10.601676236892871,20,11.289364727742718,released,masked_psnr,384,4,head_unsupported,capacity_s5_h512_20k
21.00725587295404,18.94530495110677,20,19.81811450490718,released,masked_psnr,384,4,oral,capacity_s5_h512_20k
14.022527215983141,12.091070168799396,20,13.058534092505223,released,masked_psnr,384,4,torso_outside_head_roi,capacity_s5_h512_20k
16.902594805630372,14.677797181207271,20,15.77750981340385,released,masked_psnr,384,8,background,capacity_s5_h512_20k
21.159419748649764,20.340522764361157,20,20.74215281322226,released,masked_psnr,384,8,eyes,capacity_s5_h512_20k
18.744912662951286,17.529076484290865,20,18.17658379454235,released,masked_psnr,384,8,flame_supported,capacity_s5_h512_20k
12.565438481677608,11.107430979591822,20,11.845284852614986,released,masked_psnr,384,8,flame_unsupported,capacity_s5_h512_20k
15.718974987190322,14.42002390108838,20,15.08020863664964,released,masked_psnr,384,8,foreground,capacity_s5_h512_20k
15.671453230704019,14.428700937535224,20,15.064415110577716,released,masked_psnr,384,8,full_frame,capacity_s5_h512_20k
17.143142420416982,16.19770384871256,20,16.683660847321484,released,masked_psnr,384,8,head_foreground,capacity_s5_h512_20k
19.012960162552883,17.9216276607578,20,18.483801231126535,released,masked_psnr,384,8,head_supported,capacity_s5_h512_20k
11.942762725932623,10.620614846192034,20,11.27032879353025,released,masked_psnr,384,8,head_unsupported,capacity_s5_h512_20k
19.98034695575799,18.891978542808555,20,19.415851230432445,released,masked_psnr,384,8,oral,capacity_s5_h512_20k
14.189631882309781,12.143072489144568,20,13.144890955349362,released,masked_psnr,384,8,torso_outside_head_roi,capacity_s5_h512_20k
21.694596674145565,14.984617776965012,20,17.76768021559402,adaptive,masked_psnr,8,1,background,capacity_s5_h64_20k
20.97199037497609,19.756342426124796,20,20.36883402422314,adaptive,masked_psnr,8,1,eyes,capacity_s5_h64_20k
16.03783872624915,14.553972784944383,20,15.294638212354618,adaptive,masked_psnr,8,1,flame_supported,capacity_s5_h64_20k
8.114701502667117,6.2408511678788665,20,7.134837189239898,adaptive,masked_psnr,8,1,flame_unsupported,capacity_s5_h64_20k
11.956475023951079,10.170711447935478,20,11.043961481709625,adaptive,masked_psnr,8,1,foreground,capacity_s5_h64_20k
12.926792044080365,11.609888332130403,20,12.2410527868014,adaptive,masked_psnr,8,1,full_frame,capacity_s5_h64_20k
14.280837136952721,12.671909725831044,20,13.47990682254751,adaptive,masked_psnr,8,1,head_foreground,capacity_s5_h64_20k
16.693552339675318,15.214520358633248,20,15.96480050471279,adaptive,masked_psnr,8,1,head_supported,capacity_s5_h64_20k
8.335624932120817,6.498729424882203,20,7.395171824261988,adaptive,masked_psnr,8,1,head_unsupported,capacity_s5_h64_20k
20.631607923981708,18.794895517648097,20,19.6388392036097,adaptive,masked_psnr,8,1,oral,capacity_s5_h64_20k
9.05980202191289,7.00230679376622,20,7.991848950526508,adaptive,masked_psnr,8,1,torso_outside_head_roi,capacity_s5_h64_20k
21.498991789461932,14.842414059509823,20,17.70792145026881,adaptive,masked_psnr,8,4,background,capacity_s5_h64_20k
20.68178286605259,19.467753476659357,20,20.039176265607665,adaptive,masked_psnr,8,4,eyes,capacity_s5_h64_20k
16.26852737933502,14.966880600004014,20,15.635004218207701,adaptive,masked_psnr,8,4,flame_supported,capacity_s5_h64_20k
8.152156615474025,6.362044515463779,20,7.234498237110998,adaptive,masked_psnr,8,4,flame_unsupported,capacity_s5_h64_20k
11.983233743665489,10.461644740798356,20,11.211506206041431,adaptive,masked_psnr,8,4,foreground,capacity_s5_h64_20k
12.857271953481318,11.756842083721232,20,12.311064437733219,adaptive,masked_psnr,8,4,full_frame,capacity_s5_h64_20k
14.357936527671317,12.847825269957735,20,13.622321935861759,adaptive,masked_psnr,8,4,head_foreground,capacity_s5_h64_20k
17.04608696168734,15.642872063336458,20,16.36204456040098,adaptive,masked_psnr,8,4,head_supported,capacity_s5_h64_20k
8.056397117665158,6.293328330293775,20,7.175261917166203,adaptive,masked_psnr,8,4,head_unsupported,capacity_s5_h64_20k
20.838823601993177,18.70373769682546,20,19.598509093708145,adaptive,masked_psnr,8,4,oral,capacity_s5_h64_20k
8.961946077267195,7.217538488929857,20,8.088647210455736,adaptive,masked_psnr,8,4,torso_outside_head_roi,capacity_s5_h64_20k
20.95920107271345,14.945317730697628,20,17.636575206645013,adaptive,masked_psnr,8,8,background,capacity_s5_h64_20k
20.583589219343196,19.369020046815976,20,19.944066765545138,adaptive,masked_psnr,8,8,eyes,capacity_s5_h64_20k
16.362518360861937,15.06351612195531,20,15.715352167135507,adaptive,masked_psnr,8,8,flame_supported,capacity_s5_h64_20k
8.234465896351969,6.410341513102896,20,7.310650094108967,adaptive,masked_psnr,8,8,flame_unsupported,capacity_s5_h64_20k
12.048441619498103,10.45948861950924,20,11.24432172184338,adaptive,masked_psnr,8,8,foreground,capacity_s5_h64_20k
12.984429929563808,11.785086679626122,20,12.368706625968745,adaptive,masked_psnr,8,8,full_frame,capacity_s5_h64_20k
14.434446130360788,12.881288877340634,20,13.666124155649726,adaptive,masked_psnr,8,8,head_foreground,capacity_s5_h64_20k
17.113984216655858,15.742442193732227,20,16.436711210465443,adaptive,masked_psnr,8,8,head_supported,capacity_s5_h64_20k
8.083870988074764,6.269288827118665,20,7.149887834296884,adaptive,masked_psnr,8,8,head_unsupported,capacity_s5_h64_20k
19.912108114957725,18.767674210764003,20,19.311638450754494,adaptive,masked_psnr,8,8,oral,capacity_s5_h64_20k
9.109274219897927,7.336225809668937,20,8.228156054299058,adaptive,masked_psnr,8,8,torso_outside_head_roi,capacity_s5_h64_20k
20.42166793557028,16.556521528893846,20,18.354328708996928,hard,masked_psnr,8,1,background,capacity_s5_h64_20k
20.85522135643386,19.775255179762503,20,20.308016969371092,hard,masked_psnr,8,1,eyes,capacity_s5_h64_20k
17.343143422700052,16.457401225310242,20,16.89885405615648,hard,masked_psnr,8,1,flame_supported,capacity_s5_h64_20k
5.595019166298665,3.4049014865972667,20,4.417242038867099,hard,masked_psnr,8,1,flame_unsupported,capacity_s5_h64_20k
10.34846400893669,8.22191699500925,20,9.222547794478245,hard,masked_psnr,8,1,foreground,capacity_s5_h64_20k
12.165355268231119,10.292216797625462,20,11.197705567774083,hard,masked_psnr,8,1,full_frame,capacity_s5_h64_20k
14.506614497525593,12.552735172067287,20,13.536842063269043,hard,masked_psnr,8,1,head_foreground,capacity_s5_h64_20k
18.483318099644997,17.717208068099648,20,18.10372440290055,hard,masked_psnr,8,1,head_supported,capacity_s5_h64_20k
6.712723341454444,4.7205838683210635,20,5.678848853109425,hard,masked_psnr,8,1,head_unsupported,capacity_s5_h64_20k
21.130691473805516,19.502764686966763,20,20.230676843829098,hard,masked_psnr,8,1,oral,capacity_s5_h64_20k
6.4971255114302195,4.132427853679279,20,5.229356637073833,hard,masked_psnr,8,1,torso_outside_head_roi,capacity_s5_h64_20k
20.24578064513297,16.433325193246617,20,18.20728633808867,hard,masked_psnr,8,4,background,capacity_s5_h64_20k
20.67385861406574,19.68779238889657,20,20.167894268138802,hard,masked_psnr,8,4,eyes,capacity_s5_h64_20k
17.854035449107556,16.924316685557585,20,17.396609389568447,hard,masked_psnr,8,4,flame_supported,capacity_s5_h64_20k
5.6099186547721605,3.4007405652373057,20,4.430214214104884,hard,masked_psnr,8,4,flame_unsupported,capacity_s5_h64_20k
10.421903306815855,8.315441832503543,20,9.312972027969135,hard,masked_psnr,8,4,foreground,capacity_s5_h64_20k
12.21037604655315,10.337253062557872,20,11.232733229398331,hard,masked_psnr,8,4,full_frame,capacity_s5_h64_20k
14.785320354673038,12.747607963451182,20,13.758574223571719,hard,masked_psnr,8,4,head_foreground,capacity_s5_h64_20k
19.221603660717083,18.38272283246338,20,18.80372665655906,hard,masked_psnr,8,4,head_supported,capacity_s5_h64_20k
6.680834287144227,4.709299827063952,20,5.666168527181628,hard,masked_psnr,8,4,head_unsupported,capacity_s5_h64_20k
21.406587949813463,19.570951648871265,20,20.352723113257404,hard,masked_psnr,8,4,oral,capacity_s5_h64_20k
6.55138761242207,4.141572481651762,20,5.263144597993145,hard,masked_psnr,8,4,torso_outside_head_roi,capacity_s5_h64_20k
19.93959628048248,16.36444030628497,20,18.064930452418427,hard,masked_psnr,8,8,background,capacity_s5_h64_20k
20.467057662461595,19.46803241913772,20,19.95215788636866,hard,masked_psnr,8,8,eyes,capacity_s5_h64_20k
18.02385024926927,17.0337175084057,20,17.536213734060613,hard,masked_psnr,8,8,flame_supported,capacity_s5_h64_20k
5.623567862581541,3.415676437897685,20,4.446629920473778,hard,masked_psnr,8,8,flame_unsupported,capacity_s5_h64_20k
10.422899992693063,8.24747065803439,20,9.283472786059482,hard,masked_psnr,8,8,foreground,capacity_s5_h64_20k
12.267660182609601,10.27911483226717,20,11.23083575726211,hard,masked_psnr,8,8,full_frame,capacity_s5_h64_20k
14.865335616555793,12.847490279829566,20,13.848633694466674,hard,masked_psnr,8,8,head_foreground,capacity_s5_h64_20k
19.43443650003686,18.552097501410437,20,18.99031976386513,hard,masked_psnr,8,8,head_supported,capacity_s5_h64_20k
6.724475513476317,4.726264503445445,20,5.705217118143212,hard,masked_psnr,8,8,head_unsupported,capacity_s5_h64_20k
20.49513736906035,19.510623210716368,20,19.980064458951297,hard,masked_psnr,8,8,oral,capacity_s5_h64_20k
6.6060665455937375,4.165304171251016,20,5.296062212792049,hard,masked_psnr,8,8,torso_outside_head_roi,capacity_s5_h64_20k
21.706102641984952,14.870025549494674,20,17.74884917089944,released,masked_psnr,8,1,background,capacity_s5_h64_20k
20.74406290609027,19.486265675333787,20,20.129026279603387,released,masked_psnr,8,1,eyes,capacity_s5_h64_20k
15.917859230266574,14.494990292451517,20,15.205228105666711,released,masked_psnr,8,1,flame_supported,capacity_s5_h64_20k
7.857077591737417,6.022491760675345,20,6.929931151562516,released,masked_psnr,8,1,flame_unsupported,capacity_s5_h64_20k
11.73000304157997,9.9959771336613,20,10.841116777722647,released,masked_psnr,8,1,foreground,capacity_s5_h64_20k
12.669204415650416,11.46330509959041,20,12.046670974782408,released,masked_psnr,8,1,full_frame,capacity_s5_h64_20k
14.155772939021853,12.55226722270409,20,13.349442730339618,released,masked_psnr,8,1,head_foreground,capacity_s5_h64_20k
16.587664056077276,15.19877150920068,20,15.90937193489476,released,masked_psnr,8,1,head_supported,capacity_s5_h64_20k
8.00555921177796,6.189761102929717,20,7.09491091058476,released,masked_psnr,8,1,head_unsupported,capacity_s5_h64_20k
21.009989317953956,19.093700719870778,20,19.938228649840788,released,masked_psnr,8,1,oral,capacity_s5_h64_20k
8.619254869487428,6.779222531999604,20,7.668629207604229,released,masked_psnr,8,1,torso_outside_head_roi,capacity_s5_h64_20k
21.752926637852138,14.932430285600756,20,17.935539225845254,released,masked_psnr,8,4,background,capacity_s5_h64_20k
20.358723866579957,19.188435989228893,20,19.77486960958432,released,masked_psnr,8,4,eyes,capacity_s5_h64_20k
16.208800810265725,14.819989158084779,20,15.523228438571849,released,masked_psnr,8,4,flame_supported,capacity_s5_h64_20k
8.19404441081434,6.265004016805032,20,7.220549068677246,released,masked_psnr,8,4,flame_unsupported,capacity_s5_h64_20k
12.002106215808052,10.296683320945267,20,11.136206503020981,released,masked_psnr,8,4,foreground,capacity_s5_h64_20k
12.931658022847412,11.637580897881524,20,12.271984600256665,released,masked_psnr,8,4,full_frame,capacity_s5_h64_20k
14.261394269076451,12.666898936626012,20,13.469547149128946,released,masked_psnr,8,4,head_foreground,capacity_s5_h64_20k
16.94133227291534,15.545674609734434,20,16.243249815432826,released,masked_psnr,8,4,head_supported,capacity_s5_h64_20k
7.797254506231391,6.050536254110035,20,6.914729627195283,released,masked_psnr,8,4,head_unsupported,capacity_s5_h64_20k
20.905422548231133,18.856582140742784,20,19.735304246932884,released,masked_psnr,8,4,oral,capacity_s5_h64_20k
9.04057077656762,7.176514112481036,20,8.099986760292698,released,masked_psnr,8,4,torso_outside_head_roi,capacity_s5_h64_20k
21.175640659507028,14.94030267562897,20,17.76858373740069,released,masked_psnr,8,8,background,capacity_s5_h64_20k
20.1970043513229,19.087169456912168,20,19.638920900663347,released,masked_psnr,8,8,eyes,capacity_s5_h64_20k
16.290133080905715,14.915033093071255,20,15.593807054913123,released,masked_psnr,8,8,flame_supported,capacity_s5_h64_20k
8.35012314994707,6.3394983344833165,20,7.344132806681868,released,masked_psnr,8,8,flame_unsupported,capacity_s5_h64_20k
12.11288584957068,10.348546549660197,20,11.195341491433851,released,masked_psnr,8,8,foreground,capacity_s5_h64_20k
13.032454976555169,11.661714691271232,20,12.33789437606286,released,masked_psnr,8,8,full_frame,capacity_s5_h64_20k
14.298946784524006,12.71452363062451,20,13.510888067729443,released,masked_psnr,8,8,head_foreground,capacity_s5_h64_20k
16.97835530438043,15.602014902456451,20,16.290999607368498,released,masked_psnr,8,8,head_supported,capacity_s5_h64_20k
7.782709033178638,5.995364444825646,20,6.907336061777062,released,masked_psnr,8,8,head_unsupported,capacity_s5_h64_20k
19.98790869479628,18.915038072821588,20,19.43009183979915,released,masked_psnr,8,8,oral,capacity_s5_h64_20k
9.241187248603145,7.318340541658976,20,8.278826061340734,released,masked_psnr,8,8,torso_outside_head_roi,capacity_s5_h64_20k
19.651736136378,14.69300611868126,20,16.834675506270507,adaptive,masked_psnr,384,1,background,capacity_s5_h64_20k
21.49467454845642,20.47815351896047,20,20.984369461268525,adaptive,masked_psnr,384,1,eyes,capacity_s5_h64_20k
17.69436498813838,16.69923631832166,20,17.20083794309965,adaptive,masked_psnr,384,1,flame_supported,capacity_s5_h64_20k
11.31404641307583,9.516017648340174,20,10.430928924044142,adaptive,masked_psnr,384,1,flame_unsupported,capacity_s5_h64_20k
14.472733469152423,13.156273663545594,20,13.837271152797422,adaptive,masked_psnr,384,1,foreground,capacity_s5_h64_20k
14.820873132523962,13.638417365219938,20,14.223681665532974,adaptive,masked_psnr,384,1,full_frame,capacity_s5_h64_20k
16.0640591592844,14.929618904675046,20,15.527641412119035,adaptive,masked_psnr,384,1,head_foreground,capacity_s5_h64_20k
18.08698680325959,16.99941245120645,20,17.544670399492333,adaptive,masked_psnr,384,1,head_supported,capacity_s5_h64_20k
10.865039473877554,9.002252742181643,20,9.919457990641394,adaptive,masked_psnr,384,1,head_unsupported,capacity_s5_h64_20k
20.84906027574403,18.9763519451417,20,19.81667786440982,adaptive,masked_psnr,384,1,oral,capacity_s5_h64_20k
12.677108922622795,10.887141271602095,20,11.771221821949712,adaptive,masked_psnr,384,1,torso_outside_head_roi,capacity_s5_h64_20k
19.085669273874483,14.382725084413558,20,16.43521088554397,adaptive,masked_psnr,384,4,background,capacity_s5_h64_20k
21.118345575842863,20.22872263844649,20,20.664734180287333,adaptive,masked_psnr,384,4,eyes,capacity_s5_h64_20k
18.063030630330566,17.05694955972142,20,17.572531287347882,adaptive,masked_psnr,384,4,flame_supported,capacity_s5_h64_20k
11.192125535520292,9.524886661866416,20,10.38792268016177,adaptive,masked_psnr,384,4,flame_unsupported,capacity_s5_h64_20k
14.590254748023176,13.294054798836575,20,13.946511147339967,adaptive,masked_psnr,384,4,foreground,capacity_s5_h64_20k
14.811207172717229,13.646419173479773,20,14.224103591426978,adaptive,masked_psnr,384,4,full_frame,capacity_s5_h64_20k
16.359667456195528,15.333447480562574,20,15.85732088229623,adaptive,masked_psnr,384,4,head_foreground,capacity_s5_h64_20k
18.4652168281673,17.410857158379702,20,17.933749707414595,adaptive,masked_psnr,384,4,head_supported,capacity_s5_h64_20k
11.019221533118952,9.282315497358011,20,10.139926212390376,adaptive,masked_psnr,384,4,head_unsupported,capacity_s5_h64_20k
21.116893604125476,19.066732799738208,20,19.958451679348798,adaptive,masked_psnr,384,4,oral,capacity_s5_h64_20k
12.503978568380315,10.764752170541566,20,11.637639572980058,adaptive,masked_psnr,384,4,torso_outside_head_roi,capacity_s5_h64_20k
18.600791806582333,14.385956201063964,20,16.220897383901953,adaptive,masked_psnr,384,8,background,capacity_s5_h64_20k
21.07578043111698,20.160763308402018,20,20.612713413358783,adaptive,masked_psnr,384,8,eyes,capacity_s5_h64_20k
18.14320454937914,17.10371447693615,20,17.63281155992105,adaptive,masked_psnr,384,8,flame_supported,capacity_s5_h64_20k
11.371643073092594,9.679685365917344,20,10.543585516719434,adaptive,masked_psnr,384,8,flame_unsupported,capacity_s5_h64_20k
14.704587269427913,13.382452159246625,20,14.04026288556114,adaptive,masked_psnr,384,8,foreground,capacity_s5_h64_20k
14.886490744043538,13.660530552528998,20,14.267255883994546,adaptive,masked_psnr,384,8,full_frame,capacity_s5_h64_20k
16.457263092492596,15.426248606806647,20,15.941231086357059,adaptive,masked_psnr,384,8,head_foreground,capacity_s5_h64_20k
18.544832144736677,17.466949958023246,20,18.01313539678094,adaptive,masked_psnr,384,8,head_supported,capacity_s5_h64_20k
11.136846852920423,9.39661030735937,20,10.24205993227709,adaptive,masked_psnr,384,8,head_unsupported,capacity_s5_h64_20k
20.075411957317808,18.97698206495967,20,19.523853206267074,adaptive,masked_psnr,384,8,oral,capacity_s5_h64_20k
12.687362127845526,10.893114172682647,20,11.787768484664314,adaptive,masked_psnr,384,8,torso_outside_head_roi,capacity_s5_h64_20k
20.43755780348681,16.783953211929607,20,18.509754110269277,hard,masked_psnr,384,1,background,capacity_s5_h64_20k
21.03633815769189,19.88705693586061,20,20.444072978041007,hard,masked_psnr,384,1,eyes,capacity_s5_h64_20k
17.705009299660443,16.64826945415574,20,17.173803578001234,hard,masked_psnr,384,1,flame_supported,capacity_s5_h64_20k
5.567989934569169,3.413030824123352,20,4.4189135585878825,hard,masked_psnr,384,1,flame_unsupported,capacity_s5_h64_20k
10.437493639127121,8.274773362602573,20,9.29593499844878,hard,masked_psnr,384,1,foreground,capacity_s5_h64_20k
12.387176308194192,10.343695581263521,20,11.320622422222069,hard,masked_psnr,384,1,full_frame,capacity_s5_h64_20k
14.718812950623063,12.62942200356656,20,13.660847114304982,hard,masked_psnr,384,1,head_foreground,capacity_s5_h64_20k
18.760043781926395,17.896778807861505,20,18.324352289053973,hard,masked_psnr,384,1,head_supported,capacity_s5_h64_20k
6.738578879434505,4.755650032547012,20,5.700701318664004,hard,masked_psnr,384,1,head_unsupported,capacity_s5_h64_20k
21.17349916538056,19.520066783187737,20,20.243861672917163,hard,masked_psnr,384,1,oral,capacity_s5_h64_20k
6.700517459620753,4.1688624033600945,20,5.316152731344739,hard,masked_psnr,384,1,torso_outside_head_roi,capacity_s5_h64_20k
20.22116537222709,16.573994235956967,20,18.311603875063852,hard,masked_psnr,384,4,background,capacity_s5_h64_20k
20.836172053008145,19.76058312235593,20,20.280610088156692,hard,masked_psnr,384,4,eyes,capacity_s5_h64_20k
18.231550204987684,17.16872176189372,20,17.69660099906147,hard,masked_psnr,384,4,flame_supported,capacity_s5_h64_20k
5.577271061001889,3.4059079287227587,20,4.4337835491370985,hard,masked_psnr,384,4,flame_unsupported,capacity_s5_h64_20k
10.557132989721113,8.347422330372238,20,9.385556498347054,hard,masked_psnr,384,4,foreground,capacity_s5_h64_20k
12.389072520141214,10.380808724174656,20,11.339615288585374,hard,masked_psnr,384,4,full_frame,capacity_s5_h64_20k
14.960197013706269,12.847325210239218,20,13.886368395817609,hard,masked_psnr,384,4,head_foreground,capacity_s5_h64_20k
19.547195114156068,18.626229841282523,20,19.08065038572658,hard,masked_psnr,384,4,head_supported,capacity_s5_h64_20k
6.720763059122351,4.732011000960792,20,5.686626772690627,hard,masked_psnr,384,4,head_unsupported,capacity_s5_h64_20k
21.557305683265717,19.805244870152606,20,20.55336795026018,hard,masked_psnr,384,4,oral,capacity_s5_h64_20k
6.7028812974542,4.156046006578048,20,5.347200546742529,hard,masked_psnr,384,4,torso_outside_head_roi,capacity_s5_h64_20k
19.9067950366256,16.504580897173838,20,18.140102487737636,hard,masked_psnr,384,8,background,capacity_s5_h64_20k
20.61714508878542,19.55267070442919,20,20.0781369737672,hard,masked_psnr,384,8,eyes,capacity_s5_h64_20k
18.30630313516498,17.202823490598256,20,17.752843417381182,hard,masked_psnr,384,8,flame_supported,capacity_s5_h64_20k
5.637342005348907,3.4155117653717366,20,4.448851963275373,hard,masked_psnr,384,8,flame_unsupported,capacity_s5_h64_20k
10.498894614894967,8.266127656870184,20,9.337019973517716,hard,masked_psnr,384,8,foreground,capacity_s5_h64_20k
12.419338934593503,10.309451061696237,20,11.319875827675771,hard,masked_psnr,384,8,full_frame,capacity_s5_h64_20k
14.993256940897071,12.883099566197448,20,13.940960649629256,hard,masked_psnr,384,8,head_foreground,capacity_s5_h64_20k
19.653390871618985,18.71099366932706,20,19.169709703846568,hard,masked_psnr,384,8,head_supported,capacity_s5_h64_20k
6.740640808696099,4.7604331620568745,20,5.719965732746398,hard,masked_psnr,384,8,head_unsupported,capacity_s5_h64_20k
20.659884113874213,19.716353053244664,20,20.158110701608067,hard,masked_psnr,384,8,oral,capacity_s5_h64_20k
6.735057590264784,4.160886517356656,20,5.363936894805109,hard,masked_psnr,384,8,torso_outside_head_roi,capacity_s5_h64_20k
18.284763977466564,14.884969282512097,20,16.50428433874242,released,masked_psnr,384,1,background,capacity_s5_h64_20k
21.315455540599103,20.35867590848204,20,20.80968923788371,released,masked_psnr,384,1,eyes,capacity_s5_h64_20k
17.785860554469522,16.832145451651616,20,17.296961431671683,released,masked_psnr,384,1,flame_supported,capacity_s5_h64_20k
11.59759769609178,9.96036546705512,20,10.797116236495409,released,masked_psnr,384,1,flame_unsupported,capacity_s5_h64_20k
14.743622121272958,13.474781415871384,20,14.116263988629303,released,masked_psnr,384,1,foreground,capacity_s5_h64_20k
15.104264120039444,13.91698428508558,20,14.508238866817871,released,masked_psnr,384,1,full_frame,capacity_s5_h64_20k
16.385330039571244,15.366226534762262,20,15.88333451768608,released,masked_psnr,384,1,head_foreground,capacity_s5_h64_20k
18.20348923268498,17.184331472702453,20,17.688156314940308,released,masked_psnr,384,1,head_supported,capacity_s5_h64_20k
11.236666511712308,9.787860863473215,20,10.499425946252009,released,masked_psnr,384,1,head_unsupported,capacity_s5_h64_20k
20.86275302409329,19.222551410806098,20,19.988764962899648,released,masked_psnr,384,1,oral,capacity_s5_h64_20k
12.841062245255564,10.99637925763655,20,11.914628938408331,released,masked_psnr,384,1,torso_outside_head_roi,capacity_s5_h64_20k
18.083466243168623,14.595863225575737,20,16.2135119804584,released,masked_psnr,384,4,background,capacity_s5_h64_20k
21.098984137184548,20.1613319242237,20,20.612756740961764,released,masked_psnr,384,4,eyes,capacity_s5_h64_20k
18.268318897136552,17.227686841549612,20,17.753141580444968,released,masked_psnr,384,4,flame_supported,capacity_s5_h64_20k
11.520963343813689,9.943367631286955,20,10.730417840565405,released,masked_psnr,384,4,flame_unsupported,capacity_s5_h64_20k
14.86101551667175,13.606761897691992,20,14.229544748716862,released,masked_psnr,384,4,foreground,capacity_s5_h64_20k
15.10753003628341,13.88361012225387,20,14.49894093559871,released,masked_psnr,384,4,full_frame,capacity_s5_h64_20k
16.69049905249608,15.719626780065806,20,16.20790883793219,released,masked_psnr,384,4,head_foreground,capacity_s5_h64_20k
18.6158753875494,17.59811343473306,20,18.10829067947475,released,masked_psnr,384,4,head_supported,capacity_s5_h64_20k
11.36877957303643,9.940980512831729,20,10.633678505637107,released,masked_psnr,384,4,head_unsupported,capacity_s5_h64_20k
21.125214291494053,19.24853081726979,20,20.070251187454787,released,masked_psnr,384,4,oral,capacity_s5_h64_20k
12.723312505215848,10.953906340685286,20,11.840777532307733,released,masked_psnr,384,4,torso_outside_head_roi,capacity_s5_h64_20k
17.505615898889182,14.2736690902284,20,15.809123732512012,released,masked_psnr,384,8,background,capacity_s5_h64_20k
20.896152635439943,19.995739568850365,20,20.433030447380965,released,masked_psnr,384,8,eyes,capacity_s5_h64_20k
18.298648452274502,17.231402757529047,20,17.77772856523297,released,masked_psnr,384,8,flame_supported,capacity_s5_h64_20k
11.739172129782482,10.225222657102846,20,10.976739906501875,released,masked_psnr,384,8,flame_unsupported,capacity_s5_h64_20k
15.00872613588932,13.73874135709201,20,14.373666702039031,released,masked_psnr,384,8,foreground,capacity_s5_h64_20k
15.158285269935114,13.829592565871375,20,14.488271733872327,released,masked_psnr,384,8,full_frame,capacity_s5_h64_20k
16.76682018551496,15.826989415699682,20,16.292624648493536,released,masked_psnr,384,8,head_foreground,capacity_s5_h64_20k
18.67247004841208,17.627421307202685,20,18.154497519826503,released,masked_psnr,384,8,head_supported,capacity_s5_h64_20k
11.446304697956041,10.185061593971161,20,10.783445711037029,released,masked_psnr,384,8,head_unsupported,capacity_s5_h64_20k
20.18964982889354,19.044099518751118,20,19.611917279055895,released,masked_psnr,384,8,oral,capacity_s5_h64_20k
13.006620146555619,11.12125434808125,20,12.054233849550652,released,masked_psnr,384,8,torso_outside_head_roi,capacity_s5_h64_20k
18.644839517427734,15.587440434286425,20,17.077481581224397,adaptive,masked_psnr,384,1,background,convergence_s5_h128_60k
21.818292268418944,20.786026471577006,20,21.30982592666391,adaptive,masked_psnr,384,1,eyes,convergence_s5_h128_60k
18.63089600206825,17.194928587634944,20,17.917681945744885,adaptive,masked_psnr,384,1,flame_supported,convergence_s5_h128_60k
12.854558489008758,10.700349104328204,20,11.787066344809903,adaptive,masked_psnr,384,1,flame_unsupported,convergence_s5_h128_60k
15.831446913738718,14.110540824454592,20,14.966538046148305,adaptive,masked_psnr,384,1,foreground,convergence_s5_h128_60k
15.970948690131706,14.503369362388334,20,15.242327696019421,adaptive,masked_psnr,384,1,full_frame,convergence_s5_h128_60k
16.90741483301421,15.628198519006892,20,16.26957450557462,adaptive,masked_psnr,384,1,head_foreground,convergence_s5_h128_60k
18.864076635193403,17.459478596947122,20,18.164710654609898,adaptive,masked_psnr,384,1,head_supported,convergence_s5_h128_60k
11.676084347179616,9.966841439234553,20,10.814785417479085,adaptive,masked_psnr,384,1,head_unsupported,convergence_s5_h128_60k
21.346235880092138,19.778663248636196,20,20.45998259467069,adaptive,masked_psnr,384,1,oral,convergence_s5_h128_60k
14.808747446982125,12.167044251328553,20,13.465265950750984,adaptive,masked_psnr,384,1,torso_outside_head_roi,convergence_s5_h128_60k
19.083731820474007,15.441814531097409,20,17.1484614727914,adaptive,masked_psnr,384,4,background,convergence_s5_h128_60k
21.698897845632334,20.680204597321726,20,21.168656779580846,adaptive,masked_psnr,384,4,eyes,convergence_s5_h128_60k
19.00735613633572,17.651763122209907,20,18.353510937513054,adaptive,masked_psnr,384,4,flame_supported,convergence_s5_h128_60k
12.90886050224411,10.978458083640525,20,11.953253320211978,adaptive,masked_psnr,384,4,flame_unsupported,convergence_s5_h128_60k
16.035503294041433,14.418471940512608,20,15.235462736068294,adaptive,masked_psnr,384,4,foreground,convergence_s5_h128_60k
16.166657613852802,14.59400845848829,20,15.400979431067995,adaptive,masked_psnr,384,4,full_frame,convergence_s5_h128_60k
17.26582605917434,16.11459963942991,20,16.69574069006475,adaptive,masked_psnr,384,4,head_foreground,convergence_s5_h128_60k
19.240818355572507,17.998920154552472,20,18.625930125491088,adaptive,masked_psnr,384,4,head_supported,convergence_s5_h128_60k
11.84862320390175,10.293646558779109,20,11.087484226004074,adaptive,masked_psnr,384,4,head_unsupported,convergence_s5_h128_60k
21.517058445043777,19.725081710850368,20,20.468767841218508,adaptive,masked_psnr,384,4,oral,convergence_s5_h128_60k
14.723226568740209,12.309809737890307,20,13.482930898193136,adaptive,masked_psnr,384,4,torso_outside_head_roi,convergence_s5_h128_60k
18.44863820392293,15.339217617641987,20,16.842767507937722,adaptive,masked_psnr,384,8,background,convergence_s5_h128_60k
21.53898237639772,20.50325494986368,20,21.009218694341172,adaptive,masked_psnr,384,8,eyes,convergence_s5_h128_60k
19.034935640288502,17.63138679739328,20,18.371371204402173,adaptive,masked_psnr,384,8,flame_supported,convergence_s5_h128_60k
13.054319178717565,11.29720968430872,20,12.173684265042459,adaptive,masked_psnr,384,8,flame_unsupported,convergence_s5_h128_60k
16.10726523396929,14.590224106001079,20,15.357120405250063,adaptive,masked_psnr,384,8,foreground,convergence_s5_h128_60k
16.248918349276764,14.645455074787003,20,15.464708966612822,adaptive,masked_psnr,384,8,full_frame,convergence_s5_h128_60k
17.331226859825986,16.308348851953447,20,16.81897128002922,adaptive,masked_psnr,384,8,head_foreground,convergence_s5_h128_60k
19.254163240087035,18.033388322176098,20,18.65126040566811,adaptive,masked_psnr,384,8,head_supported,convergence_s5_h128_60k
12.028878480310537,10.721394734356746,20,11.369035258924182,adaptive,masked_psnr,384,8,head_unsupported,convergence_s5_h128_60k
20.484371681504992,19.648817194790823,20,20.031742643920435,adaptive,masked_psnr,384,8,oral,convergence_s5_h128_60k
14.906947223761767,12.398509292969834,20,13.653601035143335,adaptive,masked_psnr,384,8,torso_outside_head_roi,convergence_s5_h128_60k
20.47434041657989,16.791151675242926,20,18.53447808912706,hard,masked_psnr,384,1,background,convergence_s5_h128_60k
21.6208120390261,20.459318780063963,20,21.021680324886635,hard,masked_psnr,384,1,eyes,convergence_s5_h128_60k
17.983152459034166,16.968794767911117,20,17.469366601446247,hard,masked_psnr,384,1,flame_supported,convergence_s5_h128_60k
5.585355976811219,3.3816163371395684,20,4.424722059034153,hard,masked_psnr,384,1,flame_unsupported,convergence_s5_h128_60k
10.508306827340407,8.298595812689454,20,9.343634699122763,hard,masked_psnr,384,1,foreground,convergence_s5_h128_60k
12.45916478264699,10.387636334220991,20,11.374879173570337,hard,masked_psnr,384,1,full_frame,convergence_s5_h128_60k
14.841036935882725,12.771597347539123,20,13.797521561105233,hard,masked_psnr,384,1,head_foreground,convergence_s5_h128_60k
19.14841096185065,18.319536544747177,20,18.729774566573884,hard,masked_psnr,384,1,head_supported,convergence_s5_h128_60k
6.751206496983537,4.7621012325715215,20,5.71365366612879,hard,masked_psnr,384,1,head_unsupported,convergence_s5_h128_60k
21.3681106265495,19.848023859545773,20,20.521389523850733,hard,masked_psnr,384,1,oral,convergence_s5_h128_60k
6.7643452683124305,4.139291391163606,20,5.342664616876081,hard,masked_psnr,384,1,torso_outside_head_roi,convergence_s5_h128_60k
20.47909718363327,16.709395604541864,20,18.51058447345711,hard,masked_psnr,384,4,background,convergence_s5_h128_60k
21.66049003460222,20.545734803318517,20,21.07498471043784,hard,masked_psnr,384,4,eyes,convergence_s5_h128_60k
18.375912569650705,17.2854105039211,20,17.83232850774632,hard,masked_psnr,384,4,flame_supported,convergence_s5_h128_60k
5.608444102183014,3.430815859685773,20,4.435873178153513,hard,masked_psnr,384,4,flame_unsupported,convergence_s5_h128_60k
10.596997357953946,8.358215511308241,20,9.40569576687528,hard,masked_psnr,384,4,foreground,convergence_s5_h128_60k
12.457566530129835,10.405388648832151,20,11.379496335004276,hard,masked_psnr,384,4,full_frame,convergence_s5_h128_60k
15.013904597041947,12.871357525676556,20,13.937708612686725,hard,masked_psnr,384,4,head_foreground,convergence_s5_h128_60k
19.7427262649089,18.786764307313412,20,19.271389355658258,hard,masked_psnr,384,4,head_supported,convergence_s5_h128_60k
6.712016950416944,4.729605757176894,20,5.689496724583988,hard,masked_psnr,384,4,head_unsupported,convergence_s5_h128_60k
21.712012916051766,19.886485016586082,20,20.66682079154328,hard,masked_psnr,384,4,oral,convergence_s5_h128_60k
6.763459917426788,4.164360120527583,20,5.361884092601359,hard,masked_psnr,384,4,torso_outside_head_roi,convergence_s5_h128_60k
20.173152261012387,16.702363429026576,20,18.366748857622444,hard,masked_psnr,384,8,background,convergence_s5_h128_60k
21.451361795193524,20.323197463492402,20,20.864118219724467,hard,masked_psnr,384,8,eyes,convergence_s5_h128_60k
18.441290901943667,17.344578527672034,20,17.887327249462857,hard,masked_psnr,384,8,flame_supported,convergence_s5_h128_60k
5.605850802796726,3.413329589942291,20,4.447318775484766,hard,masked_psnr,384,8,flame_unsupported,convergence_s5_h128_60k
10.531875872949797,8.254640218003937,20,9.351757571780407,hard,masked_psnr,384,8,foreground,convergence_s5_h128_60k
12.465779653037448,10.369585858605667,20,11.358360315749099,hard,masked_psnr,384,8,full_frame,convergence_s5_h128_60k
15.06821642284798,12.915770828744263,20,13.981245837298967,hard,masked_psnr,384,8,head_foreground,convergence_s5_h128_60k
19.835893009471885,18.88005015559343,20,19.352111121015234,hard,masked_psnr,384,8,head_supported,convergence_s5_h128_60k
6.730308167449447,4.72525192253361,20,5.717413285064476,hard,masked_psnr,384,8,head_unsupported,convergence_s5_h128_60k
20.822136275161313,19.82347918551988,20,20.29115489372028,hard,masked_psnr,384,8,oral,convergence_s5_h128_60k
6.770138079247523,4.182153546774565,20,5.379972566577305,hard,masked_psnr,384,8,torso_outside_head_roi,convergence_s5_h128_60k
18.74343199442049,15.636051269541339,20,17.135032492585776,released,masked_psnr,384,1,background,convergence_s5_h128_60k
21.57543198525933,20.51291790920274,20,21.051428693298014,released,masked_psnr,384,1,eyes,convergence_s5_h128_60k
18.749851463444895,17.185961482201552,20,17.99819735067929,released,masked_psnr,384,1,flame_supported,convergence_s5_h128_60k
13.086643363197894,10.996736231029702,20,12.06729668588685,released,masked_psnr,384,1,flame_unsupported,convergence_s5_h128_60k
16.055840485436704,14.313531112231592,20,15.177283359204413,released,masked_psnr,384,1,foreground,convergence_s5_h128_60k
16.123891900310447,14.639206726316456,20,15.390944576653805,released,masked_psnr,384,1,full_frame,convergence_s5_h128_60k
17.11547322691018,15.830008288665088,20,16.494193599097354,released,masked_psnr,384,1,head_foreground,convergence_s5_h128_60k
19.047155291568465,17.528324470784497,20,18.303240502939463,released,masked_psnr,384,1,head_supported,convergence_s5_h128_60k
11.864068921083156,10.445764043477425,20,11.154569900418096,released,masked_psnr,384,1,head_unsupported,convergence_s5_h128_60k
21.27038739261909,19.730492998911874,20,20.40900754406764,released,masked_psnr,384,1,oral,convergence_s5_h128_60k
14.88128631508011,12.278436612959588,20,13.57763021714111,released,masked_psnr,384,1,torso_outside_head_roi,convergence_s5_h128_60k
18.751062279090313,15.558969267334945,20,17.06111235908159,released,masked_psnr,384,4,background,convergence_s5_h128_60k
21.683067374951356,20.669727027001215,20,21.18275851902947,released,masked_psnr,384,4,eyes,convergence_s5_h128_60k
19.18333473918427,17.817044436758298,20,18.53596169893017,released,masked_psnr,384,4,flame_supported,convergence_s5_h128_60k
13.242575409595393,11.381442121695763,20,12.319195176262566,released,masked_psnr,384,4,flame_unsupported,convergence_s5_h128_60k
16.331202945584735,14.706274888465435,20,15.532208521252821,released,masked_psnr,384,4,foreground,convergence_s5_h128_60k
16.38131774467425,14.867171822844293,20,15.639118209334493,released,masked_psnr,384,4,full_frame,convergence_s5_h128_60k
17.574510058811075,16.381682214013516,20,16.98035184806271,released,masked_psnr,384,4,head_foreground,convergence_s5_h128_60k
19.47163016974471,18.176877474472498,20,18.848247549506723,released,masked_psnr,384,4,head_supported,convergence_s5_h128_60k
12.125909641770178,10.784472460210667,20,11.466306760883452,released,masked_psnr,384,4,head_unsupported,convergence_s5_h128_60k
21.47235431726456,19.670641181990057,20,20.447291654860187,released,masked_psnr,384,4,oral,convergence_s5_h128_60k
14.87449402842922,12.542578848510074,20,13.697008709712748,released,masked_psnr,384,4,torso_outside_head_roi,convergence_s5_h128_60k
18.34320959706561,15.492565129396649,20,16.86862545028125,released,masked_psnr,384,8,background,convergence_s5_h128_60k
21.524253404655084,20.538951137390423,20,21.02546616295333,released,masked_psnr,384,8,eyes,convergence_s5_h128_60k
19.184161806253485,17.732738655222736,20,18.493776278301684,released,masked_psnr,384,8,flame_supported,convergence_s5_h128_60k
13.222537433216075,11.444001141906043,20,12.35186424608154,released,masked_psnr,384,8,flame_unsupported,convergence_s5_h128_60k
16.324499380682997,14.720553287478937,20,15.535169769347231,released,masked_psnr,384,8,foreground,convergence_s5_h128_60k
16.399979967458517,14.86041564923093,20,15.636047930967957,released,masked_psnr,384,8,full_frame,convergence_s5_h128_60k
17.471214958413544,16.357593346831845,20,16.921636035226463,released,masked_psnr,384,8,head_foreground,convergence_s5_h128_60k
19.448930240390787,18.150610149068203,20,18.8181484506422,released,masked_psnr,384,8,head_supported,convergence_s5_h128_60k
12.008529186435608,10.813446650966302,20,11.393597678254912,released,masked_psnr,384,8,head_unsupported,convergence_s5_h128_60k
20.565418524138618,19.55552052690344,20,20.035487950393364,released,masked_psnr,384,8,oral,convergence_s5_h128_60k
15.001968031660487,12.57676371662589,20,13.77339130752548,released,masked_psnr,384,8,torso_outside_head_roi,convergence_s5_h128_60k
21.857065304441956,13.587575639715599,20,16.96705790239899,adaptive,masked_psnr,8,1,background,covariance_s3_h128_20k
21.121910711808248,19.73604022384522,20,20.45641719878056,adaptive,masked_psnr,8,1,eyes,covariance_s3_h128_20k
14.688079136560058,13.008663181883861,20,13.895095274951043,adaptive,masked_psnr,8,1,flame_supported,covariance_s3_h128_20k
7.500787153087192,5.8799512146676065,20,6.674922879094214,adaptive,masked_psnr,8,1,flame_unsupported,covariance_s3_h128_20k
11.141655420331832,9.457959297674623,20,10.293857736426165,adaptive,masked_psnr,8,1,foreground,covariance_s3_h128_20k
12.056395471937714,10.719295077100629,20,11.37916936668648,adaptive,masked_psnr,8,1,full_frame,covariance_s3_h128_20k
13.37879161239525,11.703133616873878,20,12.585949814105932,adaptive,masked_psnr,8,1,head_foreground,covariance_s3_h128_20k
15.39393072705847,13.597627388994372,20,14.557055411654352,adaptive,masked_psnr,8,1,head_supported,covariance_s3_h128_20k
8.169203020452318,6.2518528381533285,20,7.164585704709192,adaptive,masked_psnr,8,1,head_unsupported,covariance_s3_h128_20k
18.797353957094398,17.099967167738413,20,17.90054253307811,adaptive,masked_psnr,8,1,oral,covariance_s3_h128_20k
8.21465703024354,6.4539568058210355,20,7.34070349102642,adaptive,masked_psnr,8,1,torso_outside_head_roi,covariance_s3_h128_20k
22.030244031121182,14.023384204313384,20,17.40112012194657,adaptive,masked_psnr,8,4,background,covariance_s3_h128_20k
21.194941701137612,19.635431300412154,20,20.41912027373766,adaptive,masked_psnr,8,4,eyes,covariance_s3_h128_20k
14.630880941222124,13.07930474985039,20,13.912206466218294,adaptive,masked_psnr,8,4,flame_supported,covariance_s3_h128_20k
7.658081463659547,6.087452525457783,20,6.868220624061647,adaptive,masked_psnr,8,4,flame_unsupported,covariance_s3_h128_20k
11.230498163637208,9.676117609016302,20,10.452635029813248,adaptive,masked_psnr,8,4,foreground,covariance_s3_h128_20k
12.16976794035506,10.95211447436917,20,11.554185643003603,adaptive,masked_psnr,8,4,full_frame,covariance_s3_h128_20k
13.379048349575614,11.693960267246428,20,12.567989977442549,adaptive,masked_psnr,8,4,head_foreground,covariance_s3_h128_20k
15.315110745376264,13.621012710426067,20,14.55092610078169,adaptive,masked_psnr,8,4,head_supported,covariance_s3_h128_20k
8.048007829332242,6.151797984064289,20,7.046929214594026,adaptive,masked_psnr,8,4,head_unsupported,covariance_s3_h128_20k
19.194869222256727,17.20395665462289,20,18.10989577125441,adaptive,masked_psnr,8,4,oral,covariance_s3_h128_20k
8.344606153088222,6.812456729303985,20,7.599943337801953,adaptive,masked_psnr,8,4,torso_outside_head_roi,covariance_s3_h128_20k
22.03351588489046,14.093433566335493,20,17.398614572622872,adaptive,masked_psnr,8,8,background,covariance_s3_h128_20k
21.11464625572891,19.52332529934856,20,20.32360365745334,adaptive,masked_psnr,8,8,eyes,covariance_s3_h128_20k
14.85907694214692,13.229633882324269,20,14.083196246133046,adaptive,masked_psnr,8,8,flame_supported,covariance_s3_h128_20k
7.771771319392273,6.157747881591871,20,6.946268609631849,adaptive,masked_psnr,8,8,flame_unsupported,covariance_s3_h128_20k
11.320734273908387,9.73503624936993,20,10.522730949056342,adaptive,masked_psnr,8,8,foreground,covariance_s3_h128_20k
12.291612023676315,11.01969374837822,20,11.643802057543919,adaptive,masked_psnr,8,8,full_frame,covariance_s3_h128_20k
13.477843595399493,11.84022234503794,20,12.692250856796054,adaptive,masked_psnr,8,8,head_foreground,covariance_s3_h128_20k
15.578466801992004,13.799349784592776,20,14.731702167713806,adaptive,masked_psnr,8,8,head_supported,covariance_s3_h128_20k
8.06754373253496,6.186585216559677,20,7.084140606341661,adaptive,masked_psnr,8,8,head_unsupported,covariance_s3_h128_20k
18.394802657882114,17.138016674617464,20,17.78227489389251,adaptive,masked_psnr,8,8,oral,covariance_s3_h128_20k
8.544264619215586,6.917261214880273,20,7.745671618408645,adaptive,masked_psnr,8,8,torso_outside_head_roi,covariance_s3_h128_20k
24.599626400196904,18.693327449064903,20,21.33636322026428,hard,masked_psnr,8,1,background,covariance_s3_h128_20k
21.74130327779551,20.72303059987856,20,21.228145432908587,hard,masked_psnr,8,1,eyes,covariance_s3_h128_20k
14.268207841481937,12.787324526926128,20,13.522642120146994,hard,masked_psnr,8,1,flame_supported,covariance_s3_h128_20k
5.028989062264955,3.0234647512459376,20,3.972500582391053,hard,masked_psnr,8,1,flame_unsupported,covariance_s3_h128_20k
9.325841591629088,7.387427195376157,20,8.294241676897647,hard,masked_psnr,8,1,foreground,covariance_s3_h128_20k
11.619324998924691,9.697966920707893,20,10.603857770640278,hard,masked_psnr,8,1,full_frame,covariance_s3_h128_20k
12.614576280095097,10.780485865872066,20,11.66852899740505,hard,masked_psnr,8,1,head_foreground,covariance_s3_h128_20k
15.695542030870774,14.465552548277747,20,15.072920247365364,hard,masked_psnr,8,1,head_supported,covariance_s3_h128_20k
5.427862313227231,3.5954038217993207,20,4.457740699567107,hard,masked_psnr,8,1,head_unsupported,covariance_s3_h128_20k
19.640376773852644,17.32316838898813,20,18.41204198020213,hard,masked_psnr,8,1,oral,covariance_s3_h128_20k
6.06849389075216,3.6682054445041863,20,4.7827561711798685,hard,masked_psnr,8,1,torso_outside_head_roi,covariance_s3_h128_20k
24.117909610924293,18.487691873480287,20,21.047944314843114,hard,masked_psnr,8,4,background,covariance_s3_h128_20k
21.66515645797145,20.78216791879986,20,21.205416521771593,hard,masked_psnr,8,4,eyes,covariance_s3_h128_20k
14.341592538759933,12.895545295133266,20,13.625981767388339,hard,masked_psnr,8,4,flame_supported,covariance_s3_h128_20k
5.1210768581332715,3.0076101399221358,20,3.9853769158274246,hard,masked_psnr,8,4,flame_unsupported,covariance_s3_h128_20k
9.346849050122056,7.40450257920716,20,8.329385733027097,hard,masked_psnr,8,4,foreground,covariance_s3_h128_20k
11.565149074298516,9.69750745020456,20,10.586729941485466,hard,masked_psnr,8,4,full_frame,covariance_s3_h128_20k
12.712563904979087,10.852823470833782,20,11.75737200676805,hard,masked_psnr,8,4,head_foreground,covariance_s3_h128_20k
15.910189899725246,14.688183066662969,20,15.304806198961776,hard,masked_psnr,8,4,head_supported,covariance_s3_h128_20k
5.436353820618793,3.5882154650516753,20,4.442008387098403,hard,masked_psnr,8,4,head_unsupported,covariance_s3_h128_20k
20.04718460168096,17.577199571278125,20,18.711314736355053,hard,masked_psnr,8,4,oral,covariance_s3_h128_20k
6.069312662747421,3.7003756590804326,20,4.790204741124365,hard,masked_psnr,8,4,torso_outside_head_roi,covariance_s3_h128_20k
23.576162931334316,18.44761802399409,20,20.79906460201584,hard,masked_psnr,8,8,background,covariance_s3_h128_20k
21.464471535167025,20.519993477710063,20,20.971890665057238,hard,masked_psnr,8,8,eyes,covariance_s3_h128_20k
14.457583870632092,12.972019115780757,20,13.724825414094761,hard,masked_psnr,8,8,flame_supported,covariance_s3_h128_20k
5.098276326333891,3.0420641940852624,20,4.007588526326289,hard,masked_psnr,8,8,flame_unsupported,covariance_s3_h128_20k
9.360136063956448,7.382060170044652,20,8.315460321739895,hard,masked_psnr,8,8,foreground,covariance_s3_h128_20k
11.583600338650184,9.669742654022984,20,10.596611894333716,hard,masked_psnr,8,8,full_frame,covariance_s3_h128_20k
12.812539451833958,10.966247903219422,20,11.860942197761185,hard,masked_psnr,8,8,head_foreground,covariance_s3_h128_20k
16.064758486188072,14.876724398346408,20,15.465699133941651,hard,masked_psnr,8,8,head_supported,covariance_s3_h128_20k
5.471360972453093,3.6163751721984707,20,4.494406314143788,hard,masked_psnr,8,8,head_unsupported,covariance_s3_h128_20k
19.33146424984319,17.73055819600572,20,18.50204786737347,hard,masked_psnr,8,8,oral,covariance_s3_h128_20k
6.149361641115263,3.7133561196383176,20,4.8259988275762815,hard,masked_psnr,8,8,torso_outside_head_roi,covariance_s3_h128_20k
21.893215395364226,13.90002729056193,20,17.109935177612673,released,masked_psnr,8,1,background,covariance_s3_h128_20k
20.170230782669353,18.701343464092837,20,19.45340267381423,released,masked_psnr,8,1,eyes,covariance_s3_h128_20k
14.590115448149303,12.950718336579321,20,13.820305995454158,released,masked_psnr,8,1,flame_supported,covariance_s3_h128_20k
7.24196644584202,5.726174885594804,20,6.466279412897016,released,masked_psnr,8,1,flame_unsupported,covariance_s3_h128_20k
10.910720149129418,9.373801284496842,20,10.147102158793817,released,masked_psnr,8,1,foreground,covariance_s3_h128_20k
12.019530321309334,10.701262327546193,20,11.343635250666036,released,masked_psnr,8,1,full_frame,covariance_s3_h128_20k
13.13039598263674,11.592857187350052,20,12.387345609911074,released,masked_psnr,8,1,head_foreground,covariance_s3_h128_20k
15.263410762919085,13.538538494717413,20,14.466027378658023,released,masked_psnr,8,1,head_supported,covariance_s3_h128_20k
7.7670854173726065,5.904066390260398,20,6.797111079901436,released,masked_psnr,8,1,head_unsupported,covariance_s3_h128_20k
18.34781362868731,16.802818083894326,20,17.557764116186423,released,masked_psnr,8,1,oral,covariance_s3_h128_20k
8.02302656914557,6.434059158686152,20,7.214189880608744,released,masked_psnr,8,1,torso_outside_head_roi,covariance_s3_h128_20k
21.769247758521256,14.011873370487413,20,17.198308601750533,released,masked_psnr,8,4,background,covariance_s3_h128_20k
19.684120116150094,18.239073380804918,20,18.971281818369977,released,masked_psnr,8,4,eyes,covariance_s3_h128_20k
14.650380840283374,13.147927231154767,20,13.929860747734974,released,masked_psnr,8,4,flame_supported,covariance_s3_h128_20k
7.433129533392609,5.964760456391613,20,6.687979786556953,released,masked_psnr,8,4,flame_unsupported,covariance_s3_h128_20k
11.08712975498864,9.619850231801152,20,10.342628896978685,released,masked_psnr,8,4,foreground,covariance_s3_h128_20k
12.085390756405937,10.897098850030613,20,11.488086001760845,released,masked_psnr,8,4,full_frame,covariance_s3_h128_20k
13.26353429969112,11.692079487336885,20,12.50110427023199,released,masked_psnr,8,4,head_foreground,covariance_s3_h128_20k
15.349799522658195,13.664749860125193,20,14.574440381156574,released,masked_psnr,8,4,head_supported,covariance_s3_h128_20k
7.714738837229327,5.900684792564092,20,6.783775271583329,released,masked_psnr,8,4,head_unsupported,covariance_s3_h128_20k
18.67983116617941,16.84388616035643,20,17.678005643814835,released,masked_psnr,8,4,oral,covariance_s3_h128_20k
8.175665764049622,6.770874850986056,20,7.47519277477579,released,masked_psnr,8,4,torso_outside_head_roi,covariance_s3_h128_20k
21.802743124319846,14.155152381777286,20,17.287364693837635,released,masked_psnr,8,8,background,covariance_s3_h128_20k
19.627332061207333,18.180104037851606,20,18.896025512590377,released,masked_psnr,8,8,eyes,covariance_s3_h128_20k
14.860388370560315,13.269495075871422,20,14.080953695051019,released,masked_psnr,8,8,flame_supported,covariance_s3_h128_20k
7.534400701296244,6.005263770883366,20,6.757662773735644,released,masked_psnr,8,8,flame_unsupported,covariance_s3_h128_20k
11.18818756395379,9.658569718825397,20,10.399107672080005,released,masked_psnr,8,8,foreground,covariance_s3_h128_20k
12.22198278146117,10.96214140200292,20,11.57808552881649,released,masked_psnr,8,8,full_frame,covariance_s3_h128_20k
13.353377660290223,11.755907651919909,20,12.5845724574115,released,masked_psnr,8,8,head_foreground,covariance_s3_h128_20k
15.530494397281817,13.815433739969706,20,14.727336773066474,released,masked_psnr,8,8,head_supported,covariance_s3_h128_20k
7.7335178306402,5.866146653051,20,6.779855674706367,released,masked_psnr,8,8,head_unsupported,covariance_s3_h128_20k
17.844316244714904,16.684175530277773,20,17.304616410424426,released,masked_psnr,8,8,oral,covariance_s3_h128_20k
8.369190648391951,6.891307404468087,20,7.624326454446093,released,masked_psnr,8,8,torso_outside_head_roi,covariance_s3_h128_20k
17.47890431807145,14.48342372843677,20,15.922260492982526,adaptive,masked_psnr,384,1,background,covariance_s3_h128_20k
22.318617281963743,21.19423653143803,20,21.721590479337298,adaptive,masked_psnr,384,1,eyes,covariance_s3_h128_20k
16.468714916309473,15.30681520003837,20,15.89007119611532,adaptive,masked_psnr,384,1,flame_supported,covariance_s3_h128_20k
10.121404437683378,8.660379714265558,20,9.417149726371125,adaptive,masked_psnr,384,1,flame_unsupported,covariance_s3_h128_20k
13.49443584470268,12.141139440500709,20,12.828770768408727,adaptive,masked_psnr,384,1,foreground,covariance_s3_h128_20k
14.160543370531954,12.877445957348483,20,13.519164372651053,adaptive,masked_psnr,384,1,full_frame,covariance_s3_h128_20k
15.311072058376956,14.058403692320672,20,14.705099225229526,adaptive,masked_psnr,384,1,head_foreground,covariance_s3_h128_20k
16.85359488408581,15.657628056421258,20,16.261813685901885,adaptive,masked_psnr,384,1,head_supported,covariance_s3_h128_20k
10.41241490735026,8.764029756523067,20,9.57900884936161,adaptive,masked_psnr,384,1,head_unsupported,covariance_s3_h128_20k
19.557508318460677,17.950900653847825,20,18.660261598914364,adaptive,masked_psnr,384,1,oral,covariance_s3_h128_20k
11.238956240988044,9.66618041139481,20,10.451931979839113,adaptive,masked_psnr,384,1,torso_outside_head_roi,covariance_s3_h128_20k
17.249134822297236,14.177569918667617,20,15.614379143037302,adaptive,masked_psnr,384,4,background,covariance_s3_h128_20k
22.37911256524006,21.164015081618178,20,21.75163943406228,adaptive,masked_psnr,384,4,eyes,covariance_s3_h128_20k
16.65097470977828,15.47771725020001,20,16.065294468653775,adaptive,masked_psnr,384,4,flame_supported,covariance_s3_h128_20k
10.124395445391793,8.711608232594669,20,9.425340637467954,adaptive,masked_psnr,384,4,flame_unsupported,covariance_s3_h128_20k
13.544766492026454,12.22745143910103,20,12.902436330404802,adaptive,masked_psnr,384,4,foreground,covariance_s3_h128_20k
14.070208280471936,12.873973872407557,20,13.457202034895843,adaptive,masked_psnr,384,4,full_frame,covariance_s3_h128_20k
15.50754978158758,14.208873665084976,20,14.889362645331634,adaptive,masked_psnr,384,4,head_foreground,covariance_s3_h128_20k
17.054372410631803,15.83411238932083,20,16.44495199376913,adaptive,masked_psnr,384,4,head_supported,covariance_s3_h128_20k
10.523851399887052,8.984360471860068,20,9.72905361140634,adaptive,masked_psnr,384,4,head_unsupported,covariance_s3_h128_20k
19.79171044166129,17.860433422072273,20,18.667527487808588,adaptive,masked_psnr,384,4,oral,covariance_s3_h128_20k
11.14399437268945,9.641102985452434,20,10.388342423797187,adaptive,masked_psnr,384,4,torso_outside_head_roi,covariance_s3_h128_20k
16.91992579312641,14.000894417271057,20,15.41279844061918,adaptive,masked_psnr,384,8,background,covariance_s3_h128_20k
22.235124341100917,21.06551260505812,20,21.629625685332535,adaptive,masked_psnr,384,8,eyes,covariance_s3_h128_20k
16.77771349181049,15.559946448100806,20,16.168136926884806,adaptive,masked_psnr,384,8,flame_supported,covariance_s3_h128_20k
10.253345070684764,8.843146488319762,20,9.545561800352322,adaptive,masked_psnr,384,8,flame_unsupported,covariance_s3_h128_20k
13.68147129313975,12.294749234599175,20,12.979265408913061,adaptive,masked_psnr,384,8,foreground,covariance_s3_h128_20k
14.129680609564215,12.869670759184187,20,13.481448897589592,adaptive,masked_psnr,384,8,full_frame,covariance_s3_h128_20k
15.607469833685924,14.32251387175345,20,14.986278455030094,adaptive,masked_psnr,384,8,head_foreground,covariance_s3_h128_20k
17.18210411068892,15.91991519936319,20,16.559781976820634,adaptive,masked_psnr,384,8,head_supported,covariance_s3_h128_20k
10.499632053451776,9.07861448983399,20,9.775107343079709,adaptive,masked_psnr,384,8,head_unsupported,covariance_s3_h128_20k
18.787321861658544,17.889790445273132,20,18.31945983656426,adaptive,masked_psnr,384,8,oral,covariance_s3_h128_20k
11.305619190068196,9.743154408394116,20,10.500879808555442,adaptive,masked_psnr,384,8,torso_outside_head_roi,covariance_s3_h128_20k
24.85362936643092,19.033497442098973,20,21.600630250146786,hard,masked_psnr,384,1,background,covariance_s3_h128_20k
21.68844340161451,20.702896775689183,20,21.189101794589696,hard,masked_psnr,384,1,eyes,covariance_s3_h128_20k
14.475108806702112,12.898357231073021,20,13.692499045361135,hard,masked_psnr,384,1,flame_supported,covariance_s3_h128_20k
5.038730284176069,3.032381371364368,20,3.975382755750611,hard,masked_psnr,384,1,flame_unsupported,covariance_s3_h128_20k
9.404474106626113,7.424733648742713,20,8.354241379595745,hard,masked_psnr,384,1,foreground,covariance_s3_h128_20k
11.76112212560355,9.740310990039763,20,10.709578616405738,hard,masked_psnr,384,1,full_frame,covariance_s3_h128_20k
12.73112308989779,10.838593329136,20,11.759541647234006,hard,masked_psnr,384,1,head_foreground,covariance_s3_h128_20k
15.852436651754214,14.607107550202912,20,15.228383445540041,hard,masked_psnr,384,1,head_supported,covariance_s3_h128_20k
5.428079271587913,3.6193413696961962,20,4.46687814675757,hard,masked_psnr,384,1,head_unsupported,covariance_s3_h128_20k
19.735110716077088,17.419985158230794,20,18.49184477401102,hard,masked_psnr,384,1,oral,covariance_s3_h128_20k
6.2321043834527545,3.697330385473734,20,4.868319893274579,hard,masked_psnr,384,1,torso_outside_head_roi,covariance_s3_h128_20k
24.35376745909141,18.78823108401131,20,21.332300765883627,hard,masked_psnr,384,4,background,covariance_s3_h128_20k
21.591953236882077,20.699234614894454,20,21.130887283158795,hard,masked_psnr,384,4,eyes,covariance_s3_h128_20k
14.625846010406184,13.021226196729257,20,13.823585733743414,hard,masked_psnr,384,4,flame_supported,covariance_s3_h128_20k
5.050415314283335,3.053087886415807,20,3.9877488514794814,hard,masked_psnr,384,4,flame_unsupported,covariance_s3_h128_20k
9.42749674192138,7.433269649668977,20,8.396467251898056,hard,masked_psnr,384,4,foreground,covariance_s3_h128_20k
11.723784899755428,9.732891156471615,20,10.699341068017608,hard,masked_psnr,384,4,full_frame,covariance_s3_h128_20k
12.828931199066744,10.932597115089173,20,11.849861842064428,hard,masked_psnr,384,4,head_foreground,covariance_s3_h128_20k
16.086884370712543,14.861354195185045,20,15.477157145660083,hard,masked_psnr,384,4,head_supported,covariance_s3_h128_20k
5.438509052222168,3.5966198301061656,20,4.449351902697449,hard,masked_psnr,384,4,head_unsupported,covariance_s3_h128_20k
20.08385247058056,17.689882956872797,20,18.760370607471913,hard,masked_psnr,384,4,oral,covariance_s3_h128_20k
6.273691210344975,3.7055295781436555,20,4.891588621530925,hard,masked_psnr,384,4,torso_outside_head_roi,covariance_s3_h128_20k
23.69817449958493,18.800039252441138,20,21.03177849891525,hard,masked_psnr,384,8,background,covariance_s3_h128_20k
21.444873475810805,20.47485093857684,20,20.93854395537607,hard,masked_psnr,384,8,eyes,covariance_s3_h128_20k
14.68397581140022,13.085249127966346,20,13.894152394524173,hard,masked_psnr,384,8,flame_supported,covariance_s3_h128_20k
5.071035854425433,3.0514958532539946,20,4.009461621791462,hard,masked_psnr,384,8,flame_unsupported,covariance_s3_h128_20k
9.448846981900589,7.419036954606124,20,8.371443491471416,hard,masked_psnr,384,8,foreground,covariance_s3_h128_20k
11.784163703906092,9.726935354089356,20,10.696407823498015,hard,masked_psnr,384,8,full_frame,covariance_s3_h128_20k
12.897769354217582,11.014619103198099,20,11.940890828431638,hard,masked_psnr,384,8,head_foreground,covariance_s3_h128_20k
16.222913913002778,14.998047219086036,20,15.611767575981764,hard,masked_psnr,384,8,head_supported,covariance_s3_h128_20k
5.471389283911774,3.6372076862603087,20,4.500938691572443,hard,masked_psnr,384,8,head_unsupported,covariance_s3_h128_20k
19.37775816998431,17.796337918875096,20,18.56645787731275,hard,masked_psnr,384,8,oral,covariance_s3_h128_20k
6.309020027444551,3.713544470415418,20,4.914542743825271,hard,masked_psnr,384,8,torso_outside_head_roi,covariance_s3_h128_20k
17.549268525702225,15.01803130307453,20,16.26717649947797,released,masked_psnr,384,1,background,covariance_s3_h128_20k
22.459186733139553,21.478661375054145,20,21.96652678350102,released,masked_psnr,384,1,eyes,covariance_s3_h128_20k
16.70128969130892,15.559118612727067,20,16.12771330948628,released,masked_psnr,384,1,flame_supported,covariance_s3_h128_20k
10.45983938882802,8.874851910160576,20,9.664136654814268,released,masked_psnr,384,1,flame_unsupported,covariance_s3_h128_20k
13.738112841192844,12.395684229299178,20,13.058619900364027,released,masked_psnr,384,1,foreground,covariance_s3_h128_20k
14.425311796702715,13.246614228663612,20,13.833328857464087,released,masked_psnr,384,1,full_frame,covariance_s3_h128_20k
15.520022018461173,14.309824455289643,20,14.941868638457246,released,masked_psnr,384,1,head_foreground,covariance_s3_h128_20k
17.12467876391871,15.947335824583712,20,16.54202415061844,released,masked_psnr,384,1,head_supported,covariance_s3_h128_20k
10.636971714638793,9.008707766600239,20,9.8028847014314,released,masked_psnr,384,1,head_unsupported,covariance_s3_h128_20k
19.32102954512992,17.5401572689209,20,18.327204863106548,released,masked_psnr,384,1,oral,covariance_s3_h128_20k
11.50626340004373,9.795533180742432,20,10.637364380990753,released,masked_psnr,384,1,torso_outside_head_roi,covariance_s3_h128_20k
17.394585636691648,14.756420330776638,20,16.022031784392986,released,masked_psnr,384,4,background,covariance_s3_h128_20k
22.446923029501146,21.262965614791558,20,21.848440415644966,released,masked_psnr,384,4,eyes,covariance_s3_h128_20k
16.98607360636954,15.809471708269175,20,16.395629337900296,released,masked_psnr,384,4,flame_supported,covariance_s3_h128_20k
10.36577676932542,8.962557978556895,20,9.672237550074694,released,masked_psnr,384,4,flame_unsupported,covariance_s3_h128_20k
13.796323304511647,12.492949835578361,20,13.164693408973003,released,masked_psnr,384,4,foreground,covariance_s3_h128_20k
14.43278697810289,13.260301366822826,20,13.84171517370758,released,masked_psnr,384,4,full_frame,covariance_s3_h128_20k
15.818483299023285,14.52344811913449,20,15.17941195023677,released,masked_psnr,384,4,head_foreground,covariance_s3_h128_20k
17.386344459936673,16.181480395618536,20,16.794000685262326,released,masked_psnr,384,4,head_supported,covariance_s3_h128_20k
10.883123317892643,9.265579936697794,20,10.07489541826004,released,masked_psnr,384,4,head_unsupported,covariance_s3_h128_20k
19.510664944523867,17.361328858338396,20,18.259716678191104,released,masked_psnr,384,4,oral,covariance_s3_h128_20k
11.362520848894595,9.854987713751521,20,10.592687318029379,released,masked_psnr,384,4,torso_outside_head_roi,covariance_s3_h128_20k
16.861463187590683,14.490304652317423,20,15.660038576331498,released,masked_psnr,384,8,background,covariance_s3_h128_20k
22.304335329218958,21.128443006871557,20,21.716266976967848,released,masked_psnr,384,8,eyes,covariance_s3_h128_20k
17.074582251532085,15.862945197106473,20,16.460643065827774,released,masked_psnr,384,8,flame_supported,covariance_s3_h128_20k
10.539341937230583,9.18387075799227,20,9.858910023732182,released,masked_psnr,384,8,flame_unsupported,covariance_s3_h128_20k
13.938146165836297,12.62368158965325,20,13.267208824026635,released,masked_psnr,384,8,foreground,covariance_s3_h128_20k
14.477376061341609,13.252925560065583,20,13.851500946345174,released,masked_psnr,384,8,full_frame,covariance_s3_h128_20k
15.898253323374513,14.651145655264129,20,15.283268015973679,released,masked_psnr,384,8,head_foreground,covariance_s3_h128_20k
17.481334041847244,16.275978641646265,20,16.872615646702346,released,masked_psnr,384,8,head_supported,covariance_s3_h128_20k
10.945742128034391,9.476404827643861,20,10.200732787430043,released,masked_psnr,384,8,head_unsupported,covariance_s3_h128_20k
18.45043034828058,17.34858141466411,20,17.899042798111886,released,masked_psnr,384,8,oral,covariance_s3_h128_20k
11.544118677587038,9.95059718666876,20,10.742684139210073,released,masked_psnr,384,8,torso_outside_head_roi,covariance_s3_h128_20k
22.639458858355862,15.882329607838246,20,18.63896998052062,adaptive,masked_psnr,8,1,background,dose_r30_s5_h128_20k
20.62259182040161,19.5349891113293,20,20.07897004213084,adaptive,masked_psnr,8,1,eyes,dose_r30_s5_h128_20k
16.622979587314813,15.310983993628321,20,15.967710422509834,adaptive,masked_psnr,8,1,flame_supported,dose_r30_s5_h128_20k
6.160105588442925,4.22961190810153,20,5.152031979062331,adaptive,masked_psnr,8,1,flame_unsupported,dose_r30_s5_h128_20k
10.55373206620584,8.797761838954761,20,9.618697356311689,adaptive,masked_psnr,8,1,foreground,dose_r30_s5_h128_20k
12.050765637825167,10.673335789355985,20,11.361262001013081,adaptive,masked_psnr,8,1,full_frame,dose_r30_s5_h128_20k
14.143443874256997,12.443993357273225,20,13.293924414750538,adaptive,masked_psnr,8,1,head_foreground,dose_r30_s5_h128_20k
17.61348638799737,16.358727195565937,20,16.96890582001314,adaptive,masked_psnr,8,1,head_supported,dose_r30_s5_h128_20k
7.150190551284118,5.1084261000441,20,6.092843236538519,adaptive,masked_psnr,8,1,head_unsupported,dose_r30_s5_h128_20k
21.19347702339464,19.407616320824253,20,20.207231807244874,adaptive,masked_psnr,8,1,oral,dose_r30_s5_h128_20k
6.62133288961718,4.9020956656854215,20,5.720346035965209,adaptive,masked_psnr,8,1,torso_outside_head_roi,dose_r30_s5_h128_20k
23.08568879302308,16.13552356157308,20,19.099574455442244,adaptive,masked_psnr,8,4,background,dose_r30_s5_h128_20k
20.464106877686458,19.570585991608713,20,20.02323047278062,adaptive,masked_psnr,8,4,eyes,dose_r30_s5_h128_20k
16.93829177514888,15.84774168238231,20,16.37939659836159,adaptive,masked_psnr,8,4,flame_supported,dose_r30_s5_h128_20k
6.435673110710567,4.259581301331406,20,5.284644961458257,adaptive,masked_psnr,8,4,flame_unsupported,dose_r30_s5_h128_20k
10.874321328190103,8.916037866324585,20,9.824255731386337,adaptive,masked_psnr,8,4,foreground,dose_r30_s5_h128_20k
12.292857598218285,10.76530310940942,20,11.517300530650937,adaptive,masked_psnr,8,4,full_frame,dose_r30_s5_h128_20k
14.468069237374857,12.659208443452826,20,13.54167700670536,adaptive,masked_psnr,8,4,head_foreground,dose_r30_s5_h128_20k
18.043822201952455,16.862346824795843,20,17.447783659532867,adaptive,masked_psnr,8,4,head_supported,dose_r30_s5_h128_20k
7.154062083336911,5.059008161561888,20,6.08409462505672,adaptive,masked_psnr,8,4,head_unsupported,dose_r30_s5_h128_20k
21.25032187299703,19.20793682041777,20,20.095685366156886,adaptive,masked_psnr,8,4,oral,dose_r30_s5_h128_20k
7.020014703947709,4.9743394988414185,20,5.9425574411009645,adaptive,masked_psnr,8,4,torso_outside_head_roi,dose_r30_s5_h128_20k
22.234765616144273,16.138360668504475,20,18.820335328967673,adaptive,masked_psnr,8,8,background,dose_r30_s5_h128_20k
20.364431525485205,19.44561935105587,20,19.893785427027755,adaptive,masked_psnr,8,8,eyes,dose_r30_s5_h128_20k
17.166986748266734,16.026611392501213,20,16.577305665551915,adaptive,masked_psnr,8,8,flame_supported,dose_r30_s5_h128_20k
6.54312926490182,4.305790065243207,20,5.3394253450658,adaptive,masked_psnr,8,8,flame_unsupported,dose_r30_s5_h128_20k
10.928215107700119,8.884833159902376,20,9.838157376188963,adaptive,masked_psnr,8,8,foreground,dose_r30_s5_h128_20k
12.396617542166702,10.793254758658946,20,11.560525772431152,adaptive,masked_psnr,8,8,full_frame,dose_r30_s5_h128_20k
14.574132806146938,12.725492820858653,20,13.66226544795675,adaptive,masked_psnr,8,8,head_foreground,dose_r30_s5_h128_20k
18.242891225220543,17.04416026321453,20,17.654195983875134,adaptive,masked_psnr,8,8,head_supported,dose_r30_s5_h128_20k
7.261292980324256,5.104733761928492,20,6.163016676200897,adaptive,masked_psnr,8,8,head_unsupported,dose_r30_s5_h128_20k
20.28849672766399,19.159002750953157,20,19.715486609531318,adaptive,masked_psnr,8,8,oral,dose_r30_s5_h128_20k
7.151698248794427,5.026496549469039,20,6.011300110132682,adaptive,masked_psnr,8,8,torso_outside_head_roi,dose_r30_s5_h128_20k
21.01269561542524,16.542265946595847,20,18.54174640338532,adaptive,masked_psnr,384,1,background,dose_r30_s5_h128_20k
22.156925118241812,21.119821148201297,20,21.629697359492262,adaptive,masked_psnr,384,1,eyes,dose_r30_s5_h128_20k
18.279473244708512,17.22674671955633,20,17.74650546734824,adaptive,masked_psnr,384,1,flame_supported,dose_r30_s5_h128_20k
6.992662071807692,5.144893354547906,20,6.032565143139086,adaptive,masked_psnr,384,1,flame_unsupported,dose_r30_s5_h128_20k
11.702790955754015,9.83439770862633,20,10.734450992853144,adaptive,masked_psnr,384,1,foreground,dose_r30_s5_h128_20k
13.400091551168327,11.62203317632912,20,12.502619807434435,adaptive,masked_psnr,384,1,full_frame,dose_r30_s5_h128_20k
16.010405359343917,14.648763744553667,20,15.312569006092474,adaptive,masked_psnr,384,1,head_foreground,dose_r30_s5_h128_20k
19.022337150814124,17.983088825120316,20,18.48806588601458,adaptive,masked_psnr,384,1,head_supported,dose_r30_s5_h128_20k
8.802227601925058,7.369021021347147,20,8.068960196220127,adaptive,masked_psnr,384,1,head_unsupported,dose_r30_s5_h128_20k
21.39398922955983,19.648157958503507,20,20.431689188000878,adaptive,masked_psnr,384,1,oral,dose_r30_s5_h128_20k
7.97916350522117,5.565207572799218,20,6.710050737641889,adaptive,masked_psnr,384,1,torso_outside_head_roi,dose_r30_s5_h128_20k
20.631125191310264,16.519453942072882,20,18.368557209431025,adaptive,masked_psnr,384,4,background,dose_r30_s5_h128_20k
21.96450652099653,21.08169363191136,20,21.507312961842672,adaptive,masked_psnr,384,4,eyes,dose_r30_s5_h128_20k
18.71608745071365,17.666588821146814,20,18.20000942804169,adaptive,masked_psnr,384,4,flame_supported,dose_r30_s5_h128_20k
7.037256476658397,5.154956616575925,20,6.052855383050028,adaptive,masked_psnr,384,4,flame_unsupported,dose_r30_s5_h128_20k
11.832547987982025,9.908448609687603,20,10.833742801624211,adaptive,masked_psnr,384,4,foreground,dose_r30_s5_h128_20k
13.485206162010503,11.696103583612535,20,12.55733252976655,adaptive,masked_psnr,384,4,full_frame,dose_r30_s5_h128_20k
16.221575702700893,14.74995131133286,20,15.47748003578123,adaptive,masked_psnr,384,4,head_foreground,dose_r30_s5_h128_20k
19.558836190115574,18.493229592404237,20,19.02656209744701,adaptive,masked_psnr,384,4,head_supported,dose_r30_s5_h128_20k
8.798046036869003,7.224853695923111,20,7.996763790982658,adaptive,masked_psnr,384,4,head_unsupported,dose_r30_s5_h128_20k
21.69695749319936,19.85540274642094,20,20.646493416991184,adaptive,masked_psnr,384,4,oral,dose_r30_s5_h128_20k
8.053357458181111,5.606567425754392,20,6.770623157517524,adaptive,masked_psnr,384,4,torso_outside_head_roi,dose_r30_s5_h128_20k
20.123485409899647,16.331029117900226,20,18.11079166710081,adaptive,masked_psnr,384,8,background,dose_r30_s5_h128_20k
21.764673998253812,20.839751099276853,20,21.284111664064277,adaptive,masked_psnr,384,8,eyes,dose_r30_s5_h128_20k
18.75588976266492,17.720548170263452,20,18.233466616017527,adaptive,masked_psnr,384,8,flame_supported,dose_r30_s5_h128_20k
7.099604900512445,5.180759361600709,20,6.087713356642417,adaptive,masked_psnr,384,8,flame_unsupported,dose_r30_s5_h128_20k
11.8113617590783,9.857906747635655,20,10.803097443554943,adaptive,masked_psnr,384,8,foreground,dose_r30_s5_h128_20k
13.503423349967903,11.630823460473566,20,12.535777968994516,adaptive,masked_psnr,384,8,full_frame,dose_r30_s5_h128_20k
16.267062983858082,14.846185246032906,20,15.537173074726514,adaptive,masked_psnr,384,8,head_foreground,dose_r30_s5_h128_20k
19.599132915758087,18.548641820608204,20,19.059899643122918,adaptive,masked_psnr,384,8,head_supported,dose_r30_s5_h128_20k
8.81862433483327,7.332166971202392,20,8.06818597474009,adaptive,masked_psnr,384,8,head_unsupported,dose_r30_s5_h128_20k
20.797329358771858,19.827998532714954,20,20.284285278120407,adaptive,masked_psnr,384,8,oral,dose_r30_s5_h128_20k
8.13069733688967,5.627323248641929,20,6.813628987782337,adaptive,masked_psnr,384,8,torso_outside_head_roi,dose_r30_s5_h128_20k
21.833926190529418,15.163896764733744,20,17.934571186435768,adaptive,masked_psnr,8,1,background,dose_r75_s5_h128_20k
21.333539873395658,20.353326935231305,20,20.846312934391534,adaptive,masked_psnr,8,1,eyes,dose_r75_s5_h128_20k
16.244073704551386,14.837805530040972,20,15.569950478981847,adaptive,masked_psnr,8,1,flame_supported,dose_r75_s5_h128_20k
7.354214468740399,5.5434685344003185,20,6.436165325008799,adaptive,masked_psnr,8,1,flame_unsupported,dose_r75_s5_h128_20k
11.454296926331494,9.690204583823073,20,10.553356947983508,adaptive,masked_psnr,8,1,foreground,dose_r75_s5_h128_20k
12.557495683008826,11.285402422529506,20,11.905694791931193,adaptive,masked_psnr,8,1,full_frame,dose_r75_s5_h128_20k
14.44116680827061,12.8340085730169,20,13.636939696925001,adaptive,masked_psnr,8,1,head_foreground,dose_r75_s5_h128_20k
17.00986502930397,15.816834782920958,20,16.411258656214464,adaptive,masked_psnr,8,1,head_supported,dose_r75_s5_h128_20k
7.952858712328705,6.214790404758103,20,7.090598933524835,adaptive,masked_psnr,8,1,head_unsupported,dose_r75_s5_h128_20k
21.134548314858293,19.522122674762453,20,20.246287606115033,adaptive,masked_psnr,8,1,oral,dose_r75_s5_h128_20k
7.9310658935273155,6.118379367000631,20,6.987386824438292,adaptive,masked_psnr,8,1,torso_outside_head_roi,dose_r75_s5_h128_20k
22.027566800661823,15.250536362766832,20,18.165159795433226,adaptive,masked_psnr,8,4,background,dose_r75_s5_h128_20k
21.173342857316236,20.22021786498368,20,20.680892264916395,adaptive,masked_psnr,8,4,eyes,dose_r75_s5_h128_20k
16.385375964623396,15.253057219573396,20,15.830215194516962,adaptive,masked_psnr,8,4,flame_supported,dose_r75_s5_h128_20k
7.489713048849417,5.534109915856192,20,6.489117899326949,adaptive,masked_psnr,8,4,flame_unsupported,dose_r75_s5_h128_20k
11.541211162487704,9.85048208404271,20,10.657523606436277,adaptive,masked_psnr,8,4,foreground,dose_r75_s5_h128_20k
12.56320785960323,11.405970204612565,20,11.967267867277393,adaptive,masked_psnr,8,4,full_frame,dose_r75_s5_h128_20k
14.433151730852947,12.858862053316768,20,13.647293857706694,adaptive,masked_psnr,8,4,head_foreground,dose_r75_s5_h128_20k
17.26255338583465,16.179437939462783,20,16.718495706127555,adaptive,masked_psnr,8,4,head_supported,dose_r75_s5_h128_20k
7.5684083484555735,5.882211557853725,20,6.72096422061532,adaptive,masked_psnr,8,4,head_unsupported,dose_r75_s5_h128_20k
21.253532634730604,19.382565882962393,20,20.173883140349158,adaptive,masked_psnr,8,4,oral,dose_r75_s5_h128_20k
8.109127195316223,6.214649009008561,20,7.145132287140248,adaptive,masked_psnr,8,4,torso_outside_head_roi,dose_r75_s5_h128_20k
21.612090545429986,15.420339685352825,20,18.13680562349566,adaptive,masked_psnr,8,8,background,dose_r75_s5_h128_20k
21.039841155562915,20.07760918961586,20,20.553829504144566,adaptive,masked_psnr,8,8,eyes,dose_r75_s5_h128_20k
16.454261221188492,15.336168260757635,20,15.898706403012133,adaptive,masked_psnr,8,8,flame_supported,dose_r75_s5_h128_20k
7.609442420728078,5.586434250281792,20,6.568303689218868,adaptive,masked_psnr,8,8,flame_unsupported,dose_r75_s5_h128_20k
11.589204677947674,9.822049996604202,20,10.686180851343252,adaptive,masked_psnr,8,8,foreground,dose_r75_s5_h128_20k
12.69938021932367,11.41298144465761,20,12.031738760127318,adaptive,masked_psnr,8,8,full_frame,dose_r75_s5_h128_20k
14.507213633865948,12.90488938378135,20,13.702170897890152,adaptive,masked_psnr,8,8,head_foreground,dose_r75_s5_h128_20k
17.297830696904388,16.248802343984945,20,16.77809321362486,adaptive,masked_psnr,8,8,head_supported,dose_r75_s5_h128_20k
7.627791581500534,5.86572154758912,20,6.761003487013892,adaptive,masked_psnr,8,8,head_unsupported,dose_r75_s5_h128_20k
20.375081283305718,19.352857764476212,20,19.832589597044915,adaptive,masked_psnr,8,8,oral,dose_r75_s5_h128_20k
8.242674136660925,6.307546728141522,20,7.26418026837449,adaptive,masked_psnr,8,8,torso_outside_head_roi,dose_r75_s5_h128_20k
20.37512776464157,15.44734696552519,20,17.61576280279267,adaptive,masked_psnr,384,1,background,dose_r75_s5_h128_20k
21.103616346048934,20.130405563611674,20,20.60456945892831,adaptive,masked_psnr,384,1,eyes,dose_r75_s5_h128_20k
17.924662520552204,17.024736385521262,20,17.475921154197636,adaptive,masked_psnr,384,1,flame_supported,dose_r75_s5_h128_20k
9.431448708751377,7.7182374140316625,20,8.576986129204808,adaptive,masked_psnr,384,1,flame_unsupported,dose_r75_s5_h128_20k
13.41844615937851,11.901903680815012,20,12.673311010018208,adaptive,masked_psnr,384,1,foreground,dose_r75_s5_h128_20k
14.48107535992164,12.959700851693432,20,13.717247447794147,adaptive,masked_psnr,384,1,full_frame,dose_r75_s5_h128_20k
16.35130437416312,15.28483548447149,20,15.843670143960619,adaptive,masked_psnr,384,1,head_foreground,dose_r75_s5_h128_20k
18.426422220828506,17.502839974332012,20,17.956740469106386,adaptive,masked_psnr,384,1,head_supported,dose_r75_s5_h128_20k
10.468988224854316,8.937373364619308,20,9.69551745063999,adaptive,masked_psnr,384,1,head_unsupported,dose_r75_s5_h128_20k
20.832569803088855,19.061290797356353,20,19.87116725572198,adaptive,masked_psnr,384,1,oral,dose_r75_s5_h128_20k
10.449252023176795,8.455756715470187,20,9.42775459110629,adaptive,masked_psnr,384,1,torso_outside_head_roi,dose_r75_s5_h128_20k
19.95327179150199,15.308464059126912,20,17.39362734860863,adaptive,masked_psnr,384,4,background,dose_r75_s5_h128_20k
20.775605307780474,19.872092393713924,20,20.310838502680546,adaptive,masked_psnr,384,4,eyes,dose_r75_s5_h128_20k
18.170023395573846,17.163691795814184,20,17.69762725723242,adaptive,masked_psnr,384,4,flame_supported,dose_r75_s5_h128_20k
9.534811815961763,7.802579316297108,20,8.661246008809867,adaptive,masked_psnr,384,4,flame_unsupported,dose_r75_s5_h128_20k
13.553343076648927,11.968987077709494,20,12.776287186091746,adaptive,masked_psnr,384,4,foreground,dose_r75_s5_h128_20k
14.521211058178002,12.996754277956255,20,13.761341039463641,adaptive,masked_psnr,384,4,full_frame,dose_r75_s5_h128_20k
16.41918216374983,15.358976343816929,20,15.90767356713846,adaptive,masked_psnr,384,4,head_foreground,dose_r75_s5_h128_20k
18.63205785978167,17.70228136673165,20,18.171216618776302,adaptive,masked_psnr,384,4,head_supported,dose_r75_s5_h128_20k
10.298304680237493,8.831154675925402,20,9.570066572064576,adaptive,masked_psnr,384,4,head_unsupported,dose_r75_s5_h128_20k
21.139938075862368,19.073645741610054,20,19.984603686121766,adaptive,masked_psnr,384,4,oral,dose_r75_s5_h128_20k
10.578428765435158,8.504645465071961,20,9.518083819593322,adaptive,masked_psnr,384,4,torso_outside_head_roi,dose_r75_s5_h128_20k
19.347884000674565,15.215938862231152,20,17.132123074837043,adaptive,masked_psnr,384,8,background,dose_r75_s5_h128_20k
20.684182308156117,19.76234967184501,20,20.215305488735233,adaptive,masked_psnr,384,8,eyes,dose_r75_s5_h128_20k
18.155418812638477,17.15589152177807,20,17.684390629202152,adaptive,masked_psnr,384,8,flame_supported,dose_r75_s5_h128_20k
9.612834794915955,7.862212890084573,20,8.738593456962551,adaptive,masked_psnr,384,8,flame_unsupported,dose_r75_s5_h128_20k
13.574507661151666,11.97865958205805,20,12.783903170998544,adaptive,masked_psnr,384,8,foreground,dose_r75_s5_h128_20k
14.5781586316643,12.968312433469304,20,13.772066293232205,adaptive,masked_psnr,384,8,full_frame,dose_r75_s5_h128_20k
16.42407289057977,15.44539377454174,20,15.94041818268226,adaptive,masked_psnr,384,8,head_foreground,dose_r75_s5_h128_20k
18.635534590906943,17.682336491932094,20,18.165591885698568,adaptive,masked_psnr,384,8,head_supported,dose_r75_s5_h128_20k
10.281476952648942,8.975798690136942,20,9.623765204168304,adaptive,masked_psnr,384,8,head_unsupported,dose_r75_s5_h128_20k
20.194333786979833,19.034725152997368,20,19.605131883346584,adaptive,masked_psnr,384,8,oral,dose_r75_s5_h128_20k
10.711891215679803,8.588410981827515,20,9.617395089194117,adaptive,masked_psnr,384,8,torso_outside_head_roi,dose_r75_s5_h128_20k
21.591437116512328,14.598719052307608,20,17.497462097583053,adaptive,masked_psnr,8,1,background,primary_s5_h128_20k
21.138305762503624,19.632454435780716,20,20.45059754480642,adaptive,masked_psnr,8,1,eyes,primary_s5_h128_20k
15.903171834019815,14.465309870646596,20,15.204222449292326,adaptive,masked_psnr,8,1,flame_supported,primary_s5_h128_20k
8.220368894883036,6.46423295309543,20,7.335619262302197,adaptive,masked_psnr,8,1,flame_unsupported,primary_s5_h128_20k
12.006620502090927,10.315217879512288,20,11.13813535367063,adaptive,masked_psnr,8,1,foreground,primary_s5_h128_20k
12.844578386499787,11.644256191422878,20,12.219426972440614,adaptive,masked_psnr,8,1,full_frame,primary_s5_h128_20k
14.458633059205598,12.770266382107419,20,13.61738951706449,adaptive,masked_psnr,8,1,head_foreground,primary_s5_h128_20k
16.79918368145206,15.203902266950703,20,16.018953260074433,adaptive,masked_psnr,8,1,head_supported,primary_s5_h128_20k
8.698024485388187,6.634030940174729,20,7.613430833114487,adaptive,masked_psnr,8,1,head_unsupported,primary_s5_h128_20k
20.486629015106626,18.59836264077981,20,19.452909054442333,adaptive,masked_psnr,8,1,oral,primary_s5_h128_20k
8.920785063401713,7.168143837676363,20,8.046526711828431,adaptive,masked_psnr,8,1,torso_outside_head_roi,primary_s5_h128_20k
21.52836329153509,14.798453471563523,20,17.680611458848634,adaptive,masked_psnr,8,4,background,primary_s5_h128_20k
20.734353209180597,19.418281752941898,20,20.090146631984297,adaptive,masked_psnr,8,4,eyes,primary_s5_h128_20k
16.31819636628464,14.925024776048154,20,15.615789758127814,adaptive,masked_psnr,8,4,flame_supported,primary_s5_h128_20k
8.359030993852034,6.502614300123287,20,7.407191962767901,adaptive,masked_psnr,8,4,flame_unsupported,primary_s5_h128_20k
12.147473083159927,10.508142754744512,20,11.306910712458974,adaptive,masked_psnr,8,4,foreground,primary_s5_h128_20k
12.96281907877809,11.757401857243488,20,12.346613903010725,adaptive,masked_psnr,8,4,full_frame,primary_s5_h128_20k
14.407645235535234,12.844664599853736,20,13.632534910057302,adaptive,masked_psnr,8,4,head_foreground,primary_s5_h128_20k
17.12206056461582,15.604878980573014,20,16.387642796243533,adaptive,masked_psnr,8,4,head_supported,primary_s5_h128_20k
8.292368651059293,6.247746445752279,20,7.230997725413974,adaptive,masked_psnr,8,4,head_unsupported,primary_s5_h128_20k
20.55918258432792,18.539089526710303,20,19.423477055594507,adaptive,masked_psnr,8,4,oral,primary_s5_h128_20k
9.182409861844036,7.417623202304629,20,8.280380309698938,adaptive,masked_psnr,8,4,torso_outside_head_roi,primary_s5_h128_20k
20.98958997080362,14.895884874814959,20,17.590720910295826,adaptive,masked_psnr,8,8,background,primary_s5_h128_20k
20.627657359729135,19.258691857670996,20,19.964610315098838,adaptive,masked_psnr,8,8,eyes,primary_s5_h128_20k
16.272499557370416,14.935160756570129,20,15.593113422055882,adaptive,masked_psnr,8,8,flame_supported,primary_s5_h128_20k
8.413571925388748,6.471929486267558,20,7.435704008449891,adaptive,masked_psnr,8,8,flame_unsupported,primary_s5_h128_20k
12.140820511342318,10.43259112247054,20,11.270648017259713,adaptive,masked_psnr,8,8,foreground,primary_s5_h128_20k
13.022720043587798,11.736487579395089,20,12.362875257839173,adaptive,masked_psnr,8,8,full_frame,primary_s5_h128_20k
14.45074695085309,12.861030792975185,20,13.644382376408382,adaptive,masked_psnr,8,8,head_foreground,primary_s5_h128_20k
17.112190717563763,15.680839256447713,20,16.40509064449693,adaptive,masked_psnr,8,8,head_supported,primary_s5_h128_20k
8.247057763503788,6.197041209165283,20,7.208255843031461,adaptive,masked_psnr,8,8,head_unsupported,primary_s5_h128_20k
19.724386258585707,18.533834809948974,20,19.131000666153202,adaptive,masked_psnr,8,8,oral,primary_s5_h128_20k
9.236691531607798,7.442209845580032,20,8.322350317608521,adaptive,masked_psnr,8,8,torso_outside_head_roi,primary_s5_h128_20k
20.676556338116566,16.632064857005787,20,18.473891431295122,hard,masked_psnr,8,1,background,primary_s5_h128_20k
21.07352827049182,19.96753689137165,20,20.523824862319305,hard,masked_psnr,8,1,eyes,primary_s5_h128_20k
17.38654839733079,16.504790352525482,20,16.945980319846633,hard,masked_psnr,8,1,flame_supported,primary_s5_h128_20k
5.595688776326778,3.386708638492703,20,4.414549420794462,hard,masked_psnr,8,1,flame_unsupported,primary_s5_h128_20k
10.335413963015272,8.22549313614295,20,9.227435718876254,hard,masked_psnr,8,1,foreground,primary_s5_h128_20k
12.164068369969907,10.308938692810054,20,11.209317547749432,hard,masked_psnr,8,1,full_frame,primary_s5_h128_20k
14.587188982657175,12.578762985777658,20,13.563895225279206,hard,masked_psnr,8,1,head_foreground,primary_s5_h128_20k
18.5758752748472,17.818451913224656,20,18.183418123091876,hard,masked_psnr,8,1,head_supported,primary_s5_h128_20k
6.736902738814983,4.715711894543964,20,5.682162233224718,hard,masked_psnr,8,1,head_unsupported,primary_s5_h128_20k
21.16366878601256,19.536418588042462,20,20.263056601438667,hard,masked_psnr,8,1,oral,primary_s5_h128_20k
6.538951327538218,4.132388194506348,20,5.224159151791164,hard,masked_psnr,8,1,torso_outside_head_roi,primary_s5_h128_20k
20.48423638718531,16.547886556958222,20,18.391946066830762,hard,masked_psnr,8,4,background,primary_s5_h128_20k
20.935317712508855,19.950795390313257,20,20.426794835850963,hard,masked_psnr,8,4,eyes,primary_s5_h128_20k
17.847185046648864,16.92920483166226,20,17.397876712372245,hard,masked_psnr,8,4,flame_supported,primary_s5_h128_20k
5.591274767445799,3.410441126471599,20,4.42432887494322,hard,masked_psnr,8,4,flame_unsupported,primary_s5_h128_20k
10.439760214389926,8.321534185714254,20,9.307488228302407,hard,masked_psnr,8,4,foreground,primary_s5_h128_20k
12.263133218130546,10.324047352538189,20,11.244857657878395,hard,masked_psnr,8,4,full_frame,primary_s5_h128_20k
14.810210801804285,12.724272667522815,20,13.762673268841866,hard,masked_psnr,8,4,head_foreground,primary_s5_h128_20k
19.244847105296234,18.412826519072887,20,18.835740081885575,hard,masked_psnr,8,4,head_supported,primary_s5_h128_20k
6.689950909149224,4.676478923285893,20,5.655086243452113,hard,masked_psnr,8,4,head_unsupported,primary_s5_h128_20k
21.46933166273142,19.626935342517086,20,20.422871489768117,hard,masked_psnr,8,4,oral,primary_s5_h128_20k
6.536952637539619,4.1536047941018,20,5.257085883382799,hard,masked_psnr,8,4,torso_outside_head_roi,primary_s5_h128_20k
20.156419506776484,16.536816587519354,20,18.278903505464825,hard,masked_psnr,8,8,background,primary_s5_h128_20k
20.724976830470457,19.705482052788497,20,20.205472546662683,hard,masked_psnr,8,8,eyes,primary_s5_h128_20k
18.027520355475648,17.064461657607602,20,17.55322106543229,hard,masked_psnr,8,8,flame_supported,primary_s5_h128_20k
5.6474619119260625,3.396225196382238,20,4.440906727154957,hard,masked_psnr,8,8,flame_unsupported,primary_s5_h128_20k
10.455935383439051,8.258517550274611,20,9.282131700950686,hard,masked_psnr,8,8,foreground,primary_s5_h128_20k
12.28681035142211,10.31391659140809,20,11.25063628175227,hard,masked_psnr,8,8,full_frame,primary_s5_h128_20k
14.904178023518718,12.832898369556828,20,13.861456505740748,hard,masked_psnr,8,8,head_foreground,primary_s5_h128_20k
19.4749855981944,18.610572745977656,20,19.040788239218603,hard,masked_psnr,8,8,head_supported,primary_s5_h128_20k
6.7120494598136595,4.749837353418111,20,5.700078380515755,hard,masked_psnr,8,8,head_unsupported,primary_s5_h128_20k
20.57547795197874,19.603755548438166,20,20.058126799836558,hard,masked_psnr,8,8,oral,primary_s5_h128_20k
6.603959476032871,4.165454160087858,20,5.295347317670114,hard,masked_psnr,8,8,torso_outside_head_roi,primary_s5_h128_20k
21.752936771941663,14.920694113999613,20,17.7660942603611,released,masked_psnr,8,1,background,primary_s5_h128_20k
20.825960439507273,19.28534755235492,20,20.075752617724348,released,masked_psnr,8,1,eyes,primary_s5_h128_20k
16.087743991262514,14.64727010113549,20,15.365705962207993,released,masked_psnr,8,1,flame_supported,primary_s5_h128_20k
8.105068211425252,6.0729075512080755,20,7.0654800880082105,released,masked_psnr,8,1,flame_unsupported,primary_s5_h128_20k
11.921246182728234,10.047579898142233,20,10.95633768618386,released,masked_psnr,8,1,foreground,primary_s5_h128_20k
12.806223494048776,11.528013770136987,20,12.13947996601507,released,masked_psnr,8,1,full_frame,primary_s5_h128_20k
14.31240351775482,12.601580692294295,20,13.46573026955843,released,masked_psnr,8,1,head_foreground,primary_s5_h128_20k
16.773465750073164,15.360834645296114,20,16.07536729600312,released,masked_psnr,8,1,head_supported,primary_s5_h128_20k
8.199376987194992,6.260075085563188,20,7.223920685795756,released,masked_psnr,8,1,head_unsupported,primary_s5_h128_20k
20.85416715718431,18.957710230435882,20,19.80899671891293,released,masked_psnr,8,1,oral,primary_s5_h128_20k
8.864006779882706,6.842908395886252,20,7.8128914236578595,released,masked_psnr,8,1,torso_outside_head_roi,primary_s5_h128_20k
22.00715112570783,14.983923613861831,20,17.986196272387694,released,masked_psnr,8,4,background,primary_s5_h128_20k
20.60520938214748,19.057398233644047,20,19.84567475770314,released,masked_psnr,8,4,eyes,primary_s5_h128_20k
16.38320330702877,15.098238708862954,20,15.746000565627531,released,masked_psnr,8,4,flame_supported,primary_s5_h128_20k
8.280986309207726,6.293802606094346,20,7.276756386375079,released,masked_psnr,8,4,flame_unsupported,primary_s5_h128_20k
12.130838033389788,10.365491083696552,20,11.228847969973627,released,masked_psnr,8,4,foreground,primary_s5_h128_20k
12.9724294734886,11.692161144179515,20,12.33017837320477,released,masked_psnr,8,4,full_frame,primary_s5_h128_20k
14.518057531030143,12.812646427495082,20,13.667907091402114,released,masked_psnr,8,4,head_foreground,primary_s5_h128_20k
17.13912639818029,15.766782430643124,20,16.463704097831226,released,masked_psnr,8,4,head_supported,primary_s5_h128_20k
8.129531636551276,6.200894349647465,20,7.165334594769367,released,masked_psnr,8,4,head_unsupported,primary_s5_h128_20k
20.950939346162357,18.797074349101766,20,19.715609904474974,released,masked_psnr,8,4,oral,primary_s5_h128_20k
9.056882354720196,7.222920741606917,20,8.149704050140029,released,masked_psnr,8,4,torso_outside_head_roi,primary_s5_h128_20k
21.51495747734251,15.069333293070668,20,17.90281546417369,released,masked_psnr,8,8,background,primary_s5_h128_20k
20.450722389519196,19.096095156669275,20,19.803170061729098,released,masked_psnr,8,8,eyes,primary_s5_h128_20k
16.53913062408664,15.229894117027195,20,15.866847375766133,released,masked_psnr,8,8,flame_supported,primary_s5_h128_20k
8.431131787271262,6.38571624207841,20,7.399986975208337,released,masked_psnr,8,8,flame_unsupported,primary_s5_h128_20k
12.227479678290281,10.407673547925867,20,11.306866133495856,released,masked_psnr,8,8,foreground,primary_s5_h128_20k
13.16253449855662,11.729487537000145,20,12.422569392558282,released,masked_psnr,8,8,full_frame,primary_s5_h128_20k
14.618145425331042,12.85887123067413,20,13.738373522846809,released,masked_psnr,8,8,head_foreground,primary_s5_h128_20k
17.2519183598548,15.845808486594953,20,16.54488556448865,released,masked_psnr,8,8,head_supported,primary_s5_h128_20k
8.174440091504263,6.2156798933559685,20,7.188142384822022,released,masked_psnr,8,8,head_unsupported,primary_s5_h128_20k
20.02637192747213,18.888009245780008,20,19.446284783194805,released,masked_psnr,8,8,oral,primary_s5_h128_20k
9.32854997761986,7.415953091339191,20,8.367710809971072,released,masked_psnr,8,8,torso_outside_head_roi,primary_s5_h128_20k
18.288664869215395,13.501403277667084,20,15.497899832598387,adaptive,masked_psnr,32,1,background,primary_s5_h128_20k
21.22859144041075,20.278384802706547,20,20.74466206291065,adaptive,masked_psnr,32,1,eyes,primary_s5_h128_20k
17.12098330046061,15.978122077216312,20,16.537156039850025,adaptive,masked_psnr,32,1,flame_supported,primary_s5_h128_20k
10.830481768226885,9.395698594363106,20,10.116819745743292,adaptive,masked_psnr,32,1,flame_unsupported,primary_s5_h128_20k
14.047017615714804,12.868607911213065,20,13.45055172528699,adaptive,masked_psnr,32,1,foreground,primary_s5_h128_20k
14.138267238621365,12.931367039133917,20,13.539828582570044,adaptive,masked_psnr,32,1,full_frame,primary_s5_h128_20k
15.83702713119812,14.75988373485536,20,15.28710251706381,adaptive,masked_psnr,32,1,head_foreground,primary_s5_h128_20k
17.57295522129584,16.365351787249285,20,16.962613031177828,adaptive,masked_psnr,32,1,head_supported,primary_s5_h128_20k
11.00304998831063,9.14727897580282,20,10.080316264507438,adaptive,masked_psnr,32,1,head_unsupported,primary_s5_h128_20k
20.50536527520261,18.68694664917667,20,19.52685113827974,adaptive,masked_psnr,32,1,oral,primary_s5_h128_20k
11.926606848461905,10.40818282935582,20,11.179709869403512,adaptive,masked_psnr,32,1,torso_outside_head_roi,primary_s5_h128_20k
18.5243611942803,13.63471764217229,20,15.683180250364813,adaptive,masked_psnr,32,4,background,primary_s5_h128_20k
21.126353705614722,20.12073809700346,20,20.60957719306646,adaptive,masked_psnr,32,4,eyes,primary_s5_h128_20k
17.57007079516166,16.408781834628694,20,16.98592696690107,adaptive,masked_psnr,32,4,flame_supported,primary_s5_h128_20k
10.874651696252528,9.324651719673799,20,10.129026489592693,adaptive,masked_psnr,32,4,flame_unsupported,primary_s5_h128_20k
14.192976827404825,12.963550581654843,20,13.595010640640874,adaptive,masked_psnr,32,4,foreground,primary_s5_h128_20k
14.334158468012953,13.05350405239192,20,13.712039340654915,adaptive,masked_psnr,32,4,full_frame,primary_s5_h128_20k
16.000489588296567,14.947320717967138,20,15.4751576486641,adaptive,masked_psnr,32,4,head_foreground,primary_s5_h128_20k
17.988069263489592,16.808963677868608,20,17.404949683017506,adaptive,masked_psnr,32,4,head_supported,primary_s5_h128_20k
10.831532273315167,8.912394859298365,20,9.896644944412348,adaptive,masked_psnr,32,4,head_unsupported,primary_s5_h128_20k
20.729991086734742,18.65995067833121,20,19.573643831612006,adaptive,masked_psnr,32,4,oral,primary_s5_h128_20k
12.092290081187462,10.506857710674309,20,11.314494128867157,adaptive,masked_psnr,32,4,torso_outside_head_roi,primary_s5_h128_20k
18.721304247382296,13.57048521064118,20,15.740837377595636,adaptive,masked_psnr,32,8,background,primary_s5_h128_20k
21.0356733850429,19.994704807625453,20,20.501934882449397,adaptive,masked_psnr,32,8,eyes,primary_s5_h128_20k
17.66095975044918,16.506490517749455,20,17.09063435557307,adaptive,masked_psnr,32,8,flame_supported,primary_s5_h128_20k
10.951068250745202,9.490726329276908,20,10.24131057346636,adaptive,masked_psnr,32,8,flame_unsupported,primary_s5_h128_20k
14.268183471057583,13.062550586998608,20,13.69166510110243,adaptive,masked_psnr,32,8,foreground,primary_s5_h128_20k
14.448236924697873,13.093600762626082,20,13.78329005181493,adaptive,masked_psnr,32,8,full_frame,primary_s5_h128_20k
16.064752784130654,15.11129822954407,20,15.57765532400452,adaptive,masked_psnr,32,8,head_foreground,primary_s5_h128_20k
18.060924213404196,16.94689286656615,20,17.516514043451583,adaptive,masked_psnr,32,8,head_supported,primary_s5_h128_20k
10.767637796911139,9.074209230911285,20,9.922277581421383,adaptive,masked_psnr,32,8,head_unsupported,primary_s5_h128_20k
19.807441816575942,18.56054389295819,20,19.169078459315937,adaptive,masked_psnr,32,8,oral,primary_s5_h128_20k
12.250056583893581,10.548212010584795,20,11.410744253893872,adaptive,masked_psnr,32,8,torso_outside_head_roi,primary_s5_h128_20k
20.24273133981854,16.54404034107376,20,18.282135913196484,hard,masked_psnr,32,1,background,primary_s5_h128_20k
21.306361200653544,20.318463764055366,20,20.812241936246746,hard,masked_psnr,32,1,eyes,primary_s5_h128_20k
17.495484401935357,16.551064463080525,20,17.021866792119773,hard,masked_psnr,32,1,flame_supported,primary_s5_h128_20k
5.583584431274566,3.411122021149025,20,4.429261712840869,hard,masked_psnr,32,1,flame_unsupported,primary_s5_h128_20k
10.425708480480221,8.258518966846612,20,9.271821541004892,hard,masked_psnr,32,1,foreground,primary_s5_h128_20k
12.26622038991666,10.311978524792385,20,11.26150500437303,hard,masked_psnr,32,1,full_frame,primary_s5_h128_20k
14.639933461406933,12.631613134837549,20,13.61432249075143,hard,masked_psnr,32,1,head_foreground,primary_s5_h128_20k
18.604895571673943,17.80764544439665,20,18.207694938851496,hard,masked_psnr,32,1,head_supported,primary_s5_h128_20k
6.764902433380091,4.756224153958128,20,5.71879890486219,hard,masked_psnr,32,1,head_unsupported,primary_s5_h128_20k
21.212733699751812,19.52823726028586,20,20.275888387323427,hard,masked_psnr,32,1,oral,primary_s5_h128_20k
6.591431779950396,4.143697012434379,20,5.273850132832693,hard,masked_psnr,32,1,torso_outside_head_roi,primary_s5_h128_20k
20.218233347990758,16.485821883955932,20,18.25406739889238,hard,masked_psnr,32,4,background,primary_s5_h128_20k
21.253055913977253,20.272333402507194,20,20.74874759202612,hard,masked_psnr,32,4,eyes,primary_s5_h128_20k
18.077282924452287,17.06124963174327,20,17.577121724927746,hard,masked_psnr,32,4,flame_supported,primary_s5_h128_20k
5.605369180281839,3.4153645268628803,20,4.4367293220103265,hard,masked_psnr,32,4,flame_unsupported,primary_s5_h128_20k
10.500426344047174,8.327739746292206,20,9.362281108407965,hard,masked_psnr,32,4,foreground,primary_s5_h128_20k
12.326937225274786,10.35497908250963,20,11.303978513563196,hard,masked_psnr,32,4,full_frame,primary_s5_h128_20k
14.898139346712652,12.808872565370333,20,13.851217858443686,hard,masked_psnr,32,4,head_foreground,primary_s5_h128_20k
19.43905149593456,18.518813666723595,20,18.991884468896956,hard,masked_psnr,32,4,head_supported,primary_s5_h128_20k
6.72066457970576,4.7300557681148065,20,5.689997865475005,hard,masked_psnr,32,4,head_unsupported,primary_s5_h128_20k
21.639656464612262,19.7999437294091,20,20.593036717270383,hard,masked_psnr,32,4,oral,primary_s5_h128_20k
6.621272160040278,4.163921869598946,20,5.306387619359595,hard,masked_psnr,32,4,torso_outside_head_roi,primary_s5_h128_20k
19.85586407775255,16.498932301242494,20,18.100183531470474,hard,masked_psnr,32,8,background,primary_s5_h128_20k
21.03213632984369,20.042819026258915,20,20.522647085187963,hard,masked_psnr,32,8,eyes,primary_s5_h128_20k
18.185345497988582,17.14556957462117,20,17.676336823480792,hard,masked_psnr,32,8,flame_supported,primary_s5_h128_20k
5.6316227631708315,3.4196642489339437,20,4.450362898635625,hard,masked_psnr,32,8,flame_unsupported,primary_s5_h128_20k
10.492603888019776,8.278455389193523,20,9.320927039384134,hard,masked_psnr,32,8,foreground,primary_s5_h128_20k
12.340079229156656,10.317834656321864,20,11.291109939468193,hard,masked_psnr,32,8,full_frame,primary_s5_h128_20k
14.985432242952404,12.879250773313933,20,13.919064835780835,hard,masked_psnr,32,8,head_foreground,primary_s5_h128_20k
19.600125842104525,18.65735481948525,20,19.13052431133682,hard,masked_psnr,32,8,head_supported,primary_s5_h128_20k
6.729162720365416,4.7868061513434945,20,5.722663199281697,hard,masked_psnr,32,8,head_unsupported,primary_s5_h128_20k
20.726102706117594,19.726123930699885,20,20.19234692154669,hard,masked_psnr,32,8,oral,primary_s5_h128_20k
6.6811252335915325,4.172366100273803,20,5.333687788312811,hard,masked_psnr,32,8,torso_outside_head_roi,primary_s5_h128_20k
18.58807214680421,13.659686788354048,20,15.749701362601243,released,masked_psnr,32,1,background,primary_s5_h128_20k
20.931299601712816,19.663358894523693,20,20.2979649876513,released,masked_psnr,32,1,eyes,primary_s5_h128_20k
17.14970998808174,15.973869324896995,20,16.557041924023544,released,masked_psnr,32,1,flame_supported,primary_s5_h128_20k
10.815421182638854,9.51627444304725,20,10.17923755072022,released,masked_psnr,32,1,flame_unsupported,primary_s5_h128_20k
14.107594016395371,12.891734529121416,20,13.506678000878495,released,masked_psnr,32,1,foreground,primary_s5_h128_20k
14.284794688668661,12.980140651051972,20,13.627147041991128,released,masked_psnr,32,1,full_frame,primary_s5_h128_20k
15.847867962034385,14.831198781629382,20,15.318081758889814,released,masked_psnr,32,1,head_foreground,primary_s5_h128_20k
17.562596378114513,16.397379162560707,20,16.97408754895761,released,masked_psnr,32,1,head_supported,primary_s5_h128_20k
11.047045119008917,9.220376635639727,20,10.133485610125327,released,masked_psnr,32,1,head_unsupported,primary_s5_h128_20k
20.989978330964796,19.158484279402224,20,19.95620498970757,released,masked_psnr,32,1,oral,primary_s5_h128_20k
11.892335337845045,10.449874057212417,20,11.196516355518243,released,masked_psnr,32,1,torso_outside_head_roi,primary_s5_h128_20k
19.102732237690397,13.711868622169453,20,15.976938590517658,released,masked_psnr,32,4,background,primary_s5_h128_20k
20.774233818097233,19.588789979136735,20,20.18717507090239,released,masked_psnr,32,4,eyes,primary_s5_h128_20k
17.612376598028828,16.453697918784798,20,17.047188985712324,released,masked_psnr,32,4,flame_supported,primary_s5_h128_20k
10.95266363241148,9.581147653921574,20,10.283254460026617,released,masked_psnr,32,4,flame_unsupported,primary_s5_h128_20k
14.307774199318047,13.087373690287837,20,13.722400880930644,released,masked_psnr,32,4,foreground,primary_s5_h128_20k
14.443288071581783,13.132236137897108,20,13.796131969334729,released,masked_psnr,32,4,full_frame,primary_s5_h128_20k
16.124565786154687,15.13188020498867,20,15.635993528915927,released,masked_psnr,32,4,head_foreground,primary_s5_h128_20k
17.98188552686673,16.88857927669821,20,17.433051355020876,released,masked_psnr,32,4,head_supported,primary_s5_h128_20k
11.009775071381698,9.318533385698357,20,10.161696912618044,released,masked_psnr,32,4,head_unsupported,primary_s5_h128_20k
21.0788979998808,19.02683374995427,20,19.918616666157526,released,masked_psnr,32,4,oral,primary_s5_h128_20k
11.989759679562855,10.550604921472441,20,11.296752103879907,released,masked_psnr,32,4,torso_outside_head_roi,primary_s5_h128_20k
18.859688486249304,13.711652760133322,20,15.855870758621483,released,masked_psnr,32,8,background,primary_s5_h128_20k
20.71968708694929,19.520720972804057,20,20.126678674686197,released,masked_psnr,32,8,eyes,primary_s5_h128_20k
17.68847205500119,16.530835372205086,20,17.102935902555995,released,masked_psnr,32,8,flame_supported,primary_s5_h128_20k
11.002848062923444,9.630763546219299,20,10.334226101293021,released,masked_psnr,32,8,flame_unsupported,primary_s5_h128_20k
14.356836180473625,13.115145219647,20,13.76544711701564,released,masked_psnr,32,8,foreground,primary_s5_h128_20k
14.540399382987745,13.139618155119813,20,13.838227029895766,released,masked_psnr,32,8,full_frame,primary_s5_h128_20k
16.18149315130113,15.16754314016653,20,15.676037020352439,released,masked_psnr,32,8,head_foreground,primary_s5_h128_20k
18.060888641534813,16.99638957934744,20,17.52015866790847,released,masked_psnr,32,8,head_supported,primary_s5_h128_20k
10.923625042603621,9.182273517025799,20,10.07198911785244,released,masked_psnr,32,8,head_unsupported,primary_s5_h128_20k
20.1303958449475,19.006226471027958,20,19.546705888512946,released,masked_psnr,32,8,oral,primary_s5_h128_20k
12.091553812191991,10.581065177169526,20,11.364616027684374,released,masked_psnr,32,8,torso_outside_head_roi,primary_s5_h128_20k
18.298773463152255,14.714406681350718,20,16.360686268751042,adaptive,masked_psnr,128,1,background,primary_s5_h128_20k
21.2874840253493,20.348817219460024,20,20.80977344978007,adaptive,masked_psnr,128,1,eyes,primary_s5_h128_20k
17.884978463716543,16.840132149665692,20,17.361071700292513,adaptive,masked_psnr,128,1,flame_supported,primary_s5_h128_20k
11.217150465955598,9.337383298300226,20,10.290697227196517,adaptive,masked_psnr,128,1,flame_unsupported,primary_s5_h128_20k
14.528647942997782,13.029561414929491,20,13.779832580248613,adaptive,masked_psnr,128,1,foreground,primary_s5_h128_20k
14.810268266912134,13.639861861296621,20,14.209716811137213,adaptive,masked_psnr,128,1,full_frame,primary_s5_h128_20k
16.209510307370362,15.042462085883134,20,15.662373059724477,adaptive,masked_psnr,128,1,head_foreground,primary_s5_h128_20k
18.256225475690833,17.119514442781615,20,17.699976701926495,adaptive,masked_psnr,128,1,head_supported,primary_s5_h128_20k
10.902495303160617,9.184913786317873,20,10.040935386406511,adaptive,masked_psnr,128,1,head_unsupported,primary_s5_h128_20k
20.709304886566052,18.901363789136603,20,19.726042139386756,adaptive,masked_psnr,128,1,oral,primary_s5_h128_20k
12.599324177779287,10.515110824135999,20,11.540382089539358,adaptive,masked_psnr,128,1,torso_outside_head_roi,primary_s5_h128_20k
18.27920994596411,14.22654370746113,20,15.973453230259489,adaptive,masked_psnr,128,4,background,primary_s5_h128_20k
21.099910087320474,20.181904483771184,20,20.632047551169133,adaptive,masked_psnr,128,4,eyes,primary_s5_h128_20k
18.199751086227362,17.18210419284723,20,17.6934424516331,adaptive,masked_psnr,128,4,flame_supported,primary_s5_h128_20k
11.184784225033061,9.26069181083803,20,10.249046679254503,adaptive,masked_psnr,128,4,flame_unsupported,primary_s5_h128_20k
14.586467839471275,13.06056037066631,20,13.850450429359688,adaptive,masked_psnr,128,4,foreground,primary_s5_h128_20k
14.68008821235194,13.466745186730005,20,14.071265323346537,adaptive,masked_psnr,128,4,full_frame,primary_s5_h128_20k
16.436519392321326,15.29468279926874,20,15.873037102320449,adaptive,masked_psnr,128,4,head_foreground,primary_s5_h128_20k
18.580847010318486,17.51118081124905,20,18.04026642688441,adaptive,masked_psnr,128,4,head_supported,primary_s5_h128_20k
10.868144243708834,9.258156364552805,20,10.066838492797265,adaptive,masked_psnr,128,4,head_unsupported,primary_s5_h128_20k
20.90585737884025,18.897338071206622,20,19.76251441778549,adaptive,masked_psnr,128,4,oral,primary_s5_h128_20k
12.528684688836622,10.360084993645216,20,11.45926916036808,adaptive,masked_psnr,128,4,torso_outside_head_roi,primary_s5_h128_20k
18.388695380841547,14.129669244258725,20,15.98648081689927,adaptive,masked_psnr,128,8,background,primary_s5_h128_20k
21.056378479045105,20.094049301446447,20,20.571685008390723,adaptive,masked_psnr,128,8,eyes,primary_s5_h128_20k
18.226609080911793,17.16541901093403,20,17.712758727390927,adaptive,masked_psnr,128,8,flame_supported,primary_s5_h128_20k
11.388787952246153,9.606801081848882,20,10.499923546133349,adaptive,masked_psnr,128,8,flame_unsupported,primary_s5_h128_20k
14.751915633172345,13.278433377446804,20,14.002556244148934,adaptive,masked_psnr,128,8,foreground,primary_s5_h128_20k
14.766600397839772,13.534830900025854,20,14.151823253593438,adaptive,masked_psnr,128,8,full_frame,primary_s5_h128_20k
16.510343950508837,15.458420505554873,20,15.976886552610097,adaptive,masked_psnr,128,8,head_foreground,primary_s5_h128_20k
18.606348931524956,17.509515443406222,20,18.060186404947387,adaptive,masked_psnr,128,8,head_supported,primary_s5_h128_20k
11.026877865481971,9.478308685049118,20,10.237869402648668,adaptive,masked_psnr,128,8,head_unsupported,primary_s5_h128_20k
19.93780538508548,18.813312278949596,20,19.37826754244741,adaptive,masked_psnr,128,8,oral,primary_s5_h128_20k
12.750800912672325,10.619854512354935,20,11.694027092243493,adaptive,masked_psnr,128,8,torso_outside_head_roi,primary_s5_h128_20k
20.502318523127794,16.796188915812053,20,18.522479750710286,hard,masked_psnr,128,1,background,primary_s5_h128_20k
21.355597664650137,20.231892137522845,20,20.783438749265123,hard,masked_psnr,128,1,eyes,primary_s5_h128_20k
17.706770836250772,16.68488475935163,20,17.185999807893154,hard,masked_psnr,128,1,flame_supported,primary_s5_h128_20k
5.597155470694766,3.3926934713781165,20,4.421712289283457,hard,masked_psnr,128,1,flame_unsupported,primary_s5_h128_20k
10.471413501977963,8.301331100322827,20,9.29960653131325,hard,masked_psnr,128,1,foreground,primary_s5_h128_20k
12.404703445030245,10.372464108427936,20,11.330595543070674,hard,masked_psnr,128,1,full_frame,primary_s5_h128_20k
14.742898505656857,12.6433978298066,20,13.673000835072475,hard,masked_psnr,128,1,head_foreground,primary_s5_h128_20k
18.785823256711083,17.940212151735455,20,18.35687570695658,hard,masked_psnr,128,1,head_supported,primary_s5_h128_20k
6.740383672291998,4.7464828241207115,20,5.709292553701353,hard,masked_psnr,128,1,head_unsupported,primary_s5_h128_20k
21.221656123721157,19.538293782141647,20,20.27706111190917,hard,masked_psnr,128,1,oral,primary_s5_h128_20k
6.6592838009956274,4.150079293738707,20,5.3188025636039615,hard,masked_psnr,128,1,torso_outside_head_roi,primary_s5_h128_20k
20.32787100422799,16.644302416927747,20,18.376896807386494,hard,masked_psnr,128,4,background,primary_s5_h128_20k
21.147116625995505,20.089541690088403,20,20.609920416613566,hard,masked_psnr,128,4,eyes,primary_s5_h128_20k
18.22366625349786,17.136187827096105,20,17.68583175034549,hard,masked_psnr,128,4,flame_supported,primary_s5_h128_20k
5.594987592518179,3.415174564620257,20,4.435389683389432,hard,masked_psnr,128,4,flame_unsupported,primary_s5_h128_20k
10.558501450620621,8.35722590498903,20,9.386793962302825,hard,masked_psnr,128,4,foreground,primary_s5_h128_20k
12.425756648973552,10.363125002668157,20,11.35567077427741,hard,masked_psnr,128,4,full_frame,primary_s5_h128_20k
14.943236586118564,12.832626683814219,20,13.886547885695597,hard,masked_psnr,128,4,head_foreground,primary_s5_h128_20k
19.550577749850717,18.62392312934951,20,19.08003112766898,hard,masked_psnr,128,4,head_supported,primary_s5_h128_20k
6.699301872523569,4.746106022825784,20,5.6919911564727546,hard,masked_psnr,128,4,head_unsupported,primary_s5_h128_20k
21.64276457397281,19.847212295620213,20,20.607309301935754,hard,masked_psnr,128,4,oral,primary_s5_h128_20k
6.735651552485788,4.197208317300727,20,5.346442560211399,hard,masked_psnr,128,4,torso_outside_head_roi,primary_s5_h128_20k
19.972683567865083,16.542143675730394,20,18.214920710627048,hard,masked_psnr,128,8,background,primary_s5_h128_20k
20.948698158053826,19.897852354074782,20,20.399835815491677,hard,masked_psnr,128,8,eyes,primary_s5_h128_20k
18.28281034418822,17.197439036981795,20,17.743015663407995,hard,masked_psnr,128,8,flame_supported,primary_s5_h128_20k
5.618533447060873,3.3991826794374327,20,4.449045535094632,hard,masked_psnr,128,8,flame_unsupported,primary_s5_h128_20k
10.525977328266775,8.29735863554563,20,9.33668322794106,hard,masked_psnr,128,8,foreground,primary_s5_h128_20k
12.42310011409408,10.341322292312821,20,11.335797416143176,hard,masked_psnr,128,8,full_frame,primary_s5_h128_20k
14.998702898431178,12.887434399556549,20,13.939754001375245,hard,masked_psnr,128,8,head_foreground,primary_s5_h128_20k
19.65144846850052,18.69227266904853,20,19.16924859574853,hard,masked_psnr,128,8,head_supported,primary_s5_h128_20k
6.7456812730812326,4.785927743351506,20,5.722369751632284,hard,masked_psnr,128,8,head_unsupported,primary_s5_h128_20k
20.696903327591563,19.75754555141522,20,20.191289995196335,hard,masked_psnr,128,8,oral,primary_s5_h128_20k
6.765147880335775,4.165057635243323,20,5.364388355607457,hard,masked_psnr,128,8,torso_outside_head_roi,primary_s5_h128_20k
18.81090094682236,14.900717425729416,20,16.721678578418434,released,masked_psnr,128,1,background,primary_s5_h128_20k
21.255601053950745,20.149639476081152,20,20.6881701589148,released,masked_psnr,128,1,eyes,primary_s5_h128_20k
17.856092814752355,16.726002325755445,20,17.299413423246552,released,masked_psnr,128,1,flame_supported,primary_s5_h128_20k
11.639848524236585,9.79796770450786,20,10.731909047899924,released,masked_psnr,128,1,flame_unsupported,primary_s5_h128_20k
14.748100444164415,13.38891027565087,20,14.078541584674207,released,masked_psnr,128,1,foreground,primary_s5_h128_20k
15.102993382360912,13.809545737606417,20,14.463257256811588,released,masked_psnr,128,1,full_frame,primary_s5_h128_20k
16.404624305895666,15.17755522397893,20,15.810707254155844,released,masked_psnr,128,1,head_foreground,primary_s5_h128_20k
18.237969980273423,17.041064566655834,20,17.65868132549499,released,masked_psnr,128,1,head_supported,primary_s5_h128_20k
11.283619562281345,9.615723535630925,20,10.430882349340383,released,masked_psnr,128,1,head_unsupported,primary_s5_h128_20k
21.086085658853968,19.276243567034065,20,20.083719068909538,released,masked_psnr,128,1,oral,primary_s5_h128_20k
12.877800975106403,11.005771547663716,20,11.958489530090148,released,masked_psnr,128,1,torso_outside_head_roi,primary_s5_h128_20k
18.919339146888415,14.290188472908815,20,16.34448849079663,released,masked_psnr,128,4,background,primary_s5_h128_20k
21.23277309116527,20.110386005229437,20,20.653274982016036,released,masked_psnr,128,4,eyes,primary_s5_h128_20k
18.25080036070878,17.220610843978697,20,17.737045863660097,released,masked_psnr,128,4,flame_supported,primary_s5_h128_20k
11.598927517916872,9.853389819757952,20,10.731089715317124,released,masked_psnr,128,4,flame_unsupported,primary_s5_h128_20k
14.91286980806549,13.532507445996165,20,14.234017151989727,released,masked_psnr,128,4,foreground,primary_s5_h128_20k
15.041253459601354,13.701018019932176,20,14.371252316637495,released,masked_psnr,128,4,full_frame,primary_s5_h128_20k
16.660620382265538,15.460765572617648,20,16.075160215631737,released,masked_psnr,128,4,head_foreground,primary_s5_h128_20k
18.594278795086147,17.564712532682723,20,18.068320859260453,released,masked_psnr,128,4,head_supported,primary_s5_h128_20k
11.21895242044267,9.588252278641763,20,10.423220743174276,released,masked_psnr,128,4,head_unsupported,primary_s5_h128_20k
21.28580636772775,19.33586992502801,20,20.188015699499473,released,masked_psnr,128,4,oral,primary_s5_h128_20k
12.889300934749121,11.102154566743966,20,11.98187222615705,released,masked_psnr,128,4,torso_outside_head_roi,primary_s5_h128_20k
18.56824845722892,14.114122484464911,20,16.08374733648811,released,masked_psnr,128,8,background,primary_s5_h128_20k
21.114587947490026,20.07485285154037,20,20.56828382742669,released,masked_psnr,128,8,eyes,primary_s5_h128_20k
18.3074588541038,17.22991521279113,20,17.786232316834944,released,masked_psnr,128,8,flame_supported,primary_s5_h128_20k
11.745124988305141,10.055384371652304,20,10.90458407374425,released,masked_psnr,128,8,flame_unsupported,primary_s5_h128_20k
15.022862189229654,13.635198665386435,20,14.336593092081241,released,masked_psnr,128,8,foreground,primary_s5_h128_20k
15.11585545485159,13.691665310517662,20,14.38875873232873,released,masked_psnr,128,8,full_frame,primary_s5_h128_20k
16.738707673044498,15.592315049246059,20,16.171664988657582,released,masked_psnr,128,8,head_foreground,primary_s5_h128_20k
18.65920214775632,17.61212696476637,20,18.13312667739904,released,masked_psnr,128,8,head_supported,primary_s5_h128_20k
11.308665979957146,9.82931489034404,20,10.576119196201159,released,masked_psnr,128,8,head_unsupported,primary_s5_h128_20k
20.339056204818917,19.266733943635412,20,19.776418898009506,released,masked_psnr,128,8,oral,primary_s5_h128_20k
13.046993629283472,11.191832287806381,20,12.122715090915019,released,masked_psnr,128,8,torso_outside_head_roi,primary_s5_h128_20k
19.28066725478416,14.561240067451052,20,16.55290355051205,adaptive,masked_psnr,384,1,background,primary_s5_h128_20k
21.571202387590805,20.550522623243058,20,21.05852624034299,adaptive,masked_psnr,384,1,eyes,primary_s5_h128_20k
17.87792195979497,16.79387671696858,20,17.342307770285554,adaptive,masked_psnr,384,1,flame_supported,primary_s5_h128_20k
11.516605100875266,9.790094918084112,20,10.65409319692608,adaptive,masked_psnr,384,1,flame_unsupported,primary_s5_h128_20k
14.642144548421127,13.39299172678121,20,14.030444099701432,adaptive,masked_psnr,384,1,foreground,primary_s5_h128_20k
14.853182557237679,13.750604823519529,20,14.307213325864728,adaptive,masked_psnr,384,1,full_frame,primary_s5_h128_20k
16.210539880917334,15.11772019957195,20,15.683563191482387,adaptive,masked_psnr,384,1,head_foreground,primary_s5_h128_20k
18.28932543459227,17.091561722926375,20,17.697632137817543,adaptive,masked_psnr,384,1,head_supported,primary_s5_h128_20k
10.991450634865956,9.19801558327992,20,10.0651213290377,adaptive,masked_psnr,384,1,head_unsupported,primary_s5_h128_20k
20.774040337367385,18.921349080388605,20,19.757893610671594,adaptive,masked_psnr,384,1,oral,primary_s5_h128_20k
12.962336358206509,11.134104201573564,20,12.048898299603556,adaptive,masked_psnr,384,1,torso_outside_head_roi,primary_s5_h128_20k
19.05750698419232,14.314216882542164,20,16.287206325111853,adaptive,masked_psnr,384,4,background,primary_s5_h128_20k
21.254200025828915,20.2038049919382,20,20.711915062825284,adaptive,masked_psnr,384,4,eyes,primary_s5_h128_20k
18.15161206456145,17.08414969165684,20,17.630039071807587,adaptive,masked_psnr,384,4,flame_supported,primary_s5_h128_20k
11.402232914889373,9.766789479483682,20,10.590996001756547,adaptive,masked_psnr,384,4,flame_unsupported,primary_s5_h128_20k
14.714325342915483,13.488399977783496,20,14.095004304907736,adaptive,masked_psnr,384,4,foreground,primary_s5_h128_20k
14.845086427821544,13.717290301124105,20,14.275419236903847,adaptive,masked_psnr,384,4,full_frame,primary_s5_h128_20k
16.407751326116227,15.361230407226067,20,15.887079721389643,adaptive,masked_psnr,384,4,head_foreground,primary_s5_h128_20k
18.53852699020558,17.41083481879002,20,17.977033796915514,adaptive,masked_psnr,384,4,head_supported,primary_s5_h128_20k
11.014977386426686,9.322844211894738,20,10.14307361594639,adaptive,masked_psnr,384,4,head_unsupported,primary_s5_h128_20k
21.018916120230884,18.984995622691685,20,19.87508747527766,adaptive,masked_psnr,384,4,oral,primary_s5_h128_20k
12.817869388495348,11.096684186142472,20,11.938437999628226,adaptive,masked_psnr,384,4,torso_outside_head_roi,primary_s5_h128_20k
18.675876465160194,14.289517282033636,20,16.14798413547376,adaptive,masked_psnr,384,8,background,primary_s5_h128_20k
21.22201582537883,20.143162548145185,20,20.66590488269234,adaptive,masked_psnr,384,8,eyes,primary_s5_h128_20k
18.1947696976255,17.049167205901302,20,17.647605595536636,adaptive,masked_psnr,384,8,flame_supported,primary_s5_h128_20k
11.501148842199864,9.889703339590815,20,10.711689579725597,adaptive,masked_psnr,384,8,flame_unsupported,primary_s5_h128_20k
14.811121312420854,13.507540970657377,20,14.153629093022829,adaptive,masked_psnr,384,8,foreground,primary_s5_h128_20k
14.91581265998857,13.725201512470804,20,14.31269237740268,adaptive,masked_psnr,384,8,full_frame,primary_s5_h128_20k
16.446598774083768,15.420660964730075,20,15.928131834395378,adaptive,masked_psnr,384,8,head_foreground,primary_s5_h128_20k
18.579549398444435,17.432187897625262,20,18.01641224631597,adaptive,masked_psnr,384,8,head_supported,primary_s5_h128_20k
11.059134825512897,9.419350342238888,20,10.197482258900866,adaptive,masked_psnr,384,8,head_unsupported,primary_s5_h128_20k
20.038024383504936,18.885548619479334,20,19.473577791697288,adaptive,masked_psnr,384,8,oral,primary_s5_h128_20k
12.966180455192722,11.146911693440845,20,12.03178047193545,adaptive,masked_psnr,384,8,torso_outside_head_roi,primary_s5_h128_20k
20.478962115191216,16.833627906337966,20,18.553273310940828,hard,masked_psnr,384,1,background,primary_s5_h128_20k
21.432805303537656,20.290632560793508,20,20.840155710086133,hard,masked_psnr,384,1,eyes,primary_s5_h128_20k
17.761968898107185,16.728943468980017,20,17.23950542765072,hard,masked_psnr,384,1,flame_supported,primary_s5_h128_20k
5.584653526987116,3.395965630158741,20,4.421174116409096,hard,masked_psnr,384,1,flame_unsupported,primary_s5_h128_20k
10.455398463366077,8.261169456566655,20,9.305845699952686,hard,masked_psnr,384,1,foreground,primary_s5_h128_20k
12.38190457462168,10.380967511379264,20,11.32862603054469,hard,masked_psnr,384,1,full_frame,primary_s5_h128_20k
14.745209923629272,12.640580224608305,20,13.695259711736085,hard,masked_psnr,384,1,head_foreground,primary_s5_h128_20k
18.85135603013987,17.989747669654346,20,18.415354095837017,hard,masked_psnr,384,1,head_supported,primary_s5_h128_20k
6.7650475519008255,4.757173492246377,20,5.708036806989982,hard,masked_psnr,384,1,head_unsupported,primary_s5_h128_20k
21.32447209378993,19.66503625784998,20,20.385829591823775,hard,masked_psnr,384,1,oral,primary_s5_h128_20k
6.654348761590379,4.143210805330475,20,5.308512365631071,hard,masked_psnr,384,1,torso_outside_head_roi,primary_s5_h128_20k
20.380872818042846,16.727519238056207,20,18.459135103658525,hard,masked_psnr,384,4,background,primary_s5_h128_20k
21.199371927533193,20.089031583884253,20,20.6300415627882,hard,masked_psnr,384,4,eyes,primary_s5_h128_20k
18.281345472544466,17.210057766329943,20,17.75382236742202,hard,masked_psnr,384,4,flame_supported,primary_s5_h128_20k
5.590585440071223,3.423504666474972,20,4.432679209043625,hard,masked_psnr,384,4,flame_unsupported,primary_s5_h128_20k
10.55610358120663,8.352855643498863,20,9.39317456232033,hard,masked_psnr,384,4,foreground,primary_s5_h128_20k
12.436094989909945,10.408388772528252,20,11.365228853482144,hard,masked_psnr,384,4,full_frame,primary_s5_h128_20k
14.996199851195934,12.847300331940255,20,13.913502936770907,hard,masked_psnr,384,4,head_foreground,primary_s5_h128_20k
19.634001838742332,18.68436907653049,20,19.16778855677485,hard,masked_psnr,384,4,head_supported,primary_s5_h128_20k
6.710082108304986,4.7406178269058215,20,5.688044277278252,hard,masked_psnr,384,4,head_unsupported,primary_s5_h128_20k
21.70856056302039,19.896491111162955,20,20.664679807049186,hard,masked_psnr,384,4,oral,primary_s5_h128_20k
6.725836496433629,4.1615350547448635,20,5.34712770238286,hard,masked_psnr,384,4,torso_outside_head_roi,primary_s5_h128_20k
20.048535382124076,16.60300086063185,20,18.269278835473482,hard,masked_psnr,384,8,background,primary_s5_h128_20k
20.998853065939468,19.890826269833152,20,20.4300935832135,hard,masked_psnr,384,8,eyes,primary_s5_h128_20k
18.354331262495705,17.24583589201579,20,17.807095915446713,hard,masked_psnr,384,8,flame_supported,primary_s5_h128_20k
5.625087550334538,3.405209223910302,20,4.446993755010999,hard,masked_psnr,384,8,flame_unsupported,primary_s5_h128_20k
10.544890379045228,8.288032829633897,20,9.342911108415937,hard,masked_psnr,384,8,foreground,primary_s5_h128_20k
12.426958101309888,10.33071122540692,20,11.341553438140945,hard,masked_psnr,384,8,full_frame,primary_s5_h128_20k
15.06166525067982,12.919170536974619,20,13.965998841764044,hard,masked_psnr,384,8,head_foreground,primary_s5_h128_20k
19.743056884729253,18.785271654359207,20,19.25627025365506,hard,masked_psnr,384,8,head_supported,primary_s5_h128_20k
6.724878493447618,4.774550076108933,20,5.722240894394516,hard,masked_psnr,384,8,head_unsupported,primary_s5_h128_20k
20.78489332701602,19.827922486696604,20,20.272965865985604,hard,masked_psnr,384,8,oral,primary_s5_h128_20k
6.801522083887222,4.169755096941607,20,5.365363625369277,hard,masked_psnr,384,8,torso_outside_head_roi,primary_s5_h128_20k
18.02135656143365,14.984538925549993,20,16.436598882779627,released,masked_psnr,384,1,background,primary_s5_h128_20k
21.206749140872294,20.288845835464713,20,20.722721789490482,released,masked_psnr,384,1,eyes,primary_s5_h128_20k
18.013275046263466,16.963487220987673,20,17.48329301495029,released,masked_psnr,384,1,flame_supported,primary_s5_h128_20k
12.181469160303115,10.36316976780177,20,11.274059717635403,released,masked_psnr,384,1,flame_unsupported,primary_s5_h128_20k
15.150908095536925,13.776181758089072,20,14.4681305514106,released,masked_psnr,384,1,foreground,primary_s5_h128_20k
15.341647178735307,14.182927637706658,20,14.761672138165915,released,masked_psnr,384,1,full_frame,primary_s5_h128_20k
16.546362457251984,15.44447096344186,20,16.010323233165234,released,masked_psnr,384,1,head_foreground,primary_s5_h128_20k
18.357221151984092,17.267039431212865,20,17.806782431705805,released,masked_psnr,384,1,head_supported,primary_s5_h128_20k
11.468542742346886,9.932990948208342,20,10.676458119418335,released,masked_psnr,384,1,head_unsupported,primary_s5_h128_20k
20.8284683134808,19.107405438316338,20,19.899074346381067,released,masked_psnr,384,1,oral,primary_s5_h128_20k
13.638658512689474,11.529116456043441,20,12.593828805802993,released,masked_psnr,384,1,torso_outside_head_roi,primary_s5_h128_20k
17.60325911980824,14.63306153537411,20,16.021335596477343,released,masked_psnr,384,4,background,primary_s5_h128_20k
21.109085487539392,20.122014104909002,20,20.586084808158272,released,masked_psnr,384,4,eyes,primary_s5_h128_20k
18.441159638763892,17.378647542437427,20,17.926364299703113,released,masked_psnr,384,4,flame_supported,primary_s5_h128_20k
12.024777626554373,10.405884786310978,20,11.214763744348295,released,masked_psnr,384,4,flame_unsupported,primary_s5_h128_20k
15.220684455608954,13.969722617086894,20,14.605450692595573,released,masked_psnr,384,4,foreground,primary_s5_h128_20k
15.299704220533677,14.1792603824089,20,14.73409856049704,released,masked_psnr,384,4,full_frame,primary_s5_h128_20k
16.886378219308245,15.851683458722114,20,16.372722118414774,released,masked_psnr,384,4,head_foreground,primary_s5_h128_20k
18.7789314180879,17.74794829369263,20,18.273095641880325,released,masked_psnr,384,4,head_supported,primary_s5_h128_20k
11.551914986637263,10.104468711515171,20,10.807825885306054,released,masked_psnr,384,4,head_unsupported,primary_s5_h128_20k
21.079526175101883,19.13610083549532,20,20.01440598846963,released,masked_psnr,384,4,oral,primary_s5_h128_20k
13.355548740488816,11.51385640539064,20,12.439847710739306,released,masked_psnr,384,4,torso_outside_head_roi,primary_s5_h128_20k
17.245931074148203,14.386630091907444,20,15.711528476015635,released,masked_psnr,384,8,background,primary_s5_h128_20k
20.9299453845118,19.974515401613516,20,20.42632506863325,released,masked_psnr,384,8,eyes,primary_s5_h128_20k
18.457575951436432,17.336345554452357,20,17.917295950015394,released,masked_psnr,384,8,flame_supported,primary_s5_h128_20k
12.203759164598033,10.602575014256438,20,11.388023560088344,released,masked_psnr,384,8,flame_unsupported,primary_s5_h128_20k
15.327504768525857,14.022241219530859,20,14.681743051020556,released,masked_psnr,384,8,foreground,primary_s5_h128_20k
15.290007251749108,14.071391866067435,20,14.685278456408767,released,masked_psnr,384,8,full_frame,primary_s5_h128_20k
16.877088892197534,15.896649397556144,20,16.391289914009075,released,masked_psnr,384,8,head_foreground,primary_s5_h128_20k
18.79140846682952,17.735208395439894,20,18.273242251871842,released,masked_psnr,384,8,head_supported,primary_s5_h128_20k
11.615127763486328,10.233112035183044,20,10.902991693953377,released,masked_psnr,384,8,head_unsupported,primary_s5_h128_20k
20.145564003807273,19.03572652055343,20,19.576848484321278,released,masked_psnr,384,8,oral,primary_s5_h128_20k
13.577507040368003,11.627736749872753,20,12.582025460456705,released,masked_psnr,384,8,torso_outside_head_roi,primary_s5_h128_20k
0.07830639445558528,0.03973583955560939,20,0.05793602344947546,adaptive,masked_mae,8,1,background,capacity_s5_h512_20k
0.088195078384983,0.07239318599670597,20,0.07965431042293185,adaptive,masked_mae,8,1,eyes,capacity_s5_h512_20k
0.12924109462160882,0.10581816347701699,20,0.1172878751808341,adaptive,masked_mae,8,1,flame_supported,capacity_s5_h512_20k
0.38443170569679097,0.2987704566283114,20,0.34083960729709745,adaptive,masked_mae,8,1,flame_unsupported,capacity_s5_h512_20k
0.2065259651387509,0.16439347317380254,20,0.18502835372997298,adaptive,masked_mae,8,1,foreground,capacity_s5_h512_20k
0.14248711136340406,0.11487687773088699,20,0.12840607680197574,adaptive,masked_mae,8,1,full_frame,capacity_s5_h512_20k
0.15531039835376156,0.12639715687567368,20,0.13997981093508885,adaptive,masked_mae,8,1,head_foreground,capacity_s5_h512_20k
0.12052633881676886,0.09812765028180255,20,0.10887828142970504,adaptive,masked_mae,8,1,head_supported,capacity_s5_h512_20k
0.42109031692300747,0.3202881347955492,20,0.3700408004013358,adaptive,masked_mae,8,1,head_unsupported,capacity_s5_h512_20k
0.09235059673162116,0.08104771425177104,20,0.08676248114176228,adaptive,masked_mae,8,1,oral,capacity_s5_h512_20k
0.335294335792479,0.2590366493619181,20,0.2966086855278819,adaptive,masked_mae,8,1,torso_outside_head_roi,capacity_s5_h512_20k
0.07821146233679355,0.039905615755385065,20,0.05801881398565369,adaptive,masked_mae,8,4,background,capacity_s5_h512_20k
0.08227362156335258,0.07144533716936023,20,0.07691849732584731,adaptive,masked_mae,8,4,eyes,capacity_s5_h512_20k
0.11914767846798163,0.10059734625819092,20,0.10970552348926361,adaptive,masked_mae,8,4,flame_supported,capacity_s5_h512_20k
0.3768054123952566,0.2999424703271439,20,0.3375262572187293,adaptive,masked_mae,8,4,flame_unsupported,capacity_s5_h512_20k
0.19663257789233105,0.1599231352736598,20,0.17762189423928584,adaptive,masked_mae,8,4,foreground,capacity_s5_h512_20k
0.13695947116482027,0.11330611859950263,20,0.12471941492226937,adaptive,masked_mae,8,4,full_frame,capacity_s5_h512_20k
0.1482440345453442,0.1215351806006331,20,0.13407339109749064,adaptive,masked_mae,8,4,head_foreground,capacity_s5_h512_20k
0.11092540188933407,0.09302646759163637,20,0.10169530329809098,adaptive,masked_mae,8,4,head_supported,capacity_s5_h512_20k
0.42649493708854785,0.3299577358739132,20,0.3783224676000732,adaptive,masked_mae,8,4,head_unsupported,capacity_s5_h512_20k
0.09279871338618922,0.08293482473854683,20,0.0878590675926842,adaptive,masked_mae,8,4,oral,capacity_s5_h512_20k
0.3211325071610283,0.2581900761442354,20,0.2891740401497037,adaptive,masked_mae,8,4,torso_outside_head_roi,capacity_s5_h512_20k
0.07624816421078774,0.03902298753437645,20,0.05643096519531143,adaptive,masked_mae,8,8,background,capacity_s5_h512_20k
0.08293308813886517,0.07256203460216801,20,0.07778932628086416,adaptive,masked_mae,8,8,eyes,capacity_s5_h512_20k
0.11711786824641544,0.09896428250688069,20,0.10804252522719186,adaptive,masked_mae,8,8,flame_supported,capacity_s5_h512_20k
0.3718887952413515,0.29474997048983054,20,0.33245615544841584,adaptive,masked_mae,8,8,flame_unsupported,capacity_s5_h512_20k
0.19442179092810882,0.1589621452131111,20,0.17597876717380262,adaptive,masked_mae,8,8,foreground,capacity_s5_h512_20k
0.1348597635257812,0.1111442327305868,20,0.12258786427510251,adaptive,masked_mae,8,8,full_frame,capacity_s5_h512_20k
0.14593072566021123,0.12003239551701261,20,0.13232300342408015,adaptive,masked_mae,8,8,head_foreground,capacity_s5_h512_20k
0.10849706173455963,0.09150638317208176,20,0.0997478348906454,adaptive,masked_mae,8,8,head_supported,capacity_s5_h512_20k
0.4284957372494714,0.32896765333795747,20,0.3790867565531064,adaptive,masked_mae,8,8,head_unsupported,capacity_s5_h512_20k
0.0911813963220886,0.08080523501797869,20,0.08590799856545604,adaptive,masked_mae,8,8,oral,capacity_s5_h512_20k
0.3136127983536586,0.25085893645580143,20,0.282013590879373,adaptive,masked_mae,8,8,torso_outside_head_roi,capacity_s5_h512_20k
0.05109256221608725,0.03163189355330199,20,0.04110580440218274,hard,masked_mae,8,1,background,capacity_s5_h512_20k
0.0776558375665224,0.06850447680319895,20,0.07307321649635902,hard,masked_mae,8,1,eyes,capacity_s5_h512_20k
0.09970356285676055,0.09050500544154848,20,0.09498242669872137,hard,masked_mae,8,1,flame_supported,capacity_s5_h512_20k
0.6574386472094551,0.5206666234350605,20,0.5904694199086677,hard,masked_mae,8,1,flame_unsupported,capacity_s5_h512_20k
0.2683275605496994,0.2152049291834698,20,0.24224245617190002,hard,masked_mae,8,1,foreground,capacity_s5_h512_20k
0.17003899029108008,0.13369296887628784,20,0.15191072002805844,hard,masked_mae,8,1,full_frame,capacity_s5_h512_20k
0.14384350043040756,0.11610803942395122,20,0.1296656787654092,hard,masked_mae,8,1,head_foreground,capacity_s5_h512_20k
0.08754190746612961,0.07950994577908081,20,0.0834596463756973,hard,masked_mae,8,1,head_supported,capacity_s5_h512_20k
0.5419628650159115,0.4258401939831699,20,0.4833172809060537,hard,masked_mae,8,1,head_unsupported,capacity_s5_h512_20k
0.07982661852613714,0.07209382840938476,20,0.07601411509379413,hard,masked_mae,8,1,oral,capacity_s5_h512_20k
0.571036194404035,0.45465545806371815,20,0.5153442216419271,hard,masked_mae,8,1,torso_outside_head_roi,capacity_s5_h512_20k
0.05190906023192223,0.03184826134160946,20,0.041713163630455255,hard,masked_mae,8,4,background,capacity_s5_h512_20k
0.0784344961974199,0.07009784118706659,20,0.07435492542344332,hard,masked_mae,8,4,eyes,capacity_s5_h512_20k
0.09144033857329506,0.08264970372635812,20,0.08690027081505819,hard,masked_mae,8,4,flame_supported,capacity_s5_h512_20k
0.6563676330533681,0.5203796585561894,20,0.5897304286409903,hard,masked_mae,8,4,flame_unsupported,capacity_s5_h512_20k
0.2618182265078206,0.20976449066787275,20,0.23555916062753707,hard,masked_mae,8,4,foreground,capacity_s5_h512_20k
0.1668934012893365,0.13199562103349863,20,0.14968807039400983,hard,masked_mae,8,4,full_frame,capacity_s5_h512_20k
0.13465741048211025,0.10897986734024048,20,0.12160877319107313,hard,masked_mae,8,4,head_foreground,capacity_s5_h512_20k
0.07802949336398626,0.07101851135056025,20,0.07439787848660302,hard,masked_mae,8,4,head_supported,capacity_s5_h512_20k
0.5418507327548765,0.424720036567677,20,0.483812942315777,hard,masked_mae,8,4,head_unsupported,capacity_s5_h512_20k
0.078685842850512,0.07075738361922985,20,0.07479854552997453,hard,masked_mae,8,4,oral,capacity_s5_h512_20k
0.569211992589906,0.45351965599144745,20,0.5128285548839651,hard,masked_mae,8,4,torso_outside_head_roi,capacity_s5_h512_20k
0.05175961330395558,0.03132774209935002,20,0.04129207919536377,hard,masked_mae,8,8,background,capacity_s5_h512_20k
0.08049364306290104,0.07191016248993251,20,0.07625644558981418,hard,masked_mae,8,8,eyes,capacity_s5_h512_20k
0.08928507162898308,0.08049724200086973,20,0.08481088997031067,hard,masked_mae,8,8,flame_supported,capacity_s5_h512_20k
0.6554238684403824,0.5180933157133821,20,0.5891120350941923,hard,masked_mae,8,8,flame_unsupported,capacity_s5_h512_20k
0.26252431294568823,0.2084029936522662,20,0.2363750261170463,hard,masked_mae,8,8,foreground,capacity_s5_h512_20k
0.1677136890089185,0.13058037698698938,20,0.14900646988963667,hard,masked_mae,8,8,full_frame,capacity_s5_h512_20k
0.13218328304173893,0.10609410001670942,20,0.11891972839808425,hard,masked_mae,8,8,head_foreground,capacity_s5_h512_20k
0.07563410195347048,0.06883151095022515,20,0.072144465917488,hard,masked_mae,8,8,head_supported,capacity_s5_h512_20k
0.5352048789416847,0.4220827300196939,20,0.4794872761270651,hard,masked_mae,8,8,head_unsupported,capacity_s5_h512_20k
0.07841835445931968,0.07098476957102091,20,0.07467087510795946,hard,masked_mae,8,8,oral,capacity_s5_h512_20k
0.5677122146036966,0.44983253131281975,20,0.511339290912807,hard,masked_mae,8,8,torso_outside_head_roi,capacity_s5_h512_20k
0.07661706161570844,0.041662108427332284,20,0.05869558462428602,released,masked_mae,8,1,background,capacity_s5_h512_20k
0.09036081437327999,0.0729853844875271,20,0.08122114437165444,released,masked_mae,8,1,eyes,capacity_s5_h512_20k
0.12933360689440446,0.10735552368954747,20,0.11785822428367862,released,masked_mae,8,1,flame_supported,capacity_s5_h512_20k
0.42190099668532255,0.33720574034098255,20,0.38015457466086333,released,masked_mae,8,1,flame_unsupported,capacity_s5_h512_20k
0.21509121646535986,0.17660769796895348,20,0.1958543443311227,released,masked_mae,8,1,foreground,capacity_s5_h512_20k
0.14737474719264035,0.12199131221277974,20,0.13435114161534742,released,masked_mae,8,1,full_frame,capacity_s5_h512_20k
0.1532121717424822,0.1282321324166264,20,0.14045538132095786,released,masked_mae,8,1,head_foreground,capacity_s5_h512_20k
0.11812295113350052,0.09870231410208602,20,0.10805854231826359,released,masked_mae,8,1,head_supported,capacity_s5_h512_20k
0.43649020110227343,0.34097639909876704,20,0.3872695509940792,released,masked_mae,8,1,head_unsupported,capacity_s5_h512_20k
0.08974702325974297,0.07952194175156646,20,0.0848055338488295,released,masked_mae,8,1,oral,capacity_s5_h512_20k
0.3777115786334273,0.2998662478035959,20,0.33905601568782945,released,masked_mae,8,1,torso_outside_head_roi,capacity_s5_h512_20k
0.08128393790262647,0.04189484029375522,20,0.06089358279526055,released,masked_mae,8,4,background,capacity_s5_h512_20k
0.08942503710375231,0.07406212735426385,20,0.08135765253428605,released,masked_mae,8,4,eyes,capacity_s5_h512_20k
0.11996212992004722,0.10220541137591435,20,0.11085997312150875,released,masked_mae,8,4,flame_supported,capacity_s5_h512_20k
0.40576432013112895,0.3276399409205589,20,0.36675766335713816,released,masked_mae,8,4,flame_unsupported,capacity_s5_h512_20k
0.20288070098995717,0.1692841776240477,20,0.1863327801363853,released,masked_mae,8,4,foreground,capacity_s5_h512_20k
0.14242819225547287,0.11880767750838572,20,0.13060498868685672,released,masked_mae,8,4,full_frame,capacity_s5_h512_20k
0.14595011825128584,0.12278558386076527,20,0.13403256327429194,released,masked_mae,8,4,head_foreground,capacity_s5_h512_20k
0.10928795723037112,0.09348008009316613,20,0.10118841790589483,released,masked_mae,8,4,head_supported,capacity_s5_h512_20k
0.44152243860947504,0.34214591743568357,20,0.39114081880687224,released,masked_mae,8,4,head_unsupported,capacity_s5_h512_20k
0.09059646286811505,0.08097901153296941,20,0.08580439501254494,released,masked_mae,8,4,oral,capacity_s5_h512_20k
0.3543649369387098,0.28916177958557926,20,0.3217709825830756,released,masked_mae,8,4,torso_outside_head_roi,capacity_s5_h512_20k
0.07915028082810892,0.04085336878631315,20,0.05915695318667774,released,masked_mae,8,8,background,capacity_s5_h512_20k
0.08949379606329393,0.07511323603938663,20,0.0816869758631946,released,masked_mae,8,8,eyes,capacity_s5_h512_20k
0.11769374337760266,0.10041554107324625,20,0.10898093469665418,released,masked_mae,8,8,flame_supported,capacity_s5_h512_20k
0.39895529586687145,0.3190964624120632,20,0.3591646181738892,released,masked_mae,8,8,flame_unsupported,capacity_s5_h512_20k
0.20041866454381477,0.16675646480483064,20,0.18413674074451694,released,masked_mae,8,8,foreground,capacity_s5_h512_20k
0.1396637382810938,0.11609202668393329,20,0.12804632844002906,released,masked_mae,8,8,full_frame,capacity_s5_h512_20k
0.14341734967684364,0.12079979868329786,20,0.1319111982695596,released,masked_mae,8,8,head_foreground,capacity_s5_h512_20k
0.10717751223121856,0.09179695285270997,20,0.09945255549658097,released,masked_mae,8,8,head_supported,capacity_s5_h512_20k
0.4378491711453973,0.3370974673186896,20,0.38632855366835267,released,masked_mae,8,8,head_unsupported,capacity_s5_h512_20k
0.08945011985939044,0.07922281285673838,20,0.08438130882293707,released,masked_mae,8,8,oral,capacity_s5_h512_20k
0.34494863704944356,0.28070697742110673,20,0.31236787306496683,released,masked_mae,8,8,torso_outside_head_roi,capacity_s5_h512_20k
0.07144459571907477,0.045336546628587354,20,0.057453219348654314,adaptive,masked_mae,384,1,background,capacity_s5_h512_20k
0.07808685647570113,0.06971498305491838,20,0.07397347292511683,adaptive,masked_mae,384,1,eyes,capacity_s5_h512_20k
0.09530014254396599,0.08383911739988144,20,0.08937456921268824,adaptive,masked_mae,384,1,flame_supported,capacity_s5_h512_20k
0.2260100613545287,0.17351790431994707,20,0.19857535374606217,adaptive,masked_mae,384,1,flame_unsupported,capacity_s5_h512_20k
0.13014393124051496,0.11239134809140339,20,0.12134783061648835,adaptive,masked_mae,384,1,foreground,capacity_s5_h512_20k
0.09979943469048494,0.085468477186294,20,0.09216589769415698,adaptive,masked_mae,384,1,full_frame,capacity_s5_h512_20k
0.10702535832279714,0.0942548496174227,20,0.10054463285767559,adaptive,masked_mae,384,1,head_foreground,capacity_s5_h512_20k
0.09237457241486255,0.08035909302902806,20,0.08611008338407626,adaptive,masked_mae,384,1,head_supported,capacity_s5_h512_20k
0.24299005164522333,0.2020876956672837,20,0.22230141154997743,adaptive,masked_mae,384,1,head_unsupported,capacity_s5_h512_20k
0.0928003626913382,0.08040252718374001,20,0.08651089735315012,adaptive,masked_mae,384,1,oral,capacity_s5_h512_20k
0.19827882501319596,0.14525381048760683,20,0.17089220614817374,adaptive,masked_mae,384,1,torso_outside_head_roi,capacity_s5_h512_20k
0.06781469290539849,0.0465958454403527,20,0.05713405501353045,adaptive,masked_mae,384,4,background,capacity_s5_h512_20k
0.0818024406538483,0.07288028658298804,20,0.07744858271136003,adaptive,masked_mae,384,4,eyes,capacity_s5_h512_20k
0.09130803710651254,0.07980833418068659,20,0.08524834352324448,adaptive,masked_mae,384,4,flame_supported,capacity_s5_h512_20k
0.22019465051856457,0.17724870394803555,20,0.19848010618892392,adaptive,masked_mae,384,4,flame_unsupported,capacity_s5_h512_20k
0.1272344600585354,0.11001499103022341,20,0.11875303248502123,adaptive,masked_mae,384,4,foreground,capacity_s5_h512_20k
0.09795917836034154,0.08442026493771566,20,0.09095229733088786,adaptive,masked_mae,384,4,full_frame,capacity_s5_h512_20k
0.10240684684398517,0.09079862715508072,20,0.09658970514785684,adaptive,masked_mae,384,4,head_foreground,capacity_s5_h512_20k
0.08775640366752777,0.0767634605453968,20,0.08201071582655846,adaptive,masked_mae,384,4,head_supported,capacity_s5_h512_20k
0.24161388917846752,0.19752827641449613,20,0.21813727339805733,adaptive,masked_mae,384,4,head_unsupported,capacity_s5_h512_20k
0.09355774527663084,0.08127499717302128,20,0.08736377364056845,adaptive,masked_mae,384,4,oral,capacity_s5_h512_20k
0.19487076682581433,0.14976831360585116,20,0.1724094803697508,adaptive,masked_mae,384,4,torso_outside_head_roi,capacity_s5_h512_20k
0.07131995899251675,0.04891920686778695,20,0.06003198202382136,adaptive,masked_mae,384,8,background,capacity_s5_h512_20k
0.08321728969537437,0.07412235449948539,20,0.07877810288328153,adaptive,masked_mae,384,8,eyes,capacity_s5_h512_20k
0.09183049416469455,0.08011073627847995,20,0.08564429704990172,adaptive,masked_mae,384,8,flame_supported,capacity_s5_h512_20k
0.213855100770363,0.17282693314017863,20,0.19322860699686578,adaptive,masked_mae,384,8,flame_unsupported,capacity_s5_h512_20k
0.12714898609655903,0.1089760393301514,20,0.11810466734305056,adaptive,masked_mae,384,8,foreground,capacity_s5_h512_20k
0.09907465987735325,0.08446925472860557,20,0.09162784730545198,adaptive,masked_mae,384,8,full_frame,capacity_s5_h512_20k
0.10189029060732609,0.09059430798476095,20,0.09627792048650449,adaptive,masked_mae,384,8,head_foreground,capacity_s5_h512_20k
0.08786183132339913,0.07677644266725481,20,0.08207329257609015,adaptive,masked_mae,384,8,head_supported,capacity_s5_h512_20k
0.23560280978912476,0.1959142551500164,20,0.21559175100409753,adaptive,masked_mae,384,8,head_unsupported,capacity_s5_h512_20k
0.09316583109405067,0.0808223200602308,20,0.08691165236494212,adaptive,masked_mae,384,8,oral,capacity_s5_h512_20k
0.19010984056034186,0.14617120337211642,20,0.16856621228108776,adaptive,masked_mae,384,8,torso_outside_head_roi,capacity_s5_h512_20k
0.048075779859305556,0.02969056840145842,20,0.038592545278758175,hard,masked_mae,384,1,background,capacity_s5_h512_20k
0.07599776899496394,0.06580046955162369,20,0.07090428470424684,hard,masked_mae,384,1,eyes,capacity_s5_h512_20k
0.09245169785386803,0.08271064756981514,20,0.08749566064463007,hard,masked_mae,384,1,flame_supported,capacity_s5_h512_20k
0.6542963055715888,0.5197820272648075,20,0.5890568133712742,hard,masked_mae,384,1,flame_unsupported,capacity_s5_h512_20k
0.2632643923565889,0.20875924697135545,20,0.23639139541955795,hard,masked_mae,384,1,foreground,capacity_s5_h512_20k
0.1658816446076869,0.12875812273553186,20,0.147646395498712,hard,masked_mae,384,1,full_frame,capacity_s5_h512_20k
0.13712740293785278,0.10941976628421655,20,0.12334310337075116,hard,masked_mae,384,1,head_foreground,capacity_s5_h512_20k
0.08094502729557669,0.07324664051640012,20,0.07709120715868123,hard,masked_mae,384,1,head_supported,capacity_s5_h512_20k
0.5334662204126733,0.42110137987619317,20,0.4779953944165315,hard,masked_mae,384,1,head_unsupported,capacity_s5_h512_20k
0.07732446504868067,0.07020358824820504,20,0.07387183859424974,hard,masked_mae,384,1,oral,capacity_s5_h512_20k
0.5690476738001108,0.44492190258430475,20,0.5095701680655245,hard,masked_mae,384,1,torso_outside_head_roi,capacity_s5_h512_20k
0.04871959768227305,0.02967278186859804,20,0.039117827947943266,hard,masked_mae,384,4,background,capacity_s5_h512_20k
0.07554860465673628,0.06649358285436496,20,0.07105084259849732,hard,masked_mae,384,4,eyes,capacity_s5_h512_20k
0.08607136645159585,0.07631019193527355,20,0.0810816583429674,hard,masked_mae,384,4,flame_supported,capacity_s5_h512_20k
0.6534920944873359,0.519050618785043,20,0.5883898514671652,hard,masked_mae,384,4,flame_unsupported,capacity_s5_h512_20k
0.25733778853835126,0.2040467020385282,20,0.23100425910303102,hard,masked_mae,384,4,foreground,capacity_s5_h512_20k
0.16433152917221777,0.12806475176627313,20,0.14607614451203463,hard,masked_mae,384,4,full_frame,capacity_s5_h512_20k
0.1304558403325406,0.10377178298005851,20,0.11686984468018449,hard,masked_mae,384,4,head_foreground,capacity_s5_h512_20k
0.07345233170766462,0.06606702881019898,20,0.06971029789762284,hard,masked_mae,384,4,head_supported,capacity_s5_h512_20k
0.5344633040937016,0.4232666041179195,20,0.4792180677052409,hard,masked_mae,384,4,head_unsupported,capacity_s5_h512_20k
0.07696007369059849,0.06925408299966855,20,0.07312665278883022,hard,masked_mae,384,4,oral,capacity_s5_h512_20k
0.5649493883038671,0.4437013789631086,20,0.5075341612982684,hard,masked_mae,384,4,torso_outside_head_roi,capacity_s5_h512_20k
0.049287289365576636,0.02980055467406597,20,0.03910425530821247,hard,masked_mae,384,8,background,capacity_s5_h512_20k
0.07816147804534962,0.06854859413032992,20,0.07347625007389111,hard,masked_mae,384,8,eyes,capacity_s5_h512_20k
0.08506682456913682,0.07542259874754147,20,0.08016845691089843,hard,masked_mae,384,8,flame_supported,capacity_s5_h512_20k
0.6528531013469919,0.5181754088696157,20,0.5880579016291299,hard,masked_mae,384,8,flame_unsupported,capacity_s5_h512_20k
0.2591105982628086,0.2049163429938531,20,0.23274936476353272,hard,masked_mae,384,8,foreground,capacity_s5_h512_20k
0.1646063900879795,0.12774844716465664,20,0.14608497218824223,hard,masked_mae,384,8,full_frame,capacity_s5_h512_20k
0.1282776131259968,0.10238597054427089,20,0.1152306868054844,hard,masked_mae,384,8,head_foreground,capacity_s5_h512_20k
0.07216860933580518,0.06498094433380681,20,0.06855912393991512,hard,masked_mae,384,8,head_supported,capacity_s5_h512_20k
0.5309889600810613,0.4190016437177616,20,0.47556780942647603,hard,masked_mae,384,8,head_unsupported,capacity_s5_h512_20k
0.07660608288174031,0.06940530670408206,20,0.07302329842716768,hard,masked_mae,384,8,oral,capacity_s5_h512_20k
0.565289903416939,0.4426546507310387,20,0.5067800061015482,hard,masked_mae,384,8,torso_outside_head_roi,capacity_s5_h512_20k
0.06900241767701576,0.04237675108454001,20,0.05398153107820371,released,masked_mae,384,1,background,capacity_s5_h512_20k
0.07350620251833827,0.06596613351594947,20,0.06977436107450838,released,masked_mae,384,1,eyes,capacity_s5_h512_20k
0.0938261516732644,0.08133876335124104,20,0.08730256022780078,released,masked_mae,384,1,flame_supported,capacity_s5_h512_20k
0.21930946641518237,0.1700745785298109,20,0.19325722517540178,released,masked_mae,384,1,flame_unsupported,capacity_s5_h512_20k
0.12678680497146227,0.10965277654102701,20,0.11834304423891302,released,masked_mae,384,1,foreground,capacity_s5_h512_20k
0.09752915913999768,0.08188359646828142,20,0.0890530011096558,released,masked_mae,384,1,full_frame,capacity_s5_h512_20k
0.10443107972983362,0.09138616160083354,20,0.0977100222691307,released,masked_mae,384,1,head_foreground,capacity_s5_h512_20k
0.09028956967255798,0.07772509953546386,20,0.08367526265545519,released,masked_mae,384,1,head_supported,capacity_s5_h512_20k
0.23918916147076835,0.1960920748129935,20,0.21676662504048635,released,masked_mae,384,1,head_unsupported,capacity_s5_h512_20k
0.08705717203167039,0.07608175396752241,20,0.08161835022338579,released,masked_mae,384,1,oral,capacity_s5_h512_20k
0.19307731064596143,0.1447489971102918,20,0.1684610381997129,released,masked_mae,384,1,torso_outside_head_roi,capacity_s5_h512_20k
0.06704475276743335,0.043287422315556615,20,0.05417878426315799,released,masked_mae,384,4,background,capacity_s5_h512_20k
0.07525456997378324,0.06816679858098561,20,0.0717384037929223,released,masked_mae,384,4,eyes,capacity_s5_h512_20k
0.08858542977955294,0.07711584088039972,20,0.08259961647254875,released,masked_mae,384,4,flame_supported,capacity_s5_h512_20k
0.20778869579835793,0.16941222469237222,20,0.18852485706802855,released,masked_mae,384,4,flame_unsupported,capacity_s5_h512_20k
0.1220999651040314,0.1056117965756342,20,0.11389634383118627,released,masked_mae,384,4,foreground,capacity_s5_h512_20k
0.09539716482463508,0.08003122962032906,20,0.08712417495918448,released,masked_mae,384,4,full_frame,capacity_s5_h512_20k
0.09805741068704103,0.0870178554415328,20,0.09253704258937495,released,masked_mae,384,4,head_foreground,capacity_s5_h512_20k
0.08448201185395397,0.07389325257769716,20,0.07891295419793135,released,masked_mae,384,4,head_supported,capacity_s5_h512_20k
0.22921343730392207,0.18722052532768424,20,0.2062244162921596,released,masked_mae,384,4,head_unsupported,capacity_s5_h512_20k
0.08658652416269831,0.07597823063474603,20,0.0814604985165595,released,masked_mae,384,4,oral,capacity_s5_h512_20k
0.1860441723705601,0.1461228379544705,20,0.16591374229674744,released,masked_mae,384,4,torso_outside_head_roi,capacity_s5_h512_20k
0.07104737005115018,0.04592850812404406,20,0.057080141169131425,released,masked_mae,384,8,background,capacity_s5_h512_20k
0.07673642291295973,0.0693867561190966,20,0.07309128820764933,released,masked_mae,384,8,eyes,capacity_s5_h512_20k
0.08925812829417343,0.07761025649897668,20,0.0831544159942717,released,masked_mae,384,8,flame_supported,capacity_s5_h512_20k
0.20216903621922822,0.16720695437038519,20,0.1845350043722786,released,masked_mae,384,8,flame_unsupported,capacity_s5_h512_20k
0.12214112578993037,0.10526080583778309,20,0.11363784800438506,released,masked_mae,384,8,foreground,capacity_s5_h512_20k
0.09654676355131261,0.0801790359639932,20,0.08796251243327087,released,masked_mae,384,8,full_frame,capacity_s5_h512_20k
0.0977988967729875,0.08714006839674793,20,0.09236962631902004,released,masked_mae,384,8,head_foreground,capacity_s5_h512_20k
0.08472494960317112,0.07415918147073135,20,0.07917200287845685,released,masked_mae,384,8,head_supported,capacity_s5_h512_20k
0.2247911779694777,0.18657955033277546,20,0.20460068347247842,released,masked_mae,384,8,head_unsupported,capacity_s5_h512_20k
0.08599546639214159,0.07603313277427343,20,0.08113587168923304,released,masked_mae,384,8,oral,capacity_s5_h512_20k
0.18404611187945852,0.14387000606154954,20,0.16381223703543385,released,masked_mae,384,8,torso_outside_head_roi,capacity_s5_h512_20k
0.0734508542796826,0.04004071650346133,20,0.05605347848276103,adaptive,masked_mae,8,1,background,capacity_s5_h64_20k
0.08332300170351252,0.07204673432282101,20,0.07755681196398767,adaptive,masked_mae,8,1,eyes,capacity_s5_h64_20k
0.1284270899147371,0.10969917066203806,20,0.11890164028450437,adaptive,masked_mae,8,1,flame_supported,capacity_s5_h64_20k
0.4189420887664377,0.3362904647418795,20,0.3779962086715818,adaptive,masked_mae,8,1,flame_unsupported,capacity_s5_h64_20k
0.21507196156552422,0.17736655880177146,20,0.19641431061526307,adaptive,masked_mae,8,1,foreground,capacity_s5_h64_20k
0.14486107241528978,0.12186963218426894,20,0.13353989808504368,adaptive,masked_mae,8,1,full_frame,capacity_s5_h64_20k
0.15314484553679467,0.12800780733795908,20,0.14007871002169514,adaptive,masked_mae,8,1,head_foreground,capacity_s5_h64_20k
0.1184890123064359,0.10078535923006485,20,0.10934688461684605,adaptive,masked_mae,8,1,head_supported,capacity_s5_h64_20k
0.4171258618009791,0.3304947980325675,20,0.3732178888845455,adaptive,masked_mae,8,1,head_unsupported,capacity_s5_h64_20k
0.08955304597667685,0.07795224349706967,20,0.08370750742676968,adaptive,masked_mae,8,1,oral,capacity_s5_h64_20k
0.37867307769278297,0.29738953501864207,20,0.33864980843902115,adaptive,masked_mae,8,1,torso_outside_head_roi,capacity_s5_h64_20k
0.07869946855516657,0.04047338670466868,20,0.058444691724153154,adaptive,masked_mae,8,4,background,capacity_s5_h64_20k
0.08702919251683681,0.07506275059359467,20,0.0811204797077442,adaptive,masked_mae,8,4,eyes,capacity_s5_h64_20k
0.11905941841310683,0.10220245435396903,20,0.11050590571722538,adaptive,masked_mae,8,4,flame_supported,capacity_s5_h64_20k
0.40291259068788,0.3309867381871511,20,0.3661838377921939,adaptive,masked_mae,8,4,flame_unsupported,capacity_s5_h64_20k
0.201532438764569,0.17021423319265117,20,0.18569761627774742,adaptive,masked_mae,8,4,foreground,capacity_s5_h64_20k
0.13971948639803572,0.11883120782447582,20,0.129299388750635,adaptive,masked_mae,8,4,full_frame,capacity_s5_h64_20k
0.1439031486665149,0.12224148208756797,20,0.1325384321701523,adaptive,masked_mae,8,4,head_foreground,capacity_s5_h64_20k
0.10922293643060606,0.09305507864395493,20,0.10099562054226216,adaptive,masked_mae,8,4,head_supported,capacity_s5_h64_20k
0.4229549008311869,0.33607633570375545,20,0.3790740810024437,adaptive,masked_mae,8,4,head_unsupported,capacity_s5_h64_20k
0.0896909841072114,0.07866857835906879,20,0.08407416012163468,adaptive,masked_mae,8,4,oral,capacity_s5_h64_20k
0.3598577459272597,0.29187694899025896,20,0.3240121767209186,adaptive,masked_mae,8,4,torso_outside_head_roi,capacity_s5_h64_20k
0.07642359076695106,0.039090440336392224,20,0.057191024029155366,adaptive,masked_mae,8,8,background,capacity_s5_h64_20k
0.08765516396066583,0.07586911734546493,20,0.08174360967868846,adaptive,masked_mae,8,8,eyes,capacity_s5_h64_20k
0.1170845043549269,0.10079611048129167,20,0.10865374885190208,adaptive,masked_mae,8,8,flame_supported,capacity_s5_h64_20k
0.3976874302715031,0.3259433676154233,20,0.36097483545551495,adaptive,masked_mae,8,8,flame_unsupported,capacity_s5_h64_20k
0.19996025860412958,0.16890882620680203,20,0.18417837022470349,adaptive,masked_mae,8,8,foreground,capacity_s5_h64_20k
0.13801159118225564,0.11655450593922045,20,0.1273837480968211,adaptive,masked_mae,8,8,full_frame,capacity_s5_h64_20k
0.1412233008569606,0.12034381927152003,20,0.1303803206254969,adaptive,masked_mae,8,8,head_foreground,capacity_s5_h64_20k
0.10695722307270333,0.09139930035333221,20,0.09890928924873013,adaptive,masked_mae,8,8,head_supported,capacity_s5_h64_20k
0.4248180738757973,0.3329650295418387,20,0.37822964043164176,adaptive,masked_mae,8,8,head_unsupported,capacity_s5_h64_20k
0.08835132472124373,0.07737905032167494,20,0.08275387600179276,adaptive,masked_mae,8,8,oral,capacity_s5_h64_20k
0.3521904878024227,0.2846653725053687,20,0.31725222131899244,adaptive,masked_mae,8,8,torso_outside_head_roi,capacity_s5_h64_20k
0.050758494504009155,0.03162776599130472,20,0.04111975337014538,hard,masked_mae,8,1,background,capacity_s5_h64_20k
0.08255298979757184,0.0722749309998836,20,0.07734528138194638,hard,masked_mae,8,1,eyes,capacity_s5_h64_20k
0.09960297380684381,0.09079680903084021,20,0.09529550202292886,hard,masked_mae,8,1,flame_supported,capacity_s5_h64_20k
0.6561419750876532,0.5209074614201468,20,0.5896475448694591,hard,masked_mae,8,1,flame_unsupported,capacity_s5_h64_20k
0.26771050776052685,0.21412251952720934,20,0.2421069619068557,hard,masked_mae,8,1,foreground,capacity_s5_h64_20k
0.17063425988808253,0.13348004210229644,20,0.1518356456686064,hard,masked_mae,8,1,full_frame,capacity_s5_h64_20k
0.1438190823211722,0.1167077159045388,20,0.1300950394161274,hard,masked_mae,8,1,head_foreground,capacity_s5_h64_20k
0.08789532665316187,0.08055965550717002,20,0.08426520431874068,hard,masked_mae,8,1,head_supported,capacity_s5_h64_20k
0.5380284348943388,0.4235094722570211,20,0.4815344549158202,hard,masked_mae,8,1,head_unsupported,capacity_s5_h64_20k
0.07995990084549973,0.0719094874667476,20,0.0759868534708911,hard,masked_mae,8,1,oral,capacity_s5_h64_20k
0.57033008324406,0.4511385463606205,20,0.5134862671149883,hard,masked_mae,8,1,torso_outside_head_roi,capacity_s5_h64_20k
0.052342650880194304,0.03227757547235252,20,0.04219942792686805,hard,masked_mae,8,4,background,capacity_s5_h64_20k
0.08311588712941251,0.07408129616950748,20,0.0786296698671856,hard,masked_mae,8,4,eyes,capacity_s5_h64_20k
0.09102920302643559,0.0821281558313354,20,0.08650962902159216,hard,masked_mae,8,4,flame_supported,capacity_s5_h64_20k
0.6543303683611084,0.5175626226766361,20,0.5887204575036106,hard,masked_mae,8,4,flame_unsupported,capacity_s5_h64_20k
0.2601196614094726,0.20801771721200435,20,0.23495992427750118,hard,masked_mae,8,4,foreground,capacity_s5_h64_20k
0.1675712697663583,0.13182425089173627,20,0.1495553259897714,hard,masked_mae,8,4,full_frame,capacity_s5_h64_20k
0.13450061037801397,0.10841186876079147,20,0.1213416996541721,hard,masked_mae,8,4,head_foreground,capacity_s5_h64_20k
0.07816275836655352,0.07108383089394224,20,0.07449577416688909,hard,masked_mae,8,4,head_supported,capacity_s5_h64_20k
0.5371194650296282,0.4230619381483962,20,0.4812651474890545,hard,masked_mae,8,4,head_unsupported,capacity_s5_h64_20k
0.07908245361303468,0.07111552794435091,20,0.07522401017230784,hard,masked_mae,8,4,oral,capacity_s5_h64_20k
0.5673862066557988,0.4497544715113755,20,0.5110540886663493,hard,masked_mae,8,4,torso_outside_head_roi,capacity_s5_h64_20k
0.05225098187971535,0.031959356107136086,20,0.04192104801468053,hard,masked_mae,8,8,background,capacity_s5_h64_20k
0.08550303421454974,0.07596694454980904,20,0.08068644434011647,hard,masked_mae,8,8,eyes,capacity_s5_h64_20k
0.08900536566281653,0.07989124841846867,20,0.08436018237910843,hard,masked_mae,8,8,flame_supported,capacity_s5_h64_20k
0.6544759116731882,0.5178444079536442,20,0.5881578396235962,hard,masked_mae,8,8,flame_unsupported,capacity_s5_h64_20k
0.2614866915136519,0.20846956603491915,20,0.23574904662155438,hard,masked_mae,8,8,foreground,capacity_s5_h64_20k
0.16718632832363053,0.130077569505353,20,0.14891818691297704,hard,masked_mae,8,8,full_frame,capacity_s5_h64_20k
0.1313882112950067,0.10570369556472653,20,0.11857953142671543,hard,masked_mae,8,8,head_foreground,capacity_s5_h64_20k
0.07583136546833141,0.06870750500256095,20,0.07216689793149242,hard,masked_mae,8,8,head_supported,capacity_s5_h64_20k
0.5331240813194457,0.42026023798732315,20,0.4770863764642618,hard,masked_mae,8,8,head_unsupported,capacity_s5_h64_20k
0.078800269518783,0.0712212925333275,20,0.07510470540026684,hard,masked_mae,8,8,oral,capacity_s5_h64_20k
0.5676650186076682,0.4486533430789664,20,0.5096430742213895,hard,masked_mae,8,8,torso_outside_head_roi,capacity_s5_h64_20k
0.07431263488530872,0.04101883962576935,20,0.05681643851156111,released,masked_mae,8,1,background,capacity_s5_h64_20k
0.08654893405110121,0.07346667983569194,20,0.07978349497965914,released,masked_mae,8,1,eyes,capacity_s5_h64_20k
0.1279204256586295,0.10915702218326846,20,0.11830193710291152,released,masked_mae,8,1,flame_supported,capacity_s5_h64_20k
0.4310219895371027,0.34575209069502344,20,0.3885765426821127,released,masked_mae,8,1,flame_unsupported,capacity_s5_h64_20k
0.21758679728337812,0.18047657591260252,20,0.19892574717794176,released,masked_mae,8,1,foreground,capacity_s5_h64_20k
0.14623367267404108,0.12407629291840101,20,0.13529224819779223,released,masked_mae,8,1,full_frame,capacity_s5_h64_20k
0.15293759535616347,0.1283284950589039,20,0.14018660732336233,released,masked_mae,8,1,head_foreground,capacity_s5_h64_20k
0.11685314117646542,0.09998466517361647,20,0.10812431501947287,released,masked_mae,8,1,head_supported,capacity_s5_h64_20k
0.43449169042706903,0.3398165052371626,20,0.38696286418301407,released,masked_mae,8,1,head_unsupported,capacity_s5_h64_20k
0.08522396432454836,0.07507789970799396,20,0.08005440699710303,released,masked_mae,8,1,oral,capacity_s5_h64_20k
0.387963082128682,0.3111617049253273,20,0.34976942614252277,released,masked_mae,8,1,torso_outside_head_roi,capacity_s5_h64_20k
0.07610676117392007,0.039762589289174456,20,0.057077009183292525,released,masked_mae,8,4,background,capacity_s5_h64_20k
0.08913143068006289,0.07655395505693935,20,0.08270428900435575,released,masked_mae,8,4,eyes,capacity_s5_h64_20k
0.12007535749009499,0.10232488165238515,20,0.11105298703784812,released,masked_mae,8,4,flame_supported,capacity_s5_h64_20k
0.4094338021601216,0.3294091666124937,20,0.36897703168044227,released,masked_mae,8,4,flame_unsupported,capacity_s5_h64_20k
0.20452247280115557,0.1704157094045317,20,0.18752348210661374,released,masked_mae,8,4,foreground,capacity_s5_h64_20k
0.141469090507187,0.11798846024154414,20,0.12983620805517043,released,masked_mae,8,4,full_frame,capacity_s5_h64_20k
0.14532335021956405,0.12281488246693689,20,0.13374388954534683,released,masked_mae,8,4,head_foreground,capacity_s5_h64_20k
0.10942429435532107,0.09338139561603348,20,0.10119204693324539,released,masked_mae,8,4,head_supported,capacity_s5_h64_20k
0.4383561835195672,0.34568248510582955,20,0.3909893288197402,released,masked_mae,8,4,head_unsupported,capacity_s5_h64_20k
0.08714880045435268,0.0770410461851129,20,0.0822045265754651,released,masked_mae,8,4,oral,capacity_s5_h64_20k
0.36380899496918234,0.29180824258861293,20,0.32642349445680685,released,masked_mae,8,4,torso_outside_head_roi,capacity_s5_h64_20k
0.07467638242524925,0.03953976334060378,20,0.05622883838557653,released,masked_mae,8,8,background,capacity_s5_h64_20k
0.09022726051442889,0.0777123275429586,20,0.08377579703862495,released,masked_mae,8,8,eyes,capacity_s5_h64_20k
0.11878935750473812,0.10111103631782417,20,0.1097325293746069,released,masked_mae,8,8,flame_supported,capacity_s5_h64_20k
0.4037160002370744,0.3217053429714395,20,0.3628263276795906,released,masked_mae,8,8,flame_unsupported,capacity_s5_h64_20k
0.20334996410135928,0.16858037319231378,20,0.18609654513199494,released,masked_mae,8,8,foreground,capacity_s5_h64_20k
0.13958136765385773,0.11585567380915814,20,0.128136605187756,released,masked_mae,8,8,full_frame,capacity_s5_h64_20k
0.14364605732694122,0.12140414717472442,20,0.13227552403879497,released,masked_mae,8,8,head_foreground,capacity_s5_h64_20k
0.10764657140772733,0.09229061658665355,20,0.09981008324051954,released,masked_mae,8,8,head_supported,capacity_s5_h64_20k
0.4413963772489106,0.3441338784510915,20,0.3900822213423472,released,masked_mae,8,8,head_unsupported,capacity_s5_h64_20k
0.08603085763037592,0.07608187529954508,20,0.08110526643161278,released,masked_mae,8,8,oral,capacity_s5_h64_20k
0.3545494936409511,0.2824295915066764,20,0.3182679373563891,released,masked_mae,8,8,torso_outside_head_roi,capacity_s5_h64_20k
0.07588724700072152,0.04618313280445684,20,0.06079043197758545,adaptive,masked_mae,384,1,background,capacity_s5_h64_20k
0.07537749192171701,0.06681165721860412,20,0.07103766261706887,adaptive,masked_mae,384,1,eyes,capacity_s5_h64_20k
0.1020778621712177,0.09075855152300469,20,0.0962842710343797,adaptive,masked_mae,384,1,flame_supported,capacity_s5_h64_20k
0.26981263337532213,0.21027761809824988,20,0.2392713613068232,adaptive,masked_mae,384,1,flame_unsupported,capacity_s5_h64_20k
0.14780569890893824,0.12815313510368453,20,0.13775890753625114,adaptive,masked_mae,384,1,foreground,capacity_s5_h64_20k
0.11073383449164219,0.09492656658963981,20,0.10279649868069962,adaptive,masked_mae,384,1,full_frame,capacity_s5_h64_20k
0.117885147840857,0.10369014608716409,20,0.11040719304442806,adaptive,masked_mae,384,1,head_foreground,capacity_s5_h64_20k
0.09838959046674654,0.08601256557573563,20,0.09199096354936319,adaptive,masked_mae,384,1,head_supported,capacity_s5_h64_20k
0.2962971463048037,0.23446469234573267,20,0.2651683704754747,adaptive,masked_mae,384,1,head_unsupported,capacity_s5_h64_20k
0.08720654265623405,0.07612277181800424,20,0.081418271254456,adaptive,masked_mae,384,1,oral,capacity_s5_h64_20k
0.2277387513756383,0.17900246202088213,20,0.2029835867970904,adaptive,masked_mae,384,1,torso_outside_head_roi,capacity_s5_h64_20k
0.07578654093936342,0.04815532722163301,20,0.062024698211490446,adaptive,masked_mae,384,4,background,capacity_s5_h64_20k
0.07787132739947701,0.06989986805085455,20,0.07389364521591704,adaptive,masked_mae,384,4,eyes,capacity_s5_h64_20k
0.09665909522791256,0.08559086243632538,20,0.09094064333241804,adaptive,masked_mae,384,4,flame_supported,capacity_s5_h64_20k
0.26626099790405927,0.20964146899204444,20,0.2367822039009845,adaptive,masked_mae,384,4,flame_unsupported,capacity_s5_h64_20k
0.14272240215411097,0.12428871800937119,20,0.13334799736241937,adaptive,masked_mae,384,4,foreground,capacity_s5_h64_20k
0.10858524079151499,0.09379582415421256,20,0.10114030038358093,adaptive,masked_mae,384,4,full_frame,capacity_s5_h64_20k
0.11009912879225713,0.09832433782418315,20,0.10423485735575264,adaptive,masked_mae,384,4,head_foreground,capacity_s5_h64_20k
0.09222469913946278,0.08116762743663081,20,0.08661251232184122,adaptive,masked_mae,384,4,head_supported,capacity_s5_h64_20k
0.2821912689339435,0.22386177722249664,20,0.25297746961314654,adaptive,masked_mae,384,4,head_unsupported,capacity_s5_h64_20k
0.0864337344954465,0.07523564364576053,20,0.08070805821196589,adaptive,masked_mae,384,4,oral,capacity_s5_h64_20k
0.22699605952087834,0.18218393914087422,20,0.20423871417375988,adaptive,masked_mae,384,4,torso_outside_head_roi,capacity_s5_h64_20k
0.07592790751828095,0.04761042255583274,20,0.061757878351852,adaptive,masked_mae,384,8,background,capacity_s5_h64_20k
0.07844516383796708,0.07025348497717536,20,0.0743317431611026,adaptive,masked_mae,384,8,eyes,capacity_s5_h64_20k
0.09606267380652007,0.08455702847682872,20,0.0900739193816487,adaptive,masked_mae,384,8,flame_supported,capacity_s5_h64_20k
0.25599154780214967,0.20457655228938115,20,0.22930024839297566,adaptive,masked_mae,384,8,flame_unsupported,capacity_s5_h64_20k
0.14072606983444205,0.1221953148349188,20,0.13140261538925224,adaptive,masked_mae,384,8,foreground,capacity_s5_h64_20k
0.10771980463340344,0.09209881711681339,20,0.09969868383882365,adaptive,masked_mae,384,8,full_frame,capacity_s5_h64_20k
0.10809595099257062,0.09674647282332423,20,0.10243614300276196,adaptive,masked_mae,384,8,head_foreground,capacity_s5_h64_20k
0.09125894562391322,0.0799150663700131,20,0.08538960525306347,adaptive,masked_mae,384,8,head_supported,capacity_s5_h64_20k
0.27373154193023647,0.22053562552140502,20,0.24676822058333778,adaptive,masked_mae,384,8,head_unsupported,capacity_s5_h64_20k
0.08620150271755071,0.0754744218118885,20,0.08062161334075374,adaptive,masked_mae,384,8,oral,capacity_s5_h64_20k
0.21985599025335095,0.17654099952567706,20,0.19819473478342356,adaptive,masked_mae,384,8,torso_outside_head_roi,capacity_s5_h64_20k
0.049700504500645996,0.030458168678275856,20,0.03992753160467123,hard,masked_mae,384,1,background,capacity_s5_h64_20k
0.08112325174868242,0.07067246563505959,20,0.07587968075650689,hard,masked_mae,384,1,eyes,capacity_s5_h64_20k
0.09658970464555525,0.0864881450705618,20,0.09159973226302567,hard,masked_mae,384,1,flame_supported,capacity_s5_h64_20k
0.6539773707566497,0.5203185229957688,20,0.5891980711342958,hard,masked_mae,384,1,flame_unsupported,capacity_s5_h64_20k
0.26614732956318393,0.21112969410514257,20,0.23933837429989283,hard,masked_mae,384,1,foreground,capacity_s5_h64_20k
0.16819704612526198,0.13068928462279822,20,0.1497704518735839,hard,masked_mae,384,1,full_frame,capacity_s5_h64_20k
0.14178523083990996,0.11368802997231185,20,0.12735629942770121,hard,masked_mae,384,1,head_foreground,capacity_s5_h64_20k
0.08551553803540031,0.07755811882873948,20,0.08153645671406379,hard,masked_mae,384,1,head_supported,capacity_s5_h64_20k
0.5352283438261296,0.4231394662024342,20,0.479164533870361,hard,masked_mae,384,1,head_unsupported,capacity_s5_h64_20k
0.07954765134814525,0.07188519483641109,20,0.07579552952528873,hard,masked_mae,384,1,oral,capacity_s5_h64_20k
0.5698539674445825,0.44567972087444857,20,0.509837754866737,hard,masked_mae,384,1,torso_outside_head_roi,capacity_s5_h64_20k
0.05146553290467554,0.03149786397341622,20,0.041318343432792774,hard,masked_mae,384,4,background,capacity_s5_h64_20k
0.0823105189479821,0.07250796950869559,20,0.07732811565451633,hard,masked_mae,384,4,eyes,capacity_s5_h64_20k
0.08766271491624365,0.07776570204557398,20,0.08265045975882832,hard,masked_mae,384,4,flame_supported,capacity_s5_h64_20k
0.6517017382728139,0.5176502045368231,20,0.58802535982019,hard,masked_mae,384,4,flame_unsupported,capacity_s5_h64_20k
0.25783092505040844,0.20503936550541682,20,0.23196291413480613,hard,masked_mae,384,4,foreground,capacity_s5_h64_20k
0.16557813203969715,0.12897976701909844,20,0.1475205197095652,hard,masked_mae,384,4,full_frame,capacity_s5_h64_20k
0.13137005452417883,0.10490150643676592,20,0.11810087299526817,hard,masked_mae,384,4,head_foreground,capacity_s5_h64_20k
0.07503470766102703,0.06763426749219482,20,0.07126996475967397,hard,masked_mae,384,4,head_supported,capacity_s5_h64_20k
0.5335901037944443,0.42281066612416657,20,0.47852204602724263,hard,masked_mae,384,4,head_unsupported,capacity_s5_h64_20k
0.07707241129376614,0.06998865696616267,20,0.07365619632345784,hard,masked_mae,384,4,oral,capacity_s5_h64_20k
0.5660572093116534,0.443438087743996,20,0.507841851097379,hard,masked_mae,384,4,torso_outside_head_roi,capacity_s5_h64_20k
0.05207347383515958,0.03125126789124501,20,0.04119731274102886,hard,masked_mae,384,8,background,capacity_s5_h64_20k
0.08437069911808943,0.07440257774788939,20,0.07926006917053208,hard,masked_mae,384,8,eyes,capacity_s5_h64_20k
0.08671747748877637,0.07697405770482063,20,0.08176088379172405,hard,masked_mae,384,8,flame_supported,capacity_s5_h64_20k
0.6530271834043448,0.5169504801575939,20,0.5876516450807657,hard,masked_mae,384,8,flame_unsupported,capacity_s5_h64_20k
0.2599571419263716,0.20570596632080698,20,0.23372180407305393,hard,masked_mae,384,8,foreground,capacity_s5_h64_20k
0.1667655943774902,0.12885352139392112,20,0.14748651246831876,hard,masked_mae,384,8,full_frame,capacity_s5_h64_20k
0.1297362691821366,0.1034512806071881,20,0.11645830593533377,hard,masked_mae,384,8,head_foreground,capacity_s5_h64_20k
0.07371523525987941,0.0665838046635098,20,0.07013450192969262,hard,masked_mae,384,8,head_supported,capacity_s5_h64_20k
0.5308614905465118,0.4181585070180548,20,0.47487126898909127,hard,masked_mae,384,8,head_unsupported,capacity_s5_h64_20k
0.07708379125846795,0.07021492041516862,20,0.07372108987095846,hard,masked_mae,384,8,oral,capacity_s5_h64_20k
0.5653329517764571,0.4435097837336792,20,0.5071215531439781,hard,masked_mae,384,8,torso_outside_head_roi,capacity_s5_h64_20k
0.07362185308697519,0.04402292515733416,20,0.05828006621349098,released,masked_mae,384,1,background,capacity_s5_h64_20k
0.07623389601660738,0.06845604747383705,20,0.0724731098180165,released,masked_mae,384,1,eyes,capacity_s5_h64_20k
0.10049923649914438,0.08974428079327153,20,0.09504974837561213,released,masked_mae,384,1,flame_supported,capacity_s5_h64_20k
0.254690737535828,0.20138494395087875,20,0.2265531247871327,released,masked_mae,384,1,flame_unsupported,capacity_s5_h64_20k
0.142390571695133,0.12437859163539317,20,0.13336916645884414,released,masked_mae,384,1,foreground,capacity_s5_h64_20k
0.1069662719445698,0.09143785577552314,20,0.09908629636485855,released,masked_mae,384,1,full_frame,capacity_s5_h64_20k
0.11304934471355611,0.09996630623615524,20,0.10643489404874622,released,masked_mae,384,1,head_foreground,capacity_s5_h64_20k
0.09609786948811556,0.08472322582238477,20,0.09026907132122161,released,masked_mae,384,1,head_supported,capacity_s5_h64_20k
0.26183883811630554,0.2173560337616406,20,0.23964121142167466,released,masked_mae,384,1,head_unsupported,capacity_s5_h64_20k
0.08591245464663472,0.07474330366946015,20,0.0802423172025716,released,masked_mae,384,1,oral,capacity_s5_h64_20k
0.22525443245092364,0.17630982802797474,20,0.1994592102471012,released,masked_mae,384,1,torso_outside_head_roi,capacity_s5_h64_20k
0.07365865764996639,0.04643571163614005,20,0.059799867087826475,released,masked_mae,384,4,background,capacity_s5_h64_20k
0.07941306538004687,0.07050638827194619,20,0.07512940223162931,released,masked_mae,384,4,eyes,capacity_s5_h64_20k
0.09408200846789115,0.08334185704058157,20,0.08849579439154708,released,masked_mae,384,4,flame_supported,capacity_s5_h64_20k
0.24998745645096881,0.20189423234823786,20,0.22467206908731852,released,masked_mae,384,4,flame_unsupported,capacity_s5_h64_20k
0.1371614465268582,0.11951042699512675,20,0.12832434665707643,released,masked_mae,384,4,foreground,capacity_s5_h64_20k
0.10525266182707252,0.08964350778756612,20,0.09723580492757897,released,masked_mae,384,4,full_frame,capacity_s5_h64_20k
0.10552861894011702,0.09375184619417559,20,0.09979752386330196,released,masked_mae,384,4,head_foreground,capacity_s5_h64_20k
0.08954966727665079,0.07877936127422319,20,0.08406801992664459,released,masked_mae,384,4,head_supported,capacity_s5_h64_20k
0.2545111270768165,0.2090467672534837,20,0.23078907650504754,released,masked_mae,384,4,head_unsupported,capacity_s5_h64_20k
0.0853640933640489,0.07455142764054827,20,0.07997526556381249,released,masked_mae,384,4,oral,capacity_s5_h64_20k
0.2204654220794043,0.17671758769736687,20,0.1985601855079,released,masked_mae,384,4,torso_outside_head_roi,capacity_s5_h64_20k
0.07673276015797034,0.04773117128529709,20,0.06201429412653714,released,masked_mae,384,8,background,capacity_s5_h64_20k
0.08082171982276262,0.0720146306160855,20,0.07648227362703199,released,masked_mae,384,8,eyes,capacity_s5_h64_20k
0.09385072819305816,0.08249313445152226,20,0.08803284592133681,released,masked_mae,384,8,flame_supported,capacity_s5_h64_20k
0.23644703666143818,0.1931517145592285,20,0.2142757617260219,released,masked_mae,384,8,flame_unsupported,capacity_s5_h64_20k
0.1348223948544247,0.11700892726696605,20,0.1258696620628808,released,masked_mae,384,8,foreground,capacity_s5_h64_20k
0.10551525615876026,0.0882042546013389,20,0.0966325549680261,released,masked_mae,384,8,full_frame,capacity_s5_h64_20k
0.1037188920816043,0.0922332647093927,20,0.0980212019283133,released,masked_mae,384,8,head_foreground,capacity_s5_h64_20k
0.08890634798598038,0.07795825182443905,20,0.0832712636300069,released,masked_mae,384,8,head_supported,capacity_s5_h64_20k
0.23943449332995276,0.20367872184562433,20,0.22149615021462848,released,masked_mae,384,8,head_unsupported,capacity_s5_h64_20k
0.08608035836037717,0.07478747172042072,20,0.08039247925762286,released,masked_mae,384,8,oral,capacity_s5_h64_20k
0.21289001790409773,0.16914120111319117,20,0.19114834415060544,released,masked_mae,384,8,torso_outside_head_roi,capacity_s5_h64_20k
0.06334077987299605,0.03830914328111604,20,0.04987563861085816,adaptive,masked_mae,384,1,background,convergence_s5_h128_60k
0.07274617083519844,0.06420198830449197,20,0.06823470370051152,adaptive,masked_mae,384,1,eyes,convergence_s5_h128_60k
0.09329450188717046,0.07907064257073156,20,0.08591689307855963,adaptive,masked_mae,384,1,flame_supported,convergence_s5_h128_60k
0.22097680113864476,0.16357538762487647,20,0.19028628005733794,adaptive,masked_mae,384,1,flame_unsupported,convergence_s5_h128_60k
0.1265232473950888,0.10503559157388528,20,0.11593088781875374,adaptive,masked_mae,384,1,foreground,convergence_s5_h128_60k
0.09375483471325034,0.07824798007107314,20,0.08571364795748805,adaptive,masked_mae,384,1,full_frame,convergence_s5_h128_60k
0.10601272359337975,0.0901976869615552,20,0.09780787700033919,adaptive,masked_mae,384,1,head_foreground,convergence_s5_h128_60k
0.09035135845456123,0.07636916269657452,20,0.08296369352661116,adaptive,masked_mae,384,1,head_supported,convergence_s5_h128_60k
0.2537674875473658,0.19619721649219926,20,0.2244592444911852,adaptive,masked_mae,384,1,head_unsupported,convergence_s5_h128_60k
0.07845109168255161,0.07136233560842797,20,0.07505062889673021,adaptive,masked_mae,384,1,oral,convergence_s5_h128_60k
0.18487641840664493,0.13490796371478633,20,0.1593228761083737,adaptive,masked_mae,384,1,torso_outside_head_roi,convergence_s5_h128_60k
0.06329594902342267,0.03933377084542798,20,0.05062550876903408,adaptive,masked_mae,384,4,background,convergence_s5_h128_60k
0.0737232017956602,0.06543497634830732,20,0.06956013817466228,adaptive,masked_mae,384,4,eyes,convergence_s5_h128_60k
0.08705053912873766,0.07475285768148641,20,0.08069528310760374,adaptive,masked_mae,384,4,flame_supported,convergence_s5_h128_60k
0.20437884362430142,0.15962130521215537,20,0.18197210660218036,adaptive,masked_mae,384,4,flame_unsupported,convergence_s5_h128_60k
0.12037486869324826,0.10080871919938222,20,0.1106450657962672,adaptive,masked_mae,384,4,foreground,convergence_s5_h128_60k
0.09238563996933818,0.0759962572182013,20,0.08380756422507862,adaptive,masked_mae,384,4,full_frame,convergence_s5_h128_60k
0.09756824023646357,0.08527750732420032,20,0.0915584393586201,adaptive,masked_mae,384,4,head_foreground,convergence_s5_h128_60k
0.08300018045527494,0.07202958042107198,20,0.07741474106931766,adaptive,masked_mae,384,4,head_supported,convergence_s5_h128_60k
0.2388667079026032,0.18744401787283915,20,0.2121799179735163,adaptive,masked_mae,384,4,head_unsupported,convergence_s5_h128_60k
0.07901959690929024,0.0716954164058851,20,0.0754903540715254,adaptive,masked_mae,384,4,oral,convergence_s5_h128_60k
0.17855689594041682,0.13557352968470252,20,0.15736754845642606,adaptive,masked_mae,384,4,torso_outside_head_roi,convergence_s5_h128_60k
0.06509162713203105,0.03958104752727856,20,0.051482557130756376,adaptive,masked_mae,384,8,background,convergence_s5_h128_60k
0.07543997245275606,0.06672270514373164,20,0.07099771147658943,adaptive,masked_mae,384,8,eyes,convergence_s5_h128_60k
0.08729976755749244,0.0745805198694727,20,0.08065509687728015,adaptive,masked_mae,384,8,flame_supported,convergence_s5_h128_60k
0.19320174425167164,0.15575775515610868,20,0.17451176359853993,adaptive,masked_mae,384,8,flame_unsupported,convergence_s5_h128_60k
0.1186131379612298,0.09930677105387632,20,0.10881273009571965,adaptive,masked_mae,384,8,foreground,convergence_s5_h128_60k
0.09153992833276675,0.07509623429927474,20,0.08300842321968355,adaptive,masked_mae,384,8,full_frame,convergence_s5_h128_60k
0.09578846710854372,0.08448151940629296,20,0.09017244639345909,adaptive,masked_mae,384,8,head_foreground,convergence_s5_h128_60k
0.08274967026309941,0.07186490877554694,20,0.07710275594466254,adaptive,masked_mae,384,8,head_supported,convergence_s5_h128_60k
0.22161527479009205,0.18270892911758735,20,0.2019292104070939,adaptive,masked_mae,384,8,head_unsupported,convergence_s5_h128_60k
0.07889619087293866,0.07185388334379253,20,0.07553809873391523,adaptive,masked_mae,384,8,oral,convergence_s5_h128_60k
0.1740290160614836,0.13229924253127026,20,0.15288083418467285,adaptive,masked_mae,384,8,torso_outside_head_roi,convergence_s5_h128_60k
0.04973588844641413,0.02981605436623702,20,0.03954787572567709,hard,masked_mae,384,1,background,convergence_s5_h128_60k
0.0753841655974044,0.0657638113202432,20,0.07062948401992696,hard,masked_mae,384,1,eyes,convergence_s5_h128_60k
0.09110230945985226,0.08164545393718803,20,0.08638913931785729,hard,masked_mae,384,1,flame_supported,convergence_s5_h128_60k
0.6531389538436551,0.5191723656651159,20,0.5885547994677807,hard,masked_mae,384,1,flame_unsupported,convergence_s5_h128_60k
0.26225459811437796,0.20790248224074045,20,0.23541649075360144,hard,masked_mae,384,1,foreground,convergence_s5_h128_60k
0.16697036919225688,0.12891043800457475,20,0.14742689886564472,hard,masked_mae,384,1,full_frame,convergence_s5_h128_60k
0.13614163743576793,0.10849146320728412,20,0.12202723515914955,hard,masked_mae,384,1,head_foreground,convergence_s5_h128_60k
0.07955450486220285,0.0721794941328057,20,0.07586483777031319,hard,masked_mae,384,1,head_supported,convergence_s5_h128_60k
0.5317227100048302,0.42077386682622403,20,0.4770978313178776,hard,masked_mae,384,1,head_unsupported,convergence_s5_h128_60k
0.07719675307271308,0.06972665705455905,20,0.07350409006364207,hard,masked_mae,384,1,oral,convergence_s5_h128_60k
0.5682845251683145,0.44371476586599845,20,0.509206390482364,hard,masked_mae,384,1,torso_outside_head_roi,convergence_s5_h128_60k
0.050565367048333754,0.03057817257607653,20,0.04013913633845994,hard,masked_mae,384,4,background,convergence_s5_h128_60k
0.07425202278554403,0.06556020017379662,20,0.07000372266430167,hard,masked_mae,384,4,eyes,convergence_s5_h128_60k
0.08543535309496259,0.07585469526531381,20,0.0805561502043305,hard,masked_mae,384,4,flame_supported,convergence_s5_h128_60k
0.6524561806353376,0.5185965861175934,20,0.588136110045564,hard,masked_mae,384,4,flame_unsupported,convergence_s5_h128_60k
0.2568041535587767,0.2027792991925101,20,0.23056329848639545,hard,masked_mae,384,4,foreground,convergence_s5_h128_60k
0.16495214797891639,0.12779857441960835,20,0.14620470288590184,hard,masked_mae,384,4,full_frame,convergence_s5_h128_60k
0.12987487204806927,0.10344015020785059,20,0.1163072277143389,hard,masked_mae,384,4,head_foreground,convergence_s5_h128_60k
0.07292877572238375,0.06542184374254117,20,0.06912439675742006,hard,masked_mae,384,4,head_supported,convergence_s5_h128_60k
0.5356242819438054,0.42300358362766616,20,0.4791055386346833,hard,masked_mae,384,4,head_unsupported,convergence_s5_h128_60k
0.07617177085667184,0.06884152266029273,20,0.07262084071247968,hard,masked_mae,384,4,oral,convergence_s5_h128_60k
0.5642836603260568,0.44471219222632474,20,0.5071195256852276,hard,masked_mae,384,4,torso_outside_head_roi,convergence_s5_h128_60k
0.05038061196553709,0.02994050269790081,20,0.03982974863337168,hard,masked_mae,384,8,background,convergence_s5_h128_60k
0.07624591003473545,0.06722841601537566,20,0.07181303340291365,hard,masked_mae,384,8,eyes,convergence_s5_h128_60k
0.08458406587579695,0.07484692744034534,20,0.07964008851288915,hard,masked_mae,384,8,flame_supported,convergence_s5_h128_60k
0.6536088598836486,0.5176601108874916,20,0.5880590645006736,hard,masked_mae,384,8,flame_unsupported,convergence_s5_h128_60k
0.25932572192514797,0.2048346859274646,20,0.23238543791293492,hard,masked_mae,384,8,foreground,convergence_s5_h128_60k
0.16520118913028664,0.12723430585723594,20,0.14614765121995288,hard,masked_mae,384,8,full_frame,convergence_s5_h128_60k
0.12836976474018452,0.10187860893906174,20,0.11478635301560389,hard,masked_mae,384,8,head_foreground,convergence_s5_h128_60k
0.07160752671483397,0.0645332365284491,20,0.06798307932260873,hard,masked_mae,384,8,head_supported,convergence_s5_h128_60k
0.533473692814585,0.41922176809428885,20,0.4762708068434368,hard,masked_mae,384,8,head_unsupported,convergence_s5_h128_60k
0.0760729825399065,0.06889850644480851,20,0.07250432532878877,hard,masked_mae,384,8,oral,convergence_s5_h128_60k
0.5655433256106223,0.43949618603808505,20,0.506364446896724,hard,masked_mae,384,8,torso_outside_head_roi,convergence_s5_h128_60k
0.0646311114805752,0.03807967889687081,20,0.04982877121008477,released,masked_mae,384,1,background,convergence_s5_h128_60k
0.07460883849231069,0.0657134312326338,20,0.07005102251952434,released,masked_mae,384,1,eyes,convergence_s5_h128_60k
0.09327595687445829,0.07815530064207658,20,0.08522628261871426,released,masked_mae,384,1,flame_supported,convergence_s5_h128_60k
0.21224055820184407,0.15626122161670147,20,0.1829344103841321,released,masked_mae,384,1,flame_unsupported,convergence_s5_h128_60k
0.12443955543517557,0.10255245538070056,20,0.11341271839286718,released,masked_mae,384,1,foreground,convergence_s5_h128_60k
0.09306457250891051,0.07675676066186522,20,0.08449192355893562,released,masked_mae,384,1,full_frame,convergence_s5_h128_60k
0.1037118108976727,0.0878153101648891,20,0.09531739246537685,released,masked_mae,384,1,head_foreground,convergence_s5_h128_60k
0.09034189475342937,0.07481966751947981,20,0.08194289168901611,released,masked_mae,384,1,head_supported,convergence_s5_h128_60k
0.23086361077518075,0.18857510281023124,20,0.2095007687941255,released,masked_mae,384,1,head_unsupported,convergence_s5_h128_60k
0.07924292971392144,0.07172620528186763,20,0.07557250487443155,released,masked_mae,384,1,oral,convergence_s5_h128_60k
0.18591627845581596,0.13301535399738584,20,0.1581231787511151,released,masked_mae,384,1,torso_outside_head_roi,convergence_s5_h128_60k
0.061773269629280085,0.03885696744186187,20,0.049419914100876865,released,masked_mae,384,4,background,convergence_s5_h128_60k
0.07299574980931459,0.06486735102222886,20,0.06895609860643336,released,masked_mae,384,4,eyes,convergence_s5_h128_60k
0.08526956630240203,0.07317831303838425,20,0.07897948872264385,released,masked_mae,384,4,flame_supported,convergence_s5_h128_60k
0.19330740130390053,0.15259115851081126,20,0.17247193106911848,released,masked_mae,384,4,flame_unsupported,convergence_s5_h128_60k
0.11643790442865552,0.09745579832916475,20,0.10686269501964737,released,masked_mae,384,4,foreground,convergence_s5_h128_60k
0.08964587969050372,0.07387841865529808,20,0.0813774280530581,released,masked_mae,384,4,full_frame,convergence_s5_h128_60k
0.09452558309737905,0.08245021040905859,20,0.08843060460620157,released,masked_mae,384,4,head_foreground,convergence_s5_h128_60k
0.08164383013831453,0.07015941310542431,20,0.07552105627187823,released,masked_mae,384,4,head_supported,convergence_s5_h128_60k
0.21611457330939401,0.17914136395178631,20,0.19738393752455075,released,masked_mae,384,4,head_unsupported,convergence_s5_h128_60k
0.07983535028224131,0.07144378462207694,20,0.07568910036638404,released,masked_mae,384,4,oral,convergence_s5_h128_60k
0.1735417022058738,0.13198179898328705,20,0.15252647673479808,released,masked_mae,384,4,torso_outside_head_roi,convergence_s5_h128_60k
0.0633210709010893,0.03917502044652604,20,0.049896878027796174,released,masked_mae,384,8,background,convergence_s5_h128_60k
0.07436534607012767,0.06619811074398742,20,0.0702641115502473,released,masked_mae,384,8,eyes,convergence_s5_h128_60k
0.08549706680188618,0.07321539984493322,20,0.07913442202118742,released,masked_mae,384,8,flame_supported,convergence_s5_h128_60k
0.1884420585249059,0.15124770536190277,20,0.16973821593375032,released,masked_mae,384,8,flame_unsupported,convergence_s5_h128_60k
0.116138351951878,0.09678197330041931,20,0.10633539454424779,released,masked_mae,384,8,foreground,convergence_s5_h128_60k
0.09007376065200885,0.07318328453434837,20,0.08100678464895031,released,masked_mae,384,8,full_frame,convergence_s5_h128_60k
0.0942111698303386,0.08253996177380124,20,0.08828063926917067,released,masked_mae,384,8,head_foreground,convergence_s5_h128_60k
0.08143169396420975,0.07015841529119686,20,0.07539948931858585,released,masked_mae,384,8,head_supported,convergence_s5_h128_60k
0.2128808476765952,0.18140048000428238,20,0.19710425350398217,released,masked_mae,384,8,head_unsupported,convergence_s5_h128_60k
0.07980884970260753,0.07129049653312133,20,0.07561263372707445,released,masked_mae,384,8,oral,convergence_s5_h128_60k
0.1716869023980455,0.12925898256299165,20,0.1502403983877174,released,masked_mae,384,8,torso_outside_head_roi,convergence_s5_h128_60k
0.08780601209773481,0.049141816757202264,20,0.06782961757459047,adaptive,masked_mae,8,1,background,covariance_s3_h128_20k
0.08362911685452193,0.06930321788651782,20,0.07615305782240003,adaptive,masked_mae,8,1,eyes,covariance_s3_h128_20k
0.16266295498015343,0.13013053141986167,20,0.1453158776725298,adaptive,masked_mae,8,1,flame_supported,covariance_s3_h128_20k
0.43881517441881507,0.35858790484881903,20,0.3973596024577482,adaptive,masked_mae,8,1,flame_unsupported,covariance_s3_h128_20k
0.24442811423264177,0.1988344711987032,20,0.22107326671815158,adaptive,masked_mae,8,1,foreground,covariance_s3_h128_20k
0.16799655246076647,0.13807774731585648,20,0.15290271780879638,adaptive,masked_mae,8,1,full_frame,covariance_s3_h128_20k
0.18485220155337515,0.14592766415624445,20,0.16350752470411622,adaptive,masked_mae,8,1,head_foreground,covariance_s3_h128_20k
0.15468633646309457,0.11929396888157966,20,0.13529088383463422,adaptive,masked_mae,8,1,head_supported,covariance_s3_h128_20k
0.42045471873314383,0.3338860370984316,20,0.3772261210629707,adaptive,masked_mae,8,1,head_unsupported,covariance_s3_h128_20k
0.11336224125478986,0.0968940158172573,20,0.10476654392554012,adaptive,masked_mae,8,1,oral,covariance_s3_h128_20k
0.4106638410868186,0.32576493938351814,20,0.3666203589780927,adaptive,masked_mae,8,1,torso_outside_head_roi,covariance_s3_h128_20k
0.08520991732135903,0.045089334687106866,20,0.06427739359110753,adaptive,masked_mae,8,4,background,covariance_s3_h128_20k
0.08556554720792071,0.06983843020133895,20,0.07726815409570675,adaptive,masked_mae,8,4,eyes,covariance_s3_h128_20k
0.1583406288102254,0.12799832735623,20,0.14182411546517218,adaptive,masked_mae,8,4,flame_supported,covariance_s3_h128_20k
0.42171330147047353,0.34957707469598487,20,0.3846155631185348,adaptive,masked_mae,8,4,flame_unsupported,covariance_s3_h128_20k
0.23623531615282675,0.19392781390056318,20,0.21415134432033267,adaptive,masked_mae,8,4,foreground,covariance_s3_h128_20k
0.1622609895900152,0.13448560725339956,20,0.14814433469150567,adaptive,masked_mae,8,4,full_frame,covariance_s3_h128_20k
0.18084726050287364,0.14492719254984993,20,0.16092129670590966,adaptive,masked_mae,8,4,head_foreground,covariance_s3_h128_20k
0.15003887158453472,0.11788555983239019,20,0.13208327516252213,adaptive,masked_mae,8,4,head_supported,covariance_s3_h128_20k
0.42452038606220766,0.3389816100749886,20,0.38191622793681296,adaptive,masked_mae,8,4,head_unsupported,covariance_s3_h128_20k
0.11103504283562919,0.09516083747746944,20,0.10259267403695276,adaptive,masked_mae,8,4,oral,covariance_s3_h128_20k
0.38625137211108684,0.317126610654092,20,0.3485685622467645,adaptive,masked_mae,8,4,torso_outside_head_roi,covariance_s3_h128_20k
0.08379586762532622,0.044081131898429535,20,0.06309873304005152,adaptive,masked_mae,8,8,background,covariance_s3_h128_20k
0.08637924012488576,0.0700566920648514,20,0.07771095175664428,adaptive,masked_mae,8,8,eyes,covariance_s3_h128_20k
0.15530025466695024,0.1254048560897763,20,0.13912007558562928,adaptive,masked_mae,8,8,flame_supported,covariance_s3_h128_20k
0.4160918573706347,0.34536723704412164,20,0.3797961934465138,adaptive,masked_mae,8,8,flame_unsupported,covariance_s3_h128_20k
0.23462553772214378,0.19203584166674414,20,0.21187458593053282,adaptive,masked_mae,8,8,foreground,covariance_s3_h128_20k
0.16005230317384134,0.13191152856033433,20,0.14559810925355718,adaptive,masked_mae,8,8,full_frame,covariance_s3_h128_20k
0.17784247344329124,0.14177031089405068,20,0.15799220054979296,adaptive,masked_mae,8,8,head_foreground,covariance_s3_h128_20k
0.14688038434949674,0.11513045328324702,20,0.12930946800326293,adaptive,masked_mae,8,8,head_supported,covariance_s3_h128_20k
0.421453731023234,0.33693291929099656,20,0.3794618024104168,adaptive,masked_mae,8,8,head_unsupported,covariance_s3_h128_20k
0.1097842568700144,0.09341892687768981,20,0.10121583845902146,adaptive,masked_mae,8,8,oral,covariance_s3_h128_20k
0.3790657243552338,0.30781032195202523,20,0.34129989814088113,adaptive,masked_mae,8,8,torso_outside_head_roi,covariance_s3_h128_20k
0.03308032950164393,0.019354858853693754,20,0.026170377366946645,hard,masked_mae,8,1,background,covariance_s3_h128_20k
0.07252982359928377,0.06472585449598828,20,0.06873877599502017,hard,masked_mae,8,1,eyes,covariance_s3_h128_20k
0.15529975672916305,0.13170349019554198,20,0.14328601687080184,hard,masked_mae,8,1,flame_supported,covariance_s3_h128_20k
0.6916338609226085,0.5542165406068221,20,0.6261648246345148,hard,masked_mae,8,1,flame_unsupported,covariance_s3_h128_20k
0.3154625770988274,0.2552726105690594,20,0.2858787068414264,hard,masked_mae,8,1,foreground,covariance_s3_h128_20k
0.1896319506225992,0.14856580226581334,20,0.16904007757208908,hard,masked_mae,8,1,full_frame,covariance_s3_h128_20k
0.19046217886565686,0.15574334537160564,20,0.17297987813813248,hard,masked_mae,8,1,head_foreground,covariance_s3_h128_20k
0.12976342754208225,0.11258276901407385,20,0.12107544758674024,hard,masked_mae,8,1,head_supported,covariance_s3_h128_20k
0.6276099743102641,0.5102144392518183,20,0.5703206260175295,hard,masked_mae,8,1,head_unsupported,covariance_s3_h128_20k
0.0954293852771933,0.08079441817199096,20,0.08804736154550427,hard,masked_mae,8,1,oral,covariance_s3_h128_20k
0.6255589711447866,0.4908905242673615,20,0.5607493972661596,hard,masked_mae,8,1,torso_outside_head_roi,covariance_s3_h128_20k
0.03415888763585393,0.019974653817563748,20,0.026934940049020938,hard,masked_mae,8,4,background,covariance_s3_h128_20k
0.07216985915514704,0.0653986054439963,20,0.0689105281061176,hard,masked_mae,8,4,eyes,covariance_s3_h128_20k
0.14988776432758805,0.12715020439038338,20,0.13828093106477218,hard,masked_mae,8,4,flame_supported,covariance_s3_h128_20k
0.6904902716061788,0.5533680106664903,20,0.6257126901683565,hard,masked_mae,8,4,flame_unsupported,covariance_s3_h128_20k
0.31070517733731134,0.2509654903561854,20,0.28162386322982935,hard,masked_mae,8,4,foreground,covariance_s3_h128_20k
0.18884087423401427,0.1488828920096132,20,0.16862464945616254,hard,masked_mae,8,4,full_frame,covariance_s3_h128_20k
0.1836468491038754,0.15116645937429218,20,0.16754301460920215,hard,masked_mae,8,4,head_foreground,covariance_s3_h128_20k
0.12275730379158077,0.1072928457701689,20,0.11478707131605526,hard,masked_mae,8,4,head_supported,covariance_s3_h128_20k
0.629988942815319,0.5094707030345594,20,0.5721467383893148,hard,masked_mae,8,4,head_unsupported,covariance_s3_h128_20k
0.09254541690650764,0.0781512830266444,20,0.08526062798484346,hard,masked_mae,8,4,oral,covariance_s3_h128_20k
0.624156399380133,0.4911159306915747,20,0.5597361289880415,hard,masked_mae,8,4,torso_outside_head_roi,covariance_s3_h128_20k
0.03426538256493497,0.019659261957479177,20,0.02683075258886316,hard,masked_mae,8,8,background,covariance_s3_h128_20k
0.07436698348660474,0.0669576291012207,20,0.07080409511553201,hard,masked_mae,8,8,eyes,covariance_s3_h128_20k
0.14681742602497788,0.12500045316332983,20,0.13556726361436125,hard,masked_mae,8,8,flame_supported,covariance_s3_h128_20k
0.6921337767532992,0.5533244318660612,20,0.6245746770778974,hard,masked_mae,8,8,flame_unsupported,covariance_s3_h128_20k
0.31097202196446133,0.2521655273537338,20,0.28187054947654366,hard,masked_mae,8,8,foreground,covariance_s3_h128_20k
0.18824212671874407,0.14740452065741347,20,0.1674851500626766,hard,masked_mae,8,8,full_frame,covariance_s3_h128_20k
0.17976494754401806,0.1479870153131748,20,0.1640831979042892,hard,masked_mae,8,8,head_foreground,covariance_s3_h128_20k
0.11902790371058909,0.1044071967691766,20,0.11148291439286287,hard,masked_mae,8,8,head_supported,covariance_s3_h128_20k
0.6257545769932348,0.5069476892185094,20,0.5679293003623573,hard,masked_mae,8,8,head_unsupported,covariance_s3_h128_20k
0.0906569606738479,0.0771421157343384,20,0.08374326813818594,hard,masked_mae,8,8,oral,covariance_s3_h128_20k
0.6240160132375598,0.4887209603518295,20,0.5581114039394786,hard,masked_mae,8,8,torso_outside_head_roi,covariance_s3_h128_20k
0.0853104978103212,0.04553034659538762,20,0.06482833139635044,released,masked_mae,8,1,background,covariance_s3_h128_20k
0.09533405300992724,0.07827784799516925,20,0.08641247423555269,released,masked_mae,8,1,eyes,covariance_s3_h128_20k
0.163129161224247,0.13137097393056787,20,0.14644325887426776,released,masked_mae,8,1,flame_supported,covariance_s3_h128_20k
0.443005463241955,0.37066059159210524,20,0.4066995117199184,released,masked_mae,8,1,flame_unsupported,covariance_s3_h128_20k
0.2461735196138224,0.2032369936312934,20,0.22389134959840126,released,masked_mae,8,1,foreground,covariance_s3_h128_20k
0.16830213311237177,0.13828100180944153,20,0.152984590731658,released,masked_mae,8,1,full_frame,covariance_s3_h128_20k
0.18599184481907055,0.15052957679721513,20,0.16634760737735033,released,masked_mae,8,1,head_foreground,covariance_s3_h128_20k
0.1542237972386409,0.1210365201225642,20,0.1362576762006525,released,masked_mae,8,1,head_supported,covariance_s3_h128_20k
0.4418750545645458,0.3528284573674768,20,0.399453885621892,released,masked_mae,8,1,head_unsupported,covariance_s3_h128_20k
0.12008615903056896,0.10111770800490545,20,0.1099292330882903,released,masked_mae,8,1,oral,covariance_s3_h128_20k
0.4073635108098745,0.3339176384404275,20,0.36939189343394163,released,masked_mae,8,1,torso_outside_head_roi,covariance_s3_h128_20k
0.08517008777232171,0.044331760082249545,20,0.06404926242879345,released,masked_mae,8,4,background,covariance_s3_h128_20k
0.10126564199960338,0.08427687494820095,20,0.09268641836176829,released,masked_mae,8,4,eyes,covariance_s3_h128_20k
0.15688663036632133,0.12822149752475218,20,0.1412992949171794,released,masked_mae,8,4,flame_supported,covariance_s3_h128_20k
0.42297683302822286,0.3606380442887613,20,0.3917790172883289,released,masked_mae,8,4,flame_unsupported,covariance_s3_h128_20k
0.23580337970950888,0.19633026158545003,20,0.21551514005220246,released,masked_mae,8,4,foreground,covariance_s3_h128_20k
0.16272489529448547,0.13516612802928912,20,0.14883678499113212,released,masked_mae,8,4,full_frame,covariance_s3_h128_20k
0.17860694006613548,0.1460917395283844,20,0.16097460580314768,released,masked_mae,8,4,head_foreground,covariance_s3_h128_20k
0.14805520586851603,0.1182533608668495,20,0.1312294771511391,released,masked_mae,8,4,head_supported,covariance_s3_h128_20k
0.4420148837422516,0.3531076623123291,20,0.3972863256504628,released,masked_mae,8,4,head_unsupported,covariance_s3_h128_20k
0.11829607560383763,0.10108756989849495,20,0.10911457921789007,released,masked_mae,8,4,oral,covariance_s3_h128_20k
0.3842563499712673,0.32342994204861586,20,0.3522537122768926,released,masked_mae,8,4,torso_outside_head_roi,covariance_s3_h128_20k
0.08263802300193894,0.04271101514262459,20,0.06180838945715341,released,masked_mae,8,8,background,covariance_s3_h128_20k
0.10228373825468214,0.08493310451414654,20,0.09334146985375925,released,masked_mae,8,8,eyes,covariance_s3_h128_20k
0.15441447208952175,0.1255944073974489,20,0.1389373673790652,released,masked_mae,8,8,flame_supported,covariance_s3_h128_20k
0.42037741421362607,0.3541574330881542,20,0.38755044209051454,released,masked_mae,8,8,flame_unsupported,covariance_s3_h128_20k
0.23432208457794776,0.19449046703031775,20,0.21365190792997021,released,masked_mae,8,8,foreground,covariance_s3_h128_20k
0.16038233488196074,0.1319664283937534,20,0.14608779590023196,released,masked_mae,8,8,full_frame,covariance_s3_h128_20k
0.1771652597115448,0.14383424023661162,20,0.15860008510005866,released,masked_mae,8,8,head_foreground,covariance_s3_h128_20k
0.14548221521120538,0.11573016388315942,20,0.12879078219258008,released,masked_mae,8,8,head_supported,covariance_s3_h128_20k
0.44291741410083657,0.3509375678277944,20,0.3969664632889141,released,masked_mae,8,8,head_unsupported,covariance_s3_h128_20k
0.11832930076028063,0.10003139244305062,20,0.10816055331089455,released,masked_mae,8,8,oral,covariance_s3_h128_20k
0.37752204316320803,0.31497944144771534,20,0.3451350863318673,released,masked_mae,8,8,torso_outside_head_roi,covariance_s3_h128_20k
0.07442012221072417,0.045897858738495424,20,0.05985324959709,adaptive,masked_mae,384,1,background,covariance_s3_h128_20k
0.06797499334386936,0.06009753984716834,20,0.06414417980158996,adaptive,masked_mae,384,1,eyes,covariance_s3_h128_20k
0.12125698148072118,0.10649359998198075,20,0.11382212444597122,adaptive,masked_mae,384,1,flame_supported,covariance_s3_h128_20k
0.2998065237786668,0.24621600160690973,20,0.2716845715031014,adaptive,masked_mae,384,1,flame_unsupported,covariance_s3_h128_20k
0.1729888251671341,0.14807914600173153,20,0.15988500859444627,adaptive,masked_mae,384,1,foreground,covariance_s3_h128_20k
0.12425890700964186,0.10560086497055934,20,0.11480075983602075,adaptive,masked_mae,384,1,full_frame,covariance_s3_h128_20k
0.13607501334570538,0.11713756844404664,20,0.1263399388317366,adaptive,masked_mae,384,1,head_foreground,covariance_s3_h128_20k
0.11654131351465315,0.10122319318070389,20,0.10872589592620599,adaptive,masked_mae,384,1,head_supported,covariance_s3_h128_20k
0.3032512606705499,0.2444083484263015,20,0.2732894322662884,adaptive,masked_mae,384,1,head_unsupported,covariance_s3_h128_20k
0.09833290917680475,0.08815317864744662,20,0.09328242928530997,adaptive,masked_mae,384,1,oral,covariance_s3_h128_20k
0.26291153002828166,0.21668631095285013,20,0.2385203088300439,adaptive,masked_mae,384,1,torso_outside_head_roi,covariance_s3_h128_20k
0.076354033772305,0.04870509984228562,20,0.0623653020720102,adaptive,masked_mae,384,4,background,covariance_s3_h128_20k
0.06930272735911591,0.06014497829434819,20,0.06477020458936092,adaptive,masked_mae,384,4,eyes,covariance_s3_h128_20k
0.11737627963870109,0.10287641645268963,20,0.1099577384857791,adaptive,masked_mae,384,4,flame_supported,covariance_s3_h128_20k
0.296404509830901,0.2484406229155247,20,0.2706220588576186,adaptive,masked_mae,384,4,flame_unsupported,covariance_s3_h128_20k
0.1694811076834354,0.14531089861399754,20,0.15695436123985762,adaptive,masked_mae,384,4,foreground,covariance_s3_h128_20k
0.12388725352763476,0.10575243327653769,20,0.11470116513710267,adaptive,masked_mae,384,4,full_frame,covariance_s3_h128_20k
0.13170112659042632,0.11287928753110403,20,0.12193842194014812,adaptive,masked_mae,384,4,head_foreground,covariance_s3_h128_20k
0.11242730147906636,0.09755468089418966,20,0.1047237582478084,adaptive,masked_mae,384,4,head_supported,covariance_s3_h128_20k
0.29105828454821203,0.23841444663850667,20,0.2643884648303984,adaptive,masked_mae,384,4,head_unsupported,covariance_s3_h128_20k
0.0985475225712198,0.08839988447245417,20,0.0935611345579905,adaptive,masked_mae,384,4,oral,covariance_s3_h128_20k
0.26177754567562916,0.2204167970843883,20,0.24055332249742012,adaptive,masked_mae,384,4,torso_outside_head_roi,covariance_s3_h128_20k
0.07841341104316203,0.04900838139390477,20,0.06326762941541389,adaptive,masked_mae,384,8,background,covariance_s3_h128_20k
0.06974783221671758,0.06093664551634125,20,0.06546251177276953,adaptive,masked_mae,384,8,eyes,covariance_s3_h128_20k
0.11646575867301422,0.10151571339577697,20,0.1086395583318116,adaptive,masked_mae,384,8,flame_supported,covariance_s3_h128_20k
0.28838391819770515,0.2422303314304528,20,0.2644923092173083,adaptive,masked_mae,384,8,flame_unsupported,covariance_s3_h128_20k
0.1673203445786816,0.1434405600554648,20,0.15507038993099417,adaptive,masked_mae,384,8,foreground,covariance_s3_h128_20k
0.12316627414066554,0.10430372164319945,20,0.11365459943230534,adaptive,masked_mae,384,8,full_frame,covariance_s3_h128_20k
0.12942687499972838,0.11086897178455522,20,0.11988216394795873,adaptive,masked_mae,384,8,head_foreground,covariance_s3_h128_20k
0.11110089825115943,0.09588103417853026,20,0.10317300126531599,adaptive,masked_mae,384,8,head_supported,covariance_s3_h128_20k
0.28267241486031763,0.23660386396832203,20,0.25956457897703505,adaptive,masked_mae,384,8,head_unsupported,covariance_s3_h128_20k
0.09784385052777993,0.08774648417691502,20,0.09280647601375112,adaptive,masked_mae,384,8,oral,covariance_s3_h128_20k
0.2569316100183734,0.21547706872645836,20,0.23574253276532775,adaptive,masked_mae,384,8,torso_outside_head_roi,covariance_s3_h128_20k
0.03200711817006239,0.018439121378371035,20,0.02516641357322822,hard,masked_mae,384,1,background,covariance_s3_h128_20k
0.07257856994167947,0.06476702519349635,20,0.06872137372066077,hard,masked_mae,384,1,eyes,covariance_s3_h128_20k
0.1527088085148656,0.12837958822157597,20,0.14022907433579837,hard,masked_mae,384,1,flame_supported,covariance_s3_h128_20k
0.6907632710858298,0.5547271961638464,20,0.6257701861673677,hard,masked_mae,384,1,flame_unsupported,covariance_s3_h128_20k
0.31374948280446613,0.25274323667187976,20,0.2835190985341573,hard,masked_mae,384,1,foreground,covariance_s3_h128_20k
0.188786548220191,0.14623168346857787,20,0.16727635651439815,hard,masked_mae,384,1,full_frame,covariance_s3_h128_20k
0.18760731775235145,0.15316012470388446,20,0.17050520448241963,hard,masked_mae,384,1,head_foreground,covariance_s3_h128_20k
0.12709994686655177,0.11018003717985034,20,0.11850555687618043,hard,masked_mae,384,1,head_supported,covariance_s3_h128_20k
0.6267016215054255,0.5086674742681184,20,0.5691896565201933,hard,masked_mae,384,1,head_unsupported,covariance_s3_h128_20k
0.09412518021459906,0.0799371917623404,20,0.08691117532752167,hard,masked_mae,384,1,oral,covariance_s3_h128_20k
0.623717786129676,0.48708170820358254,20,0.5580391419312202,hard,masked_mae,384,1,torso_outside_head_roi,covariance_s3_h128_20k
0.03312536601045018,0.01900997822343281,20,0.02589199122612908,hard,masked_mae,384,4,background,covariance_s3_h128_20k
0.07271874130444272,0.0653147096584871,20,0.06910194282636274,hard,masked_mae,384,4,eyes,covariance_s3_h128_20k
0.14723414938257262,0.12323910844686214,20,0.1349575784002153,hard,masked_mae,384,4,flame_supported,covariance_s3_h128_20k
0.6933292651136486,0.5543355480385883,20,0.6253377485435109,hard,masked_mae,384,4,flame_unsupported,covariance_s3_h128_20k
0.3078294650573837,0.24887149761589553,20,0.27910663025000715,hard,masked_mae,384,4,foreground,covariance_s3_h128_20k
0.187329398357507,0.14657199767119738,20,0.16675595536595425,hard,masked_mae,384,4,full_frame,covariance_s3_h128_20k
0.18165466464966903,0.14838934664327771,20,0.16503550231423558,hard,masked_mae,384,4,head_foreground,covariance_s3_h128_20k
0.11987426308935956,0.1044930817297594,20,0.11214654591361384,hard,masked_mae,384,4,head_supported,covariance_s3_h128_20k
0.6284724537524504,0.5095188371670063,20,0.5711181471242297,hard,masked_mae,384,4,head_unsupported,covariance_s3_h128_20k
0.09143677085226738,0.07779143516501133,20,0.08445205311117111,hard,masked_mae,384,4,oral,covariance_s3_h128_20k
0.621977292452373,0.4848268196185387,20,0.5565189075928669,hard,masked_mae,384,4,torso_outside_head_roi,covariance_s3_h128_20k
0.033573391519830076,0.01872114324406949,20,0.025937338655514015,hard,masked_mae,384,8,background,covariance_s3_h128_20k
0.07459419868803939,0.06674436574021361,20,0.07074816221092319,hard,masked_mae,384,8,eyes,covariance_s3_h128_20k
0.14470547066094314,0.12181114210367436,20,0.13301284696395604,hard,masked_mae,384,8,flame_supported,covariance_s3_h128_20k
0.6921241850244403,0.5524506417359947,20,0.6242798923818502,hard,masked_mae,384,8,flame_unsupported,covariance_s3_h128_20k
0.3096146973944512,0.24859320874823357,20,0.2799363106280641,hard,masked_mae,384,8,foreground,covariance_s3_h128_20k
0.18684489583513264,0.14547883658784122,20,0.1659929411579864,hard,masked_mae,384,8,full_frame,covariance_s3_h128_20k
0.1782974768495821,0.14575601981654918,20,0.16219872181575068,hard,masked_mae,384,8,head_foreground,covariance_s3_h128_20k
0.11674185138981966,0.10237780057912445,20,0.10954226905385737,hard,masked_mae,384,8,head_supported,covariance_s3_h128_20k
0.6248822163608472,0.5058106905476288,20,0.5669964989741094,hard,masked_mae,384,8,head_unsupported,covariance_s3_h128_20k
0.08932536144353011,0.07659972910971413,20,0.08288701971277046,hard,masked_mae,384,8,oral,covariance_s3_h128_20k
0.6214291094367254,0.48403998297965534,20,0.5554070535201677,hard,masked_mae,384,8,torso_outside_head_roi,covariance_s3_h128_20k
0.0675445106307594,0.042393377371800246,20,0.053986508958088,released,masked_mae,384,1,background,covariance_s3_h128_20k
0.0655108494472832,0.05854551411905501,20,0.06200650066065124,released,masked_mae,384,1,eyes,covariance_s3_h128_20k
0.11789684211065615,0.10315620491767767,20,0.11032716212667955,released,masked_mae,384,1,flame_supported,covariance_s3_h128_20k
0.29102586306636175,0.23703683384910917,20,0.2625173454585826,released,masked_mae,384,1,flame_unsupported,covariance_s3_h128_20k
0.16683373956262296,0.14271156726094006,20,0.15451026430269527,released,masked_mae,384,1,foreground,covariance_s3_h128_20k
0.1175981464583163,0.10087079288585792,20,0.10911196694745647,released,masked_mae,384,1,full_frame,covariance_s3_h128_20k
0.13153194358924034,0.11298895596308023,20,0.12198259465944901,released,masked_mae,384,1,head_foreground,covariance_s3_h128_20k
0.11302554652824898,0.09756230172095319,20,0.10490442768798477,released,masked_mae,384,1,head_supported,covariance_s3_h128_20k
0.29006951500095923,0.23550306128352133,20,0.26240288699199427,released,masked_mae,384,1,head_unsupported,covariance_s3_h128_20k
0.10510184849012301,0.09199000424440602,20,0.09854076945958642,released,masked_mae,384,1,oral,covariance_s3_h128_20k
0.2601337338474297,0.20983736309732756,20,0.23392441770155464,released,masked_mae,384,1,torso_outside_head_roi,covariance_s3_h128_20k
0.06808371279493988,0.044261110377266474,20,0.05588633216143748,released,masked_mae,384,4,background,covariance_s3_h128_20k
0.06879893841587784,0.05983503948174981,20,0.06427396994739484,released,masked_mae,384,4,eyes,covariance_s3_h128_20k
0.11254426595540484,0.09864605773795894,20,0.10545666438963326,released,masked_mae,384,4,flame_supported,covariance_s3_h128_20k
0.2827423967268632,0.23970809161799986,20,0.2605055349344015,released,masked_mae,384,4,flame_unsupported,covariance_s3_h128_20k
0.16211935792011564,0.14004475617074089,20,0.15076470936428638,released,masked_mae,384,4,foreground,covariance_s3_h128_20k
0.11688398859799731,0.10018472213691476,20,0.10836782625117795,released,masked_mae,384,4,full_frame,covariance_s3_h128_20k
0.12617827281975744,0.1083426087801233,20,0.11703810077633783,released,masked_mae,384,4,head_foreground,covariance_s3_h128_20k
0.10743038476614282,0.0932132402137107,20,0.10014109356939054,released,masked_mae,384,4,head_supported,covariance_s3_h128_20k
0.2795529080052738,0.2253645028954473,20,0.2516862589140235,released,masked_mae,384,4,head_unsupported,covariance_s3_h128_20k
0.10706031384517219,0.09382153091214752,20,0.10022899753971097,released,masked_mae,384,4,oral,covariance_s3_h128_20k
0.25437954058610707,0.21405752063270314,20,0.23436024925825963,released,masked_mae,384,4,torso_outside_head_roi,covariance_s3_h128_20k
0.07030380182602149,0.04601401866094218,20,0.057659597241726965,released,masked_mae,384,8,background,covariance_s3_h128_20k
0.06927668312265038,0.060760572205200473,20,0.06507197829896867,released,masked_mae,384,8,eyes,covariance_s3_h128_20k
0.1119161273846787,0.09754706513391143,20,0.10461195620996766,released,masked_mae,384,8,flame_supported,covariance_s3_h128_20k
0.27315499244754493,0.2327867347098629,20,0.2523450670212112,released,masked_mae,384,8,flame_unsupported,covariance_s3_h128_20k
0.15989826454001976,0.13782462127980527,20,0.1486841668795691,released,masked_mae,384,8,foreground,covariance_s3_h128_20k
0.11662105524694764,0.09881762761402267,20,0.10759093217863495,released,masked_mae,384,8,full_frame,covariance_s3_h128_20k
0.12378248443990533,0.10661243983328154,20,0.11510388486627728,released,masked_mae,384,8,head_foreground,covariance_s3_h128_20k
0.10637971468862628,0.09210993520275211,20,0.0990942026352877,released,masked_mae,384,8,head_supported,covariance_s3_h128_20k
0.26744178997275014,0.22156555347130583,20,0.24416921415042467,released,masked_mae,384,8,head_unsupported,covariance_s3_h128_20k
0.10656692447715098,0.09275318651997014,20,0.09945306761007178,released,masked_mae,384,8,oral,covariance_s3_h128_20k
0.24926938783658897,0.20816197254779506,20,0.22867512944901575,released,masked_mae,384,8,torso_outside_head_roi,covariance_s3_h128_20k
0.057320932386739167,0.032572206015030504,20,0.04492939889086514,adaptive,masked_mae,8,1,background,dose_r30_s5_h128_20k
0.08556834553133677,0.07463009631695651,20,0.07994914161762086,adaptive,masked_mae,8,1,eyes,dose_r30_s5_h128_20k
0.11254295357368164,0.0980637709357642,20,0.10488358836262983,adaptive,masked_mae,8,1,flame_supported,dose_r30_s5_h128_20k
0.565037761554276,0.4556432646750522,20,0.5117009591579781,adaptive,masked_mae,8,1,flame_unsupported,dose_r30_s5_h128_20k
0.24810570252073985,0.20382462636656223,20,0.22621437727400245,adaptive,masked_mae,8,1,foreground,dose_r30_s5_h128_20k
0.15954675130513837,0.1299706984665057,20,0.14487253334615136,adaptive,masked_mae,8,1,full_frame,dose_r30_s5_h128_20k
0.14450412091030726,0.12164405921784717,20,0.13291676337769573,adaptive,masked_mae,8,1,head_foreground,dose_r30_s5_h128_20k
0.09850640546466966,0.0877947287907429,20,0.09303966929248231,adaptive,masked_mae,8,1,head_supported,dose_r30_s5_h128_20k
0.5035125681205711,0.38814033398184994,20,0.44574258711315345,adaptive,masked_mae,8,1,head_unsupported,dose_r30_s5_h128_20k
0.0814167863397511,0.07220129797441843,20,0.0768292759434065,adaptive,masked_mae,8,1,oral,dose_r30_s5_h128_20k
0.49844393149735583,0.41392095307016713,20,0.45780112496607667,adaptive,masked_mae,8,1,torso_outside_head_roi,dose_r30_s5_h128_20k
0.05752310353568221,0.03115979804695773,20,0.04404624725662233,adaptive,masked_mae,8,4,background,dose_r30_s5_h128_20k
0.08464935308053063,0.07578750219379428,20,0.08008643978772077,adaptive,masked_mae,8,4,eyes,dose_r30_s5_h128_20k
0.1029559926471197,0.09169804270799714,20,0.09739520287849207,adaptive,masked_mae,8,4,flame_supported,dose_r30_s5_h128_20k
0.5636291719825575,0.44753604610562825,20,0.5073309989808676,adaptive,masked_mae,8,4,flame_unsupported,dose_r30_s5_h128_20k
0.24189121987436554,0.19672503946849337,20,0.2191969847802055,adaptive,masked_mae,8,4,foreground,dose_r30_s5_h128_20k
0.15600773865280074,0.1262877073566557,20,0.1414017637570699,adaptive,masked_mae,8,4,full_frame,dose_r30_s5_h128_20k
0.13756188864338703,0.11477336999205752,20,0.12591081627885267,adaptive,masked_mae,8,4,head_foreground,dose_r30_s5_h128_20k
0.09077771969113432,0.08066183383526668,20,0.08563917937192828,adaptive,masked_mae,8,4,head_supported,dose_r30_s5_h128_20k
0.5080163010690744,0.3864892821888579,20,0.4462970740442245,adaptive,masked_mae,8,4,head_unsupported,dose_r30_s5_h128_20k
0.08314012903786058,0.07337718734225107,20,0.0782416315287093,adaptive,masked_mae,8,4,oral,dose_r30_s5_h128_20k
0.4937790412088888,0.40206010171134116,20,0.45002815201017776,adaptive,masked_mae,8,4,torso_outside_head_roi,dose_r30_s5_h128_20k
0.05656660471065292,0.03087347522198267,20,0.043313159338916725,adaptive,masked_mae,8,8,background,dose_r30_s5_h128_20k
0.0860310388159388,0.07686586644365126,20,0.08131917132491007,adaptive,masked_mae,8,8,eyes,dose_r30_s5_h128_20k
0.10132688638645684,0.08998880774198277,20,0.09556051429420652,adaptive,masked_mae,8,8,flame_supported,dose_r30_s5_h128_20k
0.5586660815286753,0.4439358819919019,20,0.5033952259639186,adaptive,masked_mae,8,8,flame_unsupported,dose_r30_s5_h128_20k
0.24134847836026635,0.19590984981418746,20,0.219049840511657,adaptive,masked_mae,8,8,foreground,dose_r30_s5_h128_20k
0.15533715335536652,0.12505646261645947,20,0.1401948288749651,adaptive,masked_mae,8,8,full_frame,dose_r30_s5_h128_20k
0.13529707501666857,0.11229855609590111,20,0.12362307609714492,adaptive,masked_mae,8,8,head_foreground,dose_r30_s5_h128_20k
0.08838655928492438,0.07882186352392398,20,0.08364512152242583,adaptive,masked_mae,8,8,head_supported,dose_r30_s5_h128_20k
0.5021045170149201,0.3789814800240198,20,0.4409902390953591,adaptive,masked_mae,8,8,head_unsupported,dose_r30_s5_h128_20k
0.08263235081683862,0.07323224529572923,20,0.07791865448706034,adaptive,masked_mae,8,8,oral,dose_r30_s5_h128_20k
0.49055060716638094,0.39789926069565346,20,0.44521124910865595,adaptive,masked_mae,8,8,torso_outside_head_roi,dose_r30_s5_h128_20k
0.052302024089108314,0.0315696916061851,20,0.04160790485695552,adaptive,masked_mae,384,1,background,dose_r30_s5_h128_20k
0.07022420965734258,0.06226235129278386,20,0.0662828140765706,adaptive,masked_mae,384,1,eyes,dose_r30_s5_h128_20k
0.09258038587812129,0.08292889901002888,20,0.08767311328155698,adaptive,masked_mae,384,1,flame_supported,dose_r30_s5_h128_20k
0.48371639492031804,0.3941394704904537,20,0.43924319457446437,adaptive,masked_mae,384,1,flame_unsupported,dose_r30_s5_h128_20k
0.21327053392333237,0.17267845848706184,20,0.19288819866910828,adaptive,masked_mae,384,1,foreground,dose_r30_s5_h128_20k
0.1398197030376046,0.11068499388245794,20,0.12525544777663067,adaptive,masked_mae,384,1,full_frame,dose_r30_s5_h128_20k
0.11217250359146186,0.09761544384319591,20,0.10510827013609603,adaptive,masked_mae,384,1,head_foreground,dose_r30_s5_h128_20k
0.08459342565470242,0.07576796643411542,20,0.08029032541147091,adaptive,masked_mae,384,1,head_supported,dose_r30_s5_h128_20k
0.3495300131827518,0.2924660218605742,20,0.32003016565682063,adaptive,masked_mae,384,1,head_unsupported,dose_r30_s5_h128_20k
0.07845573696728135,0.07025203566256928,20,0.07444437724606945,adaptive,masked_mae,384,1,oral,dose_r30_s5_h128_20k
0.4502797922111219,0.3535384125249549,20,0.40319647797080016,adaptive,masked_mae,384,1,torso_outside_head_roi,dose_r30_s5_h128_20k
0.051380140977245234,0.031337796337247446,20,0.04122447766646143,adaptive,masked_mae,384,4,background,dose_r30_s5_h128_20k
0.07063926966855734,0.06365756026065503,20,0.06723708446259213,adaptive,masked_mae,384,4,eyes,dose_r30_s5_h128_20k
0.08565982898435878,0.07586508058838834,20,0.08065793602257519,adaptive,masked_mae,384,4,flame_supported,dose_r30_s5_h128_20k
0.48405234392478663,0.3936251217647464,20,0.4387622770916189,adaptive,masked_mae,384,4,flame_unsupported,dose_r30_s5_h128_20k
0.2073718198957395,0.1677903531404196,20,0.1876432226451891,adaptive,masked_mae,384,4,foreground,dose_r30_s5_h128_20k
0.1373633089920213,0.10871624135787714,20,0.1229793561227394,adaptive,masked_mae,384,4,full_frame,dose_r30_s5_h128_20k
0.10596155725228326,0.09182980098900238,20,0.09902455581645811,adaptive,masked_mae,384,4,head_foreground,dose_r30_s5_h128_20k
0.07693176726179939,0.06856449125381167,20,0.07279465295395614,adaptive,masked_mae,384,4,head_supported,dose_r30_s5_h128_20k
0.35353556697662736,0.29133959801210507,20,0.32187366035380405,adaptive,masked_mae,384,4,head_unsupported,dose_r30_s5_h128_20k
0.07731022427663735,0.06942019924053726,20,0.0734273740283635,adaptive,masked_mae,384,4,oral,dose_r30_s5_h128_20k
0.4455148225989058,0.35140856784072744,20,0.4006436438505494,adaptive,masked_mae,384,4,torso_outside_head_roi,dose_r30_s5_h128_20k
0.052171707752981834,0.031672353240540914,20,0.04159296828631233,adaptive,masked_mae,384,8,background,dose_r30_s5_h128_20k
0.07265998152983325,0.06534649632351874,20,0.06905164651295467,adaptive,masked_mae,384,8,eyes,dose_r30_s5_h128_20k
0.08498514753998902,0.07558896951571845,20,0.08016872580857175,adaptive,masked_mae,384,8,flame_supported,dose_r30_s5_h128_20k
0.4805453981023598,0.3916224811861938,20,0.43629872292455446,adaptive,masked_mae,384,8,flame_unsupported,dose_r30_s5_h128_20k
0.20859636302252027,0.16766031329833764,20,0.18857937331124017,adaptive,masked_mae,384,8,foreground,dose_r30_s5_h128_20k
0.13776933669420374,0.108140313681887,20,0.12288687773597189,adaptive,masked_mae,384,8,full_frame,dose_r30_s5_h128_20k
0.10476949450499654,0.09067953287243338,20,0.09794029817480283,adaptive,masked_mae,384,8,head_foreground,dose_r30_s5_h128_20k
0.07627266479036421,0.06806918292519219,20,0.0721577175565983,adaptive,masked_mae,384,8,head_supported,dose_r30_s5_h128_20k
0.34557960290454043,0.28938916247523966,20,0.31658321154047586,adaptive,masked_mae,384,8,head_unsupported,dose_r30_s5_h128_20k
0.07667327340297936,0.06953677960332073,20,0.07314462134344382,adaptive,masked_mae,384,8,oral,dose_r30_s5_h128_20k
0.4446646653083209,0.3480622924109348,20,0.3981042491789174,adaptive,masked_mae,384,8,torso_outside_head_roi,dose_r30_s5_h128_20k
0.06870438911307443,0.03744778285998866,20,0.052483375099600306,adaptive,masked_mae,8,1,background,dose_r75_s5_h128_20k
0.07709109681070421,0.06842016995365616,20,0.07277836866106063,adaptive,masked_mae,8,1,eyes,dose_r75_s5_h128_20k
0.12205308825903145,0.10407445868097466,20,0.11246619283232855,adaptive,masked_mae,8,1,flame_supported,dose_r75_s5_h128_20k
0.4618050550203275,0.37344177022243225,20,0.41803065526574174,adaptive,masked_mae,8,1,flame_unsupported,dose_r75_s5_h128_20k
0.22438798078527972,0.1846896826815074,20,0.20456557047198026,adaptive,masked_mae,8,1,foreground,dose_r75_s5_h128_20k
0.14817716611175655,0.1250778293510708,20,0.13662404787832869,adaptive,masked_mae,8,1,full_frame,dose_r75_s5_h128_20k
0.14515498738190136,0.12253745774732204,20,0.13372337371082638,adaptive,masked_mae,8,1,head_foreground,dose_r75_s5_h128_20k
0.1078437260783894,0.09469210568327731,20,0.1012288816945985,adaptive,masked_mae,8,1,head_supported,dose_r75_s5_h128_20k
0.42907456419435125,0.33969358395229315,20,0.38311859342290167,adaptive,masked_mae,8,1,head_unsupported,dose_r75_s5_h128_20k
0.08090529542244096,0.07249854098770925,20,0.07680510511667203,adaptive,masked_mae,8,1,oral,dose_r75_s5_h128_20k
0.42121166618024186,0.3429096765339856,20,0.38184398207773834,adaptive,masked_mae,8,1,torso_outside_head_roi,dose_r75_s5_h128_20k
0.06985185402558877,0.03660593633103223,20,0.0527789801835709,adaptive,masked_mae,8,4,background,dose_r75_s5_h128_20k
0.07896645381701971,0.07001949780916214,20,0.07453911099985447,adaptive,masked_mae,8,4,eyes,dose_r75_s5_h128_20k
0.11289341874491843,0.09844662735308747,20,0.10532561291135586,adaptive,masked_mae,8,4,flame_supported,dose_r75_s5_h128_20k
0.45580845866877806,0.36796986479341853,20,0.4127987321938278,adaptive,masked_mae,8,4,flame_unsupported,dose_r75_s5_h128_20k
0.2144037399285615,0.17883246989325927,20,0.1968360442176023,adaptive,masked_mae,8,4,foreground,dose_r75_s5_h128_20k
0.14406819410779478,0.12210030522611404,20,0.1330659078062949,adaptive,masked_mae,8,4,full_frame,dose_r75_s5_h128_20k
0.13838379925411137,0.11879912967329068,20,0.1283424635439433,adaptive,masked_mae,8,4,head_foreground,dose_r75_s5_h128_20k
0.10038866163587978,0.08861672315010008,20,0.09442464769820344,adaptive,masked_mae,8,4,head_supported,dose_r75_s5_h128_20k
0.4433850695797551,0.35155499804023743,20,0.396058773284891,adaptive,masked_mae,8,4,head_unsupported,dose_r75_s5_h128_20k
0.08151162658066206,0.07342099270394598,20,0.07762589476735937,adaptive,masked_mae,8,4,oral,dose_r75_s5_h128_20k
0.40997063181271975,0.33363487115351054,20,0.3712927832347507,adaptive,masked_mae,8,4,torso_outside_head_roi,dose_r75_s5_h128_20k
0.06868543815034972,0.03576315021725684,20,0.0516992618690302,adaptive,masked_mae,8,8,background,dose_r75_s5_h128_20k
0.08007862445292223,0.07089423851679513,20,0.07546349660278806,adaptive,masked_mae,8,8,eyes,dose_r75_s5_h128_20k
0.11094580091042418,0.09725492315774283,20,0.10381594717088354,adaptive,masked_mae,8,8,flame_supported,dose_r75_s5_h128_20k
0.4523441427055752,0.36208029979580114,20,0.4083526334479985,adaptive,masked_mae,8,8,flame_unsupported,dose_r75_s5_h128_20k
0.21377680071355196,0.1778047793652979,20,0.1960030622847796,adaptive,masked_mae,8,8,foreground,dose_r75_s5_h128_20k
0.1427688678847505,0.11969506383823798,20,0.13147981872978323,adaptive,masked_mae,8,8,full_frame,dose_r75_s5_h128_20k
0.1363452888588931,0.11643766099661938,20,0.12650192701528037,adaptive,masked_mae,8,8,head_foreground,dose_r75_s5_h128_20k
0.09829117713565012,0.08758545515142609,20,0.0928352389940448,adaptive,masked_mae,8,8,head_supported,dose_r75_s5_h128_20k
0.4422439791363455,0.34595043782690804,20,0.3929108139599224,adaptive,masked_mae,8,8,head_unsupported,dose_r75_s5_h128_20k
0.08125689782781555,0.07292388140323568,20,0.07712769240750596,adaptive,masked_mae,8,8,oral,dose_r75_s5_h128_20k
0.40306063708004836,0.3268292842079731,20,0.3648166861637605,adaptive,masked_mae,8,8,torso_outside_head_roi,dose_r75_s5_h128_20k
0.06466656244969307,0.03808997233034839,20,0.050936515290639826,adaptive,masked_mae,384,1,background,dose_r75_s5_h128_20k
0.0789548865411027,0.07029697319926527,20,0.0746626730219365,adaptive,masked_mae,384,1,eyes,dose_r75_s5_h128_20k
0.09674552286218419,0.08762581436053146,20,0.09206697819356965,adaptive,masked_mae,384,1,flame_supported,dose_r75_s5_h128_20k
0.33369037243194477,0.2708516202772052,20,0.30100580320566417,adaptive,masked_mae,384,1,flame_unsupported,dose_r75_s5_h128_20k
0.16724243865507352,0.14184121760255108,20,0.15418236435990745,adaptive,masked_mae,384,1,foreground,dose_r75_s5_h128_20k
0.11809221480068621,0.09786507371990454,20,0.10780938474990934,adaptive,masked_mae,384,1,full_frame,dose_r75_s5_h128_20k
0.11041488923369958,0.09832632367666196,20,0.10434628438858243,adaptive,masked_mae,384,1,head_foreground,dose_r75_s5_h128_20k
0.09112350555424606,0.08187537158246148,20,0.08642219900953885,adaptive,masked_mae,384,1,head_supported,dose_r75_s5_h128_20k
0.29200730683762016,0.23805386552196295,20,0.2646838996603166,adaptive,masked_mae,384,1,head_unsupported,dose_r75_s5_h128_20k
0.08494117000463873,0.0748056463030275,20,0.07982619862091334,adaptive,masked_mae,384,1,oral,dose_r75_s5_h128_20k
0.30169256197760946,0.24236810107829693,20,0.27091619968726255,adaptive,masked_mae,384,1,torso_outside_head_roi,dose_r75_s5_h128_20k
0.06307821387107289,0.03868038339351345,20,0.050892002263903904,adaptive,masked_mae,384,4,background,dose_r75_s5_h128_20k
0.08188675823932695,0.07329802936527813,20,0.0776054701431766,adaptive,masked_mae,384,4,eyes,dose_r75_s5_h128_20k
0.09336309833187993,0.08327868804944709,20,0.0880863339743855,adaptive,masked_mae,384,4,flame_supported,dose_r75_s5_h128_20k
0.32845746418117205,0.2668064712132362,20,0.29627001583789797,adaptive,masked_mae,384,4,flame_unsupported,dose_r75_s5_h128_20k
0.16335995533893344,0.13802983950184794,20,0.1502101368414856,adaptive,masked_mae,384,4,foreground,dose_r75_s5_h128_20k
0.11612825117423733,0.09628332538887707,20,0.1061062715762903,adaptive,masked_mae,384,4,full_frame,dose_r75_s5_h128_20k
0.10616274096506116,0.09550666176723956,20,0.10086959000945044,adaptive,masked_mae,384,4,head_foreground,dose_r75_s5_h128_20k
0.08711071743093662,0.07808755580377458,20,0.08250184099207573,adaptive,masked_mae,384,4,head_supported,dose_r75_s5_h128_20k
0.2917986227043417,0.23865006333880392,20,0.26426292258973316,adaptive,masked_mae,384,4,head_unsupported,dose_r75_s5_h128_20k
0.08451764698764173,0.07406069522474523,20,0.07929939161639322,adaptive,masked_mae,384,4,oral,dose_r75_s5_h128_20k
0.29689919833754097,0.2386698903189256,20,0.2673235584258021,adaptive,masked_mae,384,4,torso_outside_head_roi,dose_r75_s5_h128_20k
0.06322005850095676,0.03845154970735131,20,0.05075326828401999,adaptive,masked_mae,384,8,background,dose_r75_s5_h128_20k
0.08285329941204304,0.07396944915216977,20,0.07838462494459,adaptive,masked_mae,384,8,eyes,dose_r75_s5_h128_20k
0.09324756436111305,0.08299971043908133,20,0.08784312254434277,adaptive,masked_mae,384,8,flame_supported,dose_r75_s5_h128_20k
0.3219054097513036,0.26303525183028736,20,0.29151946047333255,adaptive,masked_mae,384,8,flame_unsupported,dose_r75_s5_h128_20k
0.16338426249344584,0.137147639266923,20,0.1498694811746964,adaptive,masked_mae,384,8,foreground,dose_r75_s5_h128_20k
0.11613835607084187,0.09525374022784172,20,0.10539988471144032,adaptive,masked_mae,384,8,full_frame,dose_r75_s5_h128_20k
0.10511409773763766,0.09460471576029333,20,0.09993059543731815,adaptive,masked_mae,384,8,head_foreground,dose_r75_s5_h128_20k
0.08672509807201245,0.07777326584699959,20,0.08201133320197691,adaptive,masked_mae,384,8,head_supported,dose_r75_s5_h128_20k
0.2824344695544554,0.23746748208607787,20,0.2597450521548021,adaptive,masked_mae,384,8,head_unsupported,dose_r75_s5_h128_20k
0.08438086132422228,0.0738615187037783,20,0.07905885668539772,adaptive,masked_mae,384,8,oral,dose_r75_s5_h128_20k
0.29346651269731644,0.23390582084858977,20,0.2626681218025524,adaptive,masked_mae,384,8,torso_outside_head_roi,dose_r75_s5_h128_20k
0.07687798002655748,0.042365150025187225,20,0.05916400779183365,adaptive,masked_mae,8,1,background,primary_s5_h128_20k
0.08773371864966673,0.07026996508327293,20,0.07776184319582434,adaptive,masked_mae,8,1,eyes,primary_s5_h128_20k
0.12916098323566683,0.10906234534578126,20,0.1188861321240032,adaptive,masked_mae,8,1,flame_supported,primary_s5_h128_20k
0.4008583958655402,0.3250931999608192,20,0.3625331804041989,adaptive,masked_mae,8,1,flame_unsupported,primary_s5_h128_20k
0.21064834925012968,0.17461611157391538,20,0.1925244120519367,adaptive,masked_mae,8,1,foreground,primary_s5_h128_20k
0.14408441031779048,0.1215160801339072,20,0.13276375638372112,adaptive,masked_mae,8,1,full_frame,primary_s5_h128_20k
0.1509448636609435,0.125081554560471,20,0.13749869131044865,adaptive,masked_mae,8,1,head_foreground,primary_s5_h128_20k
0.11889927010688144,0.0988217685631467,20,0.10855542175352592,adaptive,masked_mae,8,1,head_supported,primary_s5_h128_20k
0.40660262636964495,0.314309244792076,20,0.3600635893724162,adaptive,masked_mae,8,1,head_unsupported,primary_s5_h128_20k
0.09242959370540789,0.07961131408173405,20,0.08582230815167706,adaptive,masked_mae,8,1,oral,primary_s5_h128_20k
0.36860068145559544,0.29484401664031845,20,0.330882600519786,adaptive,masked_mae,8,1,torso_outside_head_roi,primary_s5_h128_20k
0.07887454777012678,0.04124366431434951,20,0.05935271056595045,adaptive,masked_mae,8,4,background,primary_s5_h128_20k
0.08948817388152328,0.07502166143293644,20,0.08148619584188997,adaptive,masked_mae,8,4,eyes,primary_s5_h128_20k
0.1199844454665171,0.10149307812893876,20,0.11071312457679208,adaptive,masked_mae,8,4,flame_supported,primary_s5_h128_20k
0.39145707611755637,0.3182589820304705,20,0.3543085379303629,adaptive,masked_mae,8,4,flame_unsupported,primary_s5_h128_20k
0.19961673414969303,0.16762104353392854,20,0.18342186638024643,adaptive,masked_mae,8,4,foreground,primary_s5_h128_20k
0.13953269819500688,0.11687737899378312,20,0.12834088420298695,adaptive,masked_mae,8,4,full_frame,primary_s5_h128_20k
0.14422444598795855,0.12137939416253789,20,0.13224644093767826,adaptive,masked_mae,8,4,head_foreground,primary_s5_h128_20k
0.11038679753658505,0.09261098793946224,20,0.10116762340160865,adaptive,masked_mae,8,4,head_supported,primary_s5_h128_20k
0.42438411445996455,0.32807838070310474,20,0.3754257908501676,adaptive,masked_mae,8,4,head_unsupported,primary_s5_h128_20k
0.09278518503937641,0.08088085820936883,20,0.08659662563610257,adaptive,masked_mae,8,4,oral,primary_s5_h128_20k
0.34901059647566074,0.2800844915493182,20,0.31362280305550577,adaptive,masked_mae,8,4,torso_outside_head_roi,primary_s5_h128_20k
0.07705469539063388,0.039677774822754516,20,0.05775410157649348,adaptive,masked_mae,8,8,background,primary_s5_h128_20k
0.09051347561919355,0.0755351985099045,20,0.08242170970785781,adaptive,masked_mae,8,8,eyes,primary_s5_h128_20k
0.11865627969866635,0.10102000964619194,20,0.10981575799764634,adaptive,masked_mae,8,8,flame_supported,primary_s5_h128_20k
0.3910287611142465,0.3157108580386918,20,0.3533441205830612,adaptive,masked_mae,8,8,flame_unsupported,primary_s5_h128_20k
0.201470567826362,0.16677552009851576,20,0.1839109211327148,adaptive,masked_mae,8,8,foreground,primary_s5_h128_20k
0.13878363816769093,0.11533430642336823,20,0.12737450880061668,adaptive,masked_mae,8,8,full_frame,primary_s5_h128_20k
0.1421142883043011,0.11993670502243022,20,0.13078119652491726,adaptive,masked_mae,8,8,head_foreground,primary_s5_h128_20k
0.10854567467434531,0.09147106347833546,20,0.09968244707068111,adaptive,masked_mae,8,8,head_supported,primary_s5_h128_20k
0.4248774081739562,0.32781971258694415,20,0.37506625045643344,adaptive,masked_mae,8,8,head_unsupported,primary_s5_h128_20k
0.0921159689741253,0.07943352364940386,20,0.08545444767637658,adaptive,masked_mae,8,8,oral,primary_s5_h128_20k
0.3473218720733378,0.27802304276913575,20,0.31185190013546593,adaptive,masked_mae,8,8,torso_outside_head_roi,primary_s5_h128_20k
0.050305207674426936,0.03122202375899086,20,0.040675581709465294,hard,masked_mae,8,1,background,primary_s5_h128_20k
0.08052699591680439,0.07063505754103006,20,0.07548465801982993,hard,masked_mae,8,1,eyes,primary_s5_h128_20k
0.09887115277704807,0.09010274393540338,20,0.09445254203903439,hard,masked_mae,8,1,flame_supported,primary_s5_h128_20k
0.6552792161733312,0.5208026133543439,20,0.5899572942538172,hard,masked_mae,8,1,flame_unsupported,primary_s5_h128_20k
0.26778958074973824,0.21398502320720475,20,0.24159215324899536,hard,masked_mae,8,1,foreground,primary_s5_h128_20k
0.169770486512763,0.13309141577580275,20,0.1513738207443796,hard,masked_mae,8,1,full_frame,primary_s5_h128_20k
0.14323478015960017,0.1152949207625585,20,0.12928606687507205,hard,masked_mae,8,1,head_foreground,primary_s5_h128_20k
0.0868522308592803,0.07958406954263178,20,0.08322445167628326,hard,masked_mae,8,1,head_supported,primary_s5_h128_20k
0.5388316598551206,0.42286605453351356,20,0.48203336913135625,hard,masked_mae,8,1,head_unsupported,primary_s5_h128_20k
0.07922245693624468,0.071504054548273,20,0.0754776878123522,hard,masked_mae,8,1,oral,primary_s5_h128_20k
0.5702282073697836,0.45247286531466796,20,0.5137958726757792,hard,masked_mae,8,1,torso_outside_head_roi,primary_s5_h128_20k
0.05131530384439941,0.031656115437764844,20,0.04138830383315776,hard,masked_mae,8,4,background,primary_s5_h128_20k
0.08078587616828306,0.07193639745832507,20,0.07634239095223502,hard,masked_mae,8,4,eyes,primary_s5_h128_20k
0.09092006366927215,0.08200632213639582,20,0.08631156549501387,hard,masked_mae,8,4,flame_supported,primary_s5_h128_20k
0.6548779798368021,0.5171010804638316,20,0.5894129544881359,hard,masked_mae,8,4,flame_unsupported,primary_s5_h128_20k
0.2608457951235138,0.20813718553152286,20,0.23503317205468321,hard,masked_mae,8,4,foreground,primary_s5_h128_20k
0.16730351266535842,0.13179026993769807,20,0.14923386196678554,hard,masked_mae,8,4,full_frame,primary_s5_h128_20k
0.13421944637862349,0.10828202734374472,20,0.1212147119995997,hard,masked_mae,8,4,head_foreground,primary_s5_h128_20k
0.07760193193859208,0.070649335122492,20,0.07408844923743282,hard,masked_mae,8,4,head_supported,primary_s5_h128_20k
0.5405733361392531,0.425271484659205,20,0.48288033567247857,hard,masked_mae,8,4,head_unsupported,primary_s5_h128_20k
0.07831615496221801,0.07061424592996833,20,0.07459087983651283,hard,masked_mae,8,4,oral,primary_s5_h128_20k
0.5673514604545955,0.44992411748198946,20,0.5115817088106953,hard,masked_mae,8,4,torso_outside_head_roi,primary_s5_h128_20k
0.05144076216067884,0.031130028862798104,20,0.04095996951392701,hard,masked_mae,8,8,background,primary_s5_h128_20k
0.08308400038990328,0.07368231065788071,20,0.0783225778044071,hard,masked_mae,8,8,eyes,primary_s5_h128_20k
0.0886036617405761,0.07959494450272063,20,0.08400043785578229,hard,masked_mae,8,8,flame_supported,primary_s5_h128_20k
0.6553970352771352,0.5183629075585672,20,0.5888197636521534,hard,masked_mae,8,8,flame_unsupported,primary_s5_h128_20k
0.2623130554693189,0.20816542618440284,20,0.23570175337763882,hard,masked_mae,8,8,foreground,primary_s5_h128_20k
0.16686264777682386,0.1300850383831997,20,0.1484574811971205,hard,masked_mae,8,8,full_frame,primary_s5_h128_20k
0.13141702327003743,0.10547535234484713,20,0.1183237809047671,hard,masked_mae,8,8,head_foreground,primary_s5_h128_20k
0.07518860539635838,0.06828475581399991,20,0.07162623925764086,hard,masked_mae,8,8,head_supported,primary_s5_h128_20k
0.5345212064142804,0.4217839675499144,20,0.478472083008314,hard,masked_mae,8,8,head_unsupported,primary_s5_h128_20k
0.07804280100185193,0.07063846645381927,20,0.07438469378646183,hard,masked_mae,8,8,oral,primary_s5_h128_20k
0.5672275256976999,0.44665749314571523,20,0.5099649712627519,hard,masked_mae,8,8,torso_outside_head_roi,primary_s5_h128_20k
0.07287495458155395,0.040345673630371594,20,0.0562995871322711,released,masked_mae,8,1,background,primary_s5_h128_20k
0.08973258845182519,0.07272183567182929,20,0.08068656805470989,released,masked_mae,8,1,eyes,primary_s5_h128_20k
0.12570233331523056,0.10724023638774981,20,0.11621181426042845,released,masked_mae,8,1,flame_supported,primary_s5_h128_20k
0.4304107646296402,0.3403943807817602,20,0.3854738577498547,released,masked_mae,8,1,flame_unsupported,primary_s5_h128_20k
0.21600983961770887,0.17748903535996807,20,0.19713641760409023,released,masked_mae,8,1,foreground,primary_s5_h128_20k
0.14536908842806007,0.12288608381414483,20,0.13400302200778394,released,masked_mae,8,1,full_frame,primary_s5_h128_20k
0.15156478967273787,0.1262948674455063,20,0.1386570585299739,released,masked_mae,8,1,head_foreground,primary_s5_h128_20k
0.11475437761691681,0.0980633942249509,20,0.10626495437290691,released,masked_mae,8,1,head_supported,primary_s5_h128_20k
0.4304487343285918,0.33466423745237506,20,0.3825592844148307,released,masked_mae,8,1,head_unsupported,primary_s5_h128_20k
0.08654744737463826,0.07577569797921548,20,0.08116237702672927,released,masked_mae,8,1,oral,primary_s5_h128_20k
0.3859248526866522,0.30640300261270337,20,0.3460804790635442,released,masked_mae,8,1,torso_outside_head_roi,primary_s5_h128_20k
0.07715413906662077,0.039634362798672496,20,0.05747894604443661,released,masked_mae,8,4,background,primary_s5_h128_20k
0.09134881961525741,0.07524694499255721,20,0.08306025579093247,released,masked_mae,8,4,eyes,primary_s5_h128_20k
0.11612027256340646,0.10019188249182927,20,0.10789615070376432,released,masked_mae,8,4,flame_supported,primary_s5_h128_20k
0.4089087225414545,0.327638344597493,20,0.3679282197360506,released,masked_mae,8,4,flame_unsupported,primary_s5_h128_20k
0.20285282078063663,0.16851913986265177,20,0.18559563979225494,released,masked_mae,8,4,foreground,primary_s5_h128_20k
0.14069356837575867,0.11762556693770669,20,0.12895654415296126,released,masked_mae,8,4,full_frame,primary_s5_h128_20k
0.1431908093421619,0.11961878080517833,20,0.13096224276914742,released,masked_mae,8,4,head_foreground,primary_s5_h128_20k
0.106558370789629,0.09104566717088838,20,0.09858734925181134,released,masked_mae,8,4,head_supported,primary_s5_h128_20k
0.42903999211596827,0.3334812607756752,20,0.38024718675415337,released,masked_mae,8,4,head_unsupported,primary_s5_h128_20k
0.08814609741670387,0.07707541668282121,20,0.08262866807063651,released,masked_mae,8,4,oral,primary_s5_h128_20k
0.360048975922975,0.29041034088738,20,0.3244039450235425,released,masked_mae,8,4,torso_outside_head_roi,primary_s5_h128_20k
0.07530625473546815,0.03920818196680377,20,0.05642791073360924,released,masked_mae,8,8,background,primary_s5_h128_20k
0.09093357547776658,0.07603918398441582,20,0.08310860135801859,released,masked_mae,8,8,eyes,primary_s5_h128_20k
0.11429621544509684,0.0981387469636063,20,0.10607008778529028,released,masked_mae,8,8,flame_supported,primary_s5_h128_20k
0.4023354697469015,0.32074958457347164,20,0.3612323379072573,released,masked_mae,8,8,flame_unsupported,primary_s5_h128_20k
0.20197812408059745,0.16634673932228225,20,0.1837579277422548,released,masked_mae,8,8,foreground,primary_s5_h128_20k
0.1389148888439155,0.11477047502263456,20,0.12696146963306665,released,masked_mae,8,8,full_frame,primary_s5_h128_20k
0.14092330948020262,0.11743807860971457,20,0.1289478774398347,released,masked_mae,8,8,head_foreground,primary_s5_h128_20k
0.104894258769051,0.08935765078278972,20,0.0968413657114962,released,masked_mae,8,8,head_supported,primary_s5_h128_20k
0.4285238292944574,0.32899010083922814,20,0.37807661739237675,released,masked_mae,8,8,head_unsupported,primary_s5_h128_20k
0.08651282149273948,0.07616123881170886,20,0.08123011680424962,released,masked_mae,8,8,oral,primary_s5_h128_20k
0.35045671192430944,0.28059999962623405,20,0.3154091190399352,released,masked_mae,8,8,torso_outside_head_roi,primary_s5_h128_20k
0.08830431147938304,0.055082596145258074,20,0.07144526738747846,adaptive,masked_mae,32,1,background,primary_s5_h128_20k
0.07734909998189111,0.06976960313656903,20,0.07348838534167212,adaptive,masked_mae,32,1,eyes,primary_s5_h128_20k
0.11125196060883524,0.09708873417405217,20,0.10424419395726496,adaptive,masked_mae,32,1,flame_supported,primary_s5_h128_20k
0.2597881445312335,0.2180956722531777,20,0.23865544112957487,adaptive,masked_mae,32,1,flame_unsupported,primary_s5_h128_20k
0.1536682047699955,0.13337301397518903,20,0.14351859378897244,adaptive,masked_mae,32,1,foreground,primary_s5_h128_20k
0.12103749089878363,0.10247432159418496,20,0.11168407380236862,adaptive,masked_mae,32,1,full_frame,primary_s5_h128_20k
0.12026253619997197,0.10744912751081838,20,0.11391938761458942,adaptive,masked_mae,32,1,head_foreground,primary_s5_h128_20k
0.10535074689570494,0.0917280825755731,20,0.09853136366703844,adaptive,masked_mae,32,1,head_supported,primary_s5_h128_20k
0.286651146652286,0.22112263782891725,20,0.25227112654841777,adaptive,masked_mae,32,1,head_unsupported,primary_s5_h128_20k
0.08993883477785654,0.07846853230894973,20,0.0842184661065714,adaptive,masked_mae,32,1,oral,primary_s5_h128_20k
0.23282362348914146,0.19175161683875666,20,0.2118027302181109,adaptive,masked_mae,32,1,torso_outside_head_roi,primary_s5_h128_20k
0.08607239461788238,0.05301692735177042,20,0.06922493862122295,adaptive,masked_mae,32,4,background,primary_s5_h128_20k
0.07902241066599774,0.07034229191452741,20,0.07470758914921168,adaptive,masked_mae,32,4,eyes,primary_s5_h128_20k
0.10451560381429116,0.090761978366342,20,0.09745374874206511,adaptive,masked_mae,32,4,flame_supported,primary_s5_h128_20k
0.2645530447463118,0.21454222982279234,20,0.2377976825307952,adaptive,masked_mae,32,4,flame_unsupported,primary_s5_h128_20k
0.14842889100906406,0.1290466997627586,20,0.13841083412558391,adaptive,masked_mae,32,4,foreground,primary_s5_h128_20k
0.11784947804429315,0.09863674056814611,20,0.10781044399004884,adaptive,masked_mae,32,4,full_frame,primary_s5_h128_20k
0.1144878207705702,0.10265247106882971,20,0.10859601907954892,adaptive,masked_mae,32,4,head_foreground,primary_s5_h128_20k
0.09843315958935556,0.08560036318790937,20,0.09190234575435544,adaptive,masked_mae,32,4,head_supported,primary_s5_h128_20k
0.2913719826059521,0.225377121538054,20,0.2566706766988114,adaptive,masked_mae,32,4,head_unsupported,primary_s5_h128_20k
0.09046238677137003,0.07868530821553034,20,0.0844135406529435,adaptive,masked_mae,32,4,oral,primary_s5_h128_20k
0.23086886330155706,0.18844626382218185,20,0.20860213250645768,adaptive,masked_mae,32,4,torso_outside_head_roi,primary_s5_h128_20k
0.08732937141060561,0.05271343720938082,20,0.06908575155843837,adaptive,masked_mae,32,8,background,primary_s5_h128_20k
0.0801502309251628,0.07105694785455559,20,0.07562227791915292,adaptive,masked_mae,32,8,eyes,primary_s5_h128_20k
0.10272960581342043,0.0891861943678246,20,0.09586302533771623,adaptive,masked_mae,32,8,flame_supported,primary_s5_h128_20k
0.25367965939760767,0.2102090174041422,20,0.23104633621243748,adaptive,masked_mae,32,8,flame_unsupported,primary_s5_h128_20k
0.14632606140183138,0.12643339479552376,20,0.13605416201231219,adaptive,masked_mae,32,8,foreground,primary_s5_h128_20k
0.11678711898657151,0.09615878640960306,20,0.10631509278759813,adaptive,masked_mae,32,8,full_frame,primary_s5_h128_20k
0.11181506116954167,0.10090491957628314,20,0.10634690835691382,adaptive,masked_mae,32,8,head_foreground,primary_s5_h128_20k
0.0963587825574628,0.08408538957793611,20,0.09009383292683171,adaptive,masked_mae,32,8,head_supported,primary_s5_h128_20k
0.28244110231859265,0.22352683103007734,20,0.2511736299166082,adaptive,masked_mae,32,8,head_unsupported,primary_s5_h128_20k
0.09001402818072171,0.07853384481249677,20,0.08409531066840913,adaptive,masked_mae,32,8,oral,primary_s5_h128_20k
0.22647355552925882,0.18439340628668555,20,0.2044142365113389,adaptive,masked_mae,32,8,torso_outside_head_roi,primary_s5_h128_20k
0.05059920840707622,0.03176140633808642,20,0.040834684364725975,hard,masked_mae,32,1,background,primary_s5_h128_20k
0.0767879473083014,0.06838662535072366,20,0.07260689624078065,hard,masked_mae,32,1,eyes,primary_s5_h128_20k
0.09868764980667932,0.08846109848852399,20,0.09346244348659813,hard,masked_mae,32,1,flame_supported,primary_s5_h128_20k
0.6523441695918302,0.5169147354947812,20,0.5880286936275292,hard,masked_mae,32,1,flame_unsupported,primary_s5_h128_20k
0.26709932998451097,0.21289242796951266,20,0.2402841638091247,hard,masked_mae,32,1,foreground,primary_s5_h128_20k
0.1697833255169884,0.1321096423089848,20,0.1507411434020831,hard,masked_mae,32,1,full_frame,primary_s5_h128_20k
0.14173711264424588,0.11464715429884248,20,0.1281767365603506,hard,masked_mae,32,1,head_foreground,primary_s5_h128_20k
0.08694679072388473,0.07854780658884376,20,0.08273296482320458,hard,masked_mae,32,1,head_supported,primary_s5_h128_20k
0.533037429705941,0.42027135416229583,20,0.47720632461527746,hard,masked_mae,32,1,head_unsupported,primary_s5_h128_20k
0.07939698454057383,0.07124044289389167,20,0.07540089196951061,hard,masked_mae,32,1,oral,primary_s5_h128_20k
0.568896460027613,0.44982887763405704,20,0.5117866510599842,hard,masked_mae,32,1,torso_outside_head_roi,primary_s5_h128_20k
0.05139399918366556,0.031703387300225545,20,0.04141599536525152,hard,masked_mae,32,4,background,primary_s5_h128_20k
0.07746141076385661,0.06911768014269258,20,0.07330117517919849,hard,masked_mae,32,4,eyes,primary_s5_h128_20k
0.08926353665535508,0.07949517735029307,20,0.08428218662435756,hard,masked_mae,32,4,flame_supported,primary_s5_h128_20k
0.6545054220691351,0.517977499901891,20,0.5878455749349003,hard,masked_mae,32,4,flame_unsupported,primary_s5_h128_20k
0.25910658042219914,0.20547220994894708,20,0.23310000403590947,hard,masked_mae,32,4,foreground,primary_s5_h128_20k
0.16631810850444137,0.12994866820939974,20,0.1481993685686008,hard,masked_mae,32,4,full_frame,primary_s5_h128_20k
0.13240433019865314,0.10623426706215768,20,0.1192807277593988,hard,masked_mae,32,4,head_foreground,primary_s5_h128_20k
0.07659862439119752,0.06863352176994651,20,0.07256478390304558,hard,masked_mae,32,4,head_supported,primary_s5_h128_20k
0.5361278114924184,0.4218000281442132,20,0.4785905382963788,hard,masked_mae,32,4,head_unsupported,primary_s5_h128_20k
0.07697370822890834,0.06930611333392366,20,0.07323228600850742,hard,masked_mae,32,4,oral,primary_s5_h128_20k
0.5663880909842065,0.44859260666456424,20,0.5093634312061044,hard,masked_mae,32,4,torso_outside_head_roi,primary_s5_h128_20k
0.05151599416227337,0.03136209157623144,20,0.04126597400646761,hard,masked_mae,32,8,background,primary_s5_h128_20k
0.07969891764337468,0.07092141619916957,20,0.07530721244465258,hard,masked_mae,32,8,eyes,primary_s5_h128_20k
0.08776996590681808,0.07800638034173399,20,0.08277859622982885,hard,masked_mae,32,8,flame_supported,primary_s5_h128_20k
0.6526122642371897,0.5180213172585473,20,0.5875812057194599,hard,masked_mae,32,8,flame_unsupported,primary_s5_h128_20k
0.2608174198986536,0.20719023271126982,20,0.23443923796824154,hard,masked_mae,32,8,foreground,primary_s5_h128_20k
0.16724337242253415,0.1289920411563195,20,0.14791793929894076,hard,masked_mae,32,8,full_frame,primary_s5_h128_20k
0.13028565880449036,0.1042464039364761,20,0.11715101389018445,hard,masked_mae,32,8,head_foreground,primary_s5_h128_20k
0.07471358956179326,0.0670727762628824,20,0.07086494567820122,hard,masked_mae,32,8,head_supported,primary_s5_h128_20k
0.5300426356744019,0.4185530217050831,20,0.47494455929587687,hard,masked_mae,32,8,head_unsupported,primary_s5_h128_20k
0.07683531168878711,0.0695754012824371,20,0.07330296290702229,hard,masked_mae,32,8,oral,primary_s5_h128_20k
0.566131966608469,0.44583145143638436,20,0.5083346612103251,hard,masked_mae,32,8,torso_outside_head_roi,primary_s5_h128_20k
0.08791664813990403,0.054495189002486136,20,0.07030840873698625,released,masked_mae,32,1,background,primary_s5_h128_20k
0.08356898235918331,0.07172213022929783,20,0.07752757605426372,released,masked_mae,32,1,eyes,primary_s5_h128_20k
0.10985579101195904,0.09541917033082384,20,0.10257879417571777,released,masked_mae,32,1,flame_supported,primary_s5_h128_20k
0.2539190004486703,0.21883109916358864,20,0.2363441239138419,released,masked_mae,32,1,flame_unsupported,primary_s5_h128_20k
0.15260451554787344,0.13179607884237013,20,0.14201373676811044,released,masked_mae,32,1,foreground,primary_s5_h128_20k
0.12077162360173108,0.1003108816357359,20,0.11038068800863594,released,masked_mae,32,1,full_frame,primary_s5_h128_20k
0.11827913084440984,0.10528547138591599,20,0.11197272526239524,released,masked_mae,32,1,head_foreground,primary_s5_h128_20k
0.10322488890887703,0.08976502591107696,20,0.09662376273633093,released,masked_mae,32,1,head_supported,primary_s5_h128_20k
0.2827023410669352,0.22092615725999265,20,0.25121818269041396,released,masked_mae,32,1,head_unsupported,primary_s5_h128_20k
0.08472066207723225,0.074480733628796,20,0.07961461840132754,released,masked_mae,32,1,oral,primary_s5_h128_20k
0.23238246854755196,0.1916558284868968,20,0.21138474840454533,released,masked_mae,32,1,torso_outside_head_roi,primary_s5_h128_20k
0.08810809522185134,0.05299996505905895,20,0.06980681330785612,released,masked_mae,32,4,background,primary_s5_h128_20k
0.08519340206679427,0.07291194033970239,20,0.0788001078544198,released,masked_mae,32,4,eyes,primary_s5_h128_20k
0.10239742125306137,0.08873684660622226,20,0.09556254148818925,released,masked_mae,32,4,flame_supported,primary_s5_h128_20k
0.250690972220401,0.21263315369981764,20,0.23049532426953906,released,masked_mae,32,4,flame_unsupported,primary_s5_h128_20k
0.14614921918799992,0.12607350293578512,20,0.1356064941309168,released,masked_mae,32,4,foreground,primary_s5_h128_20k
0.11738793300298839,0.0968778984243165,20,0.10674767830811913,released,masked_mae,32,4,full_frame,primary_s5_h128_20k
0.11102114715737815,0.09989120558658894,20,0.10548806029287165,released,masked_mae,32,4,head_foreground,primary_s5_h128_20k
0.09622825046417693,0.08387391656193025,20,0.09000824942348333,released,masked_mae,32,4,head_supported,primary_s5_h128_20k
0.27582267791362625,0.21878297982007608,20,0.2452852443341198,released,masked_mae,32,4,head_unsupported,primary_s5_h128_20k
0.08671593340898628,0.07568428856022334,20,0.0810902373449086,released,masked_mae,32,4,oral,primary_s5_h128_20k
0.2274322917403942,0.18989149179806833,20,0.20704315751152985,released,masked_mae,32,4,torso_outside_head_roi,primary_s5_h128_20k
0.08766599167541919,0.051680103482828775,20,0.06884318448794603,released,masked_mae,32,8,background,primary_s5_h128_20k
0.08577718318430928,0.07364074632517195,20,0.07943067855517864,released,masked_mae,32,8,eyes,primary_s5_h128_20k
0.10143782632567526,0.08802021838216671,20,0.0946254353533657,released,masked_mae,32,8,flame_supported,primary_s5_h128_20k
0.24644808511911617,0.20947761787457891,20,0.22696630328531628,released,masked_mae,32,8,flame_unsupported,primary_s5_h128_20k
0.14546553381152394,0.12404367528123374,20,0.13430343949501006,released,masked_mae,32,8,foreground,primary_s5_h128_20k
0.1164407441110322,0.09501540442974363,20,0.10540866867288368,released,masked_mae,32,8,full_frame,primary_s5_h128_20k
0.11004614491405539,0.09843789757831777,20,0.10424246626460068,released,masked_mae,32,8,head_foreground,primary_s5_h128_20k
0.0949867768686955,0.08270700769720296,20,0.08869184545371413,released,masked_mae,32,8,head_supported,primary_s5_h128_20k
0.2777102657561681,0.2188104158008275,20,0.24684154031312908,released,masked_mae,32,8,head_unsupported,primary_s5_h128_20k
0.08545810714701604,0.07528986942386404,20,0.08036106843968893,released,masked_mae,32,8,oral,primary_s5_h128_20k
0.22388630280460806,0.185094433250163,20,0.20350436600562852,released,masked_mae,32,8,torso_outside_head_roi,primary_s5_h128_20k
0.07218351241164483,0.04624572535181943,20,0.059086643655515136,adaptive,masked_mae,128,1,background,primary_s5_h128_20k
0.07665718808849753,0.06880065757385427,20,0.0727000572772313,adaptive,masked_mae,128,1,eyes,primary_s5_h128_20k
0.10101572353341544,0.088707948683937,20,0.09459929076275729,adaptive,masked_mae,128,1,flame_supported,primary_s5_h128_20k
0.2788322097696804,0.21175085961927703,20,0.24439674235835063,adaptive,masked_mae,128,1,flame_unsupported,primary_s5_h128_20k
0.14978163759918378,0.12729046129543656,20,0.1383907321479148,adaptive,masked_mae,128,1,foreground,primary_s5_h128_20k
0.1096999967815341,0.09403718147324705,20,0.10184506937366886,adaptive,masked_mae,128,1,full_frame,primary_s5_h128_20k
0.11689778185289917,0.10102168718383993,20,0.10852483715757415,adaptive,masked_mae,128,1,head_foreground,primary_s5_h128_20k
0.09719384589582136,0.08428889905545679,20,0.09047212936992748,adaptive,masked_mae,128,1,head_supported,primary_s5_h128_20k
0.28867681723514105,0.22685503862485182,20,0.2570609314984905,adaptive,masked_mae,128,1,head_unsupported,primary_s5_h128_20k
0.08760860454212445,0.07672512393915931,20,0.08200136345893397,adaptive,masked_mae,128,1,oral,primary_s5_h128_20k
0.24155947296324418,0.18312561319486698,20,0.21166737919168996,adaptive,masked_mae,128,1,torso_outside_head_roi,primary_s5_h128_20k
0.0763122237655988,0.04952604450826331,20,0.06302866312749764,adaptive,masked_mae,128,4,background,primary_s5_h128_20k
0.07859098788608071,0.07036560459083535,20,0.07450039252231273,adaptive,masked_mae,128,4,eyes,primary_s5_h128_20k
0.09530746625905585,0.0844198150231749,20,0.08969137390745788,adaptive,masked_mae,128,4,flame_supported,primary_s5_h128_20k
0.2765891321770146,0.21138225435909183,20,0.24314985481287787,adaptive,masked_mae,128,4,flame_unsupported,primary_s5_h128_20k
0.14660347782528024,0.12381257199029128,20,0.13502867536313162,adaptive,masked_mae,128,4,foreground,primary_s5_h128_20k
0.11033795023561072,0.0941841565700602,20,0.10212653205961782,adaptive,masked_mae,128,4,full_frame,primary_s5_h128_20k
0.11040844656548478,0.0969678322796037,20,0.10358736530133154,adaptive,masked_mae,128,4,head_foreground,primary_s5_h128_20k
0.09118578272006546,0.08013985144754576,20,0.08553892343475956,adaptive,masked_mae,128,4,head_supported,primary_s5_h128_20k
0.2793739124920699,0.222293380225422,20,0.25065858647809064,adaptive,masked_mae,128,4,head_unsupported,primary_s5_h128_20k
0.08803460717007089,0.07715301614179974,20,0.0823197533716905,adaptive,masked_mae,128,4,oral,primary_s5_h128_20k
0.24772882069584762,0.1831845684159871,20,0.21357923052290612,adaptive,masked_mae,128,4,torso_outside_head_roi,primary_s5_h128_20k
0.07666767836070348,0.049282545262743616,20,0.06279954492951356,adaptive,masked_mae,128,8,background,primary_s5_h128_20k
0.07942220924011377,0.07061596848680983,20,0.07493793834852193,adaptive,masked_mae,128,8,eyes,primary_s5_h128_20k
0.09506854026848252,0.08384411778804347,20,0.0893161389370288,adaptive,masked_mae,128,8,flame_supported,primary_s5_h128_20k
0.2621036632599662,0.2051545850944979,20,0.2326779028424784,adaptive,masked_mae,128,8,flame_unsupported,primary_s5_h128_20k
0.14303106614564282,0.12156690733458343,20,0.1323579264861156,adaptive,masked_mae,128,8,foreground,primary_s5_h128_20k
0.10866804435827689,0.09236373894292899,20,0.10032106692140752,adaptive,masked_mae,128,8,full_frame,primary_s5_h128_20k
0.10795202782900414,0.09550406187423693,20,0.10175017166743061,adaptive,masked_mae,128,8,head_foreground,primary_s5_h128_20k
0.09076745647694667,0.07936653271999089,20,0.0849144662282823,adaptive,masked_mae,128,8,head_supported,primary_s5_h128_20k
0.26635928035079565,0.21806507073066564,20,0.24217988824144374,adaptive,masked_mae,128,8,head_unsupported,primary_s5_h128_20k
0.08798117828451962,0.07662344662021987,20,0.08200726088848913,adaptive,masked_mae,128,8,oral,primary_s5_h128_20k
0.23373110963957314,0.1782019028235233,20,0.20488999609572373,adaptive,masked_mae,128,8,torso_outside_head_roi,primary_s5_h128_20k
0.04931708271524233,0.030415488236910315,20,0.03978383280791498,hard,masked_mae,128,1,background,primary_s5_h128_20k
0.07785233096760798,0.06824098025347937,20,0.07305487601879221,hard,masked_mae,128,1,eyes,primary_s5_h128_20k
0.09635827167800412,0.08654546774874704,20,0.09150428551764479,hard,masked_mae,128,1,flame_supported,primary_s5_h128_20k
0.6556045255075353,0.518778427747673,20,0.5889623568190212,hard,masked_mae,128,1,flame_unsupported,primary_s5_h128_20k
0.26555471544335063,0.21169185140990046,20,0.23921369828309413,hard,masked_mae,128,1,foreground,primary_s5_h128_20k
0.16863828140097267,0.13072978638822125,20,0.1496168046673655,hard,masked_mae,128,1,full_frame,primary_s5_h128_20k
0.1410834269696515,0.11315133336836174,20,0.127096047593275,hard,masked_mae,128,1,head_foreground,primary_s5_h128_20k
0.08515293290042479,0.07735153471904438,20,0.08128304014208101,hard,masked_mae,128,1,head_supported,primary_s5_h128_20k
0.5344150226739169,0.42296836869921767,20,0.47867706466310855,hard,masked_mae,128,1,head_unsupported,primary_s5_h128_20k
0.07943120269894118,0.07165935663286513,20,0.07564313129537222,hard,masked_mae,128,1,oral,primary_s5_h128_20k
0.5687281761768852,0.44647574968236386,20,0.5099570455743503,hard,masked_mae,128,1,torso_outside_head_roi,primary_s5_h128_20k
0.051371277124848305,0.031156974194703237,20,0.04089130546322477,hard,masked_mae,128,4,background,primary_s5_h128_20k
0.07906028719284607,0.06981541077241252,20,0.07443170783556163,hard,masked_mae,128,4,eyes,primary_s5_h128_20k
0.08787140989788571,0.0780425108217869,20,0.08294750346881338,hard,masked_mae,128,4,flame_supported,primary_s5_h128_20k
0.6524709898227996,0.5187433332868906,20,0.5878959747429546,hard,masked_mae,128,4,flame_unsupported,primary_s5_h128_20k
0.25808086030420946,0.2052034474941543,20,0.23214932646410133,hard,masked_mae,128,4,foreground,primary_s5_h128_20k
0.16570069602123635,0.12892700812951263,20,0.14740300548525442,hard,masked_mae,128,4,full_frame,primary_s5_h128_20k
0.13159595886144962,0.10514205388856586,20,0.11829880959708308,hard,masked_mae,128,4,head_foreground,primary_s5_h128_20k
0.07530917660893095,0.06777857678052322,20,0.07149498564873773,hard,masked_mae,128,4,head_supported,primary_s5_h128_20k
0.534907319964864,0.42179462419716834,20,0.47835400170381914,hard,masked_mae,128,4,head_unsupported,primary_s5_h128_20k
0.07676699765212848,0.06953345962514706,20,0.07328611247717544,hard,masked_mae,128,4,oral,primary_s5_h128_20k
0.56738806994093,0.4436948478544266,20,0.5080473204607739,hard,masked_mae,128,4,torso_outside_head_roi,primary_s5_h128_20k
0.051022507075714256,0.030758051738175772,20,0.04072629008228507,hard,masked_mae,128,8,background,primary_s5_h128_20k
0.08098009656865783,0.07175667145520516,20,0.07639112445893467,hard,masked_mae,128,8,eyes,primary_s5_h128_20k
0.08681578140358334,0.07732003998020699,20,0.08200701108216521,hard,masked_mae,128,8,flame_supported,primary_s5_h128_20k
0.6529491773347857,0.5179352845241518,20,0.5876385792735201,hard,masked_mae,128,8,flame_unsupported,primary_s5_h128_20k
0.26106101775890367,0.20626302555758524,20,0.2338989754449337,hard,masked_mae,128,8,foreground,primary_s5_h128_20k
0.16647622929162967,0.12823697611410034,20,0.14734486070546238,hard,masked_mae,128,8,full_frame,primary_s5_h128_20k
0.13017195231246312,0.10377712470538157,20,0.11664214080197337,hard,masked_mae,128,8,head_foreground,primary_s5_h128_20k
0.07407891534288395,0.066720062543338,20,0.07031361042897719,hard,masked_mae,128,8,head_supported,primary_s5_h128_20k
0.5306361658588199,0.41756161743914394,20,0.47492733056964165,hard,masked_mae,128,8,head_unsupported,primary_s5_h128_20k
0.07692402271886518,0.06988456269280044,20,0.07349135838889162,hard,masked_mae,128,8,oral,primary_s5_h128_20k
0.5673525502432489,0.4455294428118562,20,0.5073534020100591,hard,masked_mae,128,8,torso_outside_head_roi,primary_s5_h128_20k
0.07646845416543396,0.04352745729585145,20,0.05899100757774754,released,masked_mae,128,1,background,primary_s5_h128_20k
0.0788919715809698,0.06852473856068116,20,0.07367135494087196,released,masked_mae,128,1,eyes,primary_s5_h128_20k
0.1026109347419253,0.08808489207640936,20,0.09495490605498097,released,masked_mae,128,1,flame_supported,primary_s5_h128_20k
0.2626985057908904,0.1996574080677551,20,0.2295185734782709,released,masked_mae,128,1,flame_unsupported,primary_s5_h128_20k
0.14523347449070192,0.12307542242592229,20,0.13378847293162388,released,masked_mae,128,1,foreground,primary_s5_h128_20k
0.10878767655482369,0.0906744612607175,20,0.09935606651405923,released,masked_mae,128,1,full_frame,primary_s5_h128_20k
0.11657896022266213,0.0988432423870614,20,0.10703617536709598,released,masked_mae,128,1,head_foreground,primary_s5_h128_20k
0.0986619257330791,0.08340229335894263,20,0.09049304928896461,released,masked_mae,128,1,head_supported,primary_s5_h128_20k
0.27226124407671765,0.21605237319899498,20,0.2427978079938547,released,masked_mae,128,1,head_unsupported,primary_s5_h128_20k
0.08433467330202707,0.07444807908067799,20,0.07935519860040215,released,masked_mae,128,1,oral,primary_s5_h128_20k
0.22623987769534232,0.1727231964562256,20,0.19855331820372352,released,masked_mae,128,1,torso_outside_head_roi,primary_s5_h128_20k
0.07975408338930401,0.047765077129553725,20,0.06309769593846416,released,masked_mae,128,4,background,primary_s5_h128_20k
0.07974466743498414,0.06933361863483142,20,0.07458772527642762,released,masked_mae,128,4,eyes,primary_s5_h128_20k
0.09369138499233115,0.08242113035365696,20,0.08804665406780769,released,masked_mae,128,4,flame_supported,primary_s5_h128_20k
0.254535197341035,0.19954565866116264,20,0.22553509989858575,released,masked_mae,128,4,flame_unsupported,primary_s5_h128_20k
0.13796275022043317,0.11844063633342766,20,0.12807762010831697,released,masked_mae,128,4,foreground,primary_s5_h128_20k
0.10799289939064734,0.09007988851917677,20,0.09846979881558973,released,masked_mae,128,4,full_frame,primary_s5_h128_20k
0.10738295688099482,0.0938092900643513,20,0.10061877055725647,released,masked_mae,128,4,head_foreground,primary_s5_h128_20k
0.08927040038836091,0.07828469734613765,20,0.08374607516393454,released,masked_mae,128,4,head_supported,primary_s5_h128_20k
0.267315916357494,0.2102763200861471,20,0.23774100442109428,released,masked_mae,128,4,head_unsupported,primary_s5_h128_20k
0.08348528111611407,0.0736589741164058,20,0.07862192938252233,released,masked_mae,128,4,oral,primary_s5_h128_20k
0.21929143013027408,0.17204116798684463,20,0.19552027516335602,released,masked_mae,128,4,torso_outside_head_roi,primary_s5_h128_20k
0.08117303571899731,0.048333087477631376,20,0.0639459740704212,released,masked_mae,128,8,background,primary_s5_h128_20k
0.08052216025568397,0.07029062199427683,20,0.07547203547113701,released,masked_mae,128,8,eyes,primary_s5_h128_20k
0.09351320310999156,0.08183211258420973,20,0.08746137488410491,released,masked_mae,128,8,flame_supported,primary_s5_h128_20k
0.2446286167604743,0.19358805379204136,20,0.2179578961685728,released,masked_mae,128,8,flame_unsupported,primary_s5_h128_20k
0.1357138758905592,0.11678411204421409,20,0.12620893915797432,released,masked_mae,128,8,foreground,primary_s5_h128_20k
0.10736912149586544,0.08815766355369513,20,0.0975101967824658,released,masked_mae,128,8,full_frame,primary_s5_h128_20k
0.10541517105777454,0.09224443660696681,20,0.09888429214112698,released,masked_mae,128,8,head_foreground,primary_s5_h128_20k
0.08866122005077653,0.07749557675284105,20,0.08293748602599527,released,masked_mae,128,8,head_supported,primary_s5_h128_20k
0.25209635289324545,0.2058281536735213,20,0.2283889744102562,released,masked_mae,128,8,head_unsupported,primary_s5_h128_20k
0.08350002115763061,0.07368028463027068,20,0.07861003069097097,released,masked_mae,128,8,oral,primary_s5_h128_20k
0.2141254233971603,0.1679370269751746,20,0.1905345219000259,released,masked_mae,128,8,torso_outside_head_roi,primary_s5_h128_20k
0.0765487566006285,0.047200694703808076,20,0.0614194478847699,adaptive,masked_mae,384,1,background,primary_s5_h128_20k
0.07460599306479873,0.06639050240284482,20,0.07053054777900854,adaptive,masked_mae,384,1,eyes,primary_s5_h128_20k
0.10046537250022103,0.08838787713791967,20,0.09441325577578864,adaptive,masked_mae,384,1,flame_supported,primary_s5_h128_20k
0.2597215740758524,0.20260737820685343,20,0.22958299729282666,adaptive,masked_mae,384,1,flame_unsupported,primary_s5_h128_20k
0.14207257623106398,0.12486531400722667,20,0.13350181876417178,adaptive,masked_mae,384,1,foreground,primary_s5_h128_20k
0.1085098924577064,0.09323580683245287,20,0.10058586220720629,adaptive,masked_mae,384,1,full_frame,primary_s5_h128_20k
0.11495973332955732,0.10109442096063902,20,0.10783007405567782,adaptive,masked_mae,384,1,head_foreground,primary_s5_h128_20k
0.09672309789998058,0.08385502621948762,20,0.09011791927424223,adaptive,masked_mae,384,1,head_supported,primary_s5_h128_20k
0.2871345075689079,0.22914573537478827,20,0.2579473668125677,adaptive,masked_mae,384,1,head_unsupported,primary_s5_h128_20k
0.08741294827693606,0.0762102574918953,20,0.0816701493834328,adaptive,masked_mae,384,1,oral,primary_s5_h128_20k
0.21921957613737933,0.17175763211627473,20,0.19459766070885245,adaptive,masked_mae,384,1,torso_outside_head_roi,primary_s5_h128_20k
0.07684540055188133,0.04913925420063626,20,0.06254703949883107,adaptive,masked_mae,384,4,background,primary_s5_h128_20k
0.07829965494551572,0.06938429272635527,20,0.0738524559582838,adaptive,masked_mae,384,4,eyes,primary_s5_h128_20k
0.09573524353399765,0.08445933475400447,20,0.08994962650472187,adaptive,masked_mae,384,4,flame_supported,primary_s5_h128_20k
0.2536536526868248,0.20352872152798446,20,0.22821515682969512,adaptive,masked_mae,384,4,flame_unsupported,primary_s5_h128_20k
0.13861042012707706,0.12151639052367479,20,0.13025864367442402,adaptive,masked_mae,384,4,foreground,primary_s5_h128_20k
0.10709157665940028,0.09236144203620837,20,0.09958691592606193,adaptive,masked_mae,384,4,full_frame,primary_s5_h128_20k
0.10922864384708872,0.09704814628490752,20,0.10328828109620465,adaptive,masked_mae,384,4,head_foreground,primary_s5_h128_20k
0.09175112516168325,0.08005018559081276,20,0.08571467235985308,adaptive,masked_mae,384,4,head_supported,primary_s5_h128_20k
0.279878406788764,0.22400624812250675,20,0.25154804760931415,adaptive,masked_mae,384,4,head_unsupported,primary_s5_h128_20k
0.08660858141311904,0.07575943196754194,20,0.08099249870049399,adaptive,masked_mae,384,4,oral,primary_s5_h128_20k
0.21595790513659133,0.17491169420290228,20,0.19546167821530444,adaptive,masked_mae,384,4,torso_outside_head_roi,primary_s5_h128_20k
0.07657127679576652,0.04803743182732406,20,0.06212308570938132,adaptive,masked_mae,384,8,background,primary_s5_h128_20k
0.0787947764970395,0.06944969284019818,20,0.07409652564289647,adaptive,masked_mae,384,8,eyes,primary_s5_h128_20k
0.0955231648933834,0.08358815692268877,20,0.0893451457668614,adaptive,masked_mae,384,8,flame_supported,primary_s5_h128_20k
0.24646812177886945,0.19944334909539682,20,0.22242236459911355,adaptive,masked_mae,384,8,flame_unsupported,primary_s5_h128_20k
0.13774453565398195,0.11993703626327336,20,0.128916050412414,adaptive,masked_mae,384,8,foreground,primary_s5_h128_20k
0.10635568909981376,0.09061254973750436,20,0.09840856241801428,adaptive,masked_mae,384,8,full_frame,primary_s5_h128_20k
0.10789840566042354,0.09576097977822834,20,0.10194751647672493,adaptive,masked_mae,384,8,head_foreground,primary_s5_h128_20k
0.09090321295837031,0.07903337053539154,20,0.08475479511319713,adaptive,masked_mae,384,8,head_supported,primary_s5_h128_20k
0.2724679433409053,0.22209909327824406,20,0.24719714041338253,adaptive,masked_mae,384,8,head_unsupported,primary_s5_h128_20k
0.08638960865112756,0.07549205711075085,20,0.08073001789147718,adaptive,masked_mae,384,8,oral,primary_s5_h128_20k
0.2118694436332237,0.1703102061550526,20,0.19143664659191356,adaptive,masked_mae,384,8,torso_outside_head_roi,primary_s5_h128_20k
0.04931174758415771,0.030187514962067022,20,0.03967433374960896,hard,masked_mae,384,1,background,primary_s5_h128_20k
0.07731341988706839,0.0675733926543884,20,0.07241201422039495,hard,masked_mae,384,1,eyes,primary_s5_h128_20k
0.09550935469076575,0.08573723814584623,20,0.09065707803668077,hard,masked_mae,384,1,flame_supported,primary_s5_h128_20k
0.654834376439827,0.5197973506166215,20,0.5890317592410168,hard,masked_mae,384,1,flame_unsupported,primary_s5_h128_20k
0.2653590970844835,0.21022145480654084,20,0.23864446230042852,hard,masked_mae,384,1,foreground,primary_s5_h128_20k
0.16832582872506088,0.13114173396260712,20,0.14930083857040216,hard,masked_mae,384,1,full_frame,primary_s5_h128_20k
0.1406115322669077,0.11238846712557024,20,0.12641851846408733,hard,masked_mae,384,1,head_foreground,primary_s5_h128_20k
0.08454519593620263,0.07644353599197626,20,0.08052041171668561,hard,masked_mae,384,1,head_supported,primary_s5_h128_20k
0.5352256776739667,0.42255535427570234,20,0.47878408869154976,hard,masked_mae,384,1,head_unsupported,primary_s5_h128_20k
0.07839026240534067,0.07067027526269301,20,0.07460091419398156,hard,masked_mae,384,1,oral,primary_s5_h128_20k
0.5682885663159949,0.4475211089622349,20,0.5098553256650752,hard,masked_mae,384,1,torso_outside_head_roi,primary_s5_h128_20k
0.050639003472518845,0.03091595095127293,20,0.04051050506109498,hard,masked_mae,384,4,background,primary_s5_h128_20k
0.0792448819037368,0.06961952701712779,20,0.07442138707808701,hard,masked_mae,384,4,eyes,primary_s5_h128_20k
0.08696364118356302,0.07724903266691906,20,0.08202409866939762,hard,masked_mae,384,4,flame_supported,primary_s5_h128_20k
0.6538077962882534,0.5184729397321639,20,0.5882064486793562,hard,masked_mae,384,4,flame_unsupported,primary_s5_h128_20k
0.2576595401577674,0.20414655613736032,20,0.23158602666981754,hard,masked_mae,384,4,foreground,primary_s5_h128_20k
0.1649861209347666,0.12900047454979574,20,0.146957584501298,hard,masked_mae,384,4,full_frame,primary_s5_h128_20k
0.131197001579504,0.10461281873004472,20,0.11753327092529058,hard,masked_mae,384,4,head_foreground,primary_s5_h128_20k
0.07440475178173031,0.06692689910873995,20,0.07056206965348814,hard,masked_mae,384,4,head_supported,primary_s5_h128_20k
0.5352666334980274,0.42252135814949277,20,0.478881417458292,hard,masked_mae,384,4,head_unsupported,primary_s5_h128_20k
0.07637825156470279,0.06904503538760136,20,0.07278337311986385,hard,masked_mae,384,4,oral,primary_s5_h128_20k
0.5652801930201901,0.444459101743622,20,0.5078464407297476,hard,masked_mae,384,4,torso_outside_head_roi,primary_s5_h128_20k
0.051060421604647625,0.03056266558127933,20,0.04046662977281006,hard,masked_mae,384,8,background,primary_s5_h128_20k
0.08119145505594914,0.07143644061178804,20,0.07623866114846908,hard,masked_mae,384,8,eyes,primary_s5_h128_20k
0.08604025661728973,0.07637682869665534,20,0.08110835927112463,hard,masked_mae,384,8,flame_supported,primary_s5_h128_20k
0.651586563313907,0.5163935514349701,20,0.5878538041842272,hard,masked_mae,384,8,flame_unsupported,primary_s5_h128_20k
0.25980924197306554,0.20539571156385839,20,0.23332789378772154,hard,masked_mae,384,8,foreground,primary_s5_h128_20k
0.16562496650700617,0.1279547534992685,20,0.14694682865431813,hard,masked_mae,384,8,full_frame,primary_s5_h128_20k
0.1291063031090491,0.10285200942715104,20,0.11585292115345705,hard,masked_mae,384,8,head_foreground,primary_s5_h128_20k
0.07292225810040387,0.06584117126197465,20,0.06938076931939305,hard,masked_mae,384,8,head_supported,primary_s5_h128_20k
0.531356153468135,0.4197775094002081,20,0.4751614628863942,hard,masked_mae,384,8,head_unsupported,primary_s5_h128_20k
0.07605784453658739,0.06924343099079208,20,0.07273754822618517,hard,masked_mae,384,8,oral,primary_s5_h128_20k
0.5664610467061741,0.44267984828930473,20,0.5071543185420165,hard,masked_mae,384,8,torso_outside_head_roi,primary_s5_h128_20k
0.07134114366981642,0.04354586050777284,20,0.05679108672229131,released,masked_mae,384,1,background,primary_s5_h128_20k
0.07673526579499464,0.06889882473938627,20,0.07300007661864226,released,masked_mae,384,1,eyes,primary_s5_h128_20k
0.09843268037162714,0.08723437547243862,20,0.09267688401751306,released,masked_mae,384,1,flame_supported,primary_s5_h128_20k
0.24292652899961387,0.1864041143088046,20,0.21238711802330767,released,masked_mae,384,1,flame_unsupported,primary_s5_h128_20k
0.13692419985566776,0.11807944854229407,20,0.12743902891168304,released,masked_mae,384,1,foreground,primary_s5_h128_20k
0.10266630379217011,0.08798138490089177,20,0.09501836127877064,released,masked_mae,384,1,full_frame,primary_s5_h128_20k
0.11154111262650669,0.09738672696780931,20,0.10438876348104634,released,masked_mae,384,1,head_foreground,primary_s5_h128_20k
0.09501872344926005,0.08301163593843705,20,0.08868823442989476,released,masked_mae,384,1,head_supported,primary_s5_h128_20k
0.25557378946704873,0.2104905354849603,20,0.23323367129465825,released,masked_mae,384,1,head_unsupported,primary_s5_h128_20k
0.08610813313073236,0.07539894921707924,20,0.0807229888068948,released,masked_mae,384,1,oral,primary_s5_h128_20k
0.21120775041491605,0.1588609515801238,20,0.18408122099830515,released,masked_mae,384,1,torso_outside_head_roi,primary_s5_h128_20k
0.07153752990055995,0.04688873776114,20,0.05896379407703585,released,masked_mae,384,4,background,primary_s5_h128_20k
0.07934978352872642,0.07021860409885633,20,0.07496034744581437,released,masked_mae,384,4,eyes,primary_s5_h128_20k
0.09190455978205249,0.08100300179243579,20,0.08628012678200123,released,masked_mae,384,4,flame_supported,primary_s5_h128_20k
0.23391058669450573,0.18685272251170312,20,0.20964943816167855,released,masked_mae,384,4,flame_unsupported,primary_s5_h128_20k
0.1306227200385152,0.11385736038098025,20,0.12225903471296425,released,masked_mae,384,4,foreground,primary_s5_h128_20k
0.10105153284399088,0.08666304229034318,20,0.09349438695868185,released,masked_mae,384,4,full_frame,primary_s5_h128_20k
0.10327381888461853,0.09146924247829924,20,0.09737945205152511,released,masked_mae,384,4,head_foreground,primary_s5_h128_20k
0.0875849159649848,0.07697035135131466,20,0.08199721144088834,released,masked_mae,384,4,head_supported,primary_s5_h128_20k
0.24902266136584106,0.20296801989996804,20,0.22505217825662066,released,masked_mae,384,4,head_unsupported,primary_s5_h128_20k
0.08544717829193037,0.07485322194508891,20,0.08011143737580162,released,masked_mae,384,4,oral,primary_s5_h128_20k
0.20700035632963074,0.16317333819642565,20,0.18434035973789226,released,masked_mae,384,4,torso_outside_head_roi,primary_s5_h128_20k
0.07440062380950602,0.04811648105095122,20,0.06080348822004469,released,masked_mae,384,8,background,primary_s5_h128_20k
0.08076358194526138,0.07194808786915866,20,0.0764678531299476,released,masked_mae,384,8,eyes,primary_s5_h128_20k
0.09217987683899857,0.0806610857256099,20,0.08620705670800273,released,masked_mae,384,8,flame_supported,primary_s5_h128_20k
0.22489522207355633,0.18153504259962963,20,0.20257521661689376,released,masked_mae,384,8,flame_unsupported,primary_s5_h128_20k
0.12974579461669097,0.11214698176607717,20,0.12094159845331601,released,masked_mae,384,8,foreground,primary_s5_h128_20k
0.10177704407001643,0.08575141031827246,20,0.09333555889336062,released,masked_mae,384,8,full_frame,primary_s5_h128_20k
0.10231336536574767,0.09056383675381208,20,0.09646501702770058,released,masked_mae,384,8,head_foreground,primary_s5_h128_20k
0.08745892402613081,0.07668334919421003,20,0.08176176390681879,released,masked_mae,384,8,head_supported,primary_s5_h128_20k
0.23826733774431524,0.1992840950022676,20,0.2183495625080793,released,masked_mae,384,8,head_unsupported,primary_s5_h128_20k
0.08572877619869314,0.07498170349804116,20,0.08027602550531429,released,masked_mae,384,8,oral,primary_s5_h128_20k
0.20147671280215243,0.15801875289960737,20,0.17940382270560523,released,masked_mae,384,8,torso_outside_head_roi,primary_s5_h128_20k
0.5491295338634934,0.49825653434154527,20,0.5228954430492151,adaptive,ssim,8,1,full_frame,capacity_s5_h512_20k
0.5529619287530129,0.5014953317323869,20,0.5259022357337403,adaptive,ssim,8,4,full_frame,capacity_s5_h512_20k
0.5585520344032419,0.5061633657859196,20,0.531836889187495,adaptive,ssim,8,8,full_frame,capacity_s5_h512_20k
0.5686371650174259,0.5195026756113483,20,0.5431440961502846,hard,ssim,8,1,full_frame,capacity_s5_h512_20k
0.5792633584819056,0.5320207924711885,20,0.5558077334454566,hard,ssim,8,4,full_frame,capacity_s5_h512_20k
0.5872477420295278,0.536516570695454,20,0.5612524064523834,hard,ssim,8,8,full_frame,capacity_s5_h512_20k
0.5408291014230677,0.48661523480057006,20,0.5133365641037624,released,ssim,8,1,full_frame,capacity_s5_h512_20k
0.5440295440692342,0.48338471081220746,20,0.5140725282105533,released,ssim,8,4,full_frame,capacity_s5_h512_20k
0.549405331116702,0.488568884630998,20,0.5185425014013336,released,ssim,8,8,full_frame,capacity_s5_h512_20k
0.5753702948863308,0.5305007239803673,20,0.5524580801881495,adaptive,ssim,384,1,full_frame,capacity_s5_h512_20k
0.5772985424507747,0.530785199746941,20,0.5530848545558523,adaptive,ssim,384,4,full_frame,capacity_s5_h512_20k
0.5757013303076937,0.5284634400673566,20,0.5517331610832895,adaptive,ssim,384,8,full_frame,capacity_s5_h512_20k
0.5801236612012699,0.5308371465209694,20,0.5550893395784355,hard,ssim,384,1,full_frame,capacity_s5_h512_20k
0.5910652496338343,0.5422537851401351,20,0.5662278052983861,hard,ssim,384,4,full_frame,capacity_s5_h512_20k
0.5971804044519862,0.5449194837645405,20,0.5708852089586711,hard,ssim,384,8,full_frame,capacity_s5_h512_20k
0.5917229883266345,0.5474777574180848,20,0.5692285420639174,released,ssim,384,1,full_frame,capacity_s5_h512_20k
0.5959867448766123,0.5492617948511332,20,0.5723302446531526,released,ssim,384,4,full_frame,capacity_s5_h512_20k
0.594934514319258,0.5457934737613512,20,0.5700648351794197,released,ssim,384,8,full_frame,capacity_s5_h512_20k
0.5400906958413266,0.4891872011231524,20,0.5133707459483827,adaptive,ssim,8,1,full_frame,capacity_s5_h64_20k
0.5414598783884534,0.48744864152575085,20,0.5138531494772796,adaptive,ssim,8,4,full_frame,capacity_s5_h64_20k
0.5470570357285794,0.49125496196427515,20,0.5184508430815878,adaptive,ssim,8,8,full_frame,capacity_s5_h64_20k
0.565135663353971,0.5161456437107351,20,0.5400931934515636,hard,ssim,8,1,full_frame,capacity_s5_h64_20k
0.5785943738653354,0.5305425086053032,20,0.5542663422497836,hard,ssim,8,4,full_frame,capacity_s5_h64_20k
0.5858120679695692,0.5343285154764142,20,0.559626242518425,hard,ssim,8,8,full_frame,capacity_s5_h64_20k
0.537872316906495,0.4875511696517822,20,0.5111397968871253,released,ssim,8,1,full_frame,capacity_s5_h64_20k
0.544051486949126,0.4851928397414811,20,0.5136246049494455,released,ssim,8,4,full_frame,capacity_s5_h64_20k
0.5468401263884846,0.4890155357388513,20,0.5173555880075409,released,ssim,8,8,full_frame,capacity_s5_h64_20k
0.5584693413972853,0.5068463802133641,20,0.5319759273103305,adaptive,ssim,384,1,full_frame,capacity_s5_h64_20k
0.5576994838531721,0.5043391455777667,20,0.531175091185353,adaptive,ssim,384,4,full_frame,capacity_s5_h64_20k
0.561418720925493,0.5064035489782691,20,0.533717774209522,adaptive,ssim,384,8,full_frame,capacity_s5_h64_20k
0.5705523465263347,0.520132102375584,20,0.5449845674137274,hard,ssim,384,1,full_frame,capacity_s5_h64_20k
0.5855826585807584,0.5362783268918143,20,0.5605603601896402,hard,ssim,384,4,full_frame,capacity_s5_h64_20k
0.5914130675473382,0.539559615426475,20,0.5649756346430097,hard,ssim,384,8,full_frame,capacity_s5_h64_20k
0.5681666044332088,0.516689498120298,20,0.5417346356525308,released,ssim,384,1,full_frame,capacity_s5_h64_20k
0.5696383376498565,0.5180546065013517,20,0.5431666098309286,released,ssim,384,4,full_frame,capacity_s5_h64_20k
0.5702961163684014,0.5155922824374978,20,0.5426968668897947,released,ssim,384,8,full_frame,capacity_s5_h64_20k
0.6126254017198723,0.5691404370422519,20,0.5901573107356117,adaptive,ssim,384,1,full_frame,convergence_s5_h128_60k
0.6168694444869954,0.5732389783080329,20,0.5945444031646757,adaptive,ssim,384,4,full_frame,convergence_s5_h128_60k
0.6211666627263739,0.5752686448359774,20,0.5976739505217189,adaptive,ssim,384,8,full_frame,convergence_s5_h128_60k
0.5824066693832477,0.5310604239352756,20,0.5558647064226013,hard,ssim,384,1,full_frame,convergence_s5_h128_60k
0.592107295682936,0.54116863826572,20,0.5661059651862492,hard,ssim,384,4,full_frame,convergence_s5_h128_60k
0.5987083334617671,0.544772041071029,20,0.5713661401044755,hard,ssim,384,8,full_frame,convergence_s5_h128_60k
0.6175086802687675,0.5739029820999575,20,0.5950262531992936,released,ssim,384,1,full_frame,convergence_s5_h128_60k
0.6239046796456429,0.5809834334446174,20,0.6017157167196272,released,ssim,384,4,full_frame,convergence_s5_h128_60k
0.6274954539927698,0.5816703971102835,20,0.6041459673217364,released,ssim,384,8,full_frame,convergence_s5_h128_60k
0.4679561815051627,0.40990630311270554,20,0.43803027103699393,adaptive,ssim,8,1,full_frame,covariance_s3_h128_20k
0.47203515950477487,0.4130334227295085,20,0.4411854736732714,adaptive,ssim,8,4,full_frame,covariance_s3_h128_20k
0.47822889902761995,0.41716192679923214,20,0.44688864023912533,adaptive,ssim,8,8,full_frame,covariance_s3_h128_20k
0.5263916248570949,0.48166659096255915,20,0.5039569919308027,hard,ssim,8,1,full_frame,covariance_s3_h128_20k
0.5288399070557771,0.4867180304917874,20,0.5078942026604306,hard,ssim,8,4,full_frame,covariance_s3_h128_20k
0.5353098907836137,0.4902332605297367,20,0.5127323474912417,hard,ssim,8,8,full_frame,covariance_s3_h128_20k
0.4747348055230188,0.41585647668157305,20,0.4444268149811597,released,ssim,8,1,full_frame,covariance_s3_h128_20k
0.47411741509017613,0.41645269409386504,20,0.4450778432867743,released,ssim,8,4,full_frame,covariance_s3_h128_20k
0.4807553717635927,0.42255785633233334,20,0.4508608126924152,released,ssim,8,8,full_frame,covariance_s3_h128_20k
0.507344110982404,0.45496792201751035,20,0.48010482749059086,adaptive,ssim,384,1,full_frame,covariance_s3_h128_20k
0.5056551305069165,0.4520458161605127,20,0.478359380183798,adaptive,ssim,384,4,full_frame,covariance_s3_h128_20k
0.508809527130354,0.45247252495161117,20,0.4801030234211967,adaptive,ssim,384,8,full_frame,covariance_s3_h128_20k
0.5293979038147344,0.4843007520213723,20,0.506253316821087,hard,ssim,384,1,full_frame,covariance_s3_h128_20k
0.5329479516771708,0.48912013863862464,20,0.5108754044680884,hard,ssim,384,4,full_frame,covariance_s3_h128_20k
0.5385815101170115,0.4925167563770499,20,0.5155875122972897,hard,ssim,384,8,full_frame,covariance_s3_h128_20k
0.5205431768111883,0.4699767111126511,20,0.494576370680616,released,ssim,384,1,full_frame,covariance_s3_h128_20k
0.521683816028138,0.47058938884148094,20,0.4950456916382818,released,ssim,384,4,full_frame,covariance_s3_h128_20k
0.5227666836693173,0.47029582706058304,20,0.49524902396258846,released,ssim,384,8,full_frame,covariance_s3_h128_20k
0.561924874280535,0.5092193715300943,20,0.5353427749304543,adaptive,ssim,8,1,full_frame,dose_r30_s5_h128_20k
0.5692761199029558,0.5164398212392222,20,0.542434870022716,adaptive,ssim,8,4,full_frame,dose_r30_s5_h128_20k
0.5739377773925661,0.5207801637550196,20,0.5469144128617787,adaptive,ssim,8,8,full_frame,dose_r30_s5_h128_20k
0.587464480722057,0.5346482941738907,20,0.5602420045151597,adaptive,ssim,384,1,full_frame,dose_r30_s5_h128_20k
0.5957025382125919,0.5449890206257502,20,0.5696612162571965,adaptive,ssim,384,4,full_frame,dose_r30_s5_h128_20k
0.5989064734872608,0.545533203644057,20,0.5719968862476803,adaptive,ssim,384,8,full_frame,dose_r30_s5_h128_20k
0.5472994913861511,0.5003270651568614,20,0.523266304532687,adaptive,ssim,8,1,full_frame,dose_r75_s5_h128_20k
0.5496143665401771,0.4993011992108642,20,0.5237208291888238,adaptive,ssim,8,4,full_frame,dose_r75_s5_h128_20k
0.5546080237591551,0.5036120890755028,20,0.5282891601324081,adaptive,ssim,8,8,full_frame,dose_r75_s5_h128_20k
0.5631627831625797,0.5107083393775281,20,0.5367522566446236,adaptive,ssim,384,1,full_frame,dose_r75_s5_h128_20k
0.5628105490203157,0.5113872560915171,20,0.536766881608602,adaptive,ssim,384,4,full_frame,dose_r75_s5_h128_20k
0.5672611076154168,0.5128207775861734,20,0.5399441012314388,adaptive,ssim,384,8,full_frame,dose_r75_s5_h128_20k
0.5409618768220147,0.49269523057554443,20,0.5155517170471804,adaptive,ssim,8,1,full_frame,primary_s5_h128_20k
0.5458408344457999,0.48901063361628494,20,0.5167938247774588,adaptive,ssim,8,4,full_frame,primary_s5_h128_20k
0.5496679907256647,0.4929121324047446,20,0.5207826739975384,adaptive,ssim,8,8,full_frame,primary_s5_h128_20k
0.5676288707660778,0.5178499330092399,20,0.542326590099505,hard,ssim,8,1,full_frame,primary_s5_h128_20k
0.5802870670514125,0.5330110344482641,20,0.5561640417485527,hard,ssim,8,4,full_frame,primary_s5_h128_20k
0.5874906693895656,0.5370782959390255,20,0.5618600900684083,hard,ssim,8,8,full_frame,primary_s5_h128_20k
0.5370918614541491,0.48622638210920355,20,0.5109493574216253,released,ssim,8,1,full_frame,primary_s5_h128_20k
0.5446083402565932,0.4868232271267158,20,0.5144926811257997,released,ssim,8,4,full_frame,primary_s5_h128_20k
0.5500965664198711,0.4903477810784466,20,0.5196790304921923,released,ssim,8,8,full_frame,primary_s5_h128_20k
0.5456792408103744,0.4942014461959757,20,0.5191961461944239,adaptive,ssim,32,1,full_frame,primary_s5_h128_20k
0.5457571991668505,0.4947174935878226,20,0.520184410115083,adaptive,ssim,32,4,full_frame,primary_s5_h128_20k
0.5510698684251735,0.4967443065096934,20,0.5236543348857334,adaptive,ssim,32,8,full_frame,primary_s5_h128_20k
0.570687574147291,0.5198466697264286,20,0.5450695218074889,hard,ssim,32,1,full_frame,primary_s5_h128_20k
0.5842934942132597,0.5352650952248863,20,0.5595695496057019,hard,ssim,32,4,full_frame,primary_s5_h128_20k
0.5915015660669831,0.5379060277129922,20,0.564372263423034,hard,ssim,32,8,full_frame,primary_s5_h128_20k
0.5562953158911496,0.5038244571359385,20,0.5299951832209315,released,ssim,32,1,full_frame,primary_s5_h128_20k
0.5582295383016267,0.5055229687092432,20,0.5313681414633087,released,ssim,32,4,full_frame,primary_s5_h128_20k
0.5616568859755284,0.5086053413436528,20,0.5347171227137248,released,ssim,32,8,full_frame,primary_s5_h128_20k
0.5621029814385942,0.5077924789284312,20,0.5345703004371553,adaptive,ssim,128,1,full_frame,primary_s5_h128_20k
0.5581181639229709,0.503940323249183,20,0.5304740053234676,adaptive,ssim,128,4,full_frame,primary_s5_h128_20k
0.5637165232197869,0.5074583189934491,20,0.5352256593959671,adaptive,ssim,128,8,full_frame,primary_s5_h128_20k
0.5721099393938979,0.521353150280636,20,0.546013374307326,hard,ssim,128,1,full_frame,primary_s5_h128_20k
0.5860341467268088,0.5369711993329903,20,0.5609772956280998,hard,ssim,128,4,full_frame,primary_s5_h128_20k
0.5925672710474048,0.538770231372189,20,0.5655080033200128,hard,ssim,128,8,full_frame,primary_s5_h128_20k
0.5730702601328848,0.5183701439707407,20,0.5451331391575789,released,ssim,128,1,full_frame,primary_s5_h128_20k
0.5726521407316129,0.5138418652275296,20,0.5433759856856231,released,ssim,128,4,full_frame,primary_s5_h128_20k
0.5762297024329502,0.5150802917033432,20,0.5455559692212513,released,ssim,128,8,full_frame,primary_s5_h128_20k
0.5622438066488219,0.5094075240753592,20,0.5348580989454474,adaptive,ssim,384,1,full_frame,primary_s5_h128_20k
0.5609506665057306,0.5082172325896946,20,0.5340085459026422,adaptive,ssim,384,4,full_frame,primary_s5_h128_20k
0.5651526587474205,0.5098830159593906,20,0.5366596336166064,adaptive,ssim,384,8,full_frame,primary_s5_h128_20k
0.5735605415453514,0.5229239613066117,20,0.5475581625742573,hard,ssim,384,1,full_frame,primary_s5_h128_20k
0.5873294699745196,0.5378622605098469,20,0.5627012159336696,hard,ssim,384,4,full_frame,primary_s5_h128_20k
0.5940890841292484,0.541635423861444,20,0.5673282655931654,hard,ssim,384,8,full_frame,primary_s5_h128_20k
0.5760928519557985,0.5286368006503297,20,0.5517050087097146,released,ssim,384,1,full_frame,primary_s5_h128_20k
0.5769905596790892,0.5295334239416953,20,0.5525991625406524,released,ssim,384,4,full_frame,primary_s5_h128_20k
0.5770380154340751,0.5266585401356929,20,0.5516899141527356,released,ssim,384,8,full_frame,primary_s5_h128_20k
0.2048152742286849,0.17587053357294352,20,0.18976909164509279,adaptive,lpips_alex_spatial,8,1,background,capacity_s5_h512_20k
0.20947499467990185,0.17091203463081944,20,0.1895594371208184,adaptive,lpips_alex_spatial,8,1,eyes,capacity_s5_h512_20k
0.3080620447111654,0.2642272115482137,20,0.28536063201764517,adaptive,lpips_alex_spatial,8,1,flame_supported,capacity_s5_h512_20k
0.44700256011375084,0.38882344128304114,20,0.41770213464416023,adaptive,lpips_alex_spatial,8,1,flame_unsupported,capacity_s5_h512_20k
0.35049675344748465,0.3089896848788623,20,0.3290121461334513,adaptive,lpips_alex_spatial,8,1,foreground,capacity_s5_h512_20k
0.28434983217032445,0.2523205994405014,20,0.2682197641758692,adaptive,lpips_alex_spatial,8,1,full_frame,capacity_s5_h512_20k
0.28661469447659965,0.23980289887458822,20,0.2625950063096417,adaptive,lpips_alex_spatial,8,1,head_foreground,capacity_s5_h512_20k
0.28509309567439356,0.23924591211469393,20,0.2615433639606892,adaptive,lpips_alex_spatial,8,1,head_supported,capacity_s5_h512_20k
0.29877698815639053,0.23475390102700028,20,0.26624644361015143,adaptive,lpips_alex_spatial,8,1,head_unsupported,capacity_s5_h512_20k
0.2518818402832879,0.20471796545596735,20,0.22765264426587106,adaptive,lpips_alex_spatial,8,1,oral,capacity_s5_h512_20k
0.5017322373642578,0.4507345097790119,20,0.4761776798332581,adaptive,lpips_alex_spatial,8,1,torso_outside_head_roi,capacity_s5_h512_20k
0.20260180124196855,0.17068730293653772,20,0.1864363695244044,adaptive,lpips_alex_spatial,8,4,background,capacity_s5_h512_20k
0.20252708340015604,0.1660003521510956,20,0.18303230266317866,adaptive,lpips_alex_spatial,8,4,eyes,capacity_s5_h512_20k
0.2983396656764107,0.25719358905523754,20,0.277493797627545,adaptive,lpips_alex_spatial,8,4,flame_supported,capacity_s5_h512_20k
0.451407207143136,0.3819790307244271,20,0.4168358829323148,adaptive,lpips_alex_spatial,8,4,flame_unsupported,capacity_s5_h512_20k
0.344495400172805,0.30128332603237307,20,0.3230315620510898,adaptive,lpips_alex_spatial,8,4,foreground,capacity_s5_h512_20k
0.2813701053427598,0.24654509006411907,20,0.2641732705526116,adaptive,lpips_alex_spatial,8,4,full_frame,capacity_s5_h512_20k
0.27569390122430026,0.23210849240805234,20,0.25370075669736314,adaptive,lpips_alex_spatial,8,4,head_foreground,capacity_s5_h512_20k
0.27451758597555426,0.23207654936377264,20,0.25250090455171476,adaptive,lpips_alex_spatial,8,4,head_supported,capacity_s5_h512_20k
0.2874427113939224,0.22792528509700033,20,0.2574553226191927,adaptive,lpips_alex_spatial,8,4,head_unsupported,capacity_s5_h512_20k
0.24372948291662094,0.20324314374561536,20,0.22301611599008062,adaptive,lpips_alex_spatial,8,4,oral,capacity_s5_h512_20k
0.5103456937356197,0.4411545554168733,20,0.4752901224208748,adaptive,lpips_alex_spatial,8,4,torso_outside_head_roi,capacity_s5_h512_20k
0.1975740972948344,0.16543475478746622,20,0.18092165590928463,adaptive,lpips_alex_spatial,8,8,background,capacity_s5_h512_20k
0.19616235293078646,0.1590573758674393,20,0.1765462636406023,adaptive,lpips_alex_spatial,8,8,eyes,capacity_s5_h512_20k
0.2913203991244741,0.25130447512957216,20,0.27042690778826173,adaptive,lpips_alex_spatial,8,8,flame_supported,capacity_s5_h512_20k
0.44746723168832553,0.37756464035820075,20,0.41251368902890306,adaptive,lpips_alex_spatial,8,8,flame_unsupported,capacity_s5_h512_20k
0.33895421756684746,0.2961989980580158,20,0.3172296916060183,adaptive,lpips_alex_spatial,8,8,foreground,capacity_s5_h512_20k
0.275137579624271,0.24073429841112778,20,0.2578229312772875,adaptive,lpips_alex_spatial,8,8,full_frame,capacity_s5_h512_20k
0.2673384460236479,0.22483429364348986,20,0.24526718624158916,adaptive,lpips_alex_spatial,8,8,head_foreground,capacity_s5_h512_20k
0.2666241296267801,0.22409340787854848,20,0.24418048709902124,adaptive,lpips_alex_spatial,8,8,head_supported,capacity_s5_h512_20k
0.27873559001889914,0.22235517120522133,20,0.249867814531001,adaptive,lpips_alex_spatial,8,8,head_unsupported,capacity_s5_h512_20k
0.24627764708179628,0.2014759331378663,20,0.2226472377651226,adaptive,lpips_alex_spatial,8,8,oral,capacity_s5_h512_20k
0.5044974861751188,0.43734646778205094,20,0.47027728341907765,adaptive,lpips_alex_spatial,8,8,torso_outside_head_roi,capacity_s5_h512_20k
0.18841148964719204,0.1702664517564035,20,0.17937914373186728,hard,lpips_alex_spatial,8,1,background,capacity_s5_h512_20k
0.20974396173357523,0.1833655233065355,20,0.19610425065490805,hard,lpips_alex_spatial,8,1,eyes,capacity_s5_h512_20k
0.28587931275812495,0.24795443679175538,20,0.26593245486743994,hard,lpips_alex_spatial,8,1,flame_supported,capacity_s5_h512_20k
0.5112618209129091,0.41862713324619716,20,0.4640888462799504,hard,lpips_alex_spatial,8,1,flame_unsupported,capacity_s5_h512_20k
0.35663810544768737,0.3056743690032813,20,0.3310868953360025,hard,lpips_alex_spatial,8,1,foreground,capacity_s5_h512_20k
0.2834006389469167,0.24696945871819154,20,0.26476313535011176,hard,lpips_alex_spatial,8,1,full_frame,capacity_s5_h512_20k
0.2628716179618597,0.22571305121512034,20,0.2437440421942228,hard,lpips_alex_spatial,8,1,head_foreground,capacity_s5_h512_20k
0.2607304187885283,0.22494242855930596,20,0.2418191646910401,hard,lpips_alex_spatial,8,1,head_supported,capacity_s5_h512_20k
0.2850801409472783,0.22508898431881566,20,0.2545007924138979,hard,lpips_alex_spatial,8,1,head_unsupported,capacity_s5_h512_20k
0.2256243832212728,0.19432202436178822,20,0.20922212691435665,hard,lpips_alex_spatial,8,1,oral,capacity_s5_h512_20k
0.557965734772229,0.47830926244394634,20,0.5180661659670929,hard,lpips_alex_spatial,8,1,torso_outside_head_roi,capacity_s5_h512_20k
0.18873094881953015,0.17004998567854218,20,0.1794020915401186,hard,lpips_alex_spatial,8,4,background,capacity_s5_h512_20k
0.21024015551123656,0.18357728611588148,20,0.19622180131461847,hard,lpips_alex_spatial,8,4,eyes,capacity_s5_h512_20k
0.28162093697540064,0.2436682527722099,20,0.26189947102867256,hard,lpips_alex_spatial,8,4,flame_supported,capacity_s5_h512_20k
0.5085044830582036,0.4176699868740991,20,0.4626220345815121,hard,lpips_alex_spatial,8,4,flame_unsupported,capacity_s5_h512_20k
0.3522428327105162,0.30367177865245465,20,0.3273297261389446,hard,lpips_alex_spatial,8,4,foreground,capacity_s5_h512_20k
0.281027475960409,0.24617574301797168,20,0.2635355241206723,hard,lpips_alex_spatial,8,4,full_frame,capacity_s5_h512_20k
0.2574055207713799,0.22067944192057035,20,0.238615152569766,hard,lpips_alex_spatial,8,4,head_foreground,capacity_s5_h512_20k
0.2552941908827848,0.2198322428216509,20,0.23674821624370052,hard,lpips_alex_spatial,8,4,head_supported,capacity_s5_h512_20k
0.27925831749002455,0.2181744695770926,20,0.24867920341903163,hard,lpips_alex_spatial,8,4,head_unsupported,capacity_s5_h512_20k
0.22308786725557095,0.1893654296238677,20,0.2052901554870111,hard,lpips_alex_spatial,8,4,oral,capacity_s5_h512_20k
0.5565231861464792,0.4787121527169323,20,0.51729312858172,hard,lpips_alex_spatial,8,4,torso_outside_head_roi,capacity_s5_h512_20k
0.18614927197259,0.16572714351852447,20,0.1755744182991217,hard,lpips_alex_spatial,8,8,background,capacity_s5_h512_20k
0.207681798231077,0.17947517643093663,20,0.19283934721038112,hard,lpips_alex_spatial,8,8,eyes,capacity_s5_h512_20k
0.27882986913940316,0.23768234254799891,20,0.25764468117802497,hard,lpips_alex_spatial,8,8,flame_supported,capacity_s5_h512_20k
0.5085354263967645,0.41429733390938495,20,0.4615375135786043,hard,lpips_alex_spatial,8,8,flame_unsupported,capacity_s5_h512_20k
0.35070512777849344,0.29779117983985776,20,0.3248160755682022,hard,lpips_alex_spatial,8,8,foreground,capacity_s5_h512_20k
0.2790174536394092,0.24100283482116022,20,0.25973872289513095,hard,lpips_alex_spatial,8,8,full_frame,capacity_s5_h512_20k
0.2534070589172521,0.21484472565334395,20,0.23355786104637746,hard,lpips_alex_spatial,8,8,head_foreground,capacity_s5_h512_20k
0.2519520606531951,0.2136202438974755,20,0.23185771016116682,hard,lpips_alex_spatial,8,8,head_supported,capacity_s5_h512_20k
0.27317767278715616,0.2132133072205535,20,0.24342318582154415,hard,lpips_alex_spatial,8,8,head_unsupported,capacity_s5_h512_20k
0.23052027452560062,0.19131386472662182,20,0.20952000346629135,hard,lpips_alex_spatial,8,8,oral,capacity_s5_h512_20k
0.5542814045866948,0.47435893797354006,20,0.5143807208069877,hard,lpips_alex_spatial,8,8,torso_outside_head_roi,capacity_s5_h512_20k
0.21968287418380933,0.18694102401200602,20,0.20257798892798068,released,lpips_alex_spatial,8,1,background,capacity_s5_h512_20k
0.21779357850286601,0.1836601904139146,20,0.20009720403832354,released,lpips_alex_spatial,8,1,eyes,capacity_s5_h512_20k
0.32088459166369554,0.28168393100533734,20,0.30077278586726636,released,lpips_alex_spatial,8,1,flame_supported,capacity_s5_h512_20k
0.47189273257484043,0.41297549500919944,20,0.44223759349039315,released,lpips_alex_spatial,8,1,flame_unsupported,capacity_s5_h512_20k
0.36624370356954017,0.32812883835208484,20,0.3468114121144662,released,lpips_alex_spatial,8,1,foreground,capacity_s5_h512_20k
0.2998424214750399,0.26775976441155525,20,0.2837499928422821,released,lpips_alex_spatial,8,1,full_frame,capacity_s5_h512_20k
0.2963330267488143,0.25674487503156984,20,0.2761338114026751,released,lpips_alex_spatial,8,1,head_foreground,capacity_s5_h512_20k
0.2950924581492981,0.2555804932061101,20,0.27517966565843244,released,lpips_alex_spatial,8,1,head_supported,capacity_s5_h512_20k
0.3085970366413592,0.2516615816997809,20,0.2801235383017547,released,lpips_alex_spatial,8,1,head_unsupported,capacity_s5_h512_20k
0.25759124883763285,0.21703161662420273,20,0.23666764927379486,released,lpips_alex_spatial,8,1,oral,capacity_s5_h512_20k
0.5327897418346705,0.4773152443635669,20,0.5056811887921787,released,lpips_alex_spatial,8,1,torso_outside_head_roi,capacity_s5_h512_20k
0.21631651280449682,0.17946063099385529,20,0.19770007469441137,released,lpips_alex_spatial,8,4,background,capacity_s5_h512_20k
0.21279264615467072,0.1774025361581862,20,0.19380459005365944,released,lpips_alex_spatial,8,4,eyes,capacity_s5_h512_20k
0.3166891798399535,0.2760871020794825,20,0.2955830839444889,released,lpips_alex_spatial,8,4,flame_supported,capacity_s5_h512_20k
0.47929937278843826,0.4033152541827087,20,0.44140822995620993,released,lpips_alex_spatial,8,4,flame_unsupported,capacity_s5_h512_20k
0.3670765113587958,0.3205654778437803,20,0.3433709853372979,released,lpips_alex_spatial,8,4,foreground,capacity_s5_h512_20k
0.30038337420251415,0.260752768437314,20,0.2805418334388207,released,lpips_alex_spatial,8,4,full_frame,capacity_s5_h512_20k
0.2900522345468043,0.25045098003853355,20,0.2693408801045819,released,lpips_alex_spatial,8,4,head_foreground,capacity_s5_h512_20k
0.28894538651994056,0.24907454019203612,20,0.26831158673938715,released,lpips_alex_spatial,8,4,head_supported,capacity_s5_h512_20k
0.3030151740635843,0.24760989493856317,20,0.2749421379983726,released,lpips_alex_spatial,8,4,head_unsupported,capacity_s5_h512_20k
0.25346061478569576,0.21664960990712112,20,0.23462657139976528,released,lpips_alex_spatial,8,4,oral,capacity_s5_h512_20k
0.54299338656108,0.466980381813967,20,0.5051373359360489,released,lpips_alex_spatial,8,4,torso_outside_head_roi,capacity_s5_h512_20k
0.21102758641166852,0.1752939896231575,20,0.1925219800973312,released,lpips_alex_spatial,8,8,background,capacity_s5_h512_20k
0.20847567967324115,0.17205354032443687,20,0.18936879872347662,released,lpips_alex_spatial,8,8,eyes,capacity_s5_h512_20k
0.31162031827948955,0.27065962087135353,20,0.29009032503044796,released,lpips_alex_spatial,8,8,flame_supported,capacity_s5_h512_20k
0.4759128693112224,0.3994849456465414,20,0.43735042359010495,released,lpips_alex_spatial,8,8,flame_unsupported,capacity_s5_h512_20k
0.36212044481128614,0.3156505529611472,20,0.33875891143370834,released,lpips_alex_spatial,8,8,foreground,capacity_s5_h512_20k
0.29366574460745376,0.25542794087425974,20,0.274939886625711,released,lpips_alex_spatial,8,8,full_frame,capacity_s5_h512_20k
0.2829239628942547,0.24278338499639143,20,0.26253103915771636,released,lpips_alex_spatial,8,8,head_foreground,capacity_s5_h512_20k
0.2830385644114921,0.24269699700833686,20,0.2616953573108832,released,lpips_alex_spatial,8,8,head_supported,capacity_s5_h512_20k
0.2954684310895557,0.2399642372657226,20,0.267573229496536,released,lpips_alex_spatial,8,8,head_unsupported,capacity_s5_h512_20k
0.2579205854918481,0.21562862526444684,20,0.23607757850739927,released,lpips_alex_spatial,8,8,oral,capacity_s5_h512_20k
0.5371730858333269,0.4637693669756954,20,0.5005285939472375,released,lpips_alex_spatial,8,8,torso_outside_head_roi,capacity_s5_h512_20k
0.18997162431992368,0.16507889842027887,20,0.17720172272567797,adaptive,lpips_alex_spatial,384,1,background,capacity_s5_h512_20k
0.21542948342824828,0.18149551186658253,20,0.1972930537694279,adaptive,lpips_alex_spatial,384,1,eyes,capacity_s5_h512_20k
0.3251496568944145,0.2820951938346686,20,0.303169267221652,adaptive,lpips_alex_spatial,384,1,flame_supported,capacity_s5_h512_20k
0.4367012991568022,0.3763988635585189,20,0.40619638927929447,adaptive,lpips_alex_spatial,384,1,flame_unsupported,capacity_s5_h512_20k
0.35861282039049786,0.31774626769082237,20,0.3378363541363937,adaptive,lpips_alex_spatial,384,1,foreground,capacity_s5_h512_20k
0.2830314837625146,0.2516973008847598,20,0.2669293626433328,adaptive,lpips_alex_spatial,384,1,full_frame,capacity_s5_h512_20k
0.3012549175038381,0.2573454553714723,20,0.2792415068590342,adaptive,lpips_alex_spatial,384,1,head_foreground,capacity_s5_h512_20k
0.30203025111152737,0.25922467413525924,20,0.27979796881841096,adaptive,lpips_alex_spatial,384,1,head_supported,capacity_s5_h512_20k
0.30829662935440316,0.24194347784467127,20,0.2741635814200488,adaptive,lpips_alex_spatial,384,1,head_unsupported,capacity_s5_h512_20k
0.2713410623420865,0.23084904380880625,20,0.25059997903301756,adaptive,lpips_alex_spatial,384,1,oral,capacity_s5_h512_20k
0.48979447751374,0.434288708154164,20,0.4615670042508346,adaptive,lpips_alex_spatial,384,1,torso_outside_head_roi,capacity_s5_h512_20k
0.19194992480405743,0.16855282936644417,20,0.180157336543177,adaptive,lpips_alex_spatial,384,4,background,capacity_s5_h512_20k
0.21647456496637763,0.17916333984569763,20,0.1963117165420225,adaptive,lpips_alex_spatial,384,4,eyes,capacity_s5_h512_20k
0.3237079181965647,0.2787083310307357,20,0.300350285771159,adaptive,lpips_alex_spatial,384,4,flame_supported,capacity_s5_h512_20k
0.4371525067847625,0.3773877303238325,20,0.4067285763436095,adaptive,lpips_alex_spatial,384,4,flame_unsupported,capacity_s5_h512_20k
0.35779705807594486,0.3150499022572306,20,0.33592890551725374,adaptive,lpips_alex_spatial,384,4,foreground,capacity_s5_h512_20k
0.28478511648073007,0.25247146201240456,20,0.26803414302752365,adaptive,lpips_alex_spatial,384,4,full_frame,capacity_s5_h512_20k
0.300601970320348,0.25331793113236367,20,0.27605341869777106,adaptive,lpips_alex_spatial,384,4,head_foreground,capacity_s5_h512_20k
0.3008182820109888,0.2544391326823014,20,0.276621685816491,adaptive,lpips_alex_spatial,384,4,head_supported,capacity_s5_h512_20k
0.3045200316880955,0.24204365232143663,20,0.27195301945115136,adaptive,lpips_alex_spatial,384,4,head_unsupported,capacity_s5_h512_20k
0.2712846445659269,0.2273448466215193,20,0.24857369578373723,adaptive,lpips_alex_spatial,384,4,oral,capacity_s5_h512_20k
0.48964200806267477,0.4345227369076267,20,0.461846611062556,adaptive,lpips_alex_spatial,384,4,torso_outside_head_roi,capacity_s5_h512_20k
0.19170025873786697,0.1652426549274895,20,0.17816379898574408,adaptive,lpips_alex_spatial,384,8,background,capacity_s5_h512_20k
0.21101468459558317,0.17586680711957792,20,0.1922239500795912,adaptive,lpips_alex_spatial,384,8,eyes,capacity_s5_h512_20k
0.32039051975000704,0.27469330207664316,20,0.29697295749534913,adaptive,lpips_alex_spatial,384,8,flame_supported,capacity_s5_h512_20k
0.4343150073486076,0.37485389222106114,20,0.40400239346630124,adaptive,lpips_alex_spatial,384,8,flame_unsupported,capacity_s5_h512_20k
0.35466061566739177,0.311698267947325,20,0.33285480525289385,adaptive,lpips_alex_spatial,384,8,foreground,capacity_s5_h512_20k
0.28138509952080193,0.24853313113445843,20,0.26461313947454684,adaptive,lpips_alex_spatial,384,8,full_frame,capacity_s5_h512_20k
0.2954466055906464,0.24914431333838624,20,0.27222477162253805,adaptive,lpips_alex_spatial,384,8,head_foreground,capacity_s5_h512_20k
0.29660358292973865,0.2499642333899619,20,0.27275164437022126,adaptive,lpips_alex_spatial,384,8,head_supported,capacity_s5_h512_20k
0.30007136899936077,0.23856980149176893,20,0.26896939526288594,adaptive,lpips_alex_spatial,384,8,head_unsupported,capacity_s5_h512_20k
0.2740795091646456,0.22710886678831255,20,0.24973661374364986,adaptive,lpips_alex_spatial,384,8,oral,capacity_s5_h512_20k
0.4836081142969937,0.4313052187023625,20,0.45669316671052956,adaptive,lpips_alex_spatial,384,8,torso_outside_head_roi,capacity_s5_h512_20k
0.18288899585429563,0.16380797322060345,20,0.17327777010612405,hard,lpips_alex_spatial,384,1,background,capacity_s5_h512_20k
0.20764620543635057,0.1801030799084461,20,0.19333400404612672,hard,lpips_alex_spatial,384,1,eyes,capacity_s5_h512_20k
0.2763901018542169,0.23565456715173894,20,0.25500065596265903,hard,lpips_alex_spatial,384,1,flame_supported,capacity_s5_h512_20k
0.5022826234652041,0.4056244310033965,20,0.4538219634935451,hard,lpips_alex_spatial,384,1,flame_unsupported,capacity_s5_h512_20k
0.3479133054698745,0.2934489608822896,20,0.3204139666355296,hard,lpips_alex_spatial,384,1,foreground,capacity_s5_h512_20k
0.27556506832827743,0.23725875803176713,20,0.2562458197146783,hard,lpips_alex_spatial,384,1,full_frame,capacity_s5_h512_20k
0.2538253547955184,0.21445286009483333,20,0.23329660936251817,hard,lpips_alex_spatial,384,1,head_foreground,capacity_s5_h512_20k
0.25141174001876065,0.21363939749473476,20,0.2314934171086584,hard,lpips_alex_spatial,384,1,head_supported,capacity_s5_h512_20k
0.272379099532618,0.21202128720828903,20,0.24201296804389213,hard,lpips_alex_spatial,384,1,head_unsupported,capacity_s5_h512_20k
0.2171854810938252,0.18550025242576357,20,0.20041403795219392,hard,lpips_alex_spatial,384,1,oral,capacity_s5_h512_20k
0.5483244357043233,0.46478270349386874,20,0.506730789016428,hard,lpips_alex_spatial,384,1,torso_outside_head_roi,capacity_s5_h512_20k
0.18587220819117845,0.1659207493999678,20,0.17576152010318274,hard,lpips_alex_spatial,384,4,background,capacity_s5_h512_20k
0.2051848842497894,0.17944784603752192,20,0.1918397283677983,hard,lpips_alex_spatial,384,4,eyes,capacity_s5_h512_20k
0.27550114898104777,0.23575467671023437,20,0.25474928649702766,hard,lpips_alex_spatial,384,4,flame_supported,capacity_s5_h512_20k
0.5032581072663818,0.41126717294912446,20,0.45651148078254156,hard,lpips_alex_spatial,384,4,flame_unsupported,capacity_s5_h512_20k
0.3466175702053743,0.29462182437344997,20,0.3205297657527859,hard,lpips_alex_spatial,384,4,foreground,capacity_s5_h512_20k
0.27704524029138655,0.24014683339385615,20,0.2581990475004369,hard,lpips_alex_spatial,384,4,full_frame,capacity_s5_h512_20k
0.2517018370545611,0.2132143467025,20,0.23197865163445464,hard,lpips_alex_spatial,384,4,head_foreground,capacity_s5_h512_20k
0.24919499907056963,0.21237775586270444,20,0.230054416572957,hard,lpips_alex_spatial,384,4,head_supported,capacity_s5_h512_20k
0.27211794786595206,0.21099719290451588,20,0.24185707910898596,hard,lpips_alex_spatial,384,4,head_unsupported,capacity_s5_h512_20k
0.21761303704691645,0.18558571726188294,20,0.20106830104741863,hard,lpips_alex_spatial,384,4,oral,capacity_s5_h512_20k
0.5500307400530093,0.46953897501776476,20,0.5099210823653472,hard,lpips_alex_spatial,384,4,torso_outside_head_roi,capacity_s5_h512_20k
0.18383301199609617,0.16259339937958334,20,0.17260089744772833,hard,lpips_alex_spatial,384,8,background,capacity_s5_h512_20k
0.20129951144265051,0.17473916870135664,20,0.18758612634049693,hard,lpips_alex_spatial,384,8,eyes,capacity_s5_h512_20k
0.27288700258491166,0.23037405802692096,20,0.2509548527100816,hard,lpips_alex_spatial,384,8,flame_supported,capacity_s5_h512_20k
0.5041819751291352,0.41009825637594405,20,0.45652422699750694,hard,lpips_alex_spatial,384,8,flame_unsupported,capacity_s5_h512_20k
0.3465306231183433,0.2909890183788923,20,0.31869764888203667,hard,lpips_alex_spatial,384,8,foreground,capacity_s5_h512_20k
0.2748533820576999,0.23542790622164161,20,0.25514244991979557,hard,lpips_alex_spatial,384,8,full_frame,capacity_s5_h512_20k
0.24837252177445082,0.2075207388612238,20,0.22748240422567703,hard,lpips_alex_spatial,384,8,head_foreground,capacity_s5_h512_20k
0.24585469151488587,0.2067976183416634,20,0.2255966710193044,hard,lpips_alex_spatial,384,8,head_supported,capacity_s5_h512_20k
0.2698962609728582,0.20777912014671102,20,0.23851986484428975,hard,lpips_alex_spatial,384,8,head_unsupported,capacity_s5_h512_20k
0.22430302813349684,0.18725150497440984,20,0.20479865791439927,hard,lpips_alex_spatial,384,8,oral,capacity_s5_h512_20k
0.5488160424243604,0.4667736113364027,20,0.5075429151552016,hard,lpips_alex_spatial,384,8,torso_outside_head_roi,capacity_s5_h512_20k
0.1973353261223571,0.17102626325125728,20,0.18368820624366752,released,lpips_alex_spatial,384,1,background,capacity_s5_h512_20k
0.22761927954010722,0.19102436296657094,20,0.2080324967590687,released,lpips_alex_spatial,384,1,eyes,capacity_s5_h512_20k
0.3235061189682662,0.2833911442807709,20,0.3019252973513316,released,lpips_alex_spatial,384,1,flame_supported,capacity_s5_h512_20k
0.4288408642314744,0.37073757171931493,20,0.39914964952923027,released,lpips_alex_spatial,384,1,flame_unsupported,capacity_s5_h512_20k
0.3552740913664305,0.31684285824158553,20,0.33506612663357616,released,lpips_alex_spatial,384,1,foreground,capacity_s5_h512_20k
0.28420388391394635,0.2534383041005243,20,0.2682094681701619,released,lpips_alex_spatial,384,1,full_frame,capacity_s5_h512_20k
0.30018738303308995,0.25938033378031705,20,0.27869209164697545,released,lpips_alex_spatial,384,1,head_foreground,capacity_s5_h512_20k
0.30057441663072615,0.2603063781972887,20,0.27960260084839017,released,lpips_alex_spatial,384,1,head_supported,capacity_s5_h512_20k
0.30055192044703194,0.24118991740916595,20,0.27009195285176407,released,lpips_alex_spatial,384,1,head_unsupported,capacity_s5_h512_20k
0.26940685356454075,0.2276496011544407,20,0.24771362244767334,released,lpips_alex_spatial,384,1,oral,capacity_s5_h512_20k
0.4806236735258251,0.4248321145216878,20,0.4519424981829031,released,lpips_alex_spatial,384,1,torso_outside_head_roi,capacity_s5_h512_20k
0.19706293795901542,0.17043532763579067,20,0.18320534691878942,released,lpips_alex_spatial,384,4,background,capacity_s5_h512_20k
0.2210190406529374,0.18248898055622084,20,0.20002866062241703,released,lpips_alex_spatial,384,4,eyes,capacity_s5_h512_20k
0.3180054162183341,0.2741136801370173,20,0.29499751476182506,released,lpips_alex_spatial,384,4,flame_supported,capacity_s5_h512_20k
0.42914557559289773,0.3690371618712127,20,0.39800972561732023,released,lpips_alex_spatial,384,4,flame_unsupported,capacity_s5_h512_20k
0.35245536034059527,0.310172687547796,20,0.32978551512788146,released,lpips_alex_spatial,384,4,foreground,capacity_s5_h512_20k
0.28281718050317006,0.2504301529252496,20,0.26593513703871696,released,lpips_alex_spatial,384,4,full_frame,capacity_s5_h512_20k
0.2955842447010705,0.2501006574121388,20,0.2716536265927526,released,lpips_alex_spatial,384,4,head_foreground,capacity_s5_h512_20k
0.2960471579682002,0.2504444399163819,20,0.2723128767795614,released,lpips_alex_spatial,384,4,head_supported,capacity_s5_h512_20k
0.2976127249734944,0.23595162173176107,20,0.2662552826012957,released,lpips_alex_spatial,384,4,head_unsupported,capacity_s5_h512_20k
0.26732139089375967,0.22273101309458634,20,0.24398176195734375,released,lpips_alex_spatial,384,4,oral,capacity_s5_h512_20k
0.4782333576433136,0.4212369361566968,20,0.44940622319489804,released,lpips_alex_spatial,384,4,torso_outside_head_roi,capacity_s5_h512_20k
0.1946361401966708,0.16599385544400883,20,0.17958203587041857,released,lpips_alex_spatial,384,8,background,capacity_s5_h512_20k
0.21422281081369976,0.17709894566493573,20,0.19431754703814746,released,lpips_alex_spatial,384,8,eyes,capacity_s5_h512_20k
0.3149381688600986,0.27022970888243625,20,0.2910161500427364,released,lpips_alex_spatial,384,8,flame_supported,capacity_s5_h512_20k
0.4251941140555333,0.36592994625823705,20,0.3949555616779653,released,lpips_alex_spatial,384,8,flame_unsupported,capacity_s5_h512_20k
0.348089339260051,0.30555477824639876,20,0.3262878135783699,released,lpips_alex_spatial,384,8,foreground,capacity_s5_h512_20k
0.27881028848680073,0.24507641815390938,20,0.26172574985594976,released,lpips_alex_spatial,384,8,full_frame,capacity_s5_h512_20k
0.29036046437046953,0.24506833980883,20,0.26675073209080397,released,lpips_alex_spatial,384,8,head_foreground,capacity_s5_h512_20k
0.2921099881139607,0.24577609530697922,20,0.2674882223197847,released,lpips_alex_spatial,384,8,head_supported,capacity_s5_h512_20k
0.29242412720672145,0.23201172669782835,20,0.26115841978398613,released,lpips_alex_spatial,384,8,head_unsupported,capacity_s5_h512_20k
0.2696726664596877,0.21919178472438053,20,0.24298640764904875,released,lpips_alex_spatial,384,8,oral,capacity_s5_h512_20k
0.4742351360786915,0.4190965616983072,20,0.44544191367059993,released,lpips_alex_spatial,384,8,torso_outside_head_roi,capacity_s5_h512_20k
0.21830469167006022,0.18974532270042122,20,0.20405569584420663,adaptive,lpips_alex_spatial,8,1,background,capacity_s5_h64_20k
0.21769755429409238,0.1888885921961018,20,0.20278270388794412,adaptive,lpips_alex_spatial,8,1,eyes,capacity_s5_h64_20k
0.33234595715392673,0.29417556508182935,20,0.3130463713451828,adaptive,lpips_alex_spatial,8,1,flame_supported,capacity_s5_h64_20k
0.4764452593989936,0.41865777157870004,20,0.44703939511482205,adaptive,lpips_alex_spatial,8,1,flame_unsupported,capacity_s5_h64_20k
0.37654832021208584,0.3377210638580972,20,0.35686687328798516,adaptive,lpips_alex_spatial,8,1,foreground,capacity_s5_h64_20k
0.3044559013714522,0.2736069446902126,20,0.2894840844910898,adaptive,lpips_alex_spatial,8,1,full_frame,capacity_s5_h64_20k
0.30821139554188237,0.2700601296738645,20,0.28906164511381427,adaptive,lpips_alex_spatial,8,1,head_foreground,capacity_s5_h64_20k
0.3065827440681177,0.2691070916944651,20,0.2879713636822495,adaptive,lpips_alex_spatial,8,1,head_supported,capacity_s5_h64_20k
0.32406111608109295,0.2667215919517531,20,0.2953089927749521,adaptive,lpips_alex_spatial,8,1,head_unsupported,capacity_s5_h64_20k
0.27301444190614527,0.23353043047229427,20,0.2523054155026182,adaptive,lpips_alex_spatial,8,1,oral,capacity_s5_h64_20k
0.5338848454333303,0.48069456032982305,20,0.5077746468187075,adaptive,lpips_alex_spatial,8,1,torso_outside_head_roi,capacity_s5_h64_20k
0.21770679637898688,0.185138025666438,20,0.2013247725866941,adaptive,lpips_alex_spatial,8,4,background,capacity_s5_h64_20k
0.2158025267629032,0.18678414365983434,20,0.20083792744935444,adaptive,lpips_alex_spatial,8,4,eyes,capacity_s5_h64_20k
0.3277898113780679,0.2882554572601446,20,0.30800310977487355,adaptive,lpips_alex_spatial,8,4,flame_supported,capacity_s5_h64_20k
0.4793643434533701,0.40883586626936713,20,0.4438075958360444,adaptive,lpips_alex_spatial,8,4,flame_unsupported,capacity_s5_h64_20k
0.3736281174921677,0.3310350907882342,20,0.3524440982384579,adaptive,lpips_alex_spatial,8,4,foreground,capacity_s5_h64_20k
0.3040033231256915,0.26909956890525244,20,0.28674511960386906,adaptive,lpips_alex_spatial,8,4,full_frame,capacity_s5_h64_20k
0.30216211181875935,0.26454336643432297,20,0.2834969184776847,adaptive,lpips_alex_spatial,8,4,head_foreground,capacity_s5_h64_20k
0.30124530669369926,0.26390233566371685,20,0.2823942183061333,adaptive,lpips_alex_spatial,8,4,head_supported,capacity_s5_h64_20k
0.3173412630525725,0.26336783018118,20,0.2904167979260172,adaptive,lpips_alex_spatial,8,4,head_unsupported,capacity_s5_h64_20k
0.26726039186772294,0.22843299010428736,20,0.2473986076334495,adaptive,lpips_alex_spatial,8,4,oral,capacity_s5_h64_20k
0.535971538796184,0.46776360313731036,20,0.5023914352373546,adaptive,lpips_alex_spatial,8,4,torso_outside_head_roi,capacity_s5_h64_20k
0.21052859124028508,0.17793992116586335,20,0.19413140873665152,adaptive,lpips_alex_spatial,8,8,background,capacity_s5_h64_20k
0.20877943177957536,0.17820546073251825,20,0.19307525543716636,adaptive,lpips_alex_spatial,8,8,eyes,capacity_s5_h64_20k
0.3198105889326412,0.27956715567212814,20,0.299290060268054,adaptive,lpips_alex_spatial,8,8,flame_supported,capacity_s5_h64_20k
0.47283316167842954,0.3992172697091844,20,0.4364084807422645,adaptive,lpips_alex_spatial,8,8,flame_unsupported,capacity_s5_h64_20k
0.366686894595962,0.32128656986833826,20,0.3443453160758111,adaptive,lpips_alex_spatial,8,8,foreground,capacity_s5_h64_20k
0.2965646319220334,0.25943266517930214,20,0.27832747269502456,adaptive,lpips_alex_spatial,8,8,full_frame,capacity_s5_h64_20k
0.2930247357708527,0.25497759857069857,20,0.2736067576648956,adaptive,lpips_alex_spatial,8,8,head_foreground,capacity_s5_h64_20k
0.2923756319672516,0.25369591391926005,20,0.2725931874198976,adaptive,lpips_alex_spatial,8,8,head_supported,capacity_s5_h64_20k
0.3101861990232967,0.25478144818140863,20,0.2817364242325636,adaptive,lpips_alex_spatial,8,8,head_unsupported,capacity_s5_h64_20k
0.2687770929139284,0.224511417950162,20,0.24635181402275613,adaptive,lpips_alex_spatial,8,8,oral,capacity_s5_h64_20k
0.5281788859804581,0.4574960200027634,20,0.49322167857700466,adaptive,lpips_alex_spatial,8,8,torso_outside_head_roi,capacity_s5_h64_20k
0.19007615457008198,0.1714284358273276,20,0.18078193029321482,hard,lpips_alex_spatial,8,1,background,capacity_s5_h64_20k
0.2168248830859533,0.18897282513050714,20,0.2023566001392496,hard,lpips_alex_spatial,8,1,eyes,capacity_s5_h64_20k
0.2894757742601931,0.2525974567052805,20,0.26992954081957377,hard,lpips_alex_spatial,8,1,flame_supported,capacity_s5_h64_20k
0.5146695464977774,0.4198320466709926,20,0.4668211385660849,hard,lpips_alex_spatial,8,1,flame_unsupported,capacity_s5_h64_20k
0.3604330055493047,0.3092220303865271,20,0.3347154352913878,hard,lpips_alex_spatial,8,1,foreground,capacity_s5_h64_20k
0.28559662405869146,0.24962550613367968,20,0.2673429238460797,hard,lpips_alex_spatial,8,1,full_frame,capacity_s5_h64_20k
0.266068139325939,0.23094161272878388,20,0.24776806052517064,hard,lpips_alex_spatial,8,1,head_foreground,capacity_s5_h64_20k
0.2639782894857648,0.2300042460362273,20,0.24592043739809427,hard,lpips_alex_spatial,8,1,head_supported,capacity_s5_h64_20k
0.2886382014155756,0.22807815916260968,20,0.2581702586235878,hard,lpips_alex_spatial,8,1,head_unsupported,capacity_s5_h64_20k
0.23181541377208906,0.20090302015737446,20,0.2156640991113349,hard,lpips_alex_spatial,8,1,oral,capacity_s5_h64_20k
0.5608924746871097,0.47746751015788047,20,0.5199195671371926,hard,lpips_alex_spatial,8,1,torso_outside_head_roi,capacity_s5_h64_20k
0.18776499465832042,0.1684732572765572,20,0.17815359455894494,hard,lpips_alex_spatial,8,4,background,capacity_s5_h64_20k
0.21283561555701253,0.1846323019322031,20,0.19763928100496275,hard,lpips_alex_spatial,8,4,eyes,capacity_s5_h64_20k
0.2795897832279346,0.2412279111339558,20,0.2594977770690587,hard,lpips_alex_spatial,8,4,flame_supported,capacity_s5_h64_20k
0.5081501551887945,0.41586865711008936,20,0.4617413232346529,hard,lpips_alex_spatial,8,4,flame_unsupported,capacity_s5_h64_20k
0.3506203796294247,0.2997631063409173,20,0.3253619949186334,hard,lpips_alex_spatial,8,4,foreground,capacity_s5_h64_20k
0.2799587004966316,0.2443789344553941,20,0.26193283129657924,hard,lpips_alex_spatial,8,4,full_frame,capacity_s5_h64_20k
0.2551332162825269,0.21813519298392514,20,0.23606784173652323,hard,lpips_alex_spatial,8,4,head_foreground,capacity_s5_h64_20k
0.25300048553354887,0.21721046295088875,20,0.23417078477030767,hard,lpips_alex_spatial,8,4,head_supported,capacity_s5_h64_20k
0.2764648144276853,0.2170363230967999,20,0.24683033195115192,hard,lpips_alex_spatial,8,4,head_unsupported,capacity_s5_h64_20k
0.22354702478652014,0.1890265705683708,20,0.20504622602318298,hard,lpips_alex_spatial,8,4,oral,capacity_s5_h64_20k
0.5568709997165794,0.47620050891699583,20,0.516062634695062,hard,lpips_alex_spatial,8,4,torso_outside_head_roi,capacity_s5_h64_20k
0.18451116530686676,0.16405914640655297,20,0.17381300804508867,hard,lpips_alex_spatial,8,8,background,capacity_s5_h64_20k
0.20956073117362742,0.1802052787566301,20,0.19403541965998247,hard,lpips_alex_spatial,8,8,eyes,capacity_s5_h64_20k
0.27542536679790386,0.23479041744739898,20,0.2539164773465667,hard,lpips_alex_spatial,8,8,flame_supported,capacity_s5_h64_20k
0.5088369566757107,0.41208356851916433,20,0.4597490059641964,hard,lpips_alex_spatial,8,8,flame_unsupported,capacity_s5_h64_20k
0.34910767513571267,0.29465075521030704,20,0.3216890410890757,hard,lpips_alex_spatial,8,8,foreground,capacity_s5_h64_20k
0.27644555625977446,0.23817574756873114,20,0.2572533017629152,hard,lpips_alex_spatial,8,8,full_frame,capacity_s5_h64_20k
0.2499854756229283,0.2106254898204942,20,0.22971354548753892,hard,lpips_alex_spatial,8,8,head_foreground,capacity_s5_h64_20k
0.2480147517698692,0.20979342177935129,20,0.22797225901866275,hard,lpips_alex_spatial,8,8,head_supported,capacity_s5_h64_20k
0.2712420854544501,0.20974622594921166,20,0.24048453737744638,hard,lpips_alex_spatial,8,8,head_unsupported,capacity_s5_h64_20k
0.229620518844531,0.1896153992871249,20,0.20775032915201516,hard,lpips_alex_spatial,8,8,oral,capacity_s5_h64_20k
0.5539282583660879,0.4705588247431679,20,0.5121260060985706,hard,lpips_alex_spatial,8,8,torso_outside_head_roi,capacity_s5_h64_20k
0.22174420655509253,0.19291695242243853,20,0.20687252378661114,released,lpips_alex_spatial,8,1,background,capacity_s5_h64_20k
0.2239111158447012,0.19308543204097492,20,0.20756297055429287,released,lpips_alex_spatial,8,1,eyes,capacity_s5_h64_20k
0.3334909528299507,0.2965455111989197,20,0.3147779103136591,released,lpips_alex_spatial,8,1,flame_supported,capacity_s5_h64_20k
0.49109004300326675,0.4296367709678775,20,0.46014317221077006,released,lpips_alex_spatial,8,1,flame_unsupported,capacity_s5_h64_20k
0.3828946102138797,0.3426229325977213,20,0.36197684387976087,released,lpips_alex_spatial,8,1,foreground,capacity_s5_h64_20k
0.30947078487606006,0.27802761876350873,20,0.29368166544220664,released,lpips_alex_spatial,8,1,full_frame,capacity_s5_h64_20k
0.3078917284876637,0.27196551618557135,20,0.28979231795520666,released,lpips_alex_spatial,8,1,head_foreground,capacity_s5_h64_20k
0.30654188919980635,0.27143550565795016,20,0.28857646191902414,released,lpips_alex_spatial,8,1,head_supported,capacity_s5_h64_20k
0.32709035984901375,0.2681161862373304,20,0.2970738463701403,released,lpips_alex_spatial,8,1,head_unsupported,capacity_s5_h64_20k
0.2639619460093717,0.22892775215383732,20,0.24601724815286846,released,lpips_alex_spatial,8,1,oral,capacity_s5_h64_20k
0.5514808702515196,0.49497073538057457,20,0.523628090138518,released,lpips_alex_spatial,8,1,torso_outside_head_roi,capacity_s5_h64_20k
0.22050272802138973,0.1874543749441511,20,0.2036204616721955,released,lpips_alex_spatial,8,4,background,capacity_s5_h64_20k
0.21905874487199772,0.18933765356160873,20,0.20340571799023346,released,lpips_alex_spatial,8,4,eyes,capacity_s5_h64_20k
0.32810533214452575,0.2891575368693452,20,0.30841490559673485,released,lpips_alex_spatial,8,4,flame_supported,capacity_s5_h64_20k
0.49322586196700036,0.419420970889686,20,0.45597183590286666,released,lpips_alex_spatial,8,4,flame_unsupported,capacity_s5_h64_20k
0.3779683532298387,0.3349696135557061,20,0.35652849454886837,released,lpips_alex_spatial,8,4,foreground,capacity_s5_h64_20k
0.30748615938605683,0.2716167970239788,20,0.29012797734297346,released,lpips_alex_spatial,8,4,full_frame,capacity_s5_h64_20k
0.3016180246970526,0.26496621573740997,20,0.28303518210905154,released,lpips_alex_spatial,8,4,head_foreground,capacity_s5_h64_20k
0.3004451862365333,0.2637060675435994,20,0.28159044280625756,released,lpips_alex_spatial,8,4,head_supported,capacity_s5_h64_20k
0.31976868788638346,0.2647641211850943,20,0.2920557784378667,released,lpips_alex_spatial,8,4,head_unsupported,capacity_s5_h64_20k
0.26015330956983734,0.2235394884362793,20,0.2409967509656612,released,lpips_alex_spatial,8,4,oral,capacity_s5_h64_20k
0.5499985724130069,0.4821783807130732,20,0.5168870785099984,released,lpips_alex_spatial,8,4,torso_outside_head_roi,capacity_s5_h64_20k
0.21249389165907742,0.17982373285656755,20,0.19579148593527843,released,lpips_alex_spatial,8,8,background,capacity_s5_h64_20k
0.2131734014530359,0.1816598455778187,20,0.19664431031939314,released,lpips_alex_spatial,8,8,eyes,capacity_s5_h64_20k
0.3204872952622478,0.2805094646506002,20,0.29998788576476826,released,lpips_alex_spatial,8,8,flame_supported,capacity_s5_h64_20k
0.4848139893555959,0.41096245121926595,20,0.44789111527098174,released,lpips_alex_spatial,8,8,flame_unsupported,capacity_s5_h64_20k
0.3721917454982669,0.32621264828063934,20,0.34866010379201307,released,lpips_alex_spatial,8,8,foreground,capacity_s5_h64_20k
0.29996298026728946,0.26244308268740063,20,0.2816224017442563,released,lpips_alex_spatial,8,8,full_frame,capacity_s5_h64_20k
0.2935612524063249,0.254634114837783,20,0.27327847863799654,released,lpips_alex_spatial,8,8,head_foreground,capacity_s5_h64_20k
0.2920679723774819,0.25351894956113563,20,0.2720194091446425,released,lpips_alex_spatial,8,8,head_supported,capacity_s5_h64_20k
0.3118076137789103,0.2537583306383697,20,0.28232182491945057,released,lpips_alex_spatial,8,8,head_unsupported,capacity_s5_h64_20k
0.26416605520855396,0.22281615622013762,20,0.24277196986120764,released,lpips_alex_spatial,8,8,oral,capacity_s5_h64_20k
0.5421724218489602,0.4740490256865888,20,0.5082426089216917,released,lpips_alex_spatial,8,8,torso_outside_head_roi,capacity_s5_h64_20k
0.2058583845134354,0.17617437944712094,20,0.1909548166900831,adaptive,lpips_alex_spatial,384,1,background,capacity_s5_h64_20k
0.22654515540722853,0.19225199974388762,20,0.20909028501333848,adaptive,lpips_alex_spatial,384,1,eyes,capacity_s5_h64_20k
0.34783809026651774,0.2958183539923257,20,0.32113060401938076,adaptive,lpips_alex_spatial,384,1,flame_supported,capacity_s5_h64_20k
0.46540310740854146,0.3970255666528298,20,0.43025560870029034,adaptive,lpips_alex_spatial,384,1,flame_unsupported,capacity_s5_h64_20k
0.38392693643605064,0.3311729494919384,20,0.35752822189723493,adaptive,lpips_alex_spatial,384,1,foreground,capacity_s5_h64_20k
0.30442425442109633,0.26349982556197543,20,0.2836385939673428,adaptive,lpips_alex_spatial,384,1,full_frame,capacity_s5_h64_20k
0.3229518403922376,0.2721591277377962,20,0.2973278917699253,adaptive,lpips_alex_spatial,384,1,head_foreground,capacity_s5_h64_20k
0.3231900428056562,0.2733908698955658,20,0.29732417935538635,adaptive,lpips_alex_spatial,384,1,head_supported,capacity_s5_h64_20k
0.335892212702942,0.26336688563873595,20,0.298853726930698,adaptive,lpips_alex_spatial,384,1,head_unsupported,capacity_s5_h64_20k
0.29426069996657367,0.2443843141539046,20,0.26855161319096077,adaptive,lpips_alex_spatial,384,1,oral,capacity_s5_h64_20k
0.5205456306465347,0.4520818422022231,20,0.48609869092817426,adaptive,lpips_alex_spatial,384,1,torso_outside_head_roi,capacity_s5_h64_20k
0.20169517155992644,0.17374514250385037,20,0.18744081290580233,adaptive,lpips_alex_spatial,384,4,background,capacity_s5_h64_20k
0.22208511497398778,0.18712601137566534,20,0.20415706300435144,adaptive,lpips_alex_spatial,384,4,eyes,capacity_s5_h64_20k
0.34278908246311385,0.2874966673892684,20,0.31447928174336487,adaptive,lpips_alex_spatial,384,4,flame_supported,capacity_s5_h64_20k
0.4611350992404854,0.38910544749959225,20,0.4244488917836873,adaptive,lpips_alex_spatial,384,4,flame_unsupported,capacity_s5_h64_20k
0.378907195385347,0.3243469675789694,20,0.3511273312998186,adaptive,lpips_alex_spatial,384,4,foreground,capacity_s5_h64_20k
0.3005548325858333,0.2591698918945205,20,0.27966950310820066,adaptive,lpips_alex_spatial,384,4,full_frame,capacity_s5_h64_20k
0.3171802999858798,0.26375841309931214,20,0.2901007189893228,adaptive,lpips_alex_spatial,384,4,head_foreground,capacity_s5_h64_20k
0.31713892303081037,0.26453230609409745,20,0.2902492064787786,adaptive,lpips_alex_spatial,384,4,head_supported,capacity_s5_h64_20k
0.32868048273819706,0.25531445402959063,20,0.2910297605633442,adaptive,lpips_alex_spatial,384,4,head_unsupported,capacity_s5_h64_20k
0.2867994842185566,0.23390910915758584,20,0.2603372978674821,adaptive,lpips_alex_spatial,384,4,oral,capacity_s5_h64_20k
0.5138480135134208,0.4456307224695091,20,0.4791841528508082,adaptive,lpips_alex_spatial,384,4,torso_outside_head_roi,capacity_s5_h64_20k
0.19517682163047617,0.16545661372592865,20,0.17977250238088058,adaptive,lpips_alex_spatial,384,8,background,capacity_s5_h64_20k
0.21646226423261308,0.18148948913829513,20,0.19843278416956991,adaptive,lpips_alex_spatial,384,8,eyes,capacity_s5_h64_20k
0.33397399435218217,0.2776631473463527,20,0.30551161955614964,adaptive,lpips_alex_spatial,384,8,flame_supported,capacity_s5_h64_20k
0.45513210390640224,0.38579355415888644,20,0.4190868587120485,adaptive,lpips_alex_spatial,384,8,flame_unsupported,capacity_s5_h64_20k
0.3715250063247243,0.3155249961532133,20,0.3434375074836996,adaptive,lpips_alex_spatial,384,8,foreground,capacity_s5_h64_20k
0.29245738297765395,0.2499907875183599,20,0.2711918876800703,adaptive,lpips_alex_spatial,384,8,full_frame,capacity_s5_h64_20k
0.3066741924082889,0.25294151694394146,20,0.27995794639049765,adaptive,lpips_alex_spatial,384,8,head_foreground,capacity_s5_h64_20k
0.3082412362130513,0.2538206559740706,20,0.2802706320616957,adaptive,lpips_alex_spatial,384,8,head_supported,capacity_s5_h64_20k
0.3174141731698323,0.24443776707911463,20,0.2804436867777447,adaptive,lpips_alex_spatial,384,8,head_unsupported,capacity_s5_h64_20k
0.28745612199546855,0.23177737096253798,20,0.25922733316400703,adaptive,lpips_alex_spatial,384,8,oral,capacity_s5_h64_20k
0.5075487461834203,0.4401308281186189,20,0.4731433609543432,adaptive,lpips_alex_spatial,384,8,torso_outside_head_roi,capacity_s5_h64_20k
0.1894913686593517,0.170766124590452,20,0.18022592417227612,hard,lpips_alex_spatial,384,1,background,capacity_s5_h64_20k
0.22329882253074967,0.19511571629245775,20,0.20860765552194865,hard,lpips_alex_spatial,384,1,eyes,capacity_s5_h64_20k
0.2884827881336892,0.25049638527018275,20,0.26860391375366804,hard,lpips_alex_spatial,384,1,flame_supported,capacity_s5_h64_20k
0.5093692437982756,0.41453591616495983,20,0.46179065134714065,hard,lpips_alex_spatial,384,1,flame_unsupported,capacity_s5_h64_20k
0.3580034752124271,0.3067931968701708,20,0.3324004688760666,hard,lpips_alex_spatial,384,1,foreground,capacity_s5_h64_20k
0.28399794355873414,0.2473022100039117,20,0.2656902483144364,hard,lpips_alex_spatial,384,1,full_frame,capacity_s5_h64_20k
0.2654957977176786,0.2304823247042867,20,0.2471557883974381,hard,lpips_alex_spatial,384,1,head_foreground,capacity_s5_h64_20k
0.26372583520970144,0.22914113438229392,20,0.24554391037231352,hard,lpips_alex_spatial,384,1,head_supported,capacity_s5_h64_20k
0.28504524750852983,0.2247479040537234,20,0.25476210568150465,hard,lpips_alex_spatial,384,1,head_unsupported,capacity_s5_h64_20k
0.23896768067508997,0.20916197092276384,20,0.22326830222652058,hard,lpips_alex_spatial,384,1,oral,capacity_s5_h64_20k
0.5546314037097915,0.47114509595277837,20,0.5131373510109845,hard,lpips_alex_spatial,384,1,torso_outside_head_roi,capacity_s5_h64_20k
0.18602778345172669,0.16643805204435302,20,0.1761833116628206,hard,lpips_alex_spatial,384,4,background,capacity_s5_h64_20k
0.21442188460051337,0.1871315394818762,20,0.19999014893936368,hard,lpips_alex_spatial,384,4,eyes,capacity_s5_h64_20k
0.27545206477826023,0.2358902584963068,20,0.25466862560411696,hard,lpips_alex_spatial,384,4,flame_supported,capacity_s5_h64_20k
0.5039643030878865,0.41022043380982026,20,0.4561514372047249,hard,lpips_alex_spatial,384,4,flame_unsupported,capacity_s5_h64_20k
0.34641160379727537,0.2939611333210103,20,0.3203289918378842,hard,lpips_alex_spatial,384,4,foreground,capacity_s5_h64_20k
0.27678637305320786,0.23996846474194003,20,0.25822818911436834,hard,lpips_alex_spatial,384,4,full_frame,capacity_s5_h64_20k
0.2513361180216505,0.21348570987161555,20,0.23178109125906338,hard,lpips_alex_spatial,384,4,head_foreground,capacity_s5_h64_20k
0.24915977189360797,0.2126855470766963,20,0.229939835145852,hard,lpips_alex_spatial,384,4,head_supported,capacity_s5_h64_20k
0.27224716188916753,0.21138507379521082,20,0.24179054875086883,hard,lpips_alex_spatial,384,4,head_unsupported,capacity_s5_h64_20k
0.22448848501968013,0.19146725258674313,20,0.20635154494130523,hard,lpips_alex_spatial,384,4,oral,capacity_s5_h64_20k
0.5497893499225602,0.4672726493685336,20,0.5091718336952911,hard,lpips_alex_spatial,384,4,torso_outside_head_roi,capacity_s5_h64_20k
0.18425872311145858,0.16281973183456735,20,0.17324341838106044,hard,lpips_alex_spatial,384,8,background,capacity_s5_h64_20k
0.21108983483456525,0.18332428917692323,20,0.19661561430006072,hard,lpips_alex_spatial,384,8,eyes,capacity_s5_h64_20k
0.2723790208760313,0.23003984585271103,20,0.25053087831632215,hard,lpips_alex_spatial,384,8,flame_supported,capacity_s5_h64_20k
0.5037862303617459,0.40887753521512593,20,0.45543124121895906,hard,lpips_alex_spatial,384,8,flame_unsupported,capacity_s5_h64_20k
0.34611327962957916,0.2900092233314206,20,0.3180841555510458,hard,lpips_alex_spatial,384,8,foreground,capacity_s5_h64_20k
0.27462315989585667,0.23564405319494602,20,0.2550279151825678,hard,lpips_alex_spatial,384,8,full_frame,capacity_s5_h64_20k
0.24776919571627806,0.2074094070633551,20,0.22695975102803234,hard,lpips_alex_spatial,384,8,head_foreground,capacity_s5_h64_20k
0.24488955957335548,0.2064166497048908,20,0.22521515619406615,hard,lpips_alex_spatial,384,8,head_supported,capacity_s5_h64_20k
0.26836573197011454,0.20635205075787505,20,0.23742968610054663,hard,lpips_alex_spatial,384,8,head_unsupported,capacity_s5_h64_20k
0.22907834413782557,0.19102837134190523,20,0.20903009320935154,hard,lpips_alex_spatial,384,8,oral,capacity_s5_h64_20k
0.5478335894069405,0.46301749039470486,20,0.5061133023513925,hard,lpips_alex_spatial,384,8,torso_outside_head_roi,capacity_s5_h64_20k
0.21338562574662276,0.18581148865456407,20,0.1993354564255111,released,lpips_alex_spatial,384,1,background,capacity_s5_h64_20k
0.24588332459200604,0.21068607455387692,20,0.22695238688224012,released,lpips_alex_spatial,384,1,eyes,capacity_s5_h64_20k
0.35492180738164114,0.30669809384550667,20,0.3307016381278055,released,lpips_alex_spatial,384,1,flame_supported,capacity_s5_h64_20k
0.45423355047338887,0.394599385196137,20,0.4233636666405552,released,lpips_alex_spatial,384,1,flame_unsupported,capacity_s5_h64_20k
0.38564877262348896,0.33794195823318846,20,0.36205495121567316,released,lpips_alex_spatial,384,1,foreground,capacity_s5_h64_20k
0.308754120744539,0.27115486329187566,20,0.28984311953251496,released,lpips_alex_spatial,384,1,full_frame,capacity_s5_h64_20k
0.331582631038354,0.2843220741076137,20,0.3077980330962847,released,lpips_alex_spatial,384,1,head_foreground,capacity_s5_h64_20k
0.3325990083942676,0.2857905471292953,20,0.30847936963470335,released,lpips_alex_spatial,384,1,head_supported,capacity_s5_h64_20k
0.3346940633087423,0.2660850744494567,20,0.3002179833719553,released,lpips_alex_spatial,384,1,head_unsupported,capacity_s5_h64_20k
0.29572079979476534,0.24938128748335975,20,0.2715117806387741,released,lpips_alex_spatial,384,1,oral,capacity_s5_h64_20k
0.5063752587033966,0.44880944998099065,20,0.47705734192959,released,lpips_alex_spatial,384,1,torso_outside_head_roi,capacity_s5_h64_20k
0.20864071311638108,0.18249283377190648,20,0.1951795276879577,released,lpips_alex_spatial,384,4,background,capacity_s5_h64_20k
0.2395340897256644,0.20185760036669823,20,0.21933093215010793,released,lpips_alex_spatial,384,4,eyes,capacity_s5_h64_20k
0.34708024750396055,0.2947137675802164,20,0.32065788845427534,released,lpips_alex_spatial,384,4,flame_supported,capacity_s5_h64_20k
0.44902454577651263,0.38609777448532295,20,0.4171943390278144,released,lpips_alex_spatial,384,4,flame_unsupported,capacity_s5_h64_20k
0.37867846235454167,0.32718466707826904,20,0.35332889179543137,released,lpips_alex_spatial,384,4,foreground,capacity_s5_h64_20k
0.3044327179126996,0.26399740067107946,20,0.28424436060850283,released,lpips_alex_spatial,384,4,full_frame,capacity_s5_h64_20k
0.3231804069251013,0.27188364406979715,20,0.29725035373503195,released,lpips_alex_spatial,384,4,head_foreground,capacity_s5_h64_20k
0.3240508019834207,0.2732096705784481,20,0.2980852186953183,released,lpips_alex_spatial,384,4,head_supported,capacity_s5_h64_20k
0.3243842581798726,0.25587644356415434,20,0.28955027062555416,released,lpips_alex_spatial,384,4,head_unsupported,capacity_s5_h64_20k
0.29049545182307285,0.24009819971441893,20,0.2650048810784176,released,lpips_alex_spatial,384,4,oral,capacity_s5_h64_20k
0.5009183008366714,0.439320723345005,20,0.4700033096941937,released,lpips_alex_spatial,384,4,torso_outside_head_roi,capacity_s5_h64_20k
0.20264658413921607,0.17382861491818433,20,0.18715125847496508,released,lpips_alex_spatial,384,8,background,capacity_s5_h64_20k
0.23070587623209646,0.19419901190859284,20,0.21142203599844187,released,lpips_alex_spatial,384,8,eyes,capacity_s5_h64_20k
0.3395316005491946,0.2867761343562946,20,0.3126801805114653,released,lpips_alex_spatial,384,8,flame_supported,capacity_s5_h64_20k
0.4438014925181829,0.38169106240759154,20,0.41170065447945275,released,lpips_alex_spatial,384,8,flame_unsupported,capacity_s5_h64_20k
0.37110625265934555,0.31973422120577444,20,0.3461388737076236,released,lpips_alex_spatial,384,8,foreground,capacity_s5_h64_20k
0.2961984053957256,0.2558872020147837,20,0.27582796270197085,released,lpips_alex_spatial,384,8,full_frame,capacity_s5_h64_20k
0.31387045060730806,0.26222206184651864,20,0.28767935520184257,released,lpips_alex_spatial,384,8,head_foreground,capacity_s5_h64_20k
0.31532878642244455,0.26349116197260014,20,0.2888597507311261,released,lpips_alex_spatial,384,8,head_supported,capacity_s5_h64_20k
0.3148748463483869,0.24558920572423248,20,0.27912421315096364,released,lpips_alex_spatial,384,8,head_unsupported,capacity_s5_h64_20k
0.2932949975417535,0.23744986445070143,20,0.26477891732188674,released,lpips_alex_spatial,384,8,oral,capacity_s5_h64_20k
0.4939489788102267,0.4346586758168789,20,0.46477916703646416,released,lpips_alex_spatial,384,8,torso_outside_head_roi,capacity_s5_h64_20k
0.18134289837318385,0.16047745834520297,20,0.17091472024987608,adaptive,lpips_alex_spatial,384,1,background,convergence_s5_h128_60k
0.20146265410333933,0.1695861915058769,20,0.1842540502505904,adaptive,lpips_alex_spatial,384,1,eyes,convergence_s5_h128_60k
0.2935237519655927,0.25418541274954015,20,0.27282423178094867,adaptive,lpips_alex_spatial,384,1,flame_supported,convergence_s5_h128_60k
0.4074483087565043,0.3454415407756725,20,0.37578251598862267,adaptive,lpips_alex_spatial,384,1,flame_unsupported,convergence_s5_h128_60k
0.32809937289882757,0.2891435306875191,20,0.3078274012330118,adaptive,lpips_alex_spatial,384,1,foreground,convergence_s5_h128_60k
0.26274275824459853,0.23262601054075996,20,0.2473958819717556,adaptive,lpips_alex_spatial,384,1,full_frame,convergence_s5_h128_60k
0.2718341664375481,0.23112561819530617,20,0.25062249321755803,adaptive,lpips_alex_spatial,384,1,head_foreground,convergence_s5_h128_60k
0.27233328169440424,0.23249153620671548,20,0.25110542209082787,adaptive,lpips_alex_spatial,384,1,head_supported,convergence_s5_h128_60k
0.27412456749007885,0.21790583847014944,20,0.2450250672250987,adaptive,lpips_alex_spatial,384,1,head_unsupported,convergence_s5_h128_60k
0.23476175693101867,0.2002577604333933,20,0.21673541132076157,adaptive,lpips_alex_spatial,384,1,oral,convergence_s5_h128_60k
0.45675793393705555,0.3981458214671919,20,0.42730286085132096,adaptive,lpips_alex_spatial,384,1,torso_outside_head_roi,convergence_s5_h128_60k
0.18340693351451365,0.16091869695723077,20,0.1719984863949971,adaptive,lpips_alex_spatial,384,4,background,convergence_s5_h128_60k
0.20023302407651355,0.16601232494830026,20,0.18165724695670366,adaptive,lpips_alex_spatial,384,4,eyes,convergence_s5_h128_60k
0.2937183572356422,0.25104196031290604,20,0.2710588265611266,adaptive,lpips_alex_spatial,384,4,flame_supported,convergence_s5_h128_60k
0.4086042970282099,0.34743453344560765,20,0.37782744147559544,adaptive,lpips_alex_spatial,384,4,flame_unsupported,convergence_s5_h128_60k
0.32768976435733926,0.2880389750959774,20,0.3069592788849415,adaptive,lpips_alex_spatial,384,4,foreground,convergence_s5_h128_60k
0.26407735689078804,0.23334940539206028,20,0.2482034681092938,adaptive,lpips_alex_spatial,384,4,full_frame,convergence_s5_h128_60k
0.27083744239380264,0.22691274841190592,20,0.2477958598334526,adaptive,lpips_alex_spatial,384,4,head_foreground,convergence_s5_h128_60k
0.27165765404070574,0.22745690041712724,20,0.24847749438117245,adaptive,lpips_alex_spatial,384,4,head_supported,convergence_s5_h128_60k
0.26936365550684827,0.21478290230806685,20,0.24135191185883156,adaptive,lpips_alex_spatial,384,4,head_unsupported,convergence_s5_h128_60k
0.235167232243183,0.19924353272226208,20,0.21613327081711545,adaptive,lpips_alex_spatial,384,4,oral,convergence_s5_h128_60k
0.4588802847959778,0.40330645925769165,20,0.43069165374185053,adaptive,lpips_alex_spatial,384,4,torso_outside_head_roi,convergence_s5_h128_60k
0.1809945028511202,0.15806917247083035,20,0.16915116089184615,adaptive,lpips_alex_spatial,384,8,background,convergence_s5_h128_60k
0.19311367035924182,0.16106855108287843,20,0.17571627587056954,adaptive,lpips_alex_spatial,384,8,eyes,convergence_s5_h128_60k
0.28903297822034796,0.24818857131635733,20,0.2671829404570499,adaptive,lpips_alex_spatial,384,8,flame_supported,convergence_s5_h128_60k
0.4065460348546726,0.34636801331052197,20,0.3756744449175482,adaptive,lpips_alex_spatial,384,8,flame_unsupported,convergence_s5_h128_60k
0.3239954606500983,0.2851812166585619,20,0.30375521421279317,adaptive,lpips_alex_spatial,384,8,foreground,convergence_s5_h128_60k
0.259484719112838,0.22976626009845627,20,0.24443047387259345,adaptive,lpips_alex_spatial,384,8,full_frame,convergence_s5_h128_60k
0.2648204914689589,0.22261006261765837,20,0.24282211707662293,adaptive,lpips_alex_spatial,384,8,head_foreground,convergence_s5_h128_60k
0.26566211378606663,0.2236265278932019,20,0.24357323665962444,adaptive,lpips_alex_spatial,384,8,head_supported,convergence_s5_h128_60k
0.2623564607172368,0.2107060995218399,20,0.23626694726689138,adaptive,lpips_alex_spatial,384,8,head_unsupported,convergence_s5_h128_60k
0.23803805288695035,0.19985893868348123,20,0.2181932995062207,adaptive,lpips_alex_spatial,384,8,oral,convergence_s5_h128_60k
0.4556570227981984,0.4025930796157928,20,0.4284292183719602,adaptive,lpips_alex_spatial,384,8,torso_outside_head_roi,convergence_s5_h128_60k
0.18041417190933204,0.16191782987559195,20,0.17104064340666156,hard,lpips_alex_spatial,384,1,background,convergence_s5_h128_60k
0.2020359044454015,0.1726618180145183,20,0.18676255018132193,hard,lpips_alex_spatial,384,1,eyes,convergence_s5_h128_60k
0.2730014687955366,0.23060562510989363,20,0.2510192114064168,hard,lpips_alex_spatial,384,1,flame_supported,convergence_s5_h128_60k
0.5022614030895858,0.4060287278629174,20,0.453500081694005,hard,lpips_alex_spatial,384,1,flame_unsupported,convergence_s5_h128_60k
0.34507526049181236,0.2900963690909781,20,0.31750411150393176,hard,lpips_alex_spatial,384,1,foreground,convergence_s5_h128_60k
0.2732610461302908,0.23454807432311953,20,0.2536987034273354,hard,lpips_alex_spatial,384,1,full_frame,convergence_s5_h128_60k
0.24971561805106104,0.2098659319491683,20,0.22891596464156277,hard,lpips_alex_spatial,384,1,head_foreground,convergence_s5_h128_60k
0.2475775816544824,0.20854214461393267,20,0.22697660664470373,hard,lpips_alex_spatial,384,1,head_supported,convergence_s5_h128_60k
0.27044268706080116,0.20898300980637197,20,0.2396093709716395,hard,lpips_alex_spatial,384,1,head_unsupported,convergence_s5_h128_60k
0.21699944781202937,0.1840246188341354,20,0.19950944206205679,hard,lpips_alex_spatial,384,1,oral,convergence_s5_h128_60k
0.5490361597403861,0.46519294028903374,20,0.5069323731309241,hard,lpips_alex_spatial,384,1,torso_outside_head_roi,convergence_s5_h128_60k
0.18309813213293444,0.16400853140341143,20,0.17338664431043535,hard,lpips_alex_spatial,384,4,background,convergence_s5_h128_60k
0.2011075632242805,0.17263173099871942,20,0.18619066873358667,hard,lpips_alex_spatial,384,4,eyes,convergence_s5_h128_60k
0.2736032425060178,0.2324622690531777,20,0.2523160117221259,hard,lpips_alex_spatial,384,4,flame_supported,convergence_s5_h128_60k
0.5042148351316436,0.41214902531102177,20,0.4575486512037038,hard,lpips_alex_spatial,384,4,flame_unsupported,convergence_s5_h128_60k
0.3452746290178484,0.292991098869707,20,0.3191012264014489,hard,lpips_alex_spatial,384,4,foreground,convergence_s5_h128_60k
0.2753765065315341,0.23772420875173947,20,0.2564067316941978,hard,lpips_alex_spatial,384,4,full_frame,convergence_s5_h128_60k
0.2495026533737585,0.20986129861962075,20,0.2290125680113873,hard,lpips_alex_spatial,384,4,head_foreground,convergence_s5_h128_60k
0.24689128220883153,0.20895265508397642,20,0.22690327811858788,hard,lpips_alex_spatial,384,4,head_supported,convergence_s5_h128_60k
0.2718798992313607,0.21031176149865619,20,0.24144296077303543,hard,lpips_alex_spatial,384,4,head_unsupported,convergence_s5_h128_60k
0.21873385199587603,0.18451302427200336,20,0.20080990914112032,hard,lpips_alex_spatial,384,4,oral,convergence_s5_h128_60k
0.5528035768221062,0.46995930031412325,20,0.5116920799810164,hard,lpips_alex_spatial,384,4,torso_outside_head_roi,convergence_s5_h128_60k
0.18196367017894907,0.1608609758209533,20,0.1708582741354691,hard,lpips_alex_spatial,384,8,background,convergence_s5_h128_60k
0.19543299450456877,0.16722688170540517,20,0.18078943645251327,hard,lpips_alex_spatial,384,8,eyes,convergence_s5_h128_60k
0.2700175772278948,0.22747307327142038,20,0.24857430211563042,hard,lpips_alex_spatial,384,8,flame_supported,convergence_s5_h128_60k
0.5068753352490033,0.41021723989326064,20,0.45779750066314956,hard,lpips_alex_spatial,384,8,flame_unsupported,convergence_s5_h128_60k
0.3448826281399044,0.28998190946926544,20,0.3174471644918674,hard,lpips_alex_spatial,384,8,foreground,convergence_s5_h128_60k
0.273147480923247,0.23440416589766352,20,0.25371112082943775,hard,lpips_alex_spatial,384,8,full_frame,convergence_s5_h128_60k
0.24571679148433923,0.2045390284210863,20,0.22458109826631736,hard,lpips_alex_spatial,384,8,head_foreground,convergence_s5_h128_60k
0.24252979463513374,0.20336505211292172,20,0.22249685931419072,hard,lpips_alex_spatial,384,8,head_supported,convergence_s5_h128_60k
0.2698839122640838,0.20672285119646133,20,0.23800727308344646,hard,lpips_alex_spatial,384,8,head_unsupported,convergence_s5_h128_60k
0.22241279007088993,0.18476867599109228,20,0.20295040145506144,hard,lpips_alex_spatial,384,8,oral,convergence_s5_h128_60k
0.5507389347454196,0.4684376134744093,20,0.5096250562566744,hard,lpips_alex_spatial,384,8,torso_outside_head_roi,convergence_s5_h128_60k
0.18353825451319464,0.15919606022695224,20,0.1709981559371168,released,lpips_alex_spatial,384,1,background,convergence_s5_h128_60k
0.21051082742121208,0.17202325204411673,20,0.18952883454914837,released,lpips_alex_spatial,384,1,eyes,convergence_s5_h128_60k
0.2934503874318562,0.2504631311718998,20,0.2698402807603205,released,lpips_alex_spatial,384,1,flame_supported,convergence_s5_h128_60k
0.3991956479117504,0.3370355216747598,20,0.36784847443468893,released,lpips_alex_spatial,384,1,flame_unsupported,convergence_s5_h128_60k
0.3252537868222642,0.2841906034204918,20,0.3032940943501884,released,lpips_alex_spatial,384,1,foreground,convergence_s5_h128_60k
0.26137981565161184,0.22969675899068004,20,0.24513065243438215,released,lpips_alex_spatial,384,1,full_frame,convergence_s5_h128_60k
0.2719127877612785,0.22837132065344196,20,0.24897111513354847,released,lpips_alex_spatial,384,1,head_foreground,convergence_s5_h128_60k
0.27342358180351856,0.22901810994044736,20,0.2495633753628351,released,lpips_alex_spatial,384,1,head_supported,convergence_s5_h128_60k
0.2720383689355502,0.21582861869099865,20,0.24311182419251268,released,lpips_alex_spatial,384,1,head_unsupported,convergence_s5_h128_60k
0.23932797237384798,0.19704759824629023,20,0.2164660523543566,released,lpips_alex_spatial,384,1,oral,convergence_s5_h128_60k
0.44526205499202426,0.3856482808019226,20,0.415025766782214,released,lpips_alex_spatial,384,1,torso_outside_head_roi,convergence_s5_h128_60k
0.1828708094267367,0.1574473246796175,20,0.16986495771952392,released,lpips_alex_spatial,384,4,background,convergence_s5_h128_60k
0.20460149514102474,0.1646082935069047,20,0.18227028310512908,released,lpips_alex_spatial,384,4,eyes,convergence_s5_h128_60k
0.2887262386935505,0.24510495123229853,20,0.26494909676870987,released,lpips_alex_spatial,384,4,flame_supported,convergence_s5_h128_60k
0.3982073602415271,0.3358321291582568,20,0.36661684805153516,released,lpips_alex_spatial,384,4,flame_unsupported,convergence_s5_h128_60k
0.32167535876991826,0.27978291089242485,20,0.29936627261693266,released,lpips_alex_spatial,384,4,foreground,convergence_s5_h128_60k
0.2594400760732571,0.22816370675468572,20,0.24315588876563984,released,lpips_alex_spatial,384,4,full_frame,convergence_s5_h128_60k
0.26789055267931944,0.22183447034790918,20,0.24296452968352877,released,lpips_alex_spatial,384,4,head_foreground,convergence_s5_h128_60k
0.2687326710898714,0.22243201552793934,20,0.24368030217548037,released,lpips_alex_spatial,384,4,head_supported,convergence_s5_h128_60k
0.26478456970418174,0.21046339096335978,20,0.23685127185717642,released,lpips_alex_spatial,384,4,head_unsupported,convergence_s5_h128_60k
0.23779775959867172,0.1957117960825125,20,0.21470591430917207,released,lpips_alex_spatial,384,4,oral,convergence_s5_h128_60k
0.4438655851752088,0.38780967484452133,20,0.4158992810995155,released,lpips_alex_spatial,384,4,torso_outside_head_roi,convergence_s5_h128_60k
0.17964872978417115,0.15382161018468496,20,0.16626683840336207,released,lpips_alex_spatial,384,8,background,convergence_s5_h128_60k
0.1990945349831785,0.1611314493652741,20,0.17789157336013467,released,lpips_alex_spatial,384,8,eyes,convergence_s5_h128_60k
0.2850251627942417,0.2414741803976043,20,0.26161642978410693,released,lpips_alex_spatial,384,8,flame_supported,convergence_s5_h128_60k
0.396735909017401,0.3343725702771278,20,0.36513633447857863,released,lpips_alex_spatial,384,8,flame_unsupported,convergence_s5_h128_60k
0.31837033547287014,0.277203091234061,20,0.29678170930876613,released,lpips_alex_spatial,384,8,foreground,convergence_s5_h128_60k
0.2561776601119991,0.22443283943838369,20,0.23952056538491023,released,lpips_alex_spatial,384,8,full_frame,convergence_s5_h128_60k
0.26243861507305427,0.21740590701920703,20,0.23853571142423707,released,lpips_alex_spatial,384,8,head_foreground,convergence_s5_h128_60k
0.26368306403269115,0.21800198416923694,20,0.2392289435347211,released,lpips_alex_spatial,384,8,head_supported,convergence_s5_h128_60k
0.2598576316796164,0.20741640738026806,20,0.23306478707334363,released,lpips_alex_spatial,384,8,head_unsupported,convergence_s5_h128_60k
0.2398989892989983,0.19405851931068932,20,0.2153356990167698,released,lpips_alex_spatial,384,8,oral,convergence_s5_h128_60k
0.4421985068594022,0.38796868766482884,20,0.41435523001694907,released,lpips_alex_spatial,384,8,torso_outside_head_roi,convergence_s5_h128_60k
0.29723095053672893,0.24670690402578954,20,0.27191756297050573,adaptive,lpips_alex_spatial,8,1,background,covariance_s3_h128_20k
0.3404605827149633,0.2745851226428557,20,0.30619536274968856,adaptive,lpips_alex_spatial,8,1,eyes,covariance_s3_h128_20k
0.4486707971382589,0.39477022215613444,20,0.4217847076417412,adaptive,lpips_alex_spatial,8,1,flame_supported,covariance_s3_h128_20k
0.5643988681183613,0.4959012417730774,20,0.5302356863426543,adaptive,lpips_alex_spatial,8,1,flame_unsupported,covariance_s3_h128_20k
0.48249910098710747,0.4333813893385211,20,0.45767194147174084,adaptive,lpips_alex_spatial,8,1,foreground,covariance_s3_h128_20k
0.4000384784083474,0.3507041843938621,20,0.37545317873294215,adaptive,lpips_alex_spatial,8,1,full_frame,covariance_s3_h128_20k
0.4268256857956607,0.3692518872430879,20,0.39778201278974146,adaptive,lpips_alex_spatial,8,1,head_foreground,covariance_s3_h128_20k
0.42813445436093983,0.3710552990060096,20,0.39930931834935224,adaptive,lpips_alex_spatial,8,1,head_supported,covariance_s3_h128_20k
0.41468793004508453,0.34311424530229845,20,0.37797592108752254,adaptive,lpips_alex_spatial,8,1,head_unsupported,covariance_s3_h128_20k
0.355148474623209,0.29786824855521926,20,0.32551914659444414,adaptive,lpips_alex_spatial,8,1,oral,covariance_s3_h128_20k
0.6269309580216286,0.5549462215625981,20,0.5903653361489711,adaptive,lpips_alex_spatial,8,1,torso_outside_head_roi,covariance_s3_h128_20k
0.2878665358088756,0.2394926096057533,20,0.26363099748949503,adaptive,lpips_alex_spatial,8,4,background,covariance_s3_h128_20k
0.3297942519891688,0.2675485256454723,20,0.2974176496987026,adaptive,lpips_alex_spatial,8,4,eyes,covariance_s3_h128_20k
0.4402173033076267,0.38919058323318656,20,0.414705594764243,adaptive,lpips_alex_spatial,8,4,flame_supported,covariance_s3_h128_20k
0.55750582952246,0.4843232379128317,20,0.5210978030061414,adaptive,lpips_alex_spatial,8,4,flame_unsupported,covariance_s3_h128_20k
0.47474726529639916,0.4261468920814204,20,0.4504987767437517,adaptive,lpips_alex_spatial,8,4,foreground,covariance_s3_h128_20k
0.39275281298012765,0.3441768023581051,20,0.36859159840696776,adaptive,lpips_alex_spatial,8,4,full_frame,covariance_s3_h128_20k
0.41707478993598424,0.3623569947305252,20,0.38970744225826687,adaptive,lpips_alex_spatial,8,4,head_foreground,covariance_s3_h128_20k
0.4185609178841772,0.3642970575140758,20,0.391608944042967,adaptive,lpips_alex_spatial,8,4,head_supported,covariance_s3_h128_20k
0.39938944837219,0.3353785211658733,20,0.3669806817349296,adaptive,lpips_alex_spatial,8,4,head_unsupported,covariance_s3_h128_20k
0.33550851645496566,0.28668811065476857,20,0.3104124711545151,adaptive,lpips_alex_spatial,8,4,oral,covariance_s3_h128_20k
0.6159686374084882,0.5441686009685233,20,0.5804425914796607,adaptive,lpips_alex_spatial,8,4,torso_outside_head_roi,covariance_s3_h128_20k
0.28245802096950845,0.23155674871765342,20,0.2564201038094418,adaptive,lpips_alex_spatial,8,8,background,covariance_s3_h128_20k
0.3200683396681754,0.2542395782272543,20,0.28554782674594525,adaptive,lpips_alex_spatial,8,8,eyes,covariance_s3_h128_20k
0.43057041700178167,0.37875856071404934,20,0.4045733116300655,adaptive,lpips_alex_spatial,8,8,flame_supported,covariance_s3_h128_20k
0.5517402942934525,0.4768337188674539,20,0.5140177016000347,adaptive,lpips_alex_spatial,8,8,flame_unsupported,covariance_s3_h128_20k
0.46607238604236406,0.41693420302054823,20,0.44139370904188907,adaptive,lpips_alex_spatial,8,8,foreground,covariance_s3_h128_20k
0.3841153323031091,0.33479579801683307,20,0.359479470892902,adaptive,lpips_alex_spatial,8,8,full_frame,covariance_s3_h128_20k
0.4058813360667051,0.35026995082977747,20,0.37780287808633095,adaptive,lpips_alex_spatial,8,8,head_foreground,covariance_s3_h128_20k
0.40793128187302374,0.35133918923361734,20,0.37986921814321883,adaptive,lpips_alex_spatial,8,8,head_supported,covariance_s3_h128_20k
0.3883989245562363,0.3227226412888172,20,0.35566942884598574,adaptive,lpips_alex_spatial,8,8,head_unsupported,covariance_s3_h128_20k
0.3357788945613832,0.28056231251246405,20,0.30749018163092534,adaptive,lpips_alex_spatial,8,8,oral,covariance_s3_h128_20k
0.6095536177804453,0.5356214289141162,20,0.5734916136622894,adaptive,lpips_alex_spatial,8,8,torso_outside_head_roi,covariance_s3_h128_20k
0.2564784751389639,0.21969697899201762,20,0.23814110248122983,hard,lpips_alex_spatial,8,1,background,covariance_s3_h128_20k
0.36850030109308474,0.3222113985986103,20,0.3455255662004353,hard,lpips_alex_spatial,8,1,eyes,covariance_s3_h128_20k
0.4901730696931774,0.44603077356211296,20,0.46861713079140277,hard,lpips_alex_spatial,8,1,flame_supported,covariance_s3_h128_20k
0.6300631198249625,0.5486941503716071,20,0.5896649785260986,hard,lpips_alex_spatial,8,1,flame_unsupported,covariance_s3_h128_20k
0.5340539500784803,0.48926396772590425,20,0.5114834629145888,hard,lpips_alex_spatial,8,1,foreground,covariance_s3_h128_20k
0.4096062089644728,0.3683674216999378,20,0.38870967251139793,hard,lpips_alex_spatial,8,1,full_frame,covariance_s3_h128_20k
0.46071257386947956,0.4189108780091801,20,0.44010747155965546,hard,lpips_alex_spatial,8,1,head_foreground,covariance_s3_h128_20k
0.46317039325504855,0.4208463183791353,20,0.442410241835693,hard,lpips_alex_spatial,8,1,head_supported,covariance_s3_h128_20k
0.4403927952028171,0.376884373399188,20,0.40802323817329195,hard,lpips_alex_spatial,8,1,head_unsupported,covariance_s3_h128_20k
0.3358614849561968,0.2917768060346472,20,0.3131694957992677,hard,lpips_alex_spatial,8,1,oral,covariance_s3_h128_20k
0.6915378389005236,0.6286727329485631,20,0.6595014728102357,hard,lpips_alex_spatial,8,1,torso_outside_head_roi,covariance_s3_h128_20k
0.2527236276575117,0.21943678543774975,20,0.23620092645209212,hard,lpips_alex_spatial,8,4,background,covariance_s3_h128_20k
0.37218762988872434,0.329482481914824,20,0.3509402408608246,hard,lpips_alex_spatial,8,4,eyes,covariance_s3_h128_20k
0.4834476642305717,0.4431995687789994,20,0.4633610786493912,hard,lpips_alex_spatial,8,4,flame_supported,covariance_s3_h128_20k
0.6266745153937995,0.548661269742187,20,0.5870401530043364,hard,lpips_alex_spatial,8,4,flame_unsupported,covariance_s3_h128_20k
0.5269177678478562,0.48686075226694087,20,0.5065119881270017,hard,lpips_alex_spatial,8,4,foreground,covariance_s3_h128_20k
0.40638457129234784,0.36794404464278674,20,0.38682461229894444,hard,lpips_alex_spatial,8,4,full_frame,covariance_s3_h128_20k
0.4511738356263753,0.41303104742235164,20,0.4325391355143423,hard,lpips_alex_spatial,8,4,head_foreground,covariance_s3_h128_20k
0.4544001042018434,0.41599058049026505,20,0.43573265649427534,hard,lpips_alex_spatial,8,4,head_supported,covariance_s3_h128_20k
0.4234904281864982,0.36521531949367786,20,0.39402332385507816,hard,lpips_alex_spatial,8,4,head_unsupported,covariance_s3_h128_20k
0.3262804734009543,0.2864011689051452,20,0.30560230695773205,hard,lpips_alex_spatial,8,4,oral,covariance_s3_h128_20k
0.6890792697827672,0.6303849457113121,20,0.6593670148059492,hard,lpips_alex_spatial,8,4,torso_outside_head_roi,covariance_s3_h128_20k
0.24603882339693411,0.21167507505388208,20,0.2286068355764105,hard,lpips_alex_spatial,8,8,background,covariance_s3_h128_20k
0.36329228649285455,0.3172224900336001,20,0.3402680176501409,hard,lpips_alex_spatial,8,8,eyes,covariance_s3_h128_20k
0.477539091912593,0.4331541235654813,20,0.45602627712090127,hard,lpips_alex_spatial,8,8,flame_supported,covariance_s3_h128_20k
0.626135166173734,0.5440410285390369,20,0.5844301689293043,hard,lpips_alex_spatial,8,8,flame_unsupported,covariance_s3_h128_20k
0.5236522639289828,0.47889090669486456,20,0.5013304265164777,hard,lpips_alex_spatial,8,8,foreground,covariance_s3_h128_20k
0.40001893356571466,0.35888693643725794,20,0.37928932438165075,hard,lpips_alex_spatial,8,8,full_frame,covariance_s3_h128_20k
0.4445368141592436,0.4016228294513076,20,0.42355887994977015,hard,lpips_alex_spatial,8,8,head_foreground,covariance_s3_h128_20k
0.44754882114654787,0.4057881487680988,20,0.4269977692903648,hard,lpips_alex_spatial,8,8,head_supported,covariance_s3_h128_20k
0.4127637728702762,0.3531191528569313,20,0.3825108438660566,hard,lpips_alex_spatial,8,8,head_unsupported,covariance_s3_h128_20k
0.3278615584020173,0.2839919187603464,20,0.3054686077610832,hard,lpips_alex_spatial,8,8,oral,covariance_s3_h128_20k
0.6878696398365539,0.623839098334754,20,0.6559350181211295,hard,lpips_alex_spatial,8,8,torso_outside_head_roi,covariance_s3_h128_20k
0.2790532796211222,0.23404564365032715,20,0.2567468608394053,released,lpips_alex_spatial,8,1,background,covariance_s3_h128_20k
0.3278131167672989,0.2742226435724141,20,0.30055804402365377,released,lpips_alex_spatial,8,1,eyes,covariance_s3_h128_20k
0.42673433895962093,0.3803100368456756,20,0.4032093677127824,released,lpips_alex_spatial,8,1,flame_supported,covariance_s3_h128_20k
0.5482093919356312,0.4733892595714089,20,0.51080750142535,released,lpips_alex_spatial,8,1,flame_unsupported,covariance_s3_h128_20k
0.4619952854160047,0.41551569433873636,20,0.4392026771979897,released,lpips_alex_spatial,8,1,foreground,covariance_s3_h128_20k
0.38087150735611264,0.3343884274311912,20,0.3583143768243459,released,lpips_alex_spatial,8,1,full_frame,covariance_s3_h128_20k
0.40275443811973066,0.35490502493133635,20,0.37895744101570417,released,lpips_alex_spatial,8,1,head_foreground,covariance_s3_h128_20k
0.405183116416982,0.3569887210638326,20,0.3810302038199894,released,lpips_alex_spatial,8,1,head_supported,covariance_s3_h128_20k
0.38528924576426815,0.3239687693170882,20,0.3542709740976926,released,lpips_alex_spatial,8,1,head_unsupported,covariance_s3_h128_20k
0.3411565451474646,0.2893832392133422,20,0.31497512656483384,released,lpips_alex_spatial,8,1,oral,covariance_s3_h128_20k
0.6077437290768142,0.5318155668153707,20,0.5699837755120958,released,lpips_alex_spatial,8,1,torso_outside_head_roi,covariance_s3_h128_20k
0.273643540637876,0.2302107062268877,20,0.251399737160111,released,lpips_alex_spatial,8,4,background,covariance_s3_h128_20k
0.31569597176584674,0.2650922169274223,20,0.290218580061913,released,lpips_alex_spatial,8,4,eyes,covariance_s3_h128_20k
0.42062230446735244,0.3745346870619535,20,0.39769259158809434,released,lpips_alex_spatial,8,4,flame_supported,covariance_s3_h128_20k
0.5502123812047564,0.47390482935515404,20,0.5111745179569775,released,lpips_alex_spatial,8,4,flame_unsupported,covariance_s3_h128_20k
0.45932840239382927,0.41202166866187695,20,0.43591875903135613,released,lpips_alex_spatial,8,4,foreground,covariance_s3_h128_20k
0.3773545363947708,0.3326458318687503,20,0.35509954799305304,released,lpips_alex_spatial,8,4,full_frame,covariance_s3_h128_20k
0.3962414987625921,0.3478663011482128,20,0.3719301657893703,released,lpips_alex_spatial,8,4,head_foreground,covariance_s3_h128_20k
0.398209927624981,0.34999561163621645,20,0.37384489067102605,released,lpips_alex_spatial,8,4,head_supported,covariance_s3_h128_20k
0.37814634595137697,0.3202245481292592,20,0.3498862706591909,released,lpips_alex_spatial,8,4,head_unsupported,covariance_s3_h128_20k
0.32403101256898353,0.2798881579236232,20,0.3019850954376135,released,lpips_alex_spatial,8,4,oral,covariance_s3_h128_20k
0.6101597371676013,0.5367406113222567,20,0.5724046685737323,released,lpips_alex_spatial,8,4,torso_outside_head_roi,covariance_s3_h128_20k
0.2670689526986493,0.22261723131160274,20,0.24406516077660972,released,lpips_alex_spatial,8,8,background,covariance_s3_h128_20k
0.30591824828023445,0.25330240603470555,20,0.27928411144590826,released,lpips_alex_spatial,8,8,eyes,covariance_s3_h128_20k
0.41229993519075697,0.3661553666231992,20,0.38893391475538797,released,lpips_alex_spatial,8,8,flame_supported,covariance_s3_h128_20k
0.5431165261017158,0.46595608103226605,20,0.5038464222606355,released,lpips_alex_spatial,8,8,flame_unsupported,covariance_s3_h128_20k
0.4510680270477012,0.4046416055203325,20,0.4276768778405321,released,lpips_alex_spatial,8,8,foreground,covariance_s3_h128_20k
0.36878955614837733,0.32467166464114605,20,0.34641775715918766,released,lpips_alex_spatial,8,8,full_frame,covariance_s3_h128_20k
0.38488026051051943,0.3371573451904107,20,0.36127579363349704,released,lpips_alex_spatial,8,8,head_foreground,covariance_s3_h128_20k
0.38761489653279535,0.3391303017302704,20,0.36334919902076956,released,lpips_alex_spatial,8,8,head_supported,covariance_s3_h128_20k
0.36860646626521826,0.3102882056267269,20,0.3390324260281056,released,lpips_alex_spatial,8,8,head_unsupported,covariance_s3_h128_20k
0.3229220699366232,0.273325664478631,20,0.29779981805405864,released,lpips_alex_spatial,8,8,oral,covariance_s3_h128_20k
0.6035268338925571,0.5292449104556665,20,0.5657435788965531,released,lpips_alex_spatial,8,8,torso_outside_head_roi,covariance_s3_h128_20k
0.28438896103562894,0.24358999636569809,20,0.2639332604181225,adaptive,lpips_alex_spatial,384,1,background,covariance_s3_h128_20k
0.3634634788865335,0.3158645846068851,20,0.33855870622230405,adaptive,lpips_alex_spatial,384,1,eyes,covariance_s3_h128_20k
0.47348720627903773,0.4303974582018045,20,0.4522505669088657,adaptive,lpips_alex_spatial,384,1,flame_supported,covariance_s3_h128_20k
0.5531345943039744,0.4834516429847316,20,0.5181449589730294,adaptive,lpips_alex_spatial,384,1,flame_unsupported,covariance_s3_h128_20k
0.49783014594792874,0.4527568815700683,20,0.47536990225900577,adaptive,lpips_alex_spatial,384,1,foreground,covariance_s3_h128_20k
0.40204662609022934,0.3567595830830661,20,0.379827513890865,adaptive,lpips_alex_spatial,384,1,full_frame,covariance_s3_h128_20k
0.4500751768071704,0.4078962761633842,20,0.42925142602704724,adaptive,lpips_alex_spatial,384,1,head_foreground,covariance_s3_h128_20k
0.4535315287258608,0.41192804947772,20,0.43261180048801223,adaptive,lpips_alex_spatial,384,1,head_supported,covariance_s3_h128_20k
0.4289137405132711,0.36623790099273634,20,0.3975296441829373,adaptive,lpips_alex_spatial,384,1,head_unsupported,covariance_s3_h128_20k
0.3610302832109612,0.3142819618252354,20,0.3377074472634458,adaptive,lpips_alex_spatial,384,1,oral,covariance_s3_h128_20k
0.6111314022296505,0.539827381682605,20,0.5744339948567359,adaptive,lpips_alex_spatial,384,1,torso_outside_head_roi,covariance_s3_h128_20k
0.2835885543607235,0.24466578570009762,20,0.2638479463589442,adaptive,lpips_alex_spatial,384,4,background,covariance_s3_h128_20k
0.3646720638780266,0.31375507516754747,20,0.3381187606150168,adaptive,lpips_alex_spatial,384,4,eyes,covariance_s3_h128_20k
0.469569264887689,0.426258853389309,20,0.4479288325260157,adaptive,lpips_alex_spatial,384,4,flame_supported,covariance_s3_h128_20k
0.5517358555966018,0.48536560577319887,20,0.5177025312739927,adaptive,lpips_alex_spatial,384,4,flame_unsupported,covariance_s3_h128_20k
0.49440582422276963,0.4513545577886389,20,0.4723526918507238,adaptive,lpips_alex_spatial,384,4,foreground,covariance_s3_h128_20k
0.4013693940138686,0.3574608436941115,20,0.3793192743762465,adaptive,lpips_alex_spatial,384,4,full_frame,covariance_s3_h128_20k
0.44705127803309197,0.4021942722337139,20,0.42446844615623336,adaptive,lpips_alex_spatial,384,4,head_foreground,covariance_s3_h128_20k
0.4502233146559345,0.40598780459706146,20,0.42809922907193904,adaptive,lpips_alex_spatial,384,4,head_supported,covariance_s3_h128_20k
0.4217300144053671,0.3604578136354756,20,0.3904445618350446,adaptive,lpips_alex_spatial,384,4,head_unsupported,covariance_s3_h128_20k
0.3538442888440975,0.30609378774297424,20,0.32973953587474475,adaptive,lpips_alex_spatial,384,4,oral,covariance_s3_h128_20k
0.6085353663012124,0.5404854975043568,20,0.573935310749901,adaptive,lpips_alex_spatial,384,4,torso_outside_head_roi,covariance_s3_h128_20k
0.279609482039028,0.23778072420247978,20,0.2586078350704234,adaptive,lpips_alex_spatial,384,8,background,covariance_s3_h128_20k
0.36154583354162906,0.3081980803520572,20,0.33307055627539683,adaptive,lpips_alex_spatial,384,8,eyes,covariance_s3_h128_20k
0.4679149363660847,0.41889636201695835,20,0.44351499232449515,adaptive,lpips_alex_spatial,384,8,flame_supported,covariance_s3_h128_20k
0.549634681557536,0.48167560153195216,20,0.51516166067827,adaptive,lpips_alex_spatial,384,8,flame_unsupported,covariance_s3_h128_20k
0.49184052967505004,0.4448791818797257,20,0.4684413871996223,adaptive,lpips_alex_spatial,384,8,foreground,covariance_s3_h128_20k
0.3972122126675787,0.35075617072386145,20,0.373890618999283,adaptive,lpips_alex_spatial,384,8,full_frame,covariance_s3_h128_20k
0.44404074057856335,0.3947280695713925,20,0.419168551459959,adaptive,lpips_alex_spatial,384,8,head_foreground,covariance_s3_h128_20k
0.4478532558694289,0.3985419151173494,20,0.4230242944711328,adaptive,lpips_alex_spatial,384,8,head_supported,covariance_s3_h128_20k
0.4167747196124694,0.3526633865415081,20,0.38441490975842446,adaptive,lpips_alex_spatial,384,8,head_unsupported,covariance_s3_h128_20k
0.36029068192114505,0.30374417590574826,20,0.3318976666578707,adaptive,lpips_alex_spatial,384,8,oral,covariance_s3_h128_20k
0.6074634261532764,0.5346425388303878,20,0.5698047446154181,adaptive,lpips_alex_spatial,384,8,torso_outside_head_roi,covariance_s3_h128_20k
0.255260735968001,0.21927028990163494,20,0.237185080287759,hard,lpips_alex_spatial,384,1,background,covariance_s3_h128_20k
0.3712330566298121,0.32617990379313044,20,0.3490538716531222,hard,lpips_alex_spatial,384,1,eyes,covariance_s3_h128_20k
0.4904153363382884,0.44442490225142367,20,0.46781955368250455,hard,lpips_alex_spatial,384,1,flame_supported,covariance_s3_h128_20k
0.6267255748060344,0.5442882562334781,20,0.5853158428887038,hard,lpips_alex_spatial,384,1,flame_unsupported,covariance_s3_h128_20k
0.5333838130154314,0.48712888517177283,20,0.5098644893872447,hard,lpips_alex_spatial,384,1,foreground,covariance_s3_h128_20k
0.4083330346031106,0.3660555295878416,20,0.3872607830798987,hard,lpips_alex_spatial,384,1,full_frame,covariance_s3_h128_20k
0.4609667370178323,0.4176538035946615,20,0.43987584751627506,hard,lpips_alex_spatial,384,1,head_foreground,covariance_s3_h128_20k
0.4639638521721956,0.4205515262432367,20,0.44238172933383957,hard,lpips_alex_spatial,384,1,head_supported,covariance_s3_h128_20k
0.43754446016215426,0.3729318551032644,20,0.4049244897966332,hard,lpips_alex_spatial,384,1,head_unsupported,covariance_s3_h128_20k
0.338959291037957,0.2930705829948322,20,0.315651287931596,hard,lpips_alex_spatial,384,1,oral,covariance_s3_h128_20k
0.6871502089749217,0.6197840227797161,20,0.6535084970015569,hard,lpips_alex_spatial,384,1,torso_outside_head_roi,covariance_s3_h128_20k
0.25150358612424395,0.2180232213289359,20,0.23486095388663064,hard,lpips_alex_spatial,384,4,background,covariance_s3_h128_20k
0.3757270386178585,0.33381974227827027,20,0.3551915972463465,hard,lpips_alex_spatial,384,4,eyes,covariance_s3_h128_20k
0.48264673083663473,0.44128719450410564,20,0.46209319939741944,hard,lpips_alex_spatial,384,4,flame_supported,covariance_s3_h128_20k
0.6221499947453835,0.542806184630041,20,0.5817361379778145,hard,lpips_alex_spatial,384,4,flame_unsupported,covariance_s3_h128_20k
0.5249508485132985,0.4836403225142198,20,0.5042488705997883,hard,lpips_alex_spatial,384,4,foreground,covariance_s3_h128_20k
0.4055196279833304,0.3651447559125495,20,0.3848190504821536,hard,lpips_alex_spatial,384,4,full_frame,covariance_s3_h128_20k
0.45075821515254655,0.4119676887077745,20,0.43188041430498086,hard,lpips_alex_spatial,384,4,head_foreground,covariance_s3_h128_20k
0.4541227000363839,0.41556475407064025,20,0.43526598130188277,hard,lpips_alex_spatial,384,4,head_supported,covariance_s3_h128_20k
0.4207781810164612,0.3603056835962077,20,0.3904696140418688,hard,lpips_alex_spatial,384,4,head_unsupported,covariance_s3_h128_20k
0.3279139908817043,0.2854964745297874,20,0.30626035369797233,hard,lpips_alex_spatial,384,4,oral,covariance_s3_h128_20k
0.6840294281053566,0.6197249084994914,20,0.6519949545688588,hard,lpips_alex_spatial,384,4,torso_outside_head_roi,covariance_s3_h128_20k
0.24524936856392038,0.21030167434604768,20,0.2273773459762341,hard,lpips_alex_spatial,384,8,background,covariance_s3_h128_20k
0.36638247299734256,0.32215650234554505,20,0.3448820954616042,hard,lpips_alex_spatial,384,8,eyes,covariance_s3_h128_20k
0.47702136285865343,0.4319147809832483,20,0.45482898449539133,hard,lpips_alex_spatial,384,8,flame_supported,covariance_s3_h128_20k
0.6222623479317438,0.5388609924197024,20,0.5798846195463934,hard,lpips_alex_spatial,384,8,flame_unsupported,covariance_s3_h128_20k
0.5218924201122689,0.47627941553649655,20,0.4993397880513684,hard,lpips_alex_spatial,384,8,foreground,covariance_s3_h128_20k
0.39884916852433955,0.35654078288898833,20,0.3775264813786461,hard,lpips_alex_spatial,384,8,full_frame,covariance_s3_h128_20k
0.44364065590670415,0.401409211383819,20,0.4228795502744999,hard,lpips_alex_spatial,384,8,head_foreground,covariance_s3_h128_20k
0.4471573618591581,0.40448471638896344,20,0.4265003302267664,hard,lpips_alex_spatial,384,8,head_supported,covariance_s3_h128_20k
0.4101245913204907,0.34950852802028065,20,0.37929142181123704,hard,lpips_alex_spatial,384,8,head_unsupported,covariance_s3_h128_20k
0.32990802481615106,0.2841753580912458,20,0.30623133985350104,hard,lpips_alex_spatial,384,8,oral,covariance_s3_h128_20k
0.6837905532676034,0.6152278127099157,20,0.6495400881055629,hard,lpips_alex_spatial,384,8,torso_outside_head_roi,covariance_s3_h128_20k
0.26973438227243113,0.2315403237707198,20,0.2509384985014046,released,lpips_alex_spatial,384,1,background,covariance_s3_h128_20k
0.34260494325556,0.2937305117731613,20,0.31706324991305784,released,lpips_alex_spatial,384,1,eyes,covariance_s3_h128_20k
0.4565378870563909,0.412565451676115,20,0.43453746221936757,released,lpips_alex_spatial,384,1,flame_supported,covariance_s3_h128_20k
0.54254697902708,0.4779571884369879,20,0.5101970310155931,released,lpips_alex_spatial,384,1,flame_unsupported,covariance_s3_h128_20k
0.4821922230881187,0.43940118745020773,20,0.46073198133992027,released,lpips_alex_spatial,384,1,foreground,covariance_s3_h128_20k
0.3869496910086958,0.3450350083091429,20,0.3664596245531396,released,lpips_alex_spatial,384,1,full_frame,covariance_s3_h128_20k
0.4314942584514959,0.38730013024200277,20,0.40947509782859176,released,lpips_alex_spatial,384,1,head_foreground,covariance_s3_h128_20k
0.4351513440846829,0.3907609834834985,20,0.4128584859299468,released,lpips_alex_spatial,384,1,head_supported,covariance_s3_h128_20k
0.40924748769991215,0.34596052417924716,20,0.37694440996250744,released,lpips_alex_spatial,384,1,head_unsupported,covariance_s3_h128_20k
0.3570913429927519,0.3075048773303453,20,0.3314903185941508,released,lpips_alex_spatial,384,1,oral,covariance_s3_h128_20k
0.6048402860693061,0.5390651651879285,20,0.5716600702765376,released,lpips_alex_spatial,384,1,torso_outside_head_roi,covariance_s3_h128_20k
0.2685724318414564,0.23057377854353062,20,0.2496320737986535,released,lpips_alex_spatial,384,4,background,covariance_s3_h128_20k
0.3369123715816827,0.28675719624435597,20,0.31061805262607906,released,lpips_alex_spatial,384,4,eyes,covariance_s3_h128_20k
0.4499751021188867,0.4047987121683772,20,0.42783754327320134,released,lpips_alex_spatial,384,4,flame_supported,covariance_s3_h128_20k
0.5394331223849467,0.4743583759463161,20,0.5060470861862425,released,lpips_alex_spatial,384,4,flame_unsupported,covariance_s3_h128_20k
0.4757438553818574,0.4334399987425124,20,0.4547031968988506,released,lpips_alex_spatial,384,4,foreground,covariance_s3_h128_20k
0.38478463257065165,0.3425462824746597,20,0.3637867158109492,released,lpips_alex_spatial,384,4,full_frame,covariance_s3_h128_20k
0.42645132068629416,0.3793371601259447,20,0.4027316571945,released,lpips_alex_spatial,384,4,head_foreground,covariance_s3_h128_20k
0.4288960757619363,0.38295555006199944,20,0.4059594571487775,released,lpips_alex_spatial,384,4,head_supported,covariance_s3_h128_20k
0.4043640840503771,0.3404361262685766,20,0.371754894480571,released,lpips_alex_spatial,384,4,head_unsupported,covariance_s3_h128_20k
0.34861764927632694,0.29773732196904756,20,0.3226500186436787,released,lpips_alex_spatial,384,4,oral,covariance_s3_h128_20k
0.5987575747030767,0.5315108698598779,20,0.5649073431784727,released,lpips_alex_spatial,384,4,torso_outside_head_roi,covariance_s3_h128_20k
0.265774377277346,0.22715702816543673,20,0.24601628493906066,released,lpips_alex_spatial,384,8,background,covariance_s3_h128_20k
0.33488927851025285,0.284637995399599,20,0.3089178362813857,released,lpips_alex_spatial,384,8,eyes,covariance_s3_h128_20k
0.44938074333323863,0.4019185272841194,20,0.42596987353963245,released,lpips_alex_spatial,384,8,flame_supported,covariance_s3_h128_20k
0.5376561030269532,0.473778217205767,20,0.5047995424586074,released,lpips_alex_spatial,384,8,flame_unsupported,covariance_s3_h128_20k
0.4740844489159997,0.43166150106301726,20,0.45297411274033345,released,lpips_alex_spatial,384,8,foreground,covariance_s3_h128_20k
0.38117150624851126,0.33918532907833787,20,0.360095155497134,released,lpips_alex_spatial,384,8,full_frame,covariance_s3_h128_20k
0.4229343544536484,0.3754206932982274,20,0.399655268127992,released,lpips_alex_spatial,384,8,head_foreground,covariance_s3_h128_20k
0.42728147836860686,0.37916850311761446,20,0.4034996103767969,released,lpips_alex_spatial,384,8,head_supported,covariance_s3_h128_20k
0.39626011554299667,0.33411510256302135,20,0.3645437228863976,released,lpips_alex_spatial,384,8,head_unsupported,covariance_s3_h128_20k
0.35423640660722844,0.296327548657279,20,0.3247699590589207,released,lpips_alex_spatial,384,8,oral,covariance_s3_h128_20k
0.5963021309000076,0.5302794463001769,20,0.5632718447228138,released,lpips_alex_spatial,384,8,torso_outside_head_roi,covariance_s3_h128_20k
0.19213473050932253,0.17275367810813533,20,0.1823427497937284,adaptive,lpips_alex_spatial,8,1,background,dose_r30_s5_h128_20k
0.21269764492799587,0.17845122582500886,20,0.19447225710919896,adaptive,lpips_alex_spatial,8,1,eyes,dose_r30_s5_h128_20k
0.2914797712319455,0.2564192402392999,20,0.27262382633175103,adaptive,lpips_alex_spatial,8,1,flame_supported,dose_r30_s5_h128_20k
0.49475701691013,0.4123797037032025,20,0.45260496565016195,adaptive,lpips_alex_spatial,8,1,flame_unsupported,dose_r30_s5_h128_20k
0.355394029902672,0.30820531013942315,20,0.3316852156706464,adaptive,lpips_alex_spatial,8,1,foreground,dose_r30_s5_h128_20k
0.2831380521509297,0.25006855668798417,20,0.26634865786348066,adaptive,lpips_alex_spatial,8,1,full_frame,dose_r30_s5_h128_20k
0.26698832604053113,0.23237339951323221,20,0.24920916154372724,adaptive,lpips_alex_spatial,8,1,head_foreground,dose_r30_s5_h128_20k
0.26580427050249716,0.23171363645906373,20,0.24765264329900177,adaptive,lpips_alex_spatial,8,1,head_supported,dose_r30_s5_h128_20k
0.293209057593884,0.23199248061569694,20,0.2621983990602098,adaptive,lpips_alex_spatial,8,1,head_unsupported,dose_r30_s5_h128_20k
0.2368133157091977,0.2027282331713253,20,0.21895649254649735,adaptive,lpips_alex_spatial,8,1,oral,dose_r30_s5_h128_20k
0.5446057956894478,0.47601211953118994,20,0.5098410270700144,adaptive,lpips_alex_spatial,8,1,torso_outside_head_roi,dose_r30_s5_h128_20k
0.1902179646671213,0.16858261757838347,20,0.17910186171684636,adaptive,lpips_alex_spatial,8,4,background,dose_r30_s5_h128_20k
0.20862991818279872,0.17521345851336187,20,0.19059673247624578,adaptive,lpips_alex_spatial,8,4,eyes,dose_r30_s5_h128_20k
0.2840100545055112,0.2483671834794753,20,0.2646437591204818,adaptive,lpips_alex_spatial,8,4,flame_supported,dose_r30_s5_h128_20k
0.4909295843119136,0.40572476082019104,20,0.4471294863470073,adaptive,lpips_alex_spatial,8,4,flame_unsupported,dose_r30_s5_h128_20k
0.3488326273769627,0.3003205680781588,20,0.32410648814406123,adaptive,lpips_alex_spatial,8,4,foreground,dose_r30_s5_h128_20k
0.2791350663139308,0.24466982104274193,20,0.26164762581347106,adaptive,lpips_alex_spatial,8,4,full_frame,dose_r30_s5_h128_20k
0.25884364389828834,0.22401269229913684,20,0.24044425915480852,adaptive,lpips_alex_spatial,8,4,head_foreground,dose_r30_s5_h128_20k
0.25688784759269545,0.22314296656932175,20,0.23888001022308752,adaptive,lpips_alex_spatial,8,4,head_supported,dose_r30_s5_h128_20k
0.28260391644988736,0.22439688002223027,20,0.2533338861810298,adaptive,lpips_alex_spatial,8,4,head_unsupported,dose_r30_s5_h128_20k
0.23247960506935017,0.1980094838262681,20,0.2138048574777372,adaptive,lpips_alex_spatial,8,4,oral,dose_r30_s5_h128_20k
0.5406425969423269,0.4649392775901462,20,0.502438717209876,adaptive,lpips_alex_spatial,8,4,torso_outside_head_roi,dose_r30_s5_h128_20k
0.18780583226397282,0.1645094220951572,20,0.1759518889106983,adaptive,lpips_alex_spatial,8,8,background,dose_r30_s5_h128_20k
0.20664032408573038,0.1722786018584263,20,0.18818847264989888,adaptive,lpips_alex_spatial,8,8,eyes,dose_r30_s5_h128_20k
0.28152049550622876,0.24446318445162737,20,0.26143071010870467,adaptive,lpips_alex_spatial,8,8,flame_supported,dose_r30_s5_h128_20k
0.4902675907040261,0.401671471512386,20,0.4443072827614255,adaptive,lpips_alex_spatial,8,8,flame_unsupported,dose_r30_s5_h128_20k
0.3473517230004981,0.2973528503942062,20,0.3218990161621512,adaptive,lpips_alex_spatial,8,8,foreground,dose_r30_s5_h128_20k
0.27661640088602063,0.24101127762041047,20,0.2582948775518509,adaptive,lpips_alex_spatial,8,8,full_frame,dose_r30_s5_h128_20k
0.2553574564059743,0.219422354298165,20,0.2360873169786588,adaptive,lpips_alex_spatial,8,8,head_foreground,dose_r30_s5_h128_20k
0.25418005911239366,0.21841464706768532,20,0.23478405640022423,adaptive,lpips_alex_spatial,8,8,head_supported,dose_r30_s5_h128_20k
0.2776929227079299,0.21860610751026932,20,0.24748021949523086,adaptive,lpips_alex_spatial,8,8,head_unsupported,dose_r30_s5_h128_20k
0.2384207881949215,0.20027262496406362,20,0.2182093371121705,adaptive,lpips_alex_spatial,8,8,oral,dose_r30_s5_h128_20k
0.5361287883058183,0.4606525859175011,20,0.49811136403570383,adaptive,lpips_alex_spatial,8,8,torso_outside_head_roi,dose_r30_s5_h128_20k
0.18584083462472137,0.16254065262679346,20,0.17415590111277887,adaptive,lpips_alex_spatial,384,1,background,dose_r30_s5_h128_20k
0.21257844342546056,0.17892660147989206,20,0.19494038952188622,adaptive,lpips_alex_spatial,384,1,eyes,dose_r30_s5_h128_20k
0.3092957328927664,0.261522812272949,20,0.28422760990697415,adaptive,lpips_alex_spatial,384,1,flame_supported,dose_r30_s5_h128_20k
0.4802656453260516,0.39660110404011334,20,0.4386017186525404,adaptive,lpips_alex_spatial,384,1,flame_unsupported,dose_r30_s5_h128_20k
0.3613618034219575,0.31038290041692074,20,0.3359220753262762,adaptive,lpips_alex_spatial,384,1,foreground,dose_r30_s5_h128_20k
0.2833516354807269,0.2469509406755497,20,0.26470476212181576,adaptive,lpips_alex_spatial,384,1,full_frame,dose_r30_s5_h128_20k
0.2810739950094555,0.23661655989712638,20,0.2581830602545273,adaptive,lpips_alex_spatial,384,1,head_foreground,dose_r30_s5_h128_20k
0.2822450254827933,0.23723634266583474,20,0.2589302088532616,adaptive,lpips_alex_spatial,384,1,head_supported,dose_r30_s5_h128_20k
0.28257182838176065,0.22268045168385472,20,0.2520370956910368,adaptive,lpips_alex_spatial,384,1,head_unsupported,dose_r30_s5_h128_20k
0.2474327032456214,0.20706373121301763,20,0.22616762646907226,adaptive,lpips_alex_spatial,384,1,oral,dose_r30_s5_h128_20k
0.5362524683387346,0.46310995639580677,20,0.4998902847393765,adaptive,lpips_alex_spatial,384,1,torso_outside_head_roi,dose_r30_s5_h128_20k
0.18181380938369024,0.15920978398388222,20,0.17027908273794165,adaptive,lpips_alex_spatial,384,4,background,dose_r30_s5_h128_20k
0.2040963936887165,0.16959739123711956,20,0.18563117688831327,adaptive,lpips_alex_spatial,384,4,eyes,dose_r30_s5_h128_20k
0.2946708204639077,0.24715156282722406,20,0.26993583856912085,adaptive,lpips_alex_spatial,384,4,flame_supported,dose_r30_s5_h128_20k
0.4760799169127513,0.39295910355135943,20,0.4336921290951147,adaptive,lpips_alex_spatial,384,4,flame_unsupported,dose_r30_s5_h128_20k
0.34983203321137507,0.2988493700140033,20,0.3240939647390289,adaptive,lpips_alex_spatial,384,4,foreground,dose_r30_s5_h128_20k
0.2758284275792026,0.24029590192412537,20,0.25758070428509355,adaptive,lpips_alex_spatial,384,4,full_frame,dose_r30_s5_h128_20k
0.2662761144324712,0.22117437646492877,20,0.24309183822468813,adaptive,lpips_alex_spatial,384,4,head_foreground,dose_r30_s5_h128_20k
0.2670375077374914,0.22197468166763681,20,0.24335581798345896,adaptive,lpips_alex_spatial,384,4,head_supported,dose_r30_s5_h128_20k
0.2693423119299865,0.21119504359924562,20,0.24056110219675694,adaptive,lpips_alex_spatial,384,4,head_unsupported,dose_r30_s5_h128_20k
0.22975119886936815,0.18866055227401415,20,0.20794900033356303,adaptive,lpips_alex_spatial,384,4,oral,dose_r30_s5_h128_20k
0.5328170206655183,0.4573484688628151,20,0.49486616094917546,adaptive,lpips_alex_spatial,384,4,torso_outside_head_roi,dose_r30_s5_h128_20k
0.17972367875816458,0.15549479113206233,20,0.16708647701347445,adaptive,lpips_alex_spatial,384,8,background,dose_r30_s5_h128_20k
0.20077904026690832,0.16761143934916478,20,0.18305581824063422,adaptive,lpips_alex_spatial,384,8,eyes,dose_r30_s5_h128_20k
0.29121186073289573,0.2419457712820342,20,0.265868209921841,adaptive,lpips_alex_spatial,384,8,flame_supported,dose_r30_s5_h128_20k
0.47550404290894144,0.3872795518445733,20,0.4307962736917613,adaptive,lpips_alex_spatial,384,8,flame_unsupported,dose_r30_s5_h128_20k
0.34801638259373735,0.2932184330776535,20,0.321153811692298,adaptive,lpips_alex_spatial,384,8,foreground,dose_r30_s5_h128_20k
0.2728584676787451,0.23472562793013338,20,0.2536941116248374,adaptive,lpips_alex_spatial,384,8,full_frame,dose_r30_s5_h128_20k
0.2625352907954432,0.21576949752278707,20,0.2381248451560718,adaptive,lpips_alex_spatial,384,8,head_foreground,dose_r30_s5_h128_20k
0.26175504782155534,0.21581864754111366,20,0.23847712629680012,adaptive,lpips_alex_spatial,384,8,head_supported,dose_r30_s5_h128_20k
0.26476816345150295,0.2051042184284151,20,0.23525960062584955,adaptive,lpips_alex_spatial,384,8,head_unsupported,dose_r30_s5_h128_20k
0.23328847474211412,0.1891863971630141,20,0.2099003677256372,adaptive,lpips_alex_spatial,384,8,oral,dose_r30_s5_h128_20k
0.5291108381324893,0.4507203675478867,20,0.489763509201435,adaptive,lpips_alex_spatial,384,8,torso_outside_head_roi,dose_r30_s5_h128_20k
0.20937555824639786,0.18311160928665052,20,0.1958930477108495,adaptive,lpips_alex_spatial,8,1,background,dose_r75_s5_h128_20k
0.20629292437912503,0.17590595671479056,20,0.190331624744344,adaptive,lpips_alex_spatial,8,1,eyes,dose_r75_s5_h128_20k
0.3179269006394587,0.2838381865769213,20,0.30024736291523135,adaptive,lpips_alex_spatial,8,1,flame_supported,dose_r75_s5_h128_20k
0.49000982056180864,0.4253811133810219,20,0.4567361574270863,adaptive,lpips_alex_spatial,8,1,flame_unsupported,dose_r75_s5_h128_20k
0.3714638669209291,0.33310964375878177,20,0.35162635736426834,adaptive,lpips_alex_spatial,8,1,foreground,dose_r75_s5_h128_20k
0.2985214782486875,0.2683863664263642,20,0.28298110368447904,adaptive,lpips_alex_spatial,8,1,full_frame,dose_r75_s5_h128_20k
0.29340117045825526,0.2578225082721497,20,0.2749053278094161,adaptive,lpips_alex_spatial,8,1,head_foreground,dose_r75_s5_h128_20k
0.2914323902370538,0.2576842210770517,20,0.2737899846776283,adaptive,lpips_alex_spatial,8,1,head_supported,dose_r75_s5_h128_20k
0.31080709652046545,0.2536283531454453,20,0.2817134619756304,adaptive,lpips_alex_spatial,8,1,head_unsupported,dose_r75_s5_h128_20k
0.25278547427762105,0.21823312827293098,20,0.2349980333304936,adaptive,lpips_alex_spatial,8,1,oral,dose_r75_s5_h128_20k
0.5484123165338811,0.49476878137040065,20,0.5214277214114864,adaptive,lpips_alex_spatial,8,1,torso_outside_head_roi,dose_r75_s5_h128_20k
0.2054008555742086,0.17601346699046042,20,0.19037080392650366,adaptive,lpips_alex_spatial,8,4,background,dose_r75_s5_h128_20k
0.20061267344661854,0.16965573665314673,20,0.18450273755634056,adaptive,lpips_alex_spatial,8,4,eyes,dose_r75_s5_h128_20k
0.3083964285920973,0.27167091143208727,20,0.2892577330970024,adaptive,lpips_alex_spatial,8,4,flame_supported,dose_r75_s5_h128_20k
0.48368982674768973,0.41078164334554534,20,0.44674111139825057,adaptive,lpips_alex_spatial,8,4,flame_unsupported,dose_r75_s5_h128_20k
0.36229478049347147,0.3201312150832243,20,0.3406279607141697,adaptive,lpips_alex_spatial,8,4,foreground,dose_r75_s5_h128_20k
0.2923067880670229,0.25839848430114015,20,0.27538122020805506,adaptive,lpips_alex_spatial,8,4,full_frame,dose_r75_s5_h128_20k
0.2823514694582504,0.24642140324110376,20,0.26363409140303024,adaptive,lpips_alex_spatial,8,4,head_foreground,dose_r75_s5_h128_20k
0.28088100831801377,0.2450585453879149,20,0.26240660571218527,adaptive,lpips_alex_spatial,8,4,head_supported,dose_r75_s5_h128_20k
0.29852873467318225,0.24545172719389075,20,0.27216181511506543,adaptive,lpips_alex_spatial,8,4,head_unsupported,dose_r75_s5_h128_20k
0.24513518329611053,0.21073390769751293,20,0.22706348009829597,adaptive,lpips_alex_spatial,8,4,oral,dose_r75_s5_h128_20k
0.5418404344845786,0.47611527585814406,20,0.5088334537967665,adaptive,lpips_alex_spatial,8,4,torso_outside_head_roi,dose_r75_s5_h128_20k
0.2029654231652298,0.17210428251949023,20,0.18709886927561345,adaptive,lpips_alex_spatial,8,8,background,dose_r75_s5_h128_20k
0.19857306315281958,0.16557609347464583,20,0.18095732314917687,adaptive,lpips_alex_spatial,8,8,eyes,dose_r75_s5_h128_20k
0.30556538388570487,0.26729525498158474,20,0.2854083754793376,adaptive,lpips_alex_spatial,8,8,flame_supported,dose_r75_s5_h128_20k
0.48117486591055453,0.4069829269874697,20,0.44354153140947866,adaptive,lpips_alex_spatial,8,8,flame_unsupported,dose_r75_s5_h128_20k
0.35979336429576975,0.31550509318748804,20,0.3376550021693666,adaptive,lpips_alex_spatial,8,8,foreground,dose_r75_s5_h128_20k
0.2894049369411551,0.2537205572007023,20,0.2716047581914184,adaptive,lpips_alex_spatial,8,8,full_frame,dose_r75_s5_h128_20k
0.2786739634143226,0.24067605455684177,20,0.25858223015100984,adaptive,lpips_alex_spatial,8,8,head_foreground,dose_r75_s5_h128_20k
0.2773318144320422,0.23966523063901807,20,0.25749040377190513,adaptive,lpips_alex_spatial,8,8,head_supported,dose_r75_s5_h128_20k
0.29585735903018173,0.23979453311678958,20,0.2679811355926879,adaptive,lpips_alex_spatial,8,8,head_unsupported,dose_r75_s5_h128_20k
0.25037942734967233,0.21135570257488662,20,0.2298597490971753,adaptive,lpips_alex_spatial,8,8,oral,dose_r75_s5_h128_20k
0.536028857263189,0.46952500214452464,20,0.5031985537744733,adaptive,lpips_alex_spatial,8,8,torso_outside_head_roi,dose_r75_s5_h128_20k
0.19346541382006005,0.16594763002358867,20,0.1796711130295882,adaptive,lpips_alex_spatial,384,1,background,dose_r75_s5_h128_20k
0.221742583221783,0.1876988856426993,20,0.2037915264809882,adaptive,lpips_alex_spatial,384,1,eyes,dose_r75_s5_h128_20k
0.33242114661001204,0.28370506387978295,20,0.30728427802178726,adaptive,lpips_alex_spatial,384,1,flame_supported,dose_r75_s5_h128_20k
0.47154202248316884,0.4023300297721541,20,0.4369783757411773,adaptive,lpips_alex_spatial,384,1,flame_unsupported,dose_r75_s5_h128_20k
0.3749772507298128,0.32673959501494937,20,0.3504181451258525,adaptive,lpips_alex_spatial,384,1,foreground,dose_r75_s5_h128_20k
0.2931299259903885,0.25739399602693136,20,0.2749919524311503,adaptive,lpips_alex_spatial,384,1,full_frame,dose_r75_s5_h128_20k
0.3065614915872238,0.2578376669067298,20,0.2817090323101513,adaptive,lpips_alex_spatial,384,1,head_foreground,dose_r75_s5_h128_20k
0.30633955648744743,0.25905519095925356,20,0.2820575907832935,adaptive,lpips_alex_spatial,384,1,head_supported,dose_r75_s5_h128_20k
0.3135630888727023,0.2423078358758999,20,0.2779739088272803,adaptive,lpips_alex_spatial,384,1,head_unsupported,dose_r75_s5_h128_20k
0.2727046535204741,0.2249225581706742,20,0.24840734521269964,adaptive,lpips_alex_spatial,384,1,oral,dose_r75_s5_h128_20k
0.527812437295067,0.4628182670962904,20,0.49508102479296845,adaptive,lpips_alex_spatial,384,1,torso_outside_head_roi,dose_r75_s5_h128_20k
0.188158263864866,0.16335122490808507,20,0.1755293234878857,adaptive,lpips_alex_spatial,384,4,background,dose_r75_s5_h128_20k
0.21558282862652958,0.17898432276556175,20,0.19623589462879046,adaptive,lpips_alex_spatial,384,4,eyes,dose_r75_s5_h128_20k
0.32315092764965275,0.2723849604047055,20,0.2967336098121305,adaptive,lpips_alex_spatial,384,4,flame_supported,dose_r75_s5_h128_20k
0.465798473175068,0.39439979649537676,20,0.42961050135604584,adaptive,lpips_alex_spatial,384,4,flame_unsupported,dose_r75_s5_h128_20k
0.3663877145235906,0.3172168872394902,20,0.34069711612674125,adaptive,lpips_alex_spatial,384,4,foreground,dose_r75_s5_h128_20k
0.28727869862038896,0.25185358681872533,20,0.2687897048870066,adaptive,lpips_alex_spatial,384,4,full_frame,dose_r75_s5_h128_20k
0.29705610043283337,0.2453399249764573,20,0.2700002149567385,adaptive,lpips_alex_spatial,384,4,head_foreground,dose_r75_s5_h128_20k
0.29651618158334714,0.24598156507933366,20,0.270595323357827,adaptive,lpips_alex_spatial,384,4,head_supported,dose_r75_s5_h128_20k
0.2975352185619567,0.23307865213177317,20,0.2651957689004891,adaptive,lpips_alex_spatial,384,4,head_unsupported,dose_r75_s5_h128_20k
0.2616622988682631,0.2129351475254845,20,0.236102414826119,adaptive,lpips_alex_spatial,384,4,oral,dose_r75_s5_h128_20k
0.5220717807185018,0.45516799728537577,20,0.48880753178116026,adaptive,lpips_alex_spatial,384,4,torso_outside_head_roi,dose_r75_s5_h128_20k
0.18546414201272385,0.15858339645041636,20,0.17157003907628726,adaptive,lpips_alex_spatial,384,8,background,dose_r75_s5_h128_20k
0.21204428199472103,0.17631980431574082,20,0.19328261062422164,adaptive,lpips_alex_spatial,384,8,eyes,dose_r75_s5_h128_20k
0.3191879408703561,0.26630560925769725,20,0.2924248623748026,adaptive,lpips_alex_spatial,384,8,flame_supported,dose_r75_s5_h128_20k
0.4599677318453234,0.38891293207229566,20,0.4245912325581325,adaptive,lpips_alex_spatial,384,8,flame_unsupported,dose_r75_s5_h128_20k
0.3621379060205143,0.3120054299756411,20,0.33669342167684474,adaptive,lpips_alex_spatial,384,8,foreground,dose_r75_s5_h128_20k
0.2828226793812209,0.24615039665526128,20,0.2639780133833617,adaptive,lpips_alex_spatial,384,8,full_frame,dose_r75_s5_h128_20k
0.29192426084254236,0.2392172830070756,20,0.2646564203289257,adaptive,lpips_alex_spatial,384,8,head_foreground,dose_r75_s5_h128_20k
0.2920392149797914,0.24007809963732207,20,0.26547797589781397,adaptive,lpips_alex_spatial,384,8,head_supported,dose_r75_s5_h128_20k
0.2932309181104561,0.22625468421795247,20,0.2592182256743805,adaptive,lpips_alex_spatial,384,8,head_unsupported,dose_r75_s5_h128_20k
0.2684063516399996,0.2156615805431814,20,0.2414683332323932,adaptive,lpips_alex_spatial,384,8,oral,dose_r75_s5_h128_20k
0.5157931033380916,0.4480696199846996,20,0.4818262438819434,adaptive,lpips_alex_spatial,384,8,torso_outside_head_roi,dose_r75_s5_h128_20k
0.219744268722595,0.18838663048198934,20,0.20356011367040142,adaptive,lpips_alex_spatial,8,1,background,primary_s5_h128_20k
0.21733625034789428,0.18565429864248217,20,0.20085149014697173,adaptive,lpips_alex_spatial,8,1,eyes,primary_s5_h128_20k
0.3195279393483147,0.2823442054832203,20,0.3004770902225451,adaptive,lpips_alex_spatial,8,1,flame_supported,primary_s5_h128_20k
0.45840725750272926,0.40317336269953147,20,0.4298620853670327,adaptive,lpips_alex_spatial,8,1,flame_unsupported,primary_s5_h128_20k
0.3623790374159307,0.32519850787174215,20,0.34314494701527576,adaptive,lpips_alex_spatial,8,1,foreground,primary_s5_h128_20k
0.29677027802414446,0.2670958016412856,20,0.2819727297856178,adaptive,lpips_alex_spatial,8,1,full_frame,primary_s5_h128_20k
0.2967171985231115,0.2587310992951913,20,0.2776510530283648,adaptive,lpips_alex_spatial,8,1,head_foreground,primary_s5_h128_20k
0.2957156106550377,0.25825202590273943,20,0.2766974461508988,adaptive,lpips_alex_spatial,8,1,head_supported,primary_s5_h128_20k
0.31231925642471675,0.256092156380926,20,0.28364692205911113,adaptive,lpips_alex_spatial,8,1,head_unsupported,primary_s5_h128_20k
0.260764285077396,0.22125955796482394,20,0.24004736825371178,adaptive,lpips_alex_spatial,8,1,oral,primary_s5_h128_20k
0.5115148352329235,0.46192637595861913,20,0.48724948812964125,adaptive,lpips_alex_spatial,8,1,torso_outside_head_roi,primary_s5_h128_20k
0.21839690753092483,0.1828023267392136,20,0.20016251791549317,adaptive,lpips_alex_spatial,8,4,background,primary_s5_h128_20k
0.215457764361361,0.18459150166234775,20,0.19935697189598509,adaptive,lpips_alex_spatial,8,4,eyes,primary_s5_h128_20k
0.31387787324169786,0.27693800749238806,20,0.29513006353775323,adaptive,lpips_alex_spatial,8,4,flame_supported,primary_s5_h128_20k
0.46588222154370934,0.39097119092497773,20,0.4275783861082706,adaptive,lpips_alex_spatial,8,4,flame_unsupported,primary_s5_h128_20k
0.3608221113988855,0.31736167969038953,20,0.33917092468252336,adaptive,lpips_alex_spatial,8,4,foreground,primary_s5_h128_20k
0.2971123439919194,0.25958301472434003,20,0.2791517475255593,adaptive,lpips_alex_spatial,8,4,full_frame,primary_s5_h128_20k
0.2904707196289708,0.25345531926585985,20,0.2718723778000146,adaptive,lpips_alex_spatial,8,4,head_foreground,primary_s5_h128_20k
0.2893899931728603,0.2529051402574411,20,0.2708644739154499,adaptive,lpips_alex_spatial,8,4,head_supported,primary_s5_h128_20k
0.3059408142204466,0.2517067158363257,20,0.2787163507403966,adaptive,lpips_alex_spatial,8,4,head_unsupported,primary_s5_h128_20k
0.2546734489483663,0.21696887569981957,20,0.23571662841715982,adaptive,lpips_alex_spatial,8,4,oral,primary_s5_h128_20k
0.5190684101203688,0.4479518001058833,20,0.48289808852718624,adaptive,lpips_alex_spatial,8,4,torso_outside_head_roi,primary_s5_h128_20k
0.21331352927521915,0.1767773503392029,20,0.19475612045660723,adaptive,lpips_alex_spatial,8,8,background,primary_s5_h128_20k
0.21036561020384625,0.1782561406060959,20,0.19368397434876727,adaptive,lpips_alex_spatial,8,8,eyes,primary_s5_h128_20k
0.3081871902498966,0.27003038302636645,20,0.2881586042090175,adaptive,lpips_alex_spatial,8,8,flame_supported,primary_s5_h128_20k
0.45978672124897224,0.38510510368308987,20,0.4224549168203805,adaptive,lpips_alex_spatial,8,8,flame_unsupported,primary_s5_h128_20k
0.3564814276810785,0.31026595137995283,20,0.33325944859733886,adaptive,lpips_alex_spatial,8,8,foreground,primary_s5_h128_20k
0.29205536213272065,0.2530884974175717,20,0.27281898048532993,adaptive,lpips_alex_spatial,8,8,full_frame,primary_s5_h128_20k
0.2841588829094271,0.2452602550819349,20,0.26411509177314496,adaptive,lpips_alex_spatial,8,8,head_foreground,primary_s5_h128_20k
0.28300144716553044,0.24459159207509412,20,0.2631538415705219,adaptive,lpips_alex_spatial,8,8,head_supported,primary_s5_h128_20k
0.3022172497129938,0.2445987245046289,20,0.2726127123491747,adaptive,lpips_alex_spatial,8,8,head_unsupported,primary_s5_h128_20k
0.2580222340316187,0.21424316751572173,20,0.23555411220591135,adaptive,lpips_alex_spatial,8,8,oral,primary_s5_h128_20k
0.5088937152575644,0.4410372685862523,20,0.4753992809052333,adaptive,lpips_alex_spatial,8,8,torso_outside_head_roi,primary_s5_h128_20k
0.18867620746910627,0.1703444246764833,20,0.1794734548755235,hard,lpips_alex_spatial,8,1,background,primary_s5_h128_20k
0.21242799419310723,0.1846211937962795,20,0.1977955073851524,hard,lpips_alex_spatial,8,1,eyes,primary_s5_h128_20k
0.2881499312728372,0.2510958948435054,20,0.2685530610923596,hard,lpips_alex_spatial,8,1,flame_supported,primary_s5_h128_20k
0.5126457154805137,0.41983009604357985,20,0.46554686148204183,hard,lpips_alex_spatial,8,1,flame_unsupported,primary_s5_h128_20k
0.35870817941393374,0.30875433251678236,20,0.333376309832772,hard,lpips_alex_spatial,8,1,foreground,primary_s5_h128_20k
0.28372390816157517,0.24899388800709793,20,0.26604073500478426,hard,lpips_alex_spatial,8,1,full_frame,primary_s5_h128_20k
0.2643552732256716,0.22982181677962443,20,0.24638772294195563,hard,lpips_alex_spatial,8,1,head_foreground,primary_s5_h128_20k
0.2626640984132787,0.22855533163000075,20,0.2445480730697031,hard,lpips_alex_spatial,8,1,head_supported,primary_s5_h128_20k
0.2859730438921831,0.22587803356321787,20,0.25642874128947907,hard,lpips_alex_spatial,8,1,head_unsupported,primary_s5_h128_20k
0.22926921149558266,0.1976195521481724,20,0.21259838801400108,hard,lpips_alex_spatial,8,1,oral,primary_s5_h128_20k
0.5584293039428687,0.4781018386384189,20,0.5190299631646121,hard,lpips_alex_spatial,8,1,torso_outside_head_roi,primary_s5_h128_20k
0.18754321892679807,0.16896593933167875,20,0.1783422496891623,hard,lpips_alex_spatial,8,4,background,primary_s5_h128_20k
0.2090367204035675,0.18182320816811615,20,0.19461901904194778,hard,lpips_alex_spatial,8,4,eyes,primary_s5_h128_20k
0.2803951990065149,0.24284279320616,20,0.2606528183824901,hard,lpips_alex_spatial,8,4,flame_supported,primary_s5_h128_20k
0.5086155446461393,0.4174413453981299,20,0.46254740624543633,hard,lpips_alex_spatial,8,4,flame_unsupported,primary_s5_h128_20k
0.35129060759229963,0.3014211570231467,20,0.3263759760548826,hard,lpips_alex_spatial,8,4,foreground,primary_s5_h128_20k
0.2807920521785076,0.24515446392670473,20,0.2625751493883527,hard,lpips_alex_spatial,8,4,full_frame,primary_s5_h128_20k
0.2565949252060185,0.21985697293772993,20,0.23740406884495252,hard,lpips_alex_spatial,8,4,head_foreground,primary_s5_h128_20k
0.2537217479435217,0.2187776448568483,20,0.23547186556336808,hard,lpips_alex_spatial,8,4,head_supported,primary_s5_h128_20k
0.2778359952039542,0.2181230213762791,20,0.24830955593724865,hard,lpips_alex_spatial,8,4,head_unsupported,primary_s5_h128_20k
0.2216504862037452,0.1884301496246078,20,0.20372869447077863,hard,lpips_alex_spatial,8,4,oral,primary_s5_h128_20k
0.5570996278332456,0.47663824113347364,20,0.5167049684635642,hard,lpips_alex_spatial,8,4,torso_outside_head_roi,primary_s5_h128_20k
0.18461444413343242,0.16434909313179605,20,0.17400455604175305,hard,lpips_alex_spatial,8,8,background,primary_s5_h128_20k
0.2056690814817027,0.17826121396831426,20,0.19098685050261816,hard,lpips_alex_spatial,8,8,eyes,primary_s5_h128_20k
0.2765252292265299,0.2362882660781061,20,0.2555006469511799,hard,lpips_alex_spatial,8,8,flame_supported,primary_s5_h128_20k
0.5075528443516123,0.4136790569554928,20,0.46089826713561644,hard,lpips_alex_spatial,8,8,flame_unsupported,primary_s5_h128_20k
0.3491890596295954,0.2958980646931921,20,0.32310866037516545,hard,lpips_alex_spatial,8,8,foreground,primary_s5_h128_20k
0.2773166654184783,0.2398740742287853,20,0.2581392128230173,hard,lpips_alex_spatial,8,8,full_frame,primary_s5_h128_20k
0.2516756165517879,0.21300360829388318,20,0.2315310403655125,hard,lpips_alex_spatial,8,8,head_foreground,primary_s5_h128_20k
0.249054181539742,0.21193823488148902,20,0.22970950014349145,hard,lpips_alex_spatial,8,8,head_supported,primary_s5_h128_20k
0.2733225081023126,0.2114870527881944,20,0.24254018374308844,hard,lpips_alex_spatial,8,8,head_unsupported,primary_s5_h128_20k
0.22711558851481925,0.18927687572497737,20,0.20679024165145857,hard,lpips_alex_spatial,8,8,oral,primary_s5_h128_20k
0.5536415294447214,0.47231789444323957,20,0.5130408538608604,hard,lpips_alex_spatial,8,8,torso_outside_head_roi,primary_s5_h128_20k
0.22873887792970599,0.1973461684572564,20,0.21260627086772446,released,lpips_alex_spatial,8,1,background,primary_s5_h128_20k
0.2320240144345552,0.20196709865244053,20,0.21628895632881268,released,lpips_alex_spatial,8,1,eyes,primary_s5_h128_20k
0.3427094711173285,0.30675828270483946,20,0.3246234501528389,released,lpips_alex_spatial,8,1,flame_supported,primary_s5_h128_20k
0.5011182466135742,0.438023635069308,20,0.4693993012527796,released,lpips_alex_spatial,8,1,flame_unsupported,primary_s5_h128_20k
0.39089224274657786,0.3523479349413119,20,0.37181416099248404,released,lpips_alex_spatial,8,1,foreground,primary_s5_h128_20k
0.31686330486427655,0.28605934984691733,20,0.30185814445669,released,lpips_alex_spatial,8,1,full_frame,primary_s5_h128_20k
0.31806957822612114,0.28310766855419967,20,0.3001892892210626,released,lpips_alex_spatial,8,1,head_foreground,primary_s5_h128_20k
0.3159690918611689,0.28137135548455755,20,0.29892481926465125,released,lpips_alex_spatial,8,1,head_supported,primary_s5_h128_20k
0.3368961804166012,0.27913497461667197,20,0.3077383668570832,released,lpips_alex_spatial,8,1,head_unsupported,primary_s5_h128_20k
0.2735202176358165,0.23868734164056368,20,0.2558853724282376,released,lpips_alex_spatial,8,1,oral,primary_s5_h128_20k
0.5601695285488459,0.5013861030363957,20,0.5311913341197092,released,lpips_alex_spatial,8,1,torso_outside_head_roi,primary_s5_h128_20k
0.22464551133343078,0.18907733947018107,20,0.20635696171210696,released,lpips_alex_spatial,8,4,background,primary_s5_h128_20k
0.22670636187145227,0.19358210666092154,20,0.20944813656121025,released,lpips_alex_spatial,8,4,eyes,primary_s5_h128_20k
0.334875858004666,0.2935171767721776,20,0.3141358042569653,released,lpips_alex_spatial,8,4,flame_supported,primary_s5_h128_20k
0.5014679277557306,0.4235945694017679,20,0.4620129598444566,released,lpips_alex_spatial,8,4,flame_unsupported,primary_s5_h128_20k
0.3853597405346093,0.3390545120057737,20,0.3626529791512617,released,lpips_alex_spatial,8,4,foreground,primary_s5_h128_20k
0.3143238246198693,0.2750675094973286,20,0.29499880367730935,released,lpips_alex_spatial,8,4,full_frame,primary_s5_h128_20k
0.3088065525654651,0.26969439953121227,20,0.2892230433297894,released,lpips_alex_spatial,8,4,head_foreground,primary_s5_h128_20k
0.30776015306310994,0.2685956020877487,20,0.2877958931039291,released,lpips_alex_spatial,8,4,head_supported,primary_s5_h128_20k
0.3285894976917568,0.2697046733053302,20,0.2994426587130165,released,lpips_alex_spatial,8,4,head_unsupported,primary_s5_h128_20k
0.26536319261416663,0.22798065603070877,20,0.24611323463564325,released,lpips_alex_spatial,8,4,oral,primary_s5_h128_20k
0.5566543671791205,0.48362597460590506,20,0.5209419107074074,released,lpips_alex_spatial,8,4,torso_outside_head_roi,primary_s5_h128_20k
0.2165969101653782,0.18133247244885187,20,0.19846135165764361,released,lpips_alex_spatial,8,8,background,primary_s5_h128_20k
0.2186341541316559,0.1854190084147864,20,0.20169975549052116,released,lpips_alex_spatial,8,8,eyes,primary_s5_h128_20k
0.32656066775225406,0.2852551635364074,20,0.3057623418084233,released,lpips_alex_spatial,8,8,flame_supported,primary_s5_h128_20k
0.49607249476980514,0.4160993933440704,20,0.45518729978066014,released,lpips_alex_spatial,8,8,flame_unsupported,primary_s5_h128_20k
0.3786236741605859,0.3316310019477795,20,0.355241030758788,released,lpips_alex_spatial,8,8,foreground,primary_s5_h128_20k
0.3055153843986265,0.2661306770700655,20,0.28655575555124324,released,lpips_alex_spatial,8,8,full_frame,primary_s5_h128_20k
0.2990702746524156,0.25986140872046487,20,0.2793449433980003,released,lpips_alex_spatial,8,8,head_foreground,primary_s5_h128_20k
0.2980984615885658,0.25877546161928433,20,0.27805851859728664,released,lpips_alex_spatial,8,8,head_supported,primary_s5_h128_20k
0.32046600862445096,0.2604778377259251,20,0.2902674324150226,released,lpips_alex_spatial,8,8,head_unsupported,primary_s5_h128_20k
0.268416488114034,0.22549121537784403,20,0.24606008820261832,released,lpips_alex_spatial,8,8,oral,primary_s5_h128_20k
0.5494534134581385,0.47711313652982185,20,0.5140912343058,released,lpips_alex_spatial,8,8,torso_outside_head_roi,primary_s5_h128_20k
0.21197514119024202,0.18392214421797318,20,0.19776960904757257,adaptive,lpips_alex_spatial,32,1,background,primary_s5_h128_20k
0.22367080423462585,0.19041555450419453,20,0.2061349815713379,adaptive,lpips_alex_spatial,32,1,eyes,primary_s5_h128_20k
0.3461728118555855,0.30456939138831013,20,0.3244909240469548,adaptive,lpips_alex_spatial,32,1,flame_supported,primary_s5_h128_20k
0.46740143951947344,0.4022560408722433,20,0.4349233067637737,adaptive,lpips_alex_spatial,32,1,flame_unsupported,primary_s5_h128_20k
0.3834055564953386,0.34008658585840873,20,0.36125848340226674,adaptive,lpips_alex_spatial,32,1,foreground,primary_s5_h128_20k
0.3055575290941573,0.2731722665249141,20,0.2888756984111035,adaptive,lpips_alex_spatial,32,1,full_frame,primary_s5_h128_20k
0.3213603437824652,0.279436952061753,20,0.29980625562664953,adaptive,lpips_alex_spatial,32,1,head_foreground,primary_s5_h128_20k
0.321552608472607,0.27980075442340946,20,0.3000804774116151,adaptive,lpips_alex_spatial,32,1,head_supported,primary_s5_h128_20k
0.3323878490980776,0.2649761229111932,20,0.29724399296468695,adaptive,lpips_alex_spatial,32,1,head_unsupported,primary_s5_h128_20k
0.2882103941245168,0.24702351646884266,20,0.26709175838374355,adaptive,lpips_alex_spatial,32,1,oral,primary_s5_h128_20k
0.527641103490435,0.46310658209912076,20,0.49490763001603977,adaptive,lpips_alex_spatial,32,1,torso_outside_head_roi,primary_s5_h128_20k
0.20876039018838555,0.18149419076167614,20,0.19460866145736339,adaptive,lpips_alex_spatial,32,4,background,primary_s5_h128_20k
0.21932540109014378,0.1864108843481786,20,0.20221713669885485,adaptive,lpips_alex_spatial,32,4,eyes,primary_s5_h128_20k
0.33945639600768307,0.29494986847053817,20,0.31682860402185054,adaptive,lpips_alex_spatial,32,4,flame_supported,primary_s5_h128_20k
0.46332165536791564,0.39992622316840365,20,0.43071955116657995,adaptive,lpips_alex_spatial,32,4,flame_unsupported,primary_s5_h128_20k
0.3774605730024796,0.33364232976028213,20,0.3545924719813919,adaptive,lpips_alex_spatial,32,4,foreground,primary_s5_h128_20k
0.3021962686925716,0.2688224503356892,20,0.2848874995859529,adaptive,lpips_alex_spatial,32,4,full_frame,primary_s5_h128_20k
0.3147345645295527,0.27021632885624824,20,0.2918987716356341,adaptive,lpips_alex_spatial,32,4,head_foreground,primary_s5_h128_20k
0.31427229323245365,0.27024643598168346,20,0.29208734165714023,adaptive,lpips_alex_spatial,32,4,head_supported,primary_s5_h128_20k
0.32632697956407103,0.2584252028109852,20,0.2907441895958569,adaptive,lpips_alex_spatial,32,4,head_unsupported,primary_s5_h128_20k
0.2828551834562731,0.23811434705151957,20,0.2595610972645791,adaptive,lpips_alex_spatial,32,4,oral,primary_s5_h128_20k
0.5203003190015874,0.4585806116314622,20,0.4890336890877961,adaptive,lpips_alex_spatial,32,4,torso_outside_head_roi,primary_s5_h128_20k
0.20396824842404407,0.17417898570500728,20,0.1880301039613227,adaptive,lpips_alex_spatial,32,8,background,primary_s5_h128_20k
0.2137011674223311,0.18054692511232442,20,0.19658551324285126,adaptive,lpips_alex_spatial,32,8,eyes,primary_s5_h128_20k
0.33344579220575427,0.28686058560001276,20,0.3094130001625954,adaptive,lpips_alex_spatial,32,8,flame_supported,primary_s5_h128_20k
0.45738096294581065,0.39530250732797156,20,0.42519634897546393,adaptive,lpips_alex_spatial,32,8,flame_unsupported,primary_s5_h128_20k
0.3708125987338042,0.32608937188864845,20,0.34781276087640467,adaptive,lpips_alex_spatial,32,8,foreground,primary_s5_h128_20k
0.29558990290025616,0.26095315042770273,20,0.2774052112133472,adaptive,lpips_alex_spatial,32,8,full_frame,primary_s5_h128_20k
0.3071820605742644,0.26015183897585215,20,0.2833553774893531,adaptive,lpips_alex_spatial,32,8,head_foreground,primary_s5_h128_20k
0.3078485524204856,0.260853636440567,20,0.28366002410788843,adaptive,lpips_alex_spatial,32,8,head_supported,primary_s5_h128_20k
0.3170219947302194,0.24944460915075306,20,0.28151815416340115,adaptive,lpips_alex_spatial,32,8,head_unsupported,primary_s5_h128_20k
0.2849171933423083,0.23663933554880384,20,0.2607080310511718,adaptive,lpips_alex_spatial,32,8,oral,primary_s5_h128_20k
0.5115649908842339,0.45442370464698023,20,0.48254854877680675,adaptive,lpips_alex_spatial,32,8,torso_outside_head_roi,primary_s5_h128_20k
0.18723361283487946,0.1684482682168134,20,0.17766487688659666,hard,lpips_alex_spatial,32,1,background,primary_s5_h128_20k
0.20801448293227956,0.181739012960603,20,0.1944875291534612,hard,lpips_alex_spatial,32,1,eyes,primary_s5_h128_20k
0.28167665548800846,0.24480184067032623,20,0.26246367389676317,hard,lpips_alex_spatial,32,1,flame_supported,primary_s5_h128_20k
0.50854083591216,0.4157691421349254,20,0.46121634946857093,hard,lpips_alex_spatial,32,1,flame_unsupported,primary_s5_h128_20k
0.35373832392484617,0.30257285765567016,20,0.3278246225502279,hard,lpips_alex_spatial,32,1,foreground,primary_s5_h128_20k
0.2804008547584344,0.24448299617542849,20,0.26215277859916936,hard,lpips_alex_spatial,32,1,full_frame,primary_s5_h128_20k
0.25772583792293446,0.22305638820251653,20,0.24001903850555467,hard,lpips_alex_spatial,32,1,head_foreground,primary_s5_h128_20k
0.25601451132359393,0.22201092103800096,20,0.23821402851725115,hard,lpips_alex_spatial,32,1,head_supported,primary_s5_h128_20k
0.2782359956003793,0.21930801581396006,20,0.24888653891150328,hard,lpips_alex_spatial,32,1,head_unsupported,primary_s5_h128_20k
0.2283183488433506,0.19750092283122014,20,0.21241659336641602,hard,lpips_alex_spatial,32,1,oral,primary_s5_h128_20k
0.5568022069876626,0.47296404817491156,20,0.5157611848515502,hard,lpips_alex_spatial,32,1,torso_outside_head_roi,primary_s5_h128_20k
0.18601718491255384,0.16698631661785485,20,0.1764897824542607,hard,lpips_alex_spatial,32,4,background,primary_s5_h128_20k
0.20361135571022593,0.17874702164427186,20,0.19052865068227243,hard,lpips_alex_spatial,32,4,eyes,primary_s5_h128_20k
0.274828922191228,0.2369521036263197,20,0.25503128620086263,hard,lpips_alex_spatial,32,4,flame_supported,primary_s5_h128_20k
0.5048806797445963,0.41104658141879347,20,0.4577397627477257,hard,lpips_alex_spatial,32,4,flame_unsupported,primary_s5_h128_20k
0.3461619268928474,0.29582795096178327,20,0.3210105781801456,hard,lpips_alex_spatial,32,4,foreground,primary_s5_h128_20k
0.2765849805842911,0.24210205219706557,20,0.2587924664506571,hard,lpips_alex_spatial,32,4,full_frame,primary_s5_h128_20k
0.250778516067772,0.21410641666681376,20,0.2317402574332629,hard,lpips_alex_spatial,32,4,head_foreground,primary_s5_h128_20k
0.24832011407922677,0.21361123326036954,20,0.22982561458040113,hard,lpips_alex_spatial,32,4,head_supported,primary_s5_h128_20k
0.2716150167477092,0.2120057706365135,20,0.24199685012566224,hard,lpips_alex_spatial,32,4,head_unsupported,primary_s5_h128_20k
0.22180242596839125,0.1896249698709355,20,0.20475352492050097,hard,lpips_alex_spatial,32,4,oral,primary_s5_h128_20k
0.5531871420231945,0.4724599996466272,20,0.5123217176607868,hard,lpips_alex_spatial,32,4,torso_outside_head_roi,primary_s5_h128_20k
0.18434525171963587,0.16360280289398452,20,0.17343449500311736,hard,lpips_alex_spatial,32,8,background,primary_s5_h128_20k
0.19965487253849087,0.1749961504069765,20,0.18671431443558978,hard,lpips_alex_spatial,32,8,eyes,primary_s5_h128_20k
0.27077760223232994,0.2322034587357025,20,0.2509181747722997,hard,lpips_alex_spatial,32,8,flame_supported,primary_s5_h128_20k
0.5051671141787824,0.4102927812371552,20,0.45688570229755054,hard,lpips_alex_spatial,32,8,flame_unsupported,primary_s5_h128_20k
0.3452116844679769,0.2921445432055106,20,0.3187104910798286,hard,lpips_alex_spatial,32,8,foreground,primary_s5_h128_20k
0.27455638503357443,0.2366654935988771,20,0.2554876922270953,hard,lpips_alex_spatial,32,8,full_frame,primary_s5_h128_20k
0.24620088063481776,0.20858278743063594,20,0.22702132572526806,hard,lpips_alex_spatial,32,8,head_foreground,primary_s5_h128_20k
0.24433828415544204,0.2073994564971766,20,0.22518457556289256,hard,lpips_alex_spatial,32,8,head_supported,primary_s5_h128_20k
0.2680812215224853,0.20750563449035875,20,0.2377485673382221,hard,lpips_alex_spatial,32,8,head_unsupported,primary_s5_h128_20k
0.2281955167396716,0.19090550847605067,20,0.20824720053258025,hard,lpips_alex_spatial,32,8,oral,primary_s5_h128_20k
0.549836749932537,0.4682166653948954,20,0.5089619949338107,hard,lpips_alex_spatial,32,8,torso_outside_head_roi,primary_s5_h128_20k
0.21929871783106297,0.1908085490702217,20,0.20498605282129811,released,lpips_alex_spatial,32,1,background,primary_s5_h128_20k
0.23468142843911802,0.19840413854400876,20,0.21590372492254475,released,lpips_alex_spatial,32,1,eyes,primary_s5_h128_20k
0.34976308578422793,0.30734862243253264,20,0.32765114787354643,released,lpips_alex_spatial,32,1,flame_supported,primary_s5_h128_20k
0.4619290451728645,0.40163045859110424,20,0.431382774619353,released,lpips_alex_spatial,32,1,flame_unsupported,primary_s5_h128_20k
0.3836249053329134,0.34197961940726224,20,0.362282133571403,released,lpips_alex_spatial,32,1,foreground,primary_s5_h128_20k
0.30987264593055236,0.2760706019340268,20,0.29270418082480826,released,lpips_alex_spatial,32,1,full_frame,primary_s5_h128_20k
0.3243345525070526,0.2813439176938465,20,0.3026240628372109,released,lpips_alex_spatial,32,1,head_foreground,primary_s5_h128_20k
0.32588619599781743,0.2825402090024722,20,0.30342694788081037,released,lpips_alex_spatial,32,1,head_supported,primary_s5_h128_20k
0.3251020026880238,0.26380796544440527,20,0.2940448146381719,released,lpips_alex_spatial,32,1,head_unsupported,primary_s5_h128_20k
0.2873665087123991,0.24400982718390574,20,0.2650767948060197,released,lpips_alex_spatial,32,1,oral,primary_s5_h128_20k
0.5206248284170765,0.46471236440290903,20,0.49154389347979094,released,lpips_alex_spatial,32,1,torso_outside_head_roi,primary_s5_h128_20k
0.21774642450939688,0.18917812460966846,20,0.20365253945795536,released,lpips_alex_spatial,32,4,background,primary_s5_h128_20k
0.2299073247158616,0.19505823514008927,20,0.21193152484584302,released,lpips_alex_spatial,32,4,eyes,primary_s5_h128_20k
0.3458011852490129,0.30390851848567835,20,0.3241436962108187,released,lpips_alex_spatial,32,4,flame_supported,primary_s5_h128_20k
0.46556162700908965,0.40263047493405296,20,0.4336055487123035,released,lpips_alex_spatial,32,4,flame_unsupported,primary_s5_h128_20k
0.3810517283092475,0.3405372465168104,20,0.3606535145303874,released,lpips_alex_spatial,32,4,foreground,primary_s5_h128_20k
0.30826316610348115,0.27593528643496773,20,0.29216646424009785,released,lpips_alex_spatial,32,4,full_frame,primary_s5_h128_20k
0.31945889659618437,0.27706541586527633,20,0.29778370559447354,released,lpips_alex_spatial,32,4,head_foreground,primary_s5_h128_20k
0.3206543656599599,0.27779632431439444,20,0.2987537039160578,released,lpips_alex_spatial,32,4,head_supported,primary_s5_h128_20k
0.3160070497670698,0.2599959646612192,20,0.28803119758496354,released,lpips_alex_spatial,32,4,head_unsupported,primary_s5_h128_20k
0.28509816376680974,0.24240813439670666,20,0.2632898822173305,released,lpips_alex_spatial,32,4,oral,primary_s5_h128_20k
0.5239578378110126,0.4663258369326334,20,0.4952789160437554,released,lpips_alex_spatial,32,4,torso_outside_head_roi,primary_s5_h128_20k
0.21105750085039143,0.18249057622271636,20,0.1961996635031367,released,lpips_alex_spatial,32,8,background,primary_s5_h128_20k
0.22563567640021323,0.1919099646625533,20,0.20811291489238254,released,lpips_alex_spatial,32,8,eyes,primary_s5_h128_20k
0.3388021578472797,0.2970706549560459,20,0.31745715712657163,released,lpips_alex_spatial,32,8,flame_supported,primary_s5_h128_20k
0.459491576037769,0.39826218677874137,20,0.4281168902583106,released,lpips_alex_spatial,32,8,flame_unsupported,primary_s5_h128_20k
0.3751893911561549,0.334260647586163,20,0.354386633815526,released,lpips_alex_spatial,32,8,foreground,primary_s5_h128_20k
0.3010223232087119,0.26838303538627956,20,0.2846199194074194,released,lpips_alex_spatial,32,8,full_frame,primary_s5_h128_20k
0.3115866225258126,0.2686761514538114,20,0.28985864862231836,released,lpips_alex_spatial,32,8,head_foreground,primary_s5_h128_20k
0.3137607592232158,0.2704564354950625,20,0.29107327271917555,released,lpips_alex_spatial,32,8,head_supported,primary_s5_h128_20k
0.30695604814016814,0.25205051254603184,20,0.27881118401182164,released,lpips_alex_spatial,32,8,head_unsupported,primary_s5_h128_20k
0.2881554315405663,0.24258645453503927,20,0.2647607819543863,released,lpips_alex_spatial,32,8,oral,primary_s5_h128_20k
0.5172993795343972,0.4619156552858913,20,0.48934549926253307,released,lpips_alex_spatial,32,8,torso_outside_head_roi,primary_s5_h128_20k
0.19925820262399205,0.17202973457916265,20,0.18591588391113517,adaptive,lpips_alex_spatial,128,1,background,primary_s5_h128_20k
0.2228331123024959,0.1865891118177227,20,0.20385326439589177,adaptive,lpips_alex_spatial,128,1,eyes,primary_s5_h128_20k
0.3363652683011699,0.2841509530446324,20,0.3095729605436048,adaptive,lpips_alex_spatial,128,1,flame_supported,primary_s5_h128_20k
0.44989872919260365,0.3817743337652407,20,0.41554433140736063,adaptive,lpips_alex_spatial,128,1,flame_unsupported,primary_s5_h128_20k
0.37159943907895876,0.31846446428934616,20,0.345251645697655,adaptive,lpips_alex_spatial,128,1,foreground,primary_s5_h128_20k
0.29480390920944793,0.2559957024129309,20,0.2750178209888987,adaptive,lpips_alex_spatial,128,1,full_frame,primary_s5_h128_20k
0.3134529650345948,0.26171976052374674,20,0.2868945875745809,adaptive,lpips_alex_spatial,128,1,head_foreground,primary_s5_h128_20k
0.31316341297552025,0.2617298999429761,20,0.2870389495879761,adaptive,lpips_alex_spatial,128,1,head_supported,primary_s5_h128_20k
0.32484256278713797,0.2517435953955058,20,0.2866098337332896,adaptive,lpips_alex_spatial,128,1,head_unsupported,primary_s5_h128_20k
0.27967606772846426,0.22851627238601993,20,0.25360384297279304,adaptive,lpips_alex_spatial,128,1,oral,primary_s5_h128_20k
0.500269350579672,0.43501404977380786,20,0.46787073594400697,adaptive,lpips_alex_spatial,128,1,torso_outside_head_roi,primary_s5_h128_20k
0.19930627719931987,0.17419974231951713,20,0.18628098297502843,adaptive,lpips_alex_spatial,128,4,background,primary_s5_h128_20k
0.22230531724545197,0.184506118763949,20,0.20220181952064267,adaptive,lpips_alex_spatial,128,4,eyes,primary_s5_h128_20k
0.3347700642345792,0.27763910671161857,20,0.30521185594611056,adaptive,lpips_alex_spatial,128,4,flame_supported,primary_s5_h128_20k
0.4468810481049336,0.37963548387283685,20,0.41286065523476045,adaptive,lpips_alex_spatial,128,4,flame_unsupported,primary_s5_h128_20k
0.36913758292869453,0.3132329549223708,20,0.3411952726085212,adaptive,lpips_alex_spatial,128,4,foreground,primary_s5_h128_20k
0.2943053928813987,0.2540101601651385,20,0.27393321747950616,adaptive,lpips_alex_spatial,128,4,full_frame,primary_s5_h128_20k
0.30958875906023076,0.25629149699695986,20,0.2821443023492028,adaptive,lpips_alex_spatial,128,4,head_foreground,primary_s5_h128_20k
0.3100185114926617,0.2567808680355713,20,0.28239500129196415,adaptive,lpips_alex_spatial,128,4,head_supported,primary_s5_h128_20k
0.31754439514192395,0.246409427189085,20,0.28096404313779155,adaptive,lpips_alex_spatial,128,4,head_unsupported,primary_s5_h128_20k
0.27664738569075137,0.22272747631553771,20,0.2488379963099435,adaptive,lpips_alex_spatial,128,4,oral,primary_s5_h128_20k
0.4988821595177682,0.431507909141693,20,0.4651083053101326,adaptive,lpips_alex_spatial,128,4,torso_outside_head_roi,primary_s5_h128_20k
0.19380956281988465,0.1660999669584716,20,0.17907715710774608,adaptive,lpips_alex_spatial,128,8,background,primary_s5_h128_20k
0.21628878488188033,0.1788342321428786,20,0.19651119895111202,adaptive,lpips_alex_spatial,128,8,eyes,primary_s5_h128_20k
0.32739906810258207,0.2693642038014505,20,0.2978257589326738,adaptive,lpips_alex_spatial,128,8,flame_supported,primary_s5_h128_20k
0.4419418896428228,0.3724588298849372,20,0.40658867890316347,adaptive,lpips_alex_spatial,128,8,flame_unsupported,primary_s5_h128_20k
0.36262579592229693,0.305279133822625,20,0.33427221934713114,adaptive,lpips_alex_spatial,128,8,foreground,primary_s5_h128_20k
0.2876725177086277,0.24545049950932013,20,0.2661562128242476,adaptive,lpips_alex_spatial,128,8,full_frame,primary_s5_h128_20k
0.3020956735586544,0.24581550460498375,20,0.27354589312861377,adaptive,lpips_alex_spatial,128,8,head_foreground,primary_s5_h128_20k
0.301988131480624,0.24703164238367628,20,0.274071059160771,adaptive,lpips_alex_spatial,128,8,head_supported,primary_s5_h128_20k
0.3079453050236235,0.2367324050993002,20,0.2710614513250139,adaptive,lpips_alex_spatial,128,8,head_unsupported,primary_s5_h128_20k
0.2804012274553114,0.22261934133251574,20,0.25113334233402707,adaptive,lpips_alex_spatial,128,8,oral,primary_s5_h128_20k
0.4914724468417685,0.42492091319068503,20,0.4579661724639763,adaptive,lpips_alex_spatial,128,8,torso_outside_head_roi,primary_s5_h128_20k
0.18819181893206233,0.1695839758401899,20,0.17900106626432094,hard,lpips_alex_spatial,128,1,background,primary_s5_h128_20k
0.21584303140127667,0.18865925429678465,20,0.20178846204487236,hard,lpips_alex_spatial,128,1,eyes,primary_s5_h128_20k
0.2859939758557369,0.24791701058921733,20,0.2661449057034418,hard,lpips_alex_spatial,128,1,flame_supported,primary_s5_h128_20k
0.5092298235681705,0.4153074355351616,20,0.46122670909352054,hard,lpips_alex_spatial,128,1,flame_unsupported,primary_s5_h128_20k
0.3563890197564733,0.30454271950906636,20,0.3304922579398041,hard,lpips_alex_spatial,128,1,foreground,primary_s5_h128_20k
0.28217813622222565,0.24624808553880426,20,0.26416167050471034,hard,lpips_alex_spatial,128,1,full_frame,primary_s5_h128_20k
0.26323626446644377,0.2267780049673225,20,0.24449982954491664,hard,lpips_alex_spatial,128,1,head_foreground,primary_s5_h128_20k
0.26157999382148317,0.2257231689960419,20,0.2427780402221562,hard,lpips_alex_spatial,128,1,head_supported,primary_s5_h128_20k
0.2823738117088372,0.22322733673266074,20,0.2529339767657207,hard,lpips_alex_spatial,128,1,head_unsupported,primary_s5_h128_20k
0.23493564076006224,0.2039601871137004,20,0.21879827419189954,hard,lpips_alex_spatial,128,1,oral,primary_s5_h128_20k
0.5548209976393628,0.4713334734541776,20,0.513232408121913,hard,lpips_alex_spatial,128,1,torso_outside_head_roi,primary_s5_h128_20k
0.18575557031503603,0.16618397307699243,20,0.1759433339241265,hard,lpips_alex_spatial,128,4,background,primary_s5_h128_20k
0.20805610077470807,0.18283743785023893,20,0.19488105775928735,hard,lpips_alex_spatial,128,4,eyes,primary_s5_h128_20k
0.2750355638971888,0.23589888218276125,20,0.2545690183304133,hard,lpips_alex_spatial,128,4,flame_supported,primary_s5_h128_20k
0.5032759513123175,0.41141480454631857,20,0.456443522492307,hard,lpips_alex_spatial,128,4,flame_unsupported,primary_s5_h128_20k
0.34574223040825147,0.29474295072540013,20,0.3203341583290722,hard,lpips_alex_spatial,128,4,foreground,primary_s5_h128_20k
0.276346414157346,0.2401588599236051,20,0.258174071742155,hard,lpips_alex_spatial,128,4,full_frame,primary_s5_h128_20k
0.2511088284960403,0.21333926881888948,20,0.23166111656864694,hard,lpips_alex_spatial,128,4,head_foreground,primary_s5_h128_20k
0.24853868513094016,0.21224066537851025,20,0.2297635808381644,hard,lpips_alex_spatial,128,4,head_supported,primary_s5_h128_20k
0.2714117787571878,0.21139164310190997,20,0.24187727838266007,hard,lpips_alex_spatial,128,4,head_unsupported,primary_s5_h128_20k
0.22161358412100704,0.18897439411767253,20,0.20454218393389487,hard,lpips_alex_spatial,128,4,oral,primary_s5_h128_20k
0.5507104532861165,0.4689429195940077,20,0.5096493570435159,hard,lpips_alex_spatial,128,4,torso_outside_head_roi,primary_s5_h128_20k
0.18352170789437758,0.162974943558881,20,0.17289417286842085,hard,lpips_alex_spatial,128,8,background,primary_s5_h128_20k
0.2046250693022693,0.17836389555031695,20,0.1909092002819425,hard,lpips_alex_spatial,128,8,eyes,primary_s5_h128_20k
0.2719646604731308,0.22998758215503348,20,0.2502208781454296,hard,lpips_alex_spatial,128,8,flame_supported,primary_s5_h128_20k
0.5022330445911651,0.40918632386047576,20,0.4555926678950746,hard,lpips_alex_spatial,128,8,flame_unsupported,primary_s5_h128_20k
0.34568111264262325,0.2906920457582505,20,0.31788542321812135,hard,lpips_alex_spatial,128,8,foreground,primary_s5_h128_20k
0.2744671922651204,0.23532084423806768,20,0.25481396320062283,hard,lpips_alex_spatial,128,8,full_frame,primary_s5_h128_20k
0.24695354313096035,0.20705259131623358,20,0.22665148392750742,hard,lpips_alex_spatial,128,8,head_foreground,primary_s5_h128_20k
0.2447043889141334,0.20637601812905054,20,0.22481843447959693,hard,lpips_alex_spatial,128,8,head_supported,primary_s5_h128_20k
0.26886419563447395,0.20583525616245388,20,0.23747599661737223,hard,lpips_alex_spatial,128,8,head_unsupported,primary_s5_h128_20k
0.22662800264599095,0.18893000171659596,20,0.20686068206501215,hard,lpips_alex_spatial,128,8,oral,primary_s5_h128_20k
0.5472776284707167,0.4641850260290624,20,0.506534405868023,hard,lpips_alex_spatial,128,8,torso_outside_head_roi,primary_s5_h128_20k
0.21325039746434252,0.18463398385775523,20,0.19843902625581722,released,lpips_alex_spatial,128,1,background,primary_s5_h128_20k
0.23420675435492827,0.20027437969171435,20,0.2161286478905058,released,lpips_alex_spatial,128,1,eyes,primary_s5_h128_20k
0.342163391080365,0.29676042819060816,20,0.3188259972540699,released,lpips_alex_spatial,128,1,flame_supported,primary_s5_h128_20k
0.44893717921033305,0.38576266024388445,20,0.4170621482036789,released,lpips_alex_spatial,128,1,flame_unsupported,primary_s5_h128_20k
0.37639687186584825,0.32808646376281486,20,0.3520717635700541,released,lpips_alex_spatial,128,1,foreground,primary_s5_h128_20k
0.30272209593421456,0.2651260098340836,20,0.2844308083578621,released,lpips_alex_spatial,128,1,full_frame,primary_s5_h128_20k
0.31847186811901307,0.27403522394168034,20,0.2961119716931748,released,lpips_alex_spatial,128,1,head_foreground,primary_s5_h128_20k
0.3199859919231448,0.2750847487440268,20,0.29658255219772783,released,lpips_alex_spatial,128,1,head_supported,primary_s5_h128_20k
0.32625421297681323,0.25922082874540003,20,0.291332594654365,released,lpips_alex_spatial,128,1,head_unsupported,primary_s5_h128_20k
0.2793141309074457,0.23432901163474448,20,0.25602523973589847,released,lpips_alex_spatial,128,1,oral,primary_s5_h128_20k
0.49801063371882004,0.4376632176479998,20,0.4684056189434835,released,lpips_alex_spatial,128,1,torso_outside_head_roi,primary_s5_h128_20k
0.21135746286371546,0.18183818468263618,20,0.19570009033346863,released,lpips_alex_spatial,128,4,background,primary_s5_h128_20k
0.22836319138779174,0.19219282472387242,20,0.20867136139778558,released,lpips_alex_spatial,128,4,eyes,primary_s5_h128_20k
0.33680396765859366,0.28696782271389837,20,0.31139868815711125,released,lpips_alex_spatial,128,4,flame_supported,primary_s5_h128_20k
0.442590785386816,0.3797089969707713,20,0.4109312716121649,released,lpips_alex_spatial,128,4,flame_unsupported,primary_s5_h128_20k
0.37016476542542137,0.3204262882046107,20,0.3450669538047312,released,lpips_alex_spatial,128,4,foreground,primary_s5_h128_20k
0.3004799284504793,0.2615067038683031,20,0.28031160521113185,released,lpips_alex_spatial,128,4,full_frame,primary_s5_h128_20k
0.3127767938347556,0.26431468028177146,20,0.2879370109525875,released,lpips_alex_spatial,128,4,head_foreground,primary_s5_h128_20k
0.3131772631503656,0.26497447743935004,20,0.28856797907392634,released,lpips_alex_spatial,128,4,head_supported,primary_s5_h128_20k
0.3160860745417816,0.24941243816816386,20,0.2814466426101494,released,lpips_alex_spatial,128,4,head_unsupported,primary_s5_h128_20k
0.2767657421083251,0.22932703016612302,20,0.2521148062624244,released,lpips_alex_spatial,128,4,oral,primary_s5_h128_20k
0.4935495614089659,0.43202127345187796,20,0.46300035783072613,released,lpips_alex_spatial,128,4,torso_outside_head_roi,primary_s5_h128_20k
0.2034663811308571,0.17282095145037862,20,0.18719368590267574,released,lpips_alex_spatial,128,8,background,primary_s5_h128_20k
0.22063628054205875,0.1852787351712099,20,0.20121225683146834,released,lpips_alex_spatial,128,8,eyes,primary_s5_h128_20k
0.3289804083751521,0.27761869352532165,20,0.30247898552146857,released,lpips_alex_spatial,128,8,flame_supported,primary_s5_h128_20k
0.4375954702626502,0.37488775688059384,20,0.4057345047976645,released,lpips_alex_spatial,128,8,flame_unsupported,primary_s5_h128_20k
0.36292057320709525,0.31176566707472747,20,0.33727282095952377,released,lpips_alex_spatial,128,8,foreground,primary_s5_h128_20k
0.29194850004016065,0.25118171411159235,20,0.2714187384683849,released,lpips_alex_spatial,128,8,full_frame,primary_s5_h128_20k
0.30331647234329573,0.2532816966259314,20,0.27753284517521465,released,lpips_alex_spatial,128,8,head_foreground,primary_s5_h128_20k
0.30368992613588164,0.25417575855270025,20,0.2784266618386728,released,lpips_alex_spatial,128,8,head_supported,primary_s5_h128_20k
0.3056955498095145,0.2382283102080315,20,0.2703631427825684,released,lpips_alex_spatial,128,8,head_unsupported,primary_s5_h128_20k
0.27568518386713403,0.22392118450866208,20,0.24946661847515905,released,lpips_alex_spatial,128,8,oral,primary_s5_h128_20k
0.48739204989239454,0.42854302758035334,20,0.45814307863712617,released,lpips_alex_spatial,128,8,torso_outside_head_roi,primary_s5_h128_20k
0.19969843859028796,0.1715582999678049,20,0.18572168307595344,adaptive,lpips_alex_spatial,384,1,background,primary_s5_h128_20k
0.21986519887151634,0.18633671206069613,20,0.20234580347084014,adaptive,lpips_alex_spatial,384,1,eyes,primary_s5_h128_20k
0.33651585965456854,0.2872248360697348,20,0.3112630423926174,adaptive,lpips_alex_spatial,384,1,flame_supported,primary_s5_h128_20k
0.45009204430250105,0.3865614698155345,20,0.41716126189355196,adaptive,lpips_alex_spatial,384,1,flame_unsupported,primary_s5_h128_20k
0.37136940917333333,0.32279116792500945,20,0.3468547664977883,adaptive,lpips_alex_spatial,384,1,foreground,primary_s5_h128_20k
0.2944731994160326,0.25702609055453823,20,0.27558602490724426,adaptive,lpips_alex_spatial,384,1,full_frame,primary_s5_h128_20k
0.31246564462234977,0.26458227620768493,20,0.288227224364586,adaptive,lpips_alex_spatial,384,1,head_foreground,primary_s5_h128_20k
0.31340346286632664,0.26486460563041836,20,0.28818885471105016,adaptive,lpips_alex_spatial,384,1,head_supported,primary_s5_h128_20k
0.32429170246977135,0.2546106616745808,20,0.2894149650414386,adaptive,lpips_alex_spatial,384,1,head_unsupported,primary_s5_h128_20k
0.2827071406163682,0.2344640947793506,20,0.25813911968583914,adaptive,lpips_alex_spatial,384,1,oral,primary_s5_h128_20k
0.5032575884948249,0.44039005994330255,20,0.47097236110553914,adaptive,lpips_alex_spatial,384,1,torso_outside_head_roi,primary_s5_h128_20k
0.1986745075117385,0.17135303006187463,20,0.18481068980996743,adaptive,lpips_alex_spatial,384,4,background,primary_s5_h128_20k
0.22062602772016113,0.18417252135717876,20,0.2019131376857803,adaptive,lpips_alex_spatial,384,4,eyes,primary_s5_h128_20k
0.3366621735211528,0.28232412210504626,20,0.30837605289498315,adaptive,lpips_alex_spatial,384,4,flame_supported,primary_s5_h128_20k
0.4468736403772047,0.3820102495139381,20,0.41403472015760023,adaptive,lpips_alex_spatial,384,4,flame_unsupported,primary_s5_h128_20k
0.3701740786735357,0.3185381634373908,20,0.3438339434332699,adaptive,lpips_alex_spatial,384,4,foreground,primary_s5_h128_20k
0.29446336751018665,0.25543807413336655,20,0.27452241540283534,adaptive,lpips_alex_spatial,384,4,full_frame,primary_s5_h128_20k
0.31157453979576055,0.25936417001393325,20,0.2851607005517682,adaptive,lpips_alex_spatial,384,4,head_foreground,primary_s5_h128_20k
0.3120198239325384,0.2594751500208254,20,0.2852496896947662,adaptive,lpips_alex_spatial,384,4,head_supported,primary_s5_h128_20k
0.3201226829555086,0.2509586402656383,20,0.2855148082567437,adaptive,lpips_alex_spatial,384,4,head_unsupported,primary_s5_h128_20k
0.2825740938942008,0.2304719328917054,20,0.2559321160495507,adaptive,lpips_alex_spatial,384,4,oral,primary_s5_h128_20k
0.498412087726019,0.43461731990385716,20,0.4663868211648737,adaptive,lpips_alex_spatial,384,4,torso_outside_head_roi,primary_s5_h128_20k
0.193065756420529,0.16465293700308262,20,0.1782504351958317,adaptive,lpips_alex_spatial,384,8,background,primary_s5_h128_20k
0.215040308784245,0.178959068299219,20,0.19647618174530238,adaptive,lpips_alex_spatial,384,8,eyes,primary_s5_h128_20k
0.3287747734163824,0.2737402279468845,20,0.3007061754947551,adaptive,lpips_alex_spatial,384,8,flame_supported,primary_s5_h128_20k
0.4421112995826173,0.3793001343846696,20,0.4098984181100976,adaptive,lpips_alex_spatial,384,8,flame_unsupported,primary_s5_h128_20k
0.36314709341910484,0.31157618992811276,20,0.3372958591251215,adaptive,lpips_alex_spatial,384,8,foreground,primary_s5_h128_20k
0.2875789187667948,0.24791443205111988,20,0.26714319834461464,adaptive,lpips_alex_spatial,384,8,full_frame,primary_s5_h128_20k
0.30344536801903327,0.2501268917427151,20,0.276011780660344,adaptive,lpips_alex_spatial,384,8,head_foreground,primary_s5_h128_20k
0.3032733618452923,0.2501633570599076,20,0.2763947642432768,adaptive,lpips_alex_spatial,384,8,head_supported,primary_s5_h128_20k
0.3099311405756496,0.23972951391987476,20,0.2745977093943626,adaptive,lpips_alex_spatial,384,8,head_unsupported,primary_s5_h128_20k
0.28576757473021336,0.2284681127073258,20,0.2571886438275116,adaptive,lpips_alex_spatial,384,8,oral,primary_s5_h128_20k
0.49295060922784806,0.43280652663745994,20,0.46247640625074204,adaptive,lpips_alex_spatial,384,8,torso_outside_head_roi,primary_s5_h128_20k
0.18784671873533243,0.16888473937603352,20,0.17828936059660036,hard,lpips_alex_spatial,384,1,background,primary_s5_h128_20k
0.21322174388594073,0.1848026914715126,20,0.1983623486305012,hard,lpips_alex_spatial,384,1,eyes,primary_s5_h128_20k
0.284827477696995,0.24431371386221348,20,0.2635247686025194,hard,lpips_alex_spatial,384,1,flame_supported,primary_s5_h128_20k
0.5083542205918827,0.4136408529377684,20,0.45996666944195636,hard,lpips_alex_spatial,384,1,flame_unsupported,primary_s5_h128_20k
0.3544012662660896,0.30167178298541225,20,0.32828256300301234,hard,lpips_alex_spatial,384,1,foreground,primary_s5_h128_20k
0.2817486531164869,0.24445154865324753,20,0.26269787290653623,hard,lpips_alex_spatial,384,1,full_frame,primary_s5_h128_20k
0.26196551703137466,0.22363504227774872,20,0.24191398091458444,hard,lpips_alex_spatial,384,1,head_foreground,primary_s5_h128_20k
0.2592825044291889,0.2225581892029648,20,0.24007176141989,hard,lpips_alex_spatial,384,1,head_supported,primary_s5_h128_20k
0.2808647101995783,0.22076847985379436,20,0.25131720861557677,hard,lpips_alex_spatial,384,1,head_unsupported,primary_s5_h128_20k
0.23173927397702931,0.1992780699978357,20,0.21468946295563857,hard,lpips_alex_spatial,384,1,oral,primary_s5_h128_20k
0.5537599777817664,0.4706529517555567,20,0.5122618003315358,hard,lpips_alex_spatial,384,1,torso_outside_head_roi,primary_s5_h128_20k
0.18540864086697212,0.16608467525948742,20,0.17568270518289558,hard,lpips_alex_spatial,384,4,background,primary_s5_h128_20k
0.20760492680738252,0.18070857065266807,20,0.19345159716336172,hard,lpips_alex_spatial,384,4,eyes,primary_s5_h128_20k
0.2747045105005283,0.23453693137368226,20,0.2538192549833541,hard,lpips_alex_spatial,384,4,flame_supported,primary_s5_h128_20k
0.5027595030672004,0.4116008337667225,20,0.456271457275441,hard,lpips_alex_spatial,384,4,flame_unsupported,primary_s5_h128_20k
0.34539772732418283,0.2938281890924693,20,0.3197861722236822,hard,lpips_alex_spatial,384,4,foreground,primary_s5_h128_20k
0.27606627973643216,0.23964331641957454,20,0.2577915594104893,hard,lpips_alex_spatial,384,4,full_frame,primary_s5_h128_20k
0.2510052722136991,0.211963698478708,20,0.23093282812051114,hard,lpips_alex_spatial,384,4,head_foreground,primary_s5_h128_20k
0.2485274175338637,0.2112994840125709,20,0.2289934217881659,hard,lpips_alex_spatial,384,4,head_supported,primary_s5_h128_20k
0.2723672235725268,0.2109237556693923,20,0.24166581857897276,hard,lpips_alex_spatial,384,4,head_unsupported,primary_s5_h128_20k
0.22168847303599964,0.1870673712661558,20,0.20362335104845788,hard,lpips_alex_spatial,384,4,oral,primary_s5_h128_20k
0.5507322668475881,0.4680962731841319,20,0.5095020320469177,hard,lpips_alex_spatial,384,4,torso_outside_head_roi,primary_s5_h128_20k
0.18320492765394675,0.16244363174032067,20,0.1725813188615449,hard,lpips_alex_spatial,384,8,background,primary_s5_h128_20k
0.2033880876781941,0.17528093288504695,20,0.18886542416071955,hard,lpips_alex_spatial,384,8,eyes,primary_s5_h128_20k
0.2719719989814242,0.2288323060153296,20,0.24968396815792807,hard,lpips_alex_spatial,384,8,flame_supported,primary_s5_h128_20k
0.5033739783276093,0.40864390531634626,20,0.4556843137731107,hard,lpips_alex_spatial,384,8,flame_unsupported,primary_s5_h128_20k
0.3454756491203598,0.29030728179569765,20,0.31758654751992904,hard,lpips_alex_spatial,384,8,foreground,primary_s5_h128_20k
0.2744714961462207,0.2352188529254812,20,0.25455253733184946,hard,lpips_alex_spatial,384,8,full_frame,primary_s5_h128_20k
0.24697062094828365,0.20595240659363126,20,0.22606576566897774,hard,lpips_alex_spatial,384,8,head_foreground,primary_s5_h128_20k
0.2445139395452497,0.20449188735446674,20,0.22420681732444986,hard,lpips_alex_spatial,384,8,head_supported,primary_s5_h128_20k
0.26906996276415185,0.20632593580550895,20,0.23735903825847887,hard,lpips_alex_spatial,384,8,head_unsupported,primary_s5_h128_20k
0.22683567398665574,0.18778344326092747,20,0.20616463524014944,hard,lpips_alex_spatial,384,8,oral,primary_s5_h128_20k
0.5498816988349886,0.46492312446111733,20,0.5067665506945499,hard,lpips_alex_spatial,384,8,torso_outside_head_roi,primary_s5_h128_20k
0.20506592520878905,0.17749352362155107,20,0.19128499484411857,released,lpips_alex_spatial,384,1,background,primary_s5_h128_20k
0.23525215992119705,0.19952450978708022,20,0.21576450382035484,released,lpips_alex_spatial,384,1,eyes,primary_s5_h128_20k
0.3434592799070521,0.296622857303551,20,0.31954563536143926,released,lpips_alex_spatial,384,1,flame_supported,primary_s5_h128_20k
0.44317620234699373,0.38307648895835417,20,0.41298570811164453,released,lpips_alex_spatial,384,1,flame_unsupported,primary_s5_h128_20k
0.37472307058736354,0.3279610163113311,20,0.3513330201358108,released,lpips_alex_spatial,384,1,foreground,primary_s5_h128_20k
0.2997610558475896,0.26201332945715294,20,0.2805505688701357,released,lpips_alex_spatial,384,1,full_frame,primary_s5_h128_20k
0.32145055132259076,0.2737414362870424,20,0.2966656223921567,released,lpips_alex_spatial,384,1,head_foreground,primary_s5_h128_20k
0.32126270233409865,0.27507353635192044,20,0.2972787959947989,released,lpips_alex_spatial,384,1,head_supported,primary_s5_h128_20k
0.3264925912732719,0.2573762116906275,20,0.29060456159750747,released,lpips_alex_spatial,384,1,head_unsupported,primary_s5_h128_20k
0.2863888745768035,0.24011120906446917,20,0.2621858824276276,released,lpips_alex_spatial,384,1,oral,primary_s5_h128_20k
0.49682533422881614,0.4373885567188278,20,0.4663562702037384,released,lpips_alex_spatial,384,1,torso_outside_head_roi,primary_s5_h128_20k
0.20188737028362033,0.17627411578440708,20,0.188859802588997,released,lpips_alex_spatial,384,4,background,primary_s5_h128_20k
0.23000383503444863,0.192017855153431,20,0.2096335359725677,released,lpips_alex_spatial,384,4,eyes,primary_s5_h128_20k
0.3366347523965841,0.28776927950719544,20,0.31156206662209274,released,lpips_alex_spatial,384,4,flame_supported,primary_s5_h128_20k
0.4401235355146453,0.3780279279363146,20,0.40851306815054544,released,lpips_alex_spatial,384,4,flame_unsupported,primary_s5_h128_20k
0.36945149088711904,0.3200045251202204,20,0.34450994118048733,released,lpips_alex_spatial,384,4,foreground,primary_s5_h128_20k
0.29636728819326263,0.25830611490513666,20,0.2767194526583038,released,lpips_alex_spatial,384,4,full_frame,primary_s5_h128_20k
0.3139779648606474,0.2648276849102224,20,0.28834481762253916,released,lpips_alex_spatial,384,4,head_foreground,primary_s5_h128_20k
0.3140222513179108,0.266037677909947,20,0.28899225896978675,released,lpips_alex_spatial,384,4,head_supported,primary_s5_h128_20k
0.31762349637575604,0.25015418708989573,20,0.2826885146583481,released,lpips_alex_spatial,384,4,head_unsupported,primary_s5_h128_20k
0.28511459605673833,0.2341886908151522,20,0.2587629669769158,released,lpips_alex_spatial,384,4,oral,primary_s5_h128_20k
0.4924967084273612,0.4314301866453216,20,0.46093253739813606,released,lpips_alex_spatial,384,4,torso_outside_head_roi,primary_s5_h128_20k
0.19656716693313595,0.168054776306046,20,0.18157834353730018,released,lpips_alex_spatial,384,8,background,primary_s5_h128_20k
0.22244607897629698,0.18549396850883615,20,0.20240126170184788,released,lpips_alex_spatial,384,8,eyes,primary_s5_h128_20k
0.3304163331720186,0.28099515195462504,20,0.30484607061912505,released,lpips_alex_spatial,384,8,flame_supported,primary_s5_h128_20k
0.4357840862991648,0.37326920451404755,20,0.40380016143826786,released,lpips_alex_spatial,384,8,flame_unsupported,primary_s5_h128_20k
0.36378789444183757,0.3138777803823784,20,0.33852510485909604,released,lpips_alex_spatial,384,8,foreground,primary_s5_h128_20k
0.2895740071926024,0.2502546989175922,20,0.2693258549227859,released,lpips_alex_spatial,384,8,full_frame,primary_s5_h128_20k
0.30546754554433464,0.2558516613968732,20,0.28027712523452253,released,lpips_alex_spatial,384,8,head_foreground,primary_s5_h128_20k
0.30599749477762833,0.25731349383169494,20,0.28115993509956544,released,lpips_alex_spatial,384,8,head_supported,primary_s5_h128_20k
0.3090728490524991,0.24118138123679908,20,0.2740355875370704,released,lpips_alex_spatial,384,8,head_unsupported,primary_s5_h128_20k
0.2860005878710291,0.23183990740813887,20,0.25818716095703953,released,lpips_alex_spatial,384,8,oral,primary_s5_h128_20k
0.4853572285810978,0.42844077893423377,20,0.45663105083628064,released,lpips_alex_spatial,384,8,torso_outside_head_roi,primary_s5_h128_20k
