advantage_over_hard_mean,ci_high,ci_low,comparison,fraction_identities_advantage_positive,identity_count,metric,n_id,n_obs,region,variant
-0.15932907342997388,2.936496876323595,-2.5210534263384625,adaptive,0.45,20,masked_psnr,8,1,background,capacity_s5_h512_20k
-0.7712549196636385,1.7804215221876019,-2.629232133447773,released,0.25,20,masked_psnr,8,1,background,capacity_s5_h512_20k
-0.5850639201525476,-0.0629719425827003,-1.1876767855552917,adaptive,0.4,20,masked_psnr,8,1,eyes,capacity_s5_h512_20k
-0.7116245885707962,-0.1876804709649631,-1.317785584169887,released,0.25,20,masked_psnr,8,1,eyes,capacity_s5_h512_20k
-1.4851113643302976,-0.7513248237593037,-2.2474491182320993,adaptive,0.2,20,masked_psnr,8,1,flame_supported,capacity_s5_h512_20k
-1.5727662064428303,-0.9538974348968833,-2.258658985198133,released,0.15,20,masked_psnr,8,1,flame_supported,capacity_s5_h512_20k
3.396687724715514,4.518000217537539,2.238826579032398,adaptive,0.95,20,masked_psnr,8,1,flame_unsupported,capacity_s5_h512_20k
2.683229049961171,3.6686868145317106,1.5839634093998503,released,0.9,20,masked_psnr,8,1,flame_unsupported,capacity_s5_h512_20k
2.3135797255342556,3.2905621779150946,1.2590277088952888,adaptive,0.9,20,masked_psnr,8,1,foreground,capacity_s5_h512_20k
1.7815499667002768,2.648847890816741,0.7936536417171415,released,0.9,20,masked_psnr,8,1,foreground,capacity_s5_h512_20k
1.3649856205194912,2.4299588484043926,0.1663244534016808,adaptive,0.8,20,masked_psnr,8,1,full_frame,capacity_s5_h512_20k
0.959843606569839,1.8532607161538444,-0.09137560344448284,released,0.8,20,masked_psnr,8,1,full_frame,capacity_s5_h512_20k
-0.12095751998408799,0.46552846709512347,-0.7638789979735526,adaptive,0.55,20,masked_psnr,8,1,head_foreground,capacity_s5_h512_20k
-0.20792907223177837,0.346717553789766,-0.829534392048263,released,0.6,20,masked_psnr,8,1,head_foreground,capacity_s5_h512_20k
-2.215501290575908,-1.616330059492323,-2.9110033576253556,adaptive,0.05,20,masked_psnr,8,1,head_supported,capacity_s5_h512_20k
-2.1968263356080944,-1.6958777851178188,-2.7641759351404493,released,0.0,20,masked_psnr,8,1,head_supported,capacity_s5_h512_20k
1.7856075760388723,2.9705837155071135,0.8105764552368782,adaptive,0.8,20,masked_psnr,8,1,head_unsupported,capacity_s5_h512_20k
1.398107230098205,2.1384672507592435,0.7146196834277317,released,0.85,20,masked_psnr,8,1,head_unsupported,capacity_s5_h512_20k
-0.8714569592171371,-0.5815089134127038,-1.1838403957846564,adaptive,0.05,20,masked_psnr,8,1,oral,capacity_s5_h512_20k
-0.7724101258042557,-0.49965863907232144,-1.0508876062772123,released,0.1,20,masked_psnr,8,1,oral,capacity_s5_h512_20k
3.7747098971872157,5.152451141279829,2.2842901006357232,adaptive,0.85,20,masked_psnr,8,1,torso_outside_head_roi,capacity_s5_h512_20k
2.7583283354894976,3.953757253110895,1.4078725516421648,released,0.85,20,masked_psnr,8,1,torso_outside_head_roi,capacity_s5_h512_20k
-0.09943801618539397,2.872764340820057,-2.5473079289318616,adaptive,0.55,20,masked_psnr,8,4,background,capacity_s5_h512_20k
-0.5681712293274978,2.0721529565446883,-2.68252467755899,released,0.35,20,masked_psnr,8,4,background,capacity_s5_h512_20k
-0.2348092949697831,0.13048163595991866,-0.6615660009874089,adaptive,0.6,20,masked_psnr,8,4,eyes,capacity_s5_h512_20k
-0.570693134088023,-0.041439108100172026,-1.1681563556731434,released,0.35,20,masked_psnr,8,4,eyes,capacity_s5_h512_20k
-1.5787796991658356,-0.9043355217212601,-2.3059507456870247,adaptive,0.15,20,masked_psnr,8,4,flame_supported,capacity_s5_h512_20k
-1.6948542199609478,-1.0854786948250141,-2.33279579974674,released,0.2,20,masked_psnr,8,4,flame_supported,capacity_s5_h512_20k
3.310507766489984,4.167689628265018,2.4527062032968994,adaptive,0.95,20,masked_psnr,8,4,flame_unsupported,capacity_s5_h512_20k
2.8123572959276073,3.5286309603894774,2.111714748311759,released,0.95,20,masked_psnr,8,4,flame_unsupported,capacity_s5_h512_20k
2.3007476014537085,3.0587093554614326,1.4895100428415244,adaptive,0.95,20,masked_psnr,8,4,foreground,capacity_s5_h512_20k
1.8884743416779024,2.5619058532219277,1.1205258791088408,released,0.9,20,masked_psnr,8,4,foreground,capacity_s5_h512_20k
1.3629762387709485,2.275776955187676,0.3555209178681434,adaptive,0.8,20,masked_psnr,8,4,full_frame,capacity_s5_h512_20k
1.0133676240196787,1.8151081473533022,0.07664135584329947,released,0.8,20,masked_psnr,8,4,full_frame,capacity_s5_h512_20k
-0.17024014881451163,0.38146215724688687,-0.7624904628501303,adaptive,0.45,20,masked_psnr,8,4,head_foreground,capacity_s5_h512_20k
-0.24118789864377357,0.32692408553594343,-0.8483783605495318,released,0.55,20,masked_psnr,8,4,head_foreground,capacity_s5_h512_20k
-2.479135426795927,-1.8438156821867024,-3.258542264546444,adaptive,0.0,20,masked_psnr,8,4,head_supported,capacity_s5_h512_20k
-2.466192890822422,-1.8877802497893355,-3.0947817122211516,released,0.0,20,masked_psnr,8,4,head_supported,capacity_s5_h512_20k
1.5806295103301804,2.6966459523529314,0.6710670916557833,adaptive,0.8,20,masked_psnr,8,4,head_unsupported,capacity_s5_h512_20k
1.2368408469355554,2.0169720367363326,0.4991216294922738,released,0.8,20,masked_psnr,8,4,head_unsupported,capacity_s5_h512_20k
-1.0753259983952757,-0.8231595661318293,-1.3299040238104998,adaptive,0.05,20,masked_psnr,8,4,oral,capacity_s5_h512_20k
-0.9876989373252419,-0.7234452861670432,-1.2896763729742726,released,0.05,20,masked_psnr,8,4,oral,capacity_s5_h512_20k
3.6523203431088263,4.671741655620018,2.576336466829436,adaptive,0.95,20,masked_psnr,8,4,torso_outside_head_roi,capacity_s5_h512_20k
2.9443996238553907,3.835108486310766,1.9974097088913656,released,0.95,20,masked_psnr,8,4,torso_outside_head_roi,capacity_s5_h512_20k
0.11322058063032223,3.1381317094828023,-2.323753378510905,adaptive,0.55,20,masked_psnr,8,8,background,capacity_s5_h512_20k
-0.5359545997645621,1.7931719495987892,-2.486092150267365,released,0.35,20,masked_psnr,8,8,background,capacity_s5_h512_20k
-0.1269434034916726,0.18454710453868844,-0.47631323363107597,adaptive,0.5,20,masked_psnr,8,8,eyes,capacity_s5_h512_20k
-0.4355450693793685,0.02825629840731481,-0.9570205990872825,released,0.55,20,masked_psnr,8,8,eyes,capacity_s5_h512_20k
-1.6361086931956517,-0.9132050900317723,-2.375586416149687,adaptive,0.15,20,masked_psnr,8,8,flame_supported,capacity_s5_h512_20k
-1.7105995670593699,-1.0752080230170988,-2.3897389994515765,released,0.15,20,masked_psnr,8,8,flame_supported,capacity_s5_h512_20k
3.3779598745817827,4.2316087370837865,2.5542486516635274,adaptive,0.95,20,masked_psnr,8,8,flame_unsupported,capacity_s5_h512_20k
2.94498743853959,3.6601356688301796,2.2648668227074045,released,0.95,20,masked_psnr,8,8,flame_unsupported,capacity_s5_h512_20k
2.379630776564205,3.159237323514113,1.5286753467724405,adaptive,0.95,20,masked_psnr,8,8,foreground,capacity_s5_h512_20k
2.010802648121312,2.698972155144703,1.2866235307700704,released,0.95,20,masked_psnr,8,8,foreground,capacity_s5_h512_20k
1.4480747183736355,2.379697996272912,0.4213521597678987,adaptive,0.8,20,masked_psnr,8,8,full_frame,capacity_s5_h512_20k
1.1345846243972668,1.9718741606515011,0.18140532634399525,released,0.8,20,masked_psnr,8,8,full_frame,capacity_s5_h512_20k
-0.21985454708672636,0.32232582738854343,-0.7830952422996735,adaptive,0.45,20,masked_psnr,8,8,head_foreground,capacity_s5_h512_20k
-0.2323485573954537,0.2977108888042729,-0.8162980896369689,released,0.55,20,masked_psnr,8,8,head_foreground,capacity_s5_h512_20k
-2.5865478465982,-1.924677034274013,-3.3511971763116586,adaptive,0.0,20,masked_psnr,8,8,head_supported,capacity_s5_h512_20k
-2.558006207694252,-1.9735070483973072,-3.1890582034850707,released,0.0,20,masked_psnr,8,8,head_supported,capacity_s5_h512_20k
1.5279828823476342,2.657972388723948,0.643392696891886,adaptive,0.8,20,masked_psnr,8,8,head_unsupported,capacity_s5_h512_20k
1.2650003953206297,2.0076892073319534,0.5649627483100591,released,0.8,20,masked_psnr,8,8,head_unsupported,capacity_s5_h512_20k
-0.9250342880887764,-0.7077316174033895,-1.1429772142692438,adaptive,0.0,20,masked_psnr,8,8,oral,capacity_s5_h512_20k
-0.8716194002634623,-0.5915269564884827,-1.1914277200246408,released,0.1,20,masked_psnr,8,8,oral,capacity_s5_h512_20k
3.7922400078819543,4.835553193974621,2.6933721711744436,adaptive,0.95,20,masked_psnr,8,8,torso_outside_head_roi,capacity_s5_h512_20k
3.1255058379533573,4.029302100778958,2.184586959730518,released,0.95,20,masked_psnr,8,8,torso_outside_head_roi,capacity_s5_h512_20k
-2.471441255603665,-1.2304411243709283,-3.8472945530732923,adaptive,0.2,20,masked_psnr,384,1,background,capacity_s5_h512_20k
-2.4408824588360156,-1.2320465977353923,-3.7527152469257974,released,0.3,20,masked_psnr,384,1,background,capacity_s5_h512_20k
-0.368175562915666,-0.031183789805077453,-0.6897899766676356,adaptive,0.2,20,masked_psnr,384,1,eyes,capacity_s5_h512_20k
0.08149975271723697,0.4949263955541001,-0.30837615037375626,released,0.5,20,masked_psnr,384,1,eyes,capacity_s5_h512_20k
0.37674760530171014,0.8986948961989135,-0.1434609918320113,adaptive,0.6,20,masked_psnr,384,1,flame_supported,capacity_s5_h512_20k
0.550962544764302,1.1460426005674693,-0.05959012686189593,released,0.65,20,masked_psnr,384,1,flame_supported,capacity_s5_h512_20k
7.09139418659871,8.222166639716555,5.935730213133664,adaptive,1.0,20,masked_psnr,384,1,flame_unsupported,capacity_s5_h512_20k
7.2834789908004725,8.419489463467812,6.116452721997485,released,1.0,20,masked_psnr,384,1,flame_unsupported,capacity_s5_h512_20k
5.374008440360462,6.294752993464336,4.386024951970712,adaptive,1.0,20,masked_psnr,384,1,foreground,capacity_s5_h512_20k
5.566706253046,6.550275987119423,4.517324621089689,released,1.0,20,masked_psnr,384,1,foreground,capacity_s5_h512_20k
3.439216631230829,4.183922861467657,2.6825940590507398,adaptive,1.0,20,masked_psnr,384,1,full_frame,capacity_s5_h512_20k
3.6952612523217447,4.4875207102121975,2.869966242886715,released,0.95,20,masked_psnr,384,1,full_frame,capacity_s5_h512_20k
2.4716693678698265,3.318888697874051,1.6402892002492977,adaptive,0.9,20,masked_psnr,384,1,head_foreground,capacity_s5_h512_20k
2.647244996247667,3.519388066223655,1.8285476130907896,released,0.9,20,masked_psnr,384,1,head_foreground,capacity_s5_h512_20k
-0.5886247149814818,-0.2886896641654729,-0.9168597844860565,adaptive,0.25,20,masked_psnr,384,1,head_supported,capacity_s5_h512_20k
-0.3874032351164738,-0.05583731851182779,-0.7480271004881003,released,0.4,20,masked_psnr,384,1,head_supported,capacity_s5_h512_20k
5.128543969786397,6.491756067160212,3.86080637595643,adaptive,1.0,20,masked_psnr,384,1,head_unsupported,capacity_s5_h512_20k
5.259040665426109,6.604713531362644,3.958690023088323,released,1.0,20,masked_psnr,384,1,head_unsupported,capacity_s5_h512_20k
-1.1652593506389761,-0.8004027335768554,-1.5395450236860155,adaptive,0.1,20,masked_psnr,384,1,oral,capacity_s5_h512_20k
-0.6952769257206327,-0.3365510713768738,-1.0762655438424684,released,0.25,20,masked_psnr,384,1,oral,capacity_s5_h512_20k
7.686831577132435,8.990100618226117,6.328340223947966,adaptive,1.0,20,masked_psnr,384,1,torso_outside_head_roi,capacity_s5_h512_20k
7.7912289562564485,9.18776551131332,6.328529094543213,released,1.0,20,masked_psnr,384,1,torso_outside_head_roi,capacity_s5_h512_20k
-2.5218345631155614,-1.3195052298901455,-3.922038497507452,adaptive,0.15,20,masked_psnr,384,4,background,capacity_s5_h512_20k
-2.439237361170275,-1.3115156773165204,-3.6569016854992844,released,0.2,20,masked_psnr,384,4,background,capacity_s5_h512_20k
-0.649177636455464,-0.3258311330614917,-0.9604004961161109,adaptive,0.25,20,masked_psnr,384,4,eyes,capacity_s5_h512_20k
-0.0959160235872405,0.3162315403513345,-0.4960729171978085,released,0.4,20,masked_psnr,384,4,eyes,capacity_s5_h512_20k
0.252621980451723,0.8123068419550099,-0.28383828119438437,adaptive,0.5,20,masked_psnr,384,4,flame_supported,capacity_s5_h512_20k
0.4475779117054378,1.0722631383069157,-0.15936199279289692,released,0.55,20,masked_psnr,384,4,flame_supported,capacity_s5_h512_20k
6.984400357036051,8.042143405338768,5.935342404848072,adaptive,1.0,20,masked_psnr,384,4,flame_unsupported,capacity_s5_h512_20k
7.318255757900394,8.350015359250786,6.2574999203562855,released,1.0,20,masked_psnr,384,4,flame_unsupported,capacity_s5_h512_20k
5.358405721860572,6.226270204156874,4.425050024571095,adaptive,1.0,20,masked_psnr,384,4,foreground,capacity_s5_h512_20k
5.659353343672292,6.566560232096222,4.690171085705089,released,1.0,20,masked_psnr,384,4,foreground,capacity_s5_h512_20k
3.4659747164401393,4.191279528093278,2.754351649039219,adaptive,1.0,20,masked_psnr,384,4,full_frame,capacity_s5_h512_20k
3.78386667838621,4.51450079014812,3.0337729219172807,released,1.0,20,masked_psnr,384,4,full_frame,capacity_s5_h512_20k
2.5066589346805617,3.3608317127241234,1.6700173590585865,adaptive,0.85,20,masked_psnr,384,4,head_foreground,capacity_s5_h512_20k
2.793593254574023,3.652792775376851,1.9500884155006206,released,0.9,20,masked_psnr,384,4,head_foreground,capacity_s5_h512_20k
-0.9161774591297481,-0.5664392955311514,-1.3152046641053512,adaptive,0.0,20,masked_psnr,384,4,head_supported,capacity_s5_h512_20k
-0.6798241681054191,-0.31134740201291006,-1.0677479267973728,released,0.15,20,masked_psnr,384,4,head_supported,capacity_s5_h512_20k
5.246769173895354,6.488154962173925,4.026491885595343,adaptive,1.0,20,masked_psnr,384,4,head_unsupported,capacity_s5_h512_20k
5.6023565303363325,6.816010900894812,4.379496486679171,released,1.0,20,masked_psnr,384,4,head_unsupported,capacity_s5_h512_20k
-1.3286686214181238,-1.0054896193162712,-1.6602001854773054,adaptive,0.05,20,masked_psnr,384,4,oral,capacity_s5_h512_20k
-0.7818456508879359,-0.48026611680240816,-1.0958306532516757,released,0.1,20,masked_psnr,384,4,oral,capacity_s5_h512_20k
7.47856370443113,8.706391677043626,6.268302948178551,adaptive,1.0,20,masked_psnr,384,4,torso_outside_head_roi,capacity_s5_h512_20k
7.715731805948896,8.959867261378415,6.438445127578272,released,1.0,20,masked_psnr,384,4,torso_outside_head_roi,capacity_s5_h512_20k
-2.743117667119783,-1.6341182072561307,-3.96282798570567,adaptive,0.1,20,masked_psnr,384,8,background,capacity_s5_h512_20k
-2.6712161744792757,-1.6542071844594106,-3.7639924499654662,released,0.1,20,masked_psnr,384,8,background,capacity_s5_h512_20k
-0.5563365314700327,-0.2516755557226768,-0.8610868076796295,adaptive,0.2,20,masked_psnr,384,8,eyes,capacity_s5_h512_20k
0.029309046039126586,0.47173936539610517,-0.41588886870076647,released,0.5,20,masked_psnr,384,8,eyes,capacity_s5_h512_20k
0.12949652182815213,0.7147308394379236,-0.4546484250467604,adaptive,0.45,20,masked_psnr,384,8,flame_supported,capacity_s5_h512_20k
0.3244394992940166,0.9498188775972352,-0.3088580608458609,released,0.45,20,masked_psnr,384,8,flame_supported,capacity_s5_h512_20k
7.0946403339118245,8.180120739367357,6.055209164939457,adaptive,1.0,20,masked_psnr,384,8,flame_unsupported,capacity_s5_h512_20k
7.399580732427836,8.432790689809027,6.358756864853998,released,1.0,20,masked_psnr,384,8,flame_unsupported,capacity_s5_h512_20k
5.442253466867152,6.353418026634778,4.5141793085111255,adaptive,1.0,20,masked_psnr,384,8,foreground,capacity_s5_h512_20k
5.735505055736461,6.647189868894886,4.714111259406726,released,1.0,20,masked_psnr,384,8,foreground,capacity_s5_h512_20k
3.384882367672007,4.17004157272851,2.6026835116280003,adaptive,0.95,20,masked_psnr,384,8,full_frame,capacity_s5_h512_20k
3.705782799002823,4.484192010621297,2.88338029053664,released,1.0,20,masked_psnr,384,8,full_frame,capacity_s5_h512_20k
2.4354725183623103,3.3121788597855026,1.5735320213008661,adaptive,0.85,20,masked_psnr,384,8,head_foreground,capacity_s5_h512_20k
2.7098220996292417,3.5707599527439284,1.8479970783006068,released,0.9,20,masked_psnr,384,8,head_foreground,capacity_s5_h512_20k
-1.0525582702078782,-0.6632550743306586,-1.4871810986325258,adaptive,0.0,20,masked_psnr,384,8,head_supported,capacity_s5_h512_20k
-0.8235918510101049,-0.43075109602915196,-1.2332605897333582,released,0.25,20,masked_psnr,384,8,head_supported,capacity_s5_h512_20k
5.260659706319946,6.555610281452511,3.982493920415651,adaptive,1.0,20,masked_psnr,384,8,head_unsupported,capacity_s5_h512_20k
5.544646377754717,6.763430939544137,4.307685849157057,released,1.0,20,masked_psnr,384,8,head_unsupported,capacity_s5_h512_20k
-1.33302429875832,-0.9923641760582153,-1.6808390261469837,adaptive,0.05,20,masked_psnr,384,8,oral,capacity_s5_h512_20k
-0.7977270576544886,-0.5043932812501161,-1.0997041877206384,released,0.15,20,masked_psnr,384,8,oral,capacity_s5_h512_20k
7.597177518630856,8.856060209689064,6.362701869382509,adaptive,1.0,20,masked_psnr,384,8,torso_outside_head_roi,capacity_s5_h512_20k
7.782439727729219,9.042690983250809,6.457732054403836,released,1.0,20,masked_psnr,384,8,torso_outside_head_roi,capacity_s5_h512_20k
-0.5866484934029133,2.0263639635197404,-2.534448394453111,adaptive,0.4,20,masked_psnr,8,1,background,capacity_s5_h64_20k
-0.6054795380974882,1.9491208136297296,-2.468378678944696,released,0.3,20,masked_psnr,8,1,background,capacity_s5_h64_20k
0.060817054852049426,0.4237972549539604,-0.33834855071884695,adaptive,0.65,20,masked_psnr,8,1,eyes,capacity_s5_h64_20k
-0.1789906897677108,0.16055494759970318,-0.5839619409802963,released,0.55,20,masked_psnr,8,1,eyes,capacity_s5_h64_20k
-1.604215843801859,-1.0372758785596756,-2.232360332347936,adaptive,0.1,20,masked_psnr,8,1,flame_supported,capacity_s5_h64_20k
-1.693625950489769,-1.1659134436741012,-2.290965503361671,released,0.0,20,masked_psnr,8,1,flame_supported,capacity_s5_h64_20k
2.717595150372799,3.719588244471755,1.6442545923277443,adaptive,0.9,20,masked_psnr,8,1,flame_unsupported,capacity_s5_h64_20k
2.512689112695418,3.335490078127304,1.6363755254494226,released,0.95,20,masked_psnr,8,1,flame_unsupported,capacity_s5_h64_20k
1.8214136872313786,2.6747847984495956,0.8515750712820733,adaptive,0.85,20,masked_psnr,8,1,foreground,capacity_s5_h64_20k
1.6185689832444,2.3708308569098957,0.7870452269974083,released,0.9,20,masked_psnr,8,1,foreground,capacity_s5_h64_20k
1.0433472190273176,1.9784970126331338,-0.020255164989384386,adaptive,0.8,20,masked_psnr,8,1,full_frame,capacity_s5_h64_20k
0.8489654070083248,1.6698497220585575,-0.10602820830517565,released,0.8,20,masked_psnr,8,1,full_frame,capacity_s5_h64_20k
-0.056935240721528314,0.4358790832713793,-0.5953717400513846,adaptive,0.6,20,masked_psnr,8,1,head_foreground,capacity_s5_h64_20k
-0.18739933292942085,0.32132962890458605,-0.7409988888344679,released,0.5,20,masked_psnr,8,1,head_foreground,capacity_s5_h64_20k
-2.1389238981877616,-1.6364613568995174,-2.7186828645699332,adaptive,0.0,20,masked_psnr,8,1,head_supported,capacity_s5_h64_20k
-2.19435246800579,-1.7215780758206527,-2.7221131382901644,released,0.0,20,masked_psnr,8,1,head_supported,capacity_s5_h64_20k
1.7163229711525614,2.61928322983827,0.9221925766719005,adaptive,0.85,20,masked_psnr,8,1,head_unsupported,capacity_s5_h64_20k
1.416062057475335,2.1354206124544444,0.7408482829935709,released,0.85,20,masked_psnr,8,1,head_unsupported,capacity_s5_h64_20k
-0.5918376402194024,-0.3688415219203061,-0.8043849514023682,adaptive,0.15,20,masked_psnr,8,1,oral,capacity_s5_h64_20k
-0.2924481939883103,-0.052537582474126175,-0.5134034141623173,released,0.2,20,masked_psnr,8,1,oral,capacity_s5_h64_20k
2.7624923134526744,4.018556611834682,1.4120941574245247,adaptive,0.85,20,masked_psnr,8,1,torso_outside_head_roi,capacity_s5_h64_20k
2.439272570530396,3.5144895570862755,1.2703316659896597,released,0.85,20,masked_psnr,8,1,torso_outside_head_roi,capacity_s5_h64_20k
-0.4993648878198618,2.034316759209795,-2.4776999966056414,adaptive,0.35,20,masked_psnr,8,4,background,capacity_s5_h64_20k
-0.2717471122434124,2.333592641806208,-2.2847843349617953,released,0.35,20,masked_psnr,8,4,background,capacity_s5_h64_20k
-0.128718002531134,0.28548092157550825,-0.5879553092107098,adaptive,0.45,20,masked_psnr,8,4,eyes,capacity_s5_h64_20k
-0.3930246585544772,-0.027408581693867767,-0.8015757030109769,released,0.35,20,masked_psnr,8,4,eyes,capacity_s5_h64_20k
-1.7616051713607497,-1.2160841095165504,-2.359201293416553,adaptive,0.0,20,masked_psnr,8,4,flame_supported,capacity_s5_h64_20k
-1.8733809509966008,-1.292109214844414,-2.5102651203119435,released,0.05,20,masked_psnr,8,4,flame_supported,capacity_s5_h64_20k
2.8042840230061143,3.4677175309706922,2.1371545636505567,adaptive,0.95,20,masked_psnr,8,4,flame_unsupported,capacity_s5_h64_20k
2.790334854572362,3.4613292853738535,2.120000376668398,released,0.95,20,masked_psnr,8,4,flame_unsupported,capacity_s5_h64_20k
1.8985341780722975,2.529140530588002,1.1983180240298048,adaptive,0.95,20,masked_psnr,8,4,foreground,capacity_s5_h64_20k
1.8232344750518479,2.4701036458008314,1.1051541582194297,released,0.9,20,masked_psnr,8,4,foreground,capacity_s5_h64_20k
1.0783312083348853,1.8926937240640085,0.1531262131744132,adaptive,0.8,20,masked_psnr,8,4,full_frame,capacity_s5_h64_20k
1.0392513708583346,1.8284281445790784,0.13216005200661723,released,0.8,20,masked_psnr,8,4,full_frame,capacity_s5_h64_20k
-0.13625228770995773,0.38989397095289,-0.6949148809236237,adaptive,0.5,20,masked_psnr,8,4,head_foreground,capacity_s5_h64_20k
-0.2890270744427695,0.307144880077428,-0.9312515648507762,released,0.45,20,masked_psnr,8,4,head_foreground,capacity_s5_h64_20k
-2.441682096158079,-1.8544355251348652,-3.156993955187818,adaptive,0.05,20,masked_psnr,8,4,head_supported,capacity_s5_h64_20k
-2.5604768411262406,-1.9994734754255161,-3.212455874274591,released,0.0,20,masked_psnr,8,4,head_supported,capacity_s5_h64_20k
1.5090933899845755,2.3361058862973194,0.7729072303678549,adaptive,0.85,20,masked_psnr,8,4,head_unsupported,capacity_s5_h64_20k
1.2485611000136536,1.9622660177265137,0.5534089281491249,released,0.85,20,masked_psnr,8,4,head_unsupported,capacity_s5_h64_20k
-0.754214019549258,-0.45229048476871664,-1.0410123900256754,adaptive,0.15,20,masked_psnr,8,4,oral,capacity_s5_h64_20k
-0.6174188663245215,-0.2952935529616299,-0.9346340708452399,released,0.2,20,masked_psnr,8,4,oral,capacity_s5_h64_20k
2.825502612462588,3.715641173991099,1.8629361350115026,adaptive,0.9,20,masked_psnr,8,4,torso_outside_head_roi,capacity_s5_h64_20k
2.836842162299552,3.733869431366969,1.8696931048202,released,0.95,20,masked_psnr,8,4,torso_outside_head_roi,capacity_s5_h64_20k
-0.4283552457734111,1.8396055094827337,-2.301621177989003,adaptive,0.45,20,masked_psnr,8,8,background,capacity_s5_h64_20k
-0.2963467150177374,2.0087572436929038,-2.1888072669136043,released,0.35,20,masked_psnr,8,8,background,capacity_s5_h64_20k
-0.008091120823522502,0.402516482862835,-0.44732888678268096,adaptive,0.6,20,masked_psnr,8,8,eyes,capacity_s5_h64_20k
-0.3132369857053117,0.0157127027193054,-0.6922569891241916,released,0.45,20,masked_psnr,8,8,eyes,capacity_s5_h64_20k
-1.8208615669251056,-1.267277997225973,-2.4310993458547907,adaptive,0.1,20,masked_psnr,8,8,flame_supported,capacity_s5_h64_20k
-1.9424066791474879,-1.3530280111750903,-2.5732049256867584,released,0.1,20,masked_psnr,8,8,flame_supported,capacity_s5_h64_20k
2.864020173635189,3.5607132396624603,2.188225898773889,adaptive,0.95,20,masked_psnr,8,8,flame_unsupported,capacity_s5_h64_20k
2.8975028862080903,3.5953499518035814,2.2301737206450185,released,0.95,20,masked_psnr,8,8,flame_unsupported,capacity_s5_h64_20k
1.9608489357838998,2.634418096033238,1.2406066609969384,adaptive,0.95,20,masked_psnr,8,8,foreground,capacity_s5_h64_20k
1.9118687053743677,2.5632544097808383,1.1753048651316134,released,0.9,20,masked_psnr,8,8,foreground,capacity_s5_h64_20k
1.1378708687066343,1.9790297213500563,0.1688558628380937,adaptive,0.8,20,masked_psnr,8,8,full_frame,capacity_s5_h64_20k
1.1070586188007503,1.9166259466326334,0.18883513887913655,released,0.8,20,masked_psnr,8,8,full_frame,capacity_s5_h64_20k
-0.18250953881694648,0.29991808052039165,-0.7062505540140385,adaptive,0.45,20,masked_psnr,8,8,head_foreground,capacity_s5_h64_20k
-0.3377456267372299,0.23111513451308685,-0.9299455761071576,released,0.45,20,masked_psnr,8,8,head_foreground,capacity_s5_h64_20k
-2.553608553399685,-1.9676337366029988,-3.2353561977089367,adaptive,0.0,20,masked_psnr,8,8,head_supported,capacity_s5_h64_20k
-2.699320156496633,-2.133688876626746,-3.2985251888847236,released,0.0,20,masked_psnr,8,8,head_supported,capacity_s5_h64_20k
1.4446707161536723,2.2933962652295325,0.7337964793063909,adaptive,0.85,20,masked_psnr,8,8,head_unsupported,capacity_s5_h64_20k
1.2021189436338504,1.892218752466692,0.5364986961194573,released,0.85,20,masked_psnr,8,8,head_unsupported,capacity_s5_h64_20k
-0.6684260081968001,-0.332057831094726,-1.0097526727852644,adaptive,0.15,20,masked_psnr,8,8,oral,capacity_s5_h64_20k
-0.5499726191521475,-0.21522408270109522,-0.9080931865139048,released,0.2,20,masked_psnr,8,8,oral,capacity_s5_h64_20k
2.9320938415070095,3.88528824255754,1.9352240754774006,adaptive,0.9,20,masked_psnr,8,8,torso_outside_head_roi,capacity_s5_h64_20k
2.9827638485486863,3.916513263898109,2.0306016639956903,released,0.9,20,masked_psnr,8,8,torso_outside_head_roi,capacity_s5_h64_20k
-1.6750786039987653,-0.14563353402459986,-2.9740297042874366,adaptive,0.15,20,masked_psnr,384,1,background,capacity_s5_h64_20k
-2.0054697715268524,-1.208785237942719,-2.8615415283286834,released,0.1,20,masked_psnr,384,1,background,capacity_s5_h64_20k
0.5402964832275226,0.9215785791303021,0.18608732874040165,adaptive,0.7,20,masked_psnr,384,1,eyes,capacity_s5_h64_20k
0.3656162598427022,0.7710417033354949,-0.02359408719021715,released,0.7,20,masked_psnr,384,1,eyes,capacity_s5_h64_20k
0.027034365098413636,0.4708781823180241,-0.42568075438847586,adaptive,0.5,20,masked_psnr,384,1,flame_supported,capacity_s5_h64_20k
0.12315785367044665,0.5776233853076633,-0.340293976896607,released,0.55,20,masked_psnr,384,1,flame_supported,capacity_s5_h64_20k
6.012015365456259,7.266638471130667,4.693201601189003,adaptive,1.0,20,masked_psnr,384,1,flame_unsupported,capacity_s5_h64_20k
6.3782026779075265,7.494397139510431,5.19577435241388,released,1.0,20,masked_psnr,384,1,flame_unsupported,capacity_s5_h64_20k
4.541336154348641,5.542600265663569,3.485854414776819,adaptive,0.9,20,masked_psnr,384,1,foreground,capacity_s5_h64_20k
4.820328990180522,5.789505520723149,3.7579385024166525,released,0.95,20,masked_psnr,384,1,foreground,capacity_s5_h64_20k
2.9030592433109055,3.6199858745755007,2.1247621294044143,adaptive,0.9,20,masked_psnr,384,1,full_frame,capacity_s5_h64_20k
3.1876164445958004,3.8895411317898057,2.4209907755618834,released,0.95,20,masked_psnr,384,1,full_frame,capacity_s5_h64_20k
1.8667942978140541,2.6738416224990664,1.0688522836033467,adaptive,0.8,20,masked_psnr,384,1,head_foreground,capacity_s5_h64_20k
2.2224874033810957,2.9954488772505945,1.4813561392164887,released,0.9,20,masked_psnr,384,1,head_foreground,capacity_s5_h64_20k
-0.7796818895616437,-0.5037796596937716,-1.061592329524719,adaptive,0.1,20,masked_psnr,384,1,head_supported,capacity_s5_h64_20k
-0.6361959741136625,-0.40505822697000543,-0.8910882310836655,released,0.0,20,masked_psnr,384,1,head_supported,capacity_s5_h64_20k
4.21875667197739,5.75723276635343,2.7063610167491885,adaptive,0.9,20,masked_psnr,384,1,head_unsupported,capacity_s5_h64_20k
4.798724627588004,6.126742852484321,3.531607994720649,released,1.0,20,masked_psnr,384,1,head_unsupported,capacity_s5_h64_20k
-0.4271838085073364,-0.16834178579843573,-0.6928947590892497,adaptive,0.35,20,masked_psnr,384,1,oral,capacity_s5_h64_20k
-0.2550967100175082,0.017980323761131636,-0.5264982883832833,released,0.35,20,masked_psnr,384,1,oral,capacity_s5_h64_20k
6.455069090604974,7.753494059839149,5.066477685154375,adaptive,1.0,20,masked_psnr,384,1,torso_outside_head_roi,capacity_s5_h64_20k
6.598476207063593,7.891123520586816,5.156925989994548,released,0.95,20,masked_psnr,384,1,torso_outside_head_roi,capacity_s5_h64_20k
-1.8763929895198814,-0.5244073191902835,-3.033270947397807,adaptive,0.1,20,masked_psnr,384,4,background,capacity_s5_h64_20k
-2.098091894605447,-1.3164541534497858,-2.9670758564621726,released,0.1,20,masked_psnr,384,4,background,capacity_s5_h64_20k
0.3841240921306387,0.661837750500337,0.10278777127660807,adaptive,0.7,20,masked_psnr,384,4,eyes,capacity_s5_h64_20k
0.3321466528050765,0.702526937598924,-0.02466482719810454,released,0.65,20,masked_psnr,384,4,eyes,capacity_s5_h64_20k
-0.12406971171358636,0.3582918686689217,-0.6024897075514581,adaptive,0.45,20,masked_psnr,384,4,flame_supported,capacity_s5_h64_20k
0.05654058138349969,0.5608176069186299,-0.4433219645493213,released,0.5,20,masked_psnr,384,4,flame_supported,capacity_s5_h64_20k
5.9541391310246725,7.132574937337084,4.67725287833198,adaptive,1.0,20,masked_psnr,384,4,flame_unsupported,capacity_s5_h64_20k
6.296634291428307,7.414092447048535,5.13487732947542,released,1.0,20,masked_psnr,384,4,flame_unsupported,capacity_s5_h64_20k
4.560954648992912,5.5098914160547965,3.5350948152968464,adaptive,0.95,20,masked_psnr,384,4,foreground,capacity_s5_h64_20k
4.843988250369806,5.748338392482275,3.839239068733046,released,1.0,20,masked_psnr,384,4,foreground,capacity_s5_h64_20k
2.884488302841604,3.5514513319933947,2.1680812519389545,adaptive,0.9,20,masked_psnr,384,4,full_frame,capacity_s5_h64_20k
3.159325647013336,3.8001288661911654,2.4781638767126752,released,0.95,20,masked_psnr,384,4,full_frame,capacity_s5_h64_20k
1.9709524864786208,2.7818684786654773,1.2068697096037329,adaptive,0.8,20,masked_psnr,384,4,head_foreground,capacity_s5_h64_20k
2.3215404421145838,3.0671194988297037,1.5982665257307347,released,0.9,20,masked_psnr,384,4,head_foreground,capacity_s5_h64_20k
-1.1469006783119908,-0.8266513726201242,-1.4977710466490097,adaptive,0.05,20,masked_psnr,384,4,head_supported,capacity_s5_h64_20k
-0.972359706251841,-0.6338965884094919,-1.3389908705503506,released,0.0,20,masked_psnr,384,4,head_supported,capacity_s5_h64_20k
4.453299439699747,5.946346488921065,3.005613777982282,adaptive,0.9,20,masked_psnr,384,4,head_unsupported,capacity_s5_h64_20k
4.947051732946479,6.248551927870549,3.694834064217551,released,1.0,20,masked_psnr,384,4,head_unsupported,capacity_s5_h64_20k
-0.5949162709113833,-0.2931420635702604,-0.900418027761589,adaptive,0.2,20,masked_psnr,384,4,oral,capacity_s5_h64_20k
-0.48311676280539295,-0.25139615726356834,-0.7157805918060309,released,0.25,20,masked_psnr,384,4,oral,capacity_s5_h64_20k
6.290439026237529,7.509027177745756,4.989525919752458,adaptive,1.0,20,masked_psnr,384,4,torso_outside_head_roi,capacity_s5_h64_20k
6.493576985565203,7.71206843776718,5.155046560672218,released,1.0,20,masked_psnr,384,4,torso_outside_head_roi,capacity_s5_h64_20k
-1.919205103835678,-0.6752493871612507,-2.9445362187671162,adaptive,0.05,20,masked_psnr,384,8,background,capacity_s5_h64_20k
-2.3309787552256216,-1.582885563272277,-3.133663310394547,released,0.1,20,masked_psnr,384,8,background,capacity_s5_h64_20k
0.5345764395915792,0.810825285938804,0.25074419116720353,adaptive,0.7,20,masked_psnr,384,8,eyes,capacity_s5_h64_20k
0.35489347361376317,0.7261298063508886,-0.012675326137785634,released,0.75,20,masked_psnr,384,8,eyes,capacity_s5_h64_20k
-0.12003185746013338,0.39675443965916485,-0.6153271913966782,adaptive,0.45,20,masked_psnr,384,8,flame_supported,capacity_s5_h64_20k
0.024885147851786638,0.572870038177432,-0.5195131326355855,released,0.5,20,masked_psnr,384,8,flame_supported,capacity_s5_h64_20k
6.094733553444061,7.324312797340049,4.836607794462255,adaptive,1.0,20,masked_psnr,384,8,flame_unsupported,capacity_s5_h64_20k
6.527887943226503,7.638728342757724,5.331902477644472,released,1.0,20,masked_psnr,384,8,flame_unsupported,capacity_s5_h64_20k
4.703242912043424,5.672197712214238,3.624315231426918,adaptive,1.0,20,masked_psnr,384,8,foreground,capacity_s5_h64_20k
5.036646728521316,5.983947286578062,4.015066477807663,released,1.0,20,masked_psnr,384,8,foreground,capacity_s5_h64_20k
2.9473800563187713,3.628969030419206,2.2349280748465814,adaptive,0.9,20,masked_psnr,384,8,full_frame,capacity_s5_h64_20k
3.1683959061965528,3.8341500886225752,2.4788215367587845,released,0.95,20,masked_psnr,384,8,full_frame,capacity_s5_h64_20k
2.000270436727809,2.7886622339487372,1.2285492176304322,adaptive,0.8,20,masked_psnr,384,8,head_foreground,capacity_s5_h64_20k
2.351663998864285,3.076615218472979,1.6118010745945286,released,0.9,20,masked_psnr,384,8,head_foreground,capacity_s5_h64_20k
-1.1565743070656267,-0.7947198244906308,-1.5434212481272795,adaptive,0.05,20,masked_psnr,384,8,head_supported,capacity_s5_h64_20k
-1.015212184020065,-0.6394231617670532,-1.4207630745744388,released,0.05,20,masked_psnr,384,8,head_supported,capacity_s5_h64_20k
4.522094199530692,5.97809906638051,3.1134650916908693,adaptive,0.95,20,masked_psnr,384,8,head_unsupported,capacity_s5_h64_20k
5.063479978290631,6.314968143582606,3.866374010909561,released,1.0,20,masked_psnr,384,8,head_unsupported,capacity_s5_h64_20k
-0.6342574953409954,-0.33717612836078376,-0.9212053892325446,adaptive,0.25,20,masked_psnr,384,8,oral,capacity_s5_h64_20k
-0.5461934225521718,-0.3117513837330402,-0.7761846659350815,released,0.15,20,masked_psnr,384,8,oral,capacity_s5_h64_20k
6.423831589859205,7.685785127558651,5.119093913985106,adaptive,1.0,20,masked_psnr,384,8,torso_outside_head_roi,capacity_s5_h64_20k
6.690296954745543,7.987659969956065,5.3526271086821025,released,1.0,20,masked_psnr,384,8,torso_outside_head_roi,capacity_s5_h64_20k
-1.4569965079026654,-0.23047813309529405,-2.7647487398221933,adaptive,0.4,20,masked_psnr,384,1,background,convergence_s5_h128_60k
-1.39944559654129,-0.19307274384353376,-2.753894922817146,released,0.4,20,masked_psnr,384,1,background,convergence_s5_h128_60k
0.2881456017772711,0.6324840429893192,-0.0266685310704081,adaptive,0.65,20,masked_psnr,384,1,eyes,convergence_s5_h128_60k
0.02974836841138533,0.38531545987042326,-0.3316570670514892,released,0.5,20,masked_psnr,384,1,eyes,convergence_s5_h128_60k
0.4483153442986413,1.1193102229194507,-0.21445460716741657,adaptive,0.7,20,masked_psnr,384,1,flame_supported,convergence_s5_h128_60k
0.528830749233045,1.2552030062000659,-0.20698159336056232,released,0.7,20,masked_psnr,384,1,flame_supported,convergence_s5_h128_60k
7.36234428577575,8.626949656108549,6.053667994566892,adaptive,1.0,20,masked_psnr,384,1,flame_unsupported,convergence_s5_h128_60k
7.6425746268526975,8.876342810651773,6.344878228912498,released,1.0,20,masked_psnr,384,1,flame_unsupported,convergence_s5_h128_60k
5.62290334702554,6.655709512879319,4.54784512964514,adaptive,1.0,20,masked_psnr,384,1,foreground,convergence_s5_h128_60k
5.833648660081654,6.874684847687724,4.723471759369054,released,1.0,20,masked_psnr,384,1,foreground,convergence_s5_h128_60k
3.8674485224490853,4.620069106992396,3.0927169175354785,adaptive,1.0,20,masked_psnr,384,1,full_frame,convergence_s5_h128_60k
4.016065403083469,4.844203626375685,3.1691859121710793,released,1.0,20,masked_psnr,384,1,full_frame,convergence_s5_h128_60k
2.4720529444693873,3.3213193842361255,1.6720109211568666,adaptive,0.95,20,masked_psnr,384,1,head_foreground,convergence_s5_h128_60k
2.6966720379921236,3.564091686861071,1.8887723756580588,released,0.95,20,masked_psnr,384,1,head_foreground,convergence_s5_h128_60k
-0.565063911963981,-0.08558049784336949,-1.0740345115832064,adaptive,0.45,20,masked_psnr,384,1,head_supported,convergence_s5_h128_60k
-0.4265340636344173,0.07305460686215613,-1.0030182718249334,released,0.5,20,masked_psnr,384,1,head_supported,convergence_s5_h128_60k
5.101131751350296,6.5072884980543275,3.7101748263145966,adaptive,1.0,20,masked_psnr,384,1,head_unsupported,convergence_s5_h128_60k
5.440916234289306,6.745875810902608,4.237740926499467,released,1.0,20,masked_psnr,384,1,head_unsupported,convergence_s5_h128_60k
-0.061406929180042445,0.21275504824199454,-0.32731428697931275,adaptive,0.5,20,masked_psnr,384,1,oral,convergence_s5_h128_60k
-0.1123819797830917,0.17908389196633268,-0.41153138453796684,released,0.6,20,masked_psnr,384,1,oral,convergence_s5_h128_60k
8.122601333874902,9.52102551187162,6.6747762736730865,adaptive,1.0,20,masked_psnr,384,1,torso_outside_head_roi,convergence_s5_h128_60k
8.23496560026503,9.635445940866179,6.728387303618807,released,1.0,20,masked_psnr,384,1,torso_outside_head_roi,convergence_s5_h128_60k
-1.3621230006657155,-0.032050540632977874,-2.865832940703388,adaptive,0.35,20,masked_psnr,384,4,background,convergence_s5_h128_60k
-1.4494721143755234,-0.15762667788235318,-2.8704609761863598,released,0.35,20,masked_psnr,384,4,background,convergence_s5_h128_60k
0.09367206914300538,0.39838752654157844,-0.21622132478757988,adaptive,0.6,20,masked_psnr,384,4,eyes,convergence_s5_h128_60k
0.10777380859163266,0.5085953854005365,-0.2865819695521624,released,0.65,20,masked_psnr,384,4,eyes,convergence_s5_h128_60k
0.5211824297667341,1.2245070978571229,-0.18627682772252976,adaptive,0.65,20,masked_psnr,384,4,flame_supported,convergence_s5_h128_60k
0.7036331911838506,1.4096679663214804,0.010547704151008216,released,0.65,20,masked_psnr,384,4,flame_supported,convergence_s5_h128_60k
7.517380142058464,8.678323464314724,6.382102853092843,adaptive,1.0,20,masked_psnr,384,4,flame_unsupported,convergence_s5_h128_60k
7.883321998109052,8.986460141620212,6.814743632777542,released,1.0,20,masked_psnr,384,4,flame_unsupported,convergence_s5_h128_60k
5.829766969193014,6.8056646317938325,4.8428927197950475,adaptive,1.0,20,masked_psnr,384,4,foreground,convergence_s5_h128_60k
6.126512754377539,7.042897787735138,5.168996585482788,released,1.0,20,masked_psnr,384,4,foreground,convergence_s5_h128_60k
4.021483096063717,4.792383283821955,3.2785504822559663,adaptive,1.0,20,masked_psnr,384,4,full_frame,convergence_s5_h128_60k
4.259621874330213,5.050433417044738,3.462363949856933,released,1.0,20,masked_psnr,384,4,full_frame,convergence_s5_h128_60k
2.7580320773780262,3.6191024852823275,1.9314388588971112,adaptive,0.95,20,masked_psnr,384,4,head_foreground,convergence_s5_h128_60k
3.0426432353759902,3.8228602063109567,2.277750349760046,released,1.0,20,masked_psnr,384,4,head_foreground,convergence_s5_h128_60k
-0.6454592301671681,-0.16482978887766572,-1.1532301092342367,adaptive,0.35,20,masked_psnr,384,4,head_supported,convergence_s5_h128_60k
-0.4231418061515352,0.04818889639655839,-0.9284934805464147,released,0.45,20,masked_psnr,384,4,head_supported,convergence_s5_h128_60k
5.397987501420085,6.760666902684577,4.06080900524278,adaptive,1.0,20,masked_psnr,384,4,head_unsupported,convergence_s5_h128_60k
5.776810036299464,6.928725064495538,4.63612286852792,released,1.0,20,masked_psnr,384,4,head_unsupported,convergence_s5_h128_60k
-0.19805295032477357,0.03347588471049567,-0.44930959659410147,adaptive,0.4,20,masked_psnr,384,4,oral,convergence_s5_h128_60k
-0.2195291366830908,0.03278572176042534,-0.47751162749783616,released,0.45,20,masked_psnr,384,4,oral,convergence_s5_h128_60k
8.121046805591778,9.394357598909894,6.877891368699056,adaptive,1.0,20,masked_psnr,384,4,torso_outside_head_roi,convergence_s5_h128_60k
8.335124617111386,9.624146553393036,7.050573646494134,released,1.0,20,masked_psnr,384,4,torso_outside_head_roi,convergence_s5_h128_60k
-1.523981349684716,-0.31576497892530303,-2.8122700366528828,adaptive,0.35,20,masked_psnr,384,8,background,convergence_s5_h128_60k
-1.4981234073411864,-0.3141932514380905,-2.867994820635374,released,0.2,20,masked_psnr,384,8,background,convergence_s5_h128_60k
0.14510047461670403,0.4261450351532325,-0.15623742287097905,adaptive,0.7,20,masked_psnr,384,8,eyes,convergence_s5_h128_60k
0.16134794322886278,0.5182720109021889,-0.227249631196309,released,0.6,20,masked_psnr,384,8,eyes,convergence_s5_h128_60k
0.4840439549393219,1.2057164031441037,-0.255428831372498,adaptive,0.6,20,masked_psnr,384,8,flame_supported,convergence_s5_h128_60k
0.606449028838826,1.3166452235657462,-0.10277936733083225,released,0.65,20,masked_psnr,384,8,flame_supported,convergence_s5_h128_60k
7.726365489557693,8.783728317872532,6.697340616960728,adaptive,1.0,20,masked_psnr,384,8,flame_unsupported,convergence_s5_h128_60k
7.904545470596771,8.963170041677218,6.884521376982607,released,1.0,20,masked_psnr,384,8,flame_unsupported,convergence_s5_h128_60k
6.0053628334696585,6.954229052732714,5.042613385615582,adaptive,1.0,20,masked_psnr,384,8,foreground,convergence_s5_h128_60k
6.183412197566823,7.130836441900336,5.233601027072472,released,1.0,20,masked_psnr,384,8,foreground,convergence_s5_h128_60k
4.106348650863718,4.903154183243168,3.32655372109428,adaptive,1.0,20,masked_psnr,384,8,full_frame,convergence_s5_h128_60k
4.277687615218857,5.110077866593284,3.422942901014867,released,1.0,20,masked_psnr,384,8,full_frame,convergence_s5_h128_60k
2.8377254427302496,3.692105887178158,2.009137070162478,adaptive,0.95,20,masked_psnr,384,8,head_foreground,convergence_s5_h128_60k
2.9403901979274965,3.7039703778458812,2.1851018983802786,released,1.0,20,masked_psnr,384,8,head_foreground,convergence_s5_h128_60k
-0.7008507153471232,-0.24113944772150586,-1.2038247933548567,adaptive,0.3,20,masked_psnr,384,8,head_supported,convergence_s5_h128_60k
-0.5339626703730354,-0.06614400769379865,-1.0244807329348953,released,0.45,20,masked_psnr,384,8,head_supported,convergence_s5_h128_60k
5.651621973859708,6.956881169235766,4.426032992429603,adaptive,1.0,20,masked_psnr,384,8,head_unsupported,convergence_s5_h128_60k
5.676184393190435,6.8423447004152855,4.562045016102167,released,1.0,20,masked_psnr,384,8,head_unsupported,convergence_s5_h128_60k
-0.2594122497998466,-0.0509293775561427,-0.484698911678624,adaptive,0.3,20,masked_psnr,384,8,oral,convergence_s5_h128_60k
-0.2556669433269157,-0.02795508846991169,-0.504056401925231,released,0.4,20,masked_psnr,384,8,oral,convergence_s5_h128_60k
8.273628468566034,9.544573707286647,6.982848208421868,adaptive,1.0,20,masked_psnr,384,8,torso_outside_head_roi,convergence_s5_h128_60k
8.393418740948178,9.706780255910996,7.108705291962477,released,1.0,20,masked_psnr,384,8,torso_outside_head_roi,convergence_s5_h128_60k
-4.369305317865284,-1.9716745507581726,-6.60209418708882,adaptive,0.15,20,masked_psnr,8,1,background,covariance_s3_h128_20k
-4.226428042651605,-1.7170313299847502,-6.444263595009247,released,0.15,20,masked_psnr,8,1,background,covariance_s3_h128_20k
-0.7717282341280264,-0.16451981227245827,-1.428885629906482,adaptive,0.25,20,masked_psnr,8,1,eyes,covariance_s3_h128_20k
-1.7747427590943552,-1.0231098684825801,-2.536286487563078,released,0.15,20,masked_psnr,8,1,eyes,covariance_s3_h128_20k
0.37245315480404695,1.213579826807036,-0.5010527878589679,adaptive,0.5,20,masked_psnr,8,1,flame_supported,covariance_s3_h128_20k
0.2976638753071653,1.2732715470574132,-0.6577298660297202,released,0.55,20,masked_psnr,8,1,flame_supported,covariance_s3_h128_20k
2.7024222967031615,3.5017879256852176,1.8438379603529824,adaptive,0.9,20,masked_psnr,8,1,flame_unsupported,covariance_s3_h128_20k
2.493778830505964,3.2961325871678073,1.6256087581097622,released,0.9,20,masked_psnr,8,1,flame_unsupported,covariance_s3_h128_20k
1.9996160595285186,2.7736567098195057,1.1764292367093057,adaptive,0.9,20,masked_psnr,8,1,foreground,covariance_s3_h128_20k
1.852860481896169,2.646853934622966,0.9770428729019913,released,0.9,20,masked_psnr,8,1,foreground,covariance_s3_h128_20k
0.7753115960462008,1.7613264449476376,-0.3405081628488091,adaptive,0.8,20,masked_psnr,8,1,full_frame,covariance_s3_h128_20k
0.7397774800257579,1.7390794430136358,-0.36693457198762636,released,0.8,20,masked_psnr,8,1,full_frame,covariance_s3_h128_20k
0.9174208167008853,1.4594438807859331,0.3187851750106234,adaptive,0.7,20,masked_psnr,8,1,head_foreground,covariance_s3_h128_20k
0.7188166125060264,1.2846413210827599,0.09223595797706823,released,0.75,20,masked_psnr,8,1,head_foreground,covariance_s3_h128_20k
-0.5158648357110115,0.20592382359238,-1.3198389542528053,adaptive,0.4,20,masked_psnr,8,1,head_supported,covariance_s3_h128_20k
-0.6068928687073402,0.1982619381065071,-1.4340662207838486,released,0.35,20,masked_psnr,8,1,head_supported,covariance_s3_h128_20k
2.706845005142088,3.735707255450189,1.813116821040359,adaptive,0.95,20,masked_psnr,8,1,head_unsupported,covariance_s3_h128_20k
2.3393703803343295,3.32793560881392,1.5172283849843995,released,0.95,20,masked_psnr,8,1,head_unsupported,covariance_s3_h128_20k
-0.5114994471240192,0.09838951118051657,-1.1549600922243695,adaptive,0.3,20,masked_psnr,8,1,oral,covariance_s3_h128_20k
-0.8542778640157088,-0.06861706866790311,-1.7314519799604613,released,0.35,20,masked_psnr,8,1,oral,covariance_s3_h128_20k
2.55794731984655,3.71916572047556,1.269555618686394,adaptive,0.85,20,masked_psnr,8,1,torso_outside_head_roi,covariance_s3_h128_20k
2.431433709428874,3.6038447286957225,1.0924550630604897,released,0.85,20,masked_psnr,8,1,torso_outside_head_roi,covariance_s3_h128_20k
-3.6468241928965446,-1.232762623250179,-5.7518304609144355,adaptive,0.2,20,masked_psnr,8,4,background,covariance_s3_h128_20k
-3.849635713092584,-1.5632043867839496,-6.008690871677253,released,0.1,20,masked_psnr,8,4,background,covariance_s3_h128_20k
-0.7862962480339307,0.020945176138710917,-1.5934413950761537,adaptive,0.4,20,masked_psnr,8,4,eyes,covariance_s3_h128_20k
-2.2341347034016215,-1.393732431980491,-3.0294497081137974,released,0.2,20,masked_psnr,8,4,eyes,covariance_s3_h128_20k
0.28622469882995516,1.057248974223125,-0.4705663857722583,adaptive,0.55,20,masked_psnr,8,4,flame_supported,covariance_s3_h128_20k
0.3038789803466352,1.15650798149066,-0.5739871332188704,released,0.55,20,masked_psnr,8,4,flame_supported,covariance_s3_h128_20k
2.8828437082342213,3.4877762961669747,2.2165166051180814,adaptive,0.95,20,masked_psnr,8,4,flame_unsupported,covariance_s3_h128_20k
2.7026028707295278,3.344884695395963,1.9903598119708978,released,0.9,20,masked_psnr,8,4,flame_unsupported,covariance_s3_h128_20k
2.1232492967861525,2.7508111096585677,1.480413137809471,adaptive,0.9,20,masked_psnr,8,4,foreground,covariance_s3_h128_20k
2.0132431639515875,2.667331521771533,1.2790166801572467,released,0.9,20,masked_psnr,8,4,foreground,covariance_s3_h128_20k
0.9674557015181385,1.8446393494359543,0.008151949421346042,adaptive,0.8,20,masked_psnr,8,4,full_frame,covariance_s3_h128_20k
0.9013560602753798,1.8145255721326479,-0.11788663172936442,released,0.8,20,masked_psnr,8,4,full_frame,covariance_s3_h128_20k
0.8106179706745017,1.311637366950845,0.2580029046052893,adaptive,0.75,20,masked_psnr,8,4,head_foreground,covariance_s3_h128_20k
0.7437322634639416,1.301246161306136,0.13109897594573278,released,0.75,20,masked_psnr,8,4,head_foreground,covariance_s3_h128_20k
-0.7538800981800884,-0.0687358720834879,-1.523704159635569,adaptive,0.35,20,masked_psnr,8,4,head_supported,covariance_s3_h128_20k
-0.7303658178052016,0.04489142172576669,-1.5415384493593016,released,0.45,20,masked_psnr,8,4,head_supported,covariance_s3_h128_20k
2.6049208274956226,3.6286843085459592,1.753060769917166,adaptive,0.95,20,masked_psnr,8,4,head_unsupported,covariance_s3_h128_20k
2.341766884484926,3.261055509225869,1.4922873800895562,released,0.95,20,masked_psnr,8,4,head_unsupported,covariance_s3_h128_20k
-0.6014189651006434,0.024355078698288967,-1.2444383120790596,adaptive,0.3,20,masked_psnr,8,4,oral,covariance_s3_h128_20k
-1.0333090925402166,-0.3257697459142407,-1.7890029100365954,released,0.25,20,masked_psnr,8,4,oral,covariance_s3_h128_20k
2.8097385966775894,3.706457570267894,1.8199018319205105,adaptive,0.9,20,masked_psnr,8,4,torso_outside_head_roi,covariance_s3_h128_20k
2.6849880336514262,3.63923349613138,1.5905214353063952,released,0.85,20,masked_psnr,8,4,torso_outside_head_roi,covariance_s3_h128_20k
-3.400450029392964,-0.7559228288666041,-5.702028831446676,adaptive,0.15,20,masked_psnr,8,8,background,covariance_s3_h128_20k
-3.5116999081782034,-0.9006568932682973,-5.856863656858494,released,0.15,20,masked_psnr,8,8,background,covariance_s3_h128_20k
-0.648287007603898,0.14474959215238195,-1.436798064747595,adaptive,0.4,20,masked_psnr,8,8,eyes,covariance_s3_h128_20k
-2.075865152466857,-1.2679930577192788,-2.820307808976171,released,0.2,20,masked_psnr,8,8,eyes,covariance_s3_h128_20k
0.35837083203828557,1.2173324972252475,-0.5044246161966335,adaptive,0.5,20,masked_psnr,8,8,flame_supported,covariance_s3_h128_20k
0.35612828095625837,1.2828544742593468,-0.572581591799875,released,0.55,20,masked_psnr,8,8,flame_supported,covariance_s3_h128_20k
2.9386800833055613,3.593700244940945,2.278208923563677,adaptive,0.95,20,masked_psnr,8,8,flame_unsupported,covariance_s3_h128_20k
2.7500742474093562,3.422630532122759,2.0106692689808408,released,0.9,20,masked_psnr,8,8,flame_unsupported,covariance_s3_h128_20k
2.207270627316447,2.880837188971958,1.5223801489424096,adaptive,0.9,20,masked_psnr,8,8,foreground,covariance_s3_h128_20k
2.0836473503401107,2.793599329096125,1.3380426411662587,released,0.9,20,masked_psnr,8,8,foreground,covariance_s3_h128_20k
1.0471901632102034,1.9497363374076073,0.02874841767638898,adaptive,0.8,20,masked_psnr,8,8,full_frame,covariance_s3_h128_20k
0.981473634482775,1.9171223589682296,-0.09650777038551807,released,0.8,20,masked_psnr,8,8,full_frame,covariance_s3_h128_20k
0.8313086590348707,1.3342039532599745,0.29045684576351927,adaptive,0.75,20,masked_psnr,8,8,head_foreground,covariance_s3_h128_20k
0.7236302596503139,1.2659793539303539,0.1296646104277728,released,0.75,20,masked_psnr,8,8,head_foreground,covariance_s3_h128_20k
-0.7339969662278444,0.03364980400965863,-1.55552991422142,adaptive,0.4,20,masked_psnr,8,8,head_supported,covariance_s3_h128_20k
-0.7383623608751753,0.06763760029108801,-1.6066922852662122,released,0.45,20,masked_psnr,8,8,head_supported,covariance_s3_h128_20k
2.5897342921978725,3.5764892400644994,1.7446914082840053,adaptive,0.95,20,masked_psnr,8,8,head_unsupported,covariance_s3_h128_20k
2.2854493605625796,3.207737687054999,1.4140515757753647,released,0.95,20,masked_psnr,8,8,head_unsupported,covariance_s3_h128_20k
-0.7197729734809627,-0.15258591033959168,-1.3108667775001703,adaptive,0.3,20,masked_psnr,8,8,oral,covariance_s3_h128_20k
-1.1974314569490478,-0.5134577176043611,-1.9171754428571615,released,0.25,20,masked_psnr,8,8,oral,covariance_s3_h128_20k
2.9196727908323643,3.8785622036990355,1.8818281627390423,adaptive,0.9,20,masked_psnr,8,8,torso_outside_head_roi,covariance_s3_h128_20k
2.7983276268698125,3.8086361147708425,1.6623292106183165,released,0.85,20,masked_psnr,8,8,torso_outside_head_roi,covariance_s3_h128_20k
-5.678369757164261,-4.100308560380918,-7.575727013670226,adaptive,0.0,20,masked_psnr,384,1,background,covariance_s3_h128_20k
-5.333453750668813,-3.5790916719516064,-7.443350503231945,released,0.0,20,masked_psnr,384,1,background,covariance_s3_h128_20k
0.5324886847476019,0.8959831331920105,0.1780788251305228,adaptive,0.65,20,masked_psnr,384,1,eyes,covariance_s3_h128_20k
0.7774249889113266,1.2063509894750828,0.35562250649593075,released,0.7,20,masked_psnr,384,1,eyes,covariance_s3_h128_20k
2.1975721507541843,2.9422732508107927,1.472532964601052,adaptive,0.95,20,masked_psnr,384,1,flame_supported,covariance_s3_h128_20k
2.435214264125146,3.192190256736522,1.7094717344902794,released,0.95,20,masked_psnr,384,1,flame_supported,covariance_s3_h128_20k
5.441766970620514,6.38870898659132,4.417132502066236,adaptive,0.95,20,masked_psnr,384,1,flame_unsupported,covariance_s3_h128_20k
5.6887538990636575,6.560701291831469,4.770940089251554,released,1.0,20,masked_psnr,384,1,flame_unsupported,covariance_s3_h128_20k
4.474529388812981,5.316879679188753,3.6045391614271676,adaptive,1.0,20,masked_psnr,384,1,foreground,covariance_s3_h128_20k
4.704378520768282,5.505014749604589,3.831242236803484,released,1.0,20,masked_psnr,384,1,foreground,covariance_s3_h128_20k
2.809585756245318,3.443285876011614,2.1277024352670177,adaptive,0.95,20,masked_psnr,384,1,full_frame,covariance_s3_h128_20k
3.123750241058352,3.785047255334397,2.410330932163357,released,0.95,20,masked_psnr,384,1,full_frame,covariance_s3_h128_20k
2.9455575779955208,3.6315021460995,2.302152262247873,adaptive,1.0,20,masked_psnr,384,1,head_foreground,covariance_s3_h128_20k
3.182326991223239,3.8664966827854137,2.5468877101094636,released,1.0,20,masked_psnr,384,1,head_foreground,covariance_s3_h128_20k
1.0334302403618487,1.5711374910936386,0.4776878441538842,adaptive,0.8,20,masked_psnr,384,1,head_supported,covariance_s3_h128_20k
1.3136407050784038,1.8747517900661304,0.7600285260975498,released,0.9,20,masked_psnr,384,1,head_supported,covariance_s3_h128_20k
5.11213070260404,6.441166645911967,3.8193206262575563,adaptive,0.9,20,masked_psnr,384,1,head_unsupported,covariance_s3_h128_20k
5.3360065546738324,6.607786309531162,4.12308009780498,released,1.0,20,masked_psnr,384,1,head_unsupported,covariance_s3_h128_20k
0.16841682490334337,0.7704337387306066,-0.47505130009243124,adaptive,0.55,20,masked_psnr,384,1,oral,covariance_s3_h128_20k
-0.16463991090447544,0.5085258823099241,-0.9059240925368105,released,0.45,20,masked_psnr,384,1,oral,covariance_s3_h128_20k
5.583612086564534,6.715854868094135,4.3467759030772495,adaptive,1.0,20,masked_psnr,384,1,torso_outside_head_roi,covariance_s3_h128_20k
5.769044487716174,6.844184603563109,4.598350806556173,released,0.95,20,masked_psnr,384,1,torso_outside_head_roi,covariance_s3_h128_20k
-5.717921622846321,-4.37519578440378,-7.320349629029077,adaptive,0.0,20,masked_psnr,384,4,background,covariance_s3_h128_20k
-5.310268981490639,-3.7380293326574785,-7.114730223428537,released,0.0,20,masked_psnr,384,4,background,covariance_s3_h128_20k
0.6207521509034789,1.1142027415090114,0.14058362368154587,adaptive,0.7,20,masked_psnr,384,4,eyes,covariance_s3_h128_20k
0.7175531324861671,1.2818039094406442,0.16494054082099335,released,0.65,20,masked_psnr,384,4,eyes,covariance_s3_h128_20k
2.2417087349103584,3.017364013565474,1.4734160059795816,adaptive,0.95,20,masked_psnr,384,4,flame_supported,covariance_s3_h128_20k
2.5720436041568795,3.372218617559861,1.7722868904873994,released,0.9,20,masked_psnr,384,4,flame_supported,covariance_s3_h128_20k
5.437591785988472,6.393114512690096,4.440239653648915,adaptive,1.0,20,masked_psnr,384,4,flame_unsupported,covariance_s3_h128_20k
5.684488698595215,6.551805634541035,4.787640096102298,released,1.0,20,masked_psnr,384,4,flame_unsupported,covariance_s3_h128_20k
4.505969078506745,5.328756236120655,3.6629201697048988,adaptive,1.0,20,masked_psnr,384,4,foreground,covariance_s3_h128_20k
4.768226157074947,5.534893595920098,3.9418491441193617,released,1.0,20,masked_psnr,384,4,foreground,covariance_s3_h128_20k
2.7578609668782343,3.3633328507703526,2.1083503278395725,adaptive,0.95,20,masked_psnr,384,4,full_frame,covariance_s3_h128_20k
3.1423741056899717,3.7863814231306736,2.4579493690331713,released,1.0,20,masked_psnr,384,4,full_frame,covariance_s3_h128_20k
3.0395008032672037,3.7066807415100973,2.4335041534228448,adaptive,1.0,20,masked_psnr,384,4,head_foreground,covariance_s3_h128_20k
3.32955010817234,3.984146457435291,2.707546926702,released,1.0,20,masked_psnr,384,4,head_foreground,covariance_s3_h128_20k
0.9677948481090454,1.5683449448398767,0.3439677898939659,adaptive,0.8,20,masked_psnr,384,4,head_supported,covariance_s3_h128_20k
1.316843539602238,1.9483855853334289,0.6788437860297478,released,0.8,20,masked_psnr,384,4,head_supported,covariance_s3_h128_20k
5.279701708708888,6.508615926227133,4.055397090471813,adaptive,0.95,20,masked_psnr,384,4,head_unsupported,covariance_s3_h128_20k
5.625543515562592,6.8053976897352975,4.550482901636022,released,1.0,20,masked_psnr,384,4,head_unsupported,covariance_s3_h128_20k
-0.0928431196633265,0.46631980130695294,-0.6503425676485972,adaptive,0.35,20,masked_psnr,384,4,oral,covariance_s3_h128_20k
-0.5006539292808061,0.1218410972086665,-1.16505511116204,released,0.4,20,masked_psnr,384,4,oral,covariance_s3_h128_20k
5.496753802266265,6.581221054841927,4.293668753411793,adaptive,1.0,20,masked_psnr,384,4,torso_outside_head_roi,covariance_s3_h128_20k
5.701098696498454,6.732171715309866,4.533628415721914,released,0.95,20,masked_psnr,384,4,torso_outside_head_roi,covariance_s3_h128_20k
-5.618980058296069,-4.357602855849079,-7.0063658524929595,adaptive,0.0,20,masked_psnr,384,8,background,covariance_s3_h128_20k
-5.371739922583748,-3.940466207687664,-6.9905921265089574,released,0.0,20,masked_psnr,384,8,background,covariance_s3_h128_20k
0.6910817299564647,1.1631189641581505,0.23127061765253876,adaptive,0.6,20,masked_psnr,384,8,eyes,covariance_s3_h128_20k
0.7777230215917788,1.3548417310347867,0.23298615681953955,released,0.65,20,masked_psnr,384,8,eyes,covariance_s3_h128_20k
2.273984532360634,3.0690994696143994,1.5114764533567289,adaptive,0.95,20,masked_psnr,384,8,flame_supported,covariance_s3_h128_20k
2.5664906713036033,3.419370155557824,1.7667037966696884,released,0.95,20,masked_psnr,384,8,flame_supported,covariance_s3_h128_20k
5.536100178560861,6.487930520213438,4.494807266857454,adaptive,1.0,20,masked_psnr,384,8,flame_unsupported,covariance_s3_h128_20k
5.8494484019407205,6.736986420563512,4.921913592006383,released,1.0,20,masked_psnr,384,8,flame_unsupported,covariance_s3_h128_20k
4.607821917441646,5.452733761516844,3.7281605018531674,adaptive,1.0,20,masked_psnr,384,8,foreground,covariance_s3_h128_20k
4.89576533255522,5.684496954962608,4.044110086292879,released,1.0,20,masked_psnr,384,8,foreground,covariance_s3_h128_20k
2.785041074091578,3.401321171034472,2.1061621834248627,adaptive,0.95,20,masked_psnr,384,8,full_frame,covariance_s3_h128_20k
3.1550931228471613,3.8172866331938873,2.4551036492273695,released,1.0,20,masked_psnr,384,8,full_frame,covariance_s3_h128_20k
3.0453876265984547,3.679501841369673,2.417707056687117,adaptive,1.0,20,masked_psnr,384,8,head_foreground,covariance_s3_h128_20k
3.3423771875420387,3.9977055336662315,2.7026346550512246,released,1.0,20,masked_psnr,384,8,head_foreground,covariance_s3_h128_20k
0.9480144008388718,1.5419513646004894,0.3406387539008993,adaptive,0.8,20,masked_psnr,384,8,head_supported,covariance_s3_h128_20k
1.2608480707205851,1.8796692009104357,0.6409113777695543,released,0.8,20,masked_psnr,384,8,head_supported,covariance_s3_h128_20k
5.274168651507265,6.522619593578426,4.078763576019812,adaptive,0.95,20,masked_psnr,384,8,head_unsupported,covariance_s3_h128_20k
5.699794095857599,6.830172750978219,4.63032850578609,released,1.0,20,masked_psnr,384,8,head_unsupported,covariance_s3_h128_20k
-0.2469980407484922,0.2953105020218379,-0.8178413425888491,adaptive,0.35,20,masked_psnr,384,8,oral,covariance_s3_h128_20k
-0.6674150792008615,-0.10758887327576422,-1.276989384569748,released,0.3,20,masked_psnr,384,8,oral,covariance_s3_h128_20k
5.586337064730171,6.709046948546979,4.366159419160259,adaptive,1.0,20,masked_psnr,384,8,torso_outside_head_roi,covariance_s3_h128_20k
5.8281413953848045,6.903425445988177,4.616208079870489,released,1.0,20,masked_psnr,384,8,torso_outside_head_roi,covariance_s3_h128_20k
-0.9764293337120652,1.7814654512742223,-3.043882257033622,adaptive,0.2,20,masked_psnr,8,1,background,primary_s5_h128_20k
-0.7077971709340225,1.8439312799794223,-2.561519949693758,released,0.25,20,masked_psnr,8,1,background,primary_s5_h128_20k
-0.07322731751288165,0.5024976681640108,-0.8034825245152838,adaptive,0.6,20,masked_psnr,8,1,eyes,primary_s5_h128_20k
-0.4480722445949586,0.11762773432838236,-1.120826551566935,released,0.45,20,masked_psnr,8,1,eyes,primary_s5_h128_20k
-1.7417578705543129,-1.14356077560203,-2.375296692555197,adaptive,0.1,20,masked_psnr,8,1,flame_supported,primary_s5_h128_20k
-1.580274357638642,-1.0523954712099888,-2.16719848851208,released,0.0,20,masked_psnr,8,1,flame_supported,primary_s5_h128_20k
2.921069841507734,3.8182945607371432,1.9396447082600938,adaptive,0.95,20,masked_psnr,8,1,flame_unsupported,primary_s5_h128_20k
2.650930667213749,3.5406324194912853,1.7395111275779347,released,0.95,20,masked_psnr,8,1,flame_unsupported,primary_s5_h128_20k
1.910699634794375,2.735905471908598,0.9846409506852121,adaptive,0.9,20,masked_psnr,8,1,foreground,primary_s5_h128_20k
1.7289019673076063,2.5145207139179906,0.8987118680547351,released,0.9,20,masked_psnr,8,1,foreground,primary_s5_h128_20k
1.0101094246911824,1.9299192491018813,-0.052664309776590604,adaptive,0.8,20,masked_psnr,8,1,full_frame,primary_s5_h128_20k
0.930162418265639,1.7574593050381213,-0.032602263046255076,released,0.8,20,masked_psnr,8,1,full_frame,primary_s5_h128_20k
0.053494291785280534,0.6905535067460615,-0.6195444261071514,adaptive,0.55,20,masked_psnr,8,1,head_foreground,primary_s5_h128_20k
-0.09816495572078132,0.39421899633002305,-0.6267513547537462,released,0.5,20,masked_psnr,8,1,head_foreground,primary_s5_h128_20k
-2.164464863017441,-1.5850551935121298,-2.816332924846204,adaptive,0.05,20,masked_psnr,8,1,head_supported,primary_s5_h128_20k
-2.1080508270887535,-1.666736630545203,-2.6218824399084166,released,0.0,20,masked_psnr,8,1,head_supported,primary_s5_h128_20k
1.9312685998897674,3.1139359573527097,0.9034579996617111,adaptive,0.85,20,masked_psnr,8,1,head_unsupported,primary_s5_h128_20k
1.5417584525710368,2.3164502012243737,0.7976646929503675,released,0.85,20,masked_psnr,8,1,head_unsupported,primary_s5_h128_20k
-0.8101475469963333,-0.47262027399462986,-1.150970163626614,adaptive,0.1,20,masked_psnr,8,1,oral,primary_s5_h128_20k
-0.45405988252573765,-0.1921239943986394,-0.6994960168688528,released,0.2,20,masked_psnr,8,1,oral,primary_s5_h128_20k
2.822367560037268,3.9724327287092107,1.5347675518625288,adaptive,0.85,20,masked_psnr,8,1,torso_outside_head_roi,primary_s5_h128_20k
2.5887322718666956,3.7113190942881635,1.3515036674545156,released,0.85,20,masked_psnr,8,1,torso_outside_head_roi,primary_s5_h128_20k
-0.7113346079821337,1.7636829865283061,-2.80450919990406,adaptive,0.4,20,masked_psnr,8,4,background,primary_s5_h128_20k
-0.4057497944430743,2.065655923523593,-2.358072553571393,released,0.25,20,masked_psnr,8,4,background,primary_s5_h128_20k
-0.33664820386666044,0.19353440231492305,-0.9345663217794932,adaptive,0.45,20,masked_psnr,8,4,eyes,primary_s5_h128_20k
-0.5811200781478179,0.01343288533813719,-1.277154100780493,released,0.45,20,masked_psnr,8,4,eyes,primary_s5_h128_20k
-1.7820869542444289,-1.1641766111542315,-2.4269971422036103,adaptive,0.15,20,masked_psnr,8,4,flame_supported,primary_s5_h128_20k
-1.6518761467447156,-1.160046829931671,-2.177470207868574,released,0.05,20,masked_psnr,8,4,flame_supported,primary_s5_h128_20k
2.98286308782468,3.7034621539216506,2.2831813114090305,adaptive,0.95,20,masked_psnr,8,4,flame_unsupported,primary_s5_h128_20k
2.852427511431859,3.518003733924076,2.2117124110704816,released,0.95,20,masked_psnr,8,4,flame_unsupported,primary_s5_h128_20k
1.9994224841565669,2.6789306697189286,1.248308111035777,adaptive,0.9,20,masked_psnr,8,4,foreground,primary_s5_h128_20k
1.921359741671219,2.5379513449483495,1.2487398282457502,released,0.95,20,masked_psnr,8,4,foreground,primary_s5_h128_20k
1.1017562451323297,1.9375540302694951,0.15313913455113942,adaptive,0.8,20,masked_psnr,8,4,full_frame,primary_s5_h128_20k
1.0853207153263729,1.8603688176762734,0.23931268900270147,released,0.8,20,masked_psnr,8,4,full_frame,primary_s5_h128_20k
-0.13013835878456356,0.44059172660438517,-0.7532621730294708,adaptive,0.6,20,masked_psnr,8,4,head_foreground,primary_s5_h128_20k
-0.09476617743974902,0.44532779806612793,-0.6448509311353604,released,0.5,20,masked_psnr,8,4,head_foreground,primary_s5_h128_20k
-2.448097285642042,-1.824281279415897,-3.183505020358835,adaptive,0.0,20,masked_psnr,8,4,head_supported,primary_s5_h128_20k
-2.372035984054353,-1.8449175073448556,-3.000388518528834,released,0.0,20,masked_psnr,8,4,head_supported,primary_s5_h128_20k
1.5759114819618598,2.618833071435782,0.7294146883164128,adaptive,0.85,20,masked_psnr,8,4,head_unsupported,primary_s5_h128_20k
1.5102483513172527,2.237776376724042,0.8272848572821068,released,0.85,20,masked_psnr,8,4,head_unsupported,primary_s5_h128_20k
-0.9993944341736102,-0.665709474341503,-1.3348249992906105,adaptive,0.1,20,masked_psnr,8,4,oral,primary_s5_h128_20k
-0.7072615852931385,-0.36288437076379804,-1.070892558594248,released,0.2,20,masked_psnr,8,4,oral,primary_s5_h128_20k
3.023294426316141,4.022019309556264,1.978100772676963,adaptive,0.9,20,masked_psnr,8,4,torso_outside_head_roi,primary_s5_h128_20k
2.8926181667572313,3.7363062703796537,2.0026560446103905,released,0.95,20,masked_psnr,8,4,torso_outside_head_roi,primary_s5_h128_20k
-0.6881825951690044,1.5117770098375645,-2.657643396966566,adaptive,0.4,20,masked_psnr,8,8,background,primary_s5_h128_20k
-0.37608804129114004,1.9019652856712665,-2.239309475189326,released,0.25,20,masked_psnr,8,8,background,primary_s5_h128_20k
-0.2408622315638433,0.2429966178125803,-0.8564384208295295,adaptive,0.5,20,masked_psnr,8,8,eyes,primary_s5_h128_20k
-0.4023024849335795,0.11344688576382252,-1.0211403033730002,released,0.55,20,masked_psnr,8,8,eyes,primary_s5_h128_20k
-1.9601076433764058,-1.3340807535950585,-2.5914034438907922,adaptive,0.15,20,masked_psnr,8,8,flame_supported,primary_s5_h128_20k
-1.6863736896661567,-1.1795757152669295,-2.2356104598913875,released,0.1,20,masked_psnr,8,8,flame_supported,primary_s5_h128_20k
2.9947972812949346,3.703250718406048,2.315010990164529,adaptive,0.95,20,masked_psnr,8,8,flame_unsupported,primary_s5_h128_20k
2.959080248053381,3.6162101243549847,2.3363201271101426,released,1.0,20,masked_psnr,8,8,flame_unsupported,primary_s5_h128_20k
1.9885163163090294,2.679296829985671,1.2291615099781337,adaptive,0.9,20,masked_psnr,8,8,foreground,primary_s5_h128_20k
2.024734432545169,2.646741923217863,1.3583864308852067,released,0.95,20,masked_psnr,8,8,foreground,primary_s5_h128_20k
1.1122389760869023,1.971952140615858,0.15777727607119138,adaptive,0.8,20,masked_psnr,8,8,full_frame,primary_s5_h128_20k
1.171933110806015,1.9504753557538748,0.24571956502961875,released,0.8,20,masked_psnr,8,8,full_frame,primary_s5_h128_20k
-0.21707412933236342,0.3316005331078216,-0.8135216477668095,adaptive,0.5,20,masked_psnr,8,8,head_foreground,primary_s5_h128_20k
-0.12308298289393767,0.3841828853966244,-0.6480680655420984,released,0.6,20,masked_psnr,8,8,head_foreground,primary_s5_h128_20k
-2.6356975947216745,-2.0188792491178997,-3.3385208551214753,adaptive,0.0,20,masked_psnr,8,8,head_supported,primary_s5_h128_20k
-2.4959026747299533,-1.9864677231617847,-3.0793945334628137,released,0.0,20,masked_psnr,8,8,head_supported,primary_s5_h128_20k
1.5081774625157056,2.52318911518583,0.6726170633692716,adaptive,0.85,20,masked_psnr,8,8,head_unsupported,primary_s5_h128_20k
1.4880640043062674,2.1979430030465257,0.8182776982017709,released,0.9,20,masked_psnr,8,8,head_unsupported,primary_s5_h128_20k
-0.9271261336833552,-0.571989060512297,-1.2895552016053313,adaptive,0.15,20,masked_psnr,8,8,oral,primary_s5_h128_20k
-0.6118420166417495,-0.2958138440301446,-0.9622318789937062,released,0.25,20,masked_psnr,8,8,oral,primary_s5_h128_20k
3.0270029999384094,4.000539612876638,2.008724682054432,adaptive,0.9,20,masked_psnr,8,8,torso_outside_head_roi,primary_s5_h128_20k
3.072363492300958,3.9613815872137432,2.1604782577106065,released,0.95,20,masked_psnr,8,8,torso_outside_head_roi,primary_s5_h128_20k
-2.784236080598096,-1.0986246860003643,-4.459869757669653,adaptive,0.1,20,masked_psnr,32,1,background,primary_s5_h128_20k
-2.532434550595245,-0.6325172568217516,-4.277529740910214,released,0.2,20,masked_psnr,32,1,background,primary_s5_h128_20k
-0.06757987333609687,0.26201369748828124,-0.3630676141855599,adaptive,0.5,20,masked_psnr,32,1,eyes,primary_s5_h128_20k
-0.5142769485954506,-0.0421269090157959,-0.9972429751676083,released,0.35,20,masked_psnr,32,1,eyes,primary_s5_h128_20k
-0.4847107522697486,0.12852913245444328,-1.106020658439543,adaptive,0.45,20,masked_psnr,32,1,flame_supported,primary_s5_h128_20k
-0.46482486809623175,0.12811949411066625,-1.0835342332361018,released,0.45,20,masked_psnr,32,1,flame_supported,primary_s5_h128_20k
5.687558032902422,6.78396875888208,4.491978872224523,adaptive,0.9,20,masked_psnr,32,1,flame_unsupported,primary_s5_h128_20k
5.749975837879353,6.782878143885794,4.598821114479683,released,0.95,20,masked_psnr,32,1,flame_unsupported,primary_s5_h128_20k
4.1787301842821005,5.0801015585163345,3.1511458926057108,adaptive,0.9,20,masked_psnr,32,1,foreground,primary_s5_h128_20k
4.2348564598736065,5.124489178358415,3.2166918878766073,released,0.9,20,masked_psnr,32,1,foreground,primary_s5_h128_20k
2.2783235781970133,3.1205489783802864,1.3718377640024781,adaptive,0.85,20,masked_psnr,32,1,full_frame,primary_s5_h128_20k
2.365642037618097,3.1698877363843683,1.4788677791800735,released,0.85,20,masked_psnr,32,1,full_frame,primary_s5_h128_20k
1.6727800263123764,2.623898149553703,0.7303932638494334,adaptive,0.75,20,masked_psnr,32,1,head_foreground,primary_s5_h128_20k
1.703759268138382,2.653949901258151,0.8167312499083071,released,0.8,20,masked_psnr,32,1,head_foreground,primary_s5_h128_20k
-1.245081907673662,-0.8005564463703544,-1.7231001132989765,adaptive,0.05,20,masked_psnr,32,1,head_supported,primary_s5_h128_20k
-1.2336073898938815,-0.8209481971033671,-1.676182279713901,released,0.05,20,masked_psnr,32,1,head_supported,primary_s5_h128_20k
4.36151735964525,5.882816851405385,2.8482424969025137,adaptive,0.85,20,masked_psnr,32,1,head_unsupported,primary_s5_h128_20k
4.414686705263137,5.916233309461329,2.993666393578315,released,0.9,20,masked_psnr,32,1,head_unsupported,primary_s5_h128_20k
-0.7490372490436903,-0.4332186121554831,-1.0495380361617093,adaptive,0.1,20,masked_psnr,32,1,oral,primary_s5_h128_20k
-0.3196833976158617,-0.028031136236003354,-0.5905800687419417,released,0.35,20,masked_psnr,32,1,oral,primary_s5_h128_20k
5.905859736570818,6.988452216761475,4.736545287119545,adaptive,0.95,20,masked_psnr,32,1,torso_outside_head_roi,primary_s5_h128_20k
5.922666222685548,7.076306240808872,4.624084221326199,released,0.95,20,masked_psnr,32,1,torso_outside_head_roi,primary_s5_h128_20k
-2.5708871485275693,-0.7729419280932138,-4.240459718809401,adaptive,0.2,20,masked_psnr,32,4,background,primary_s5_h128_20k
-2.2771288083747208,-0.0593808920801284,-4.254875505168583,released,0.3,20,masked_psnr,32,4,background,primary_s5_h128_20k
-0.1391703989596577,0.21868422080458194,-0.4641689624774396,adaptive,0.35,20,masked_psnr,32,4,eyes,primary_s5_h128_20k
-0.5615725211237234,-0.07506819441345551,-1.0847864678560437,released,0.4,20,masked_psnr,32,4,eyes,primary_s5_h128_20k
-0.5911947580266801,0.06415271472693293,-1.2690460039948688,adaptive,0.35,20,masked_psnr,32,4,flame_supported,primary_s5_h128_20k
-0.5299327392154213,0.1353943116635455,-1.195786102714351,released,0.45,20,masked_psnr,32,4,flame_supported,primary_s5_h128_20k
5.692297167582366,6.724380675658018,4.572513251796497,adaptive,0.95,20,masked_psnr,32,4,flame_unsupported,primary_s5_h128_20k
5.84652513801629,6.752395007008565,4.787982117396422,released,0.95,20,masked_psnr,32,4,flame_unsupported,primary_s5_h128_20k
4.232729532232908,5.097359999081517,3.2686074658901876,adaptive,0.9,20,masked_psnr,32,4,foreground,primary_s5_h128_20k
4.360119772522678,5.217889458214914,3.380446108466813,released,0.9,20,masked_psnr,32,4,foreground,primary_s5_h128_20k
2.4080608270917168,3.2162290174233132,1.5965711764960182,adaptive,0.9,20,masked_psnr,32,4,full_frame,primary_s5_h128_20k
2.4921534557715352,3.330803937482927,1.633614192084807,released,0.85,20,masked_psnr,32,4,full_frame,primary_s5_h128_20k
1.6239397902204165,2.597746479779907,0.6767558505179272,adaptive,0.75,20,masked_psnr,32,4,head_foreground,primary_s5_h128_20k
1.7847756704722435,2.728210802588348,0.8391516746193004,released,0.75,20,masked_psnr,32,4,head_foreground,primary_s5_h128_20k
-1.5869347858794467,-1.1050103661835031,-2.1339430669062738,adaptive,0.0,20,masked_psnr,32,4,head_supported,primary_s5_h128_20k
-1.5588331138760734,-1.1054929600339742,-2.0507524851486063,released,0.0,20,masked_psnr,32,4,head_supported,primary_s5_h128_20k
4.206647078937341,5.649661055597342,2.711520972646944,adaptive,0.85,20,masked_psnr,32,4,head_unsupported,primary_s5_h128_20k
4.471699047143039,5.858688842856326,3.0922239565297223,released,0.95,20,masked_psnr,32,4,head_unsupported,primary_s5_h128_20k
-1.0193928856583798,-0.7056936043544381,-1.320151321829058,adaptive,0.05,20,masked_psnr,32,4,oral,primary_s5_h128_20k
-0.6744200511128593,-0.37920823964084,-0.9729464022924839,released,0.15,20,masked_psnr,32,4,oral,primary_s5_h128_20k
6.008106509507564,6.894765885474874,5.092663836468811,adaptive,1.0,20,masked_psnr,32,4,torso_outside_head_roi,primary_s5_h128_20k
5.990364484520312,6.8901462582967685,5.001434542263548,released,1.0,20,masked_psnr,32,4,torso_outside_head_roi,primary_s5_h128_20k
-2.359346153874839,-0.2169719436116831,-4.1069837362929515,adaptive,0.2,20,masked_psnr,32,8,background,primary_s5_h128_20k
-2.244312772848991,-0.06440620208424228,-4.150939303236522,released,0.3,20,masked_psnr,32,8,background,primary_s5_h128_20k
-0.020712202738564934,0.26697435513381274,-0.3251354721358069,adaptive,0.5,20,masked_psnr,32,8,eyes,primary_s5_h128_20k
-0.3959684105017683,0.07103739082817982,-0.9219651896744566,released,0.4,20,masked_psnr,32,8,eyes,primary_s5_h128_20k
-0.5857024679077191,0.056578512331228153,-1.2307318751879914,adaptive,0.4,20,masked_psnr,32,8,flame_supported,primary_s5_h128_20k
-0.5734009209247923,0.07857456115893025,-1.210786123608947,released,0.35,20,masked_psnr,32,8,flame_supported,primary_s5_h128_20k
5.7909476748307345,6.752001258524942,4.7174344168690485,adaptive,0.95,20,masked_psnr,32,8,flame_unsupported,primary_s5_h128_20k
5.8838632026573965,6.766564880919193,4.88667401371096,released,0.95,20,masked_psnr,32,8,flame_unsupported,primary_s5_h128_20k
4.370738061718294,5.248523595591235,3.4205451749380664,adaptive,0.9,20,masked_psnr,32,8,foreground,primary_s5_h128_20k
4.444520077631505,5.313843995402969,3.4650105552464856,released,0.9,20,masked_psnr,32,8,foreground,primary_s5_h128_20k
2.4921801123467384,3.321283912454758,1.637199333727766,adaptive,0.9,20,masked_psnr,32,8,full_frame,primary_s5_h128_20k
2.5471170904275726,3.375224680501996,1.6900760579995227,released,0.85,20,masked_psnr,32,8,full_frame,primary_s5_h128_20k
1.6585904882236835,2.579664263794443,0.7384215074497449,adaptive,0.75,20,masked_psnr,32,8,head_foreground,primary_s5_h128_20k
1.7569721845716035,2.710528171383715,0.8294153994677629,released,0.75,20,masked_psnr,32,8,head_foreground,primary_s5_h128_20k
-1.6140102678852344,-1.1682144859491115,-2.118158883325167,adaptive,0.0,20,masked_psnr,32,8,head_supported,primary_s5_h128_20k
-1.6103656434283486,-1.1551526700873476,-2.063700507031627,released,0.05,20,masked_psnr,32,8,head_supported,primary_s5_h128_20k
4.199614382139686,5.5724973403582165,2.7913035023479726,adaptive,0.85,20,masked_psnr,32,8,head_unsupported,primary_s5_h128_20k
4.349325918570742,5.740454076244722,2.948750862577644,released,0.95,20,masked_psnr,32,8,head_unsupported,primary_s5_h128_20k
-1.023268462230754,-0.6865173213956938,-1.3669833749731772,adaptive,0.05,20,masked_psnr,32,8,oral,primary_s5_h128_20k
-0.6456410330337429,-0.3732609549489454,-0.9087537514925126,released,0.2,20,masked_psnr,32,8,oral,primary_s5_h128_20k
6.077056465581058,6.996264713425245,5.114543149764249,adaptive,1.0,20,masked_psnr,32,8,torso_outside_head_roi,primary_s5_h128_20k
6.030928239371561,6.973711491381358,5.011717728499868,released,1.0,20,masked_psnr,32,8,torso_outside_head_roi,primary_s5_h128_20k
-2.161793481959246,-1.3314313007822611,-3.0298946543132645,adaptive,0.1,20,masked_psnr,128,1,background,primary_s5_h128_20k
-1.8008011722918524,-0.7316535375548735,-2.8437532860210633,released,0.25,20,masked_psnr,128,1,background,primary_s5_h128_20k
0.026334700514947507,0.3659436189317237,-0.30423472102739174,adaptive,0.45,20,masked_psnr,128,1,eyes,primary_s5_h128_20k
-0.0952685903503209,0.19904245152160976,-0.384491927983108,released,0.5,20,masked_psnr,128,1,eyes,primary_s5_h128_20k
0.17507189239936016,0.6526777192661664,-0.2969072801719164,adaptive,0.45,20,masked_psnr,128,1,flame_supported,primary_s5_h128_20k
0.113413615353398,0.6483805097603597,-0.42849667328799756,released,0.5,20,masked_psnr,128,1,flame_supported,primary_s5_h128_20k
5.868984937913061,7.160285943138649,4.524561543904898,adaptive,1.0,20,masked_psnr,128,1,flame_unsupported,primary_s5_h128_20k
6.310196758616464,7.607351899322341,4.957295401799686,released,1.0,20,masked_psnr,128,1,flame_unsupported,primary_s5_h128_20k
4.480226048935361,5.4766132140346775,3.4202165452362014,adaptive,0.95,20,masked_psnr,128,1,foreground,primary_s5_h128_20k
4.778935053360957,5.83938177952247,3.615035048919783,released,0.95,20,masked_psnr,128,1,foreground,primary_s5_h128_20k
2.879121268066538,3.5981193822348128,2.1087138485564196,adaptive,0.9,20,masked_psnr,128,1,full_frame,primary_s5_h128_20k
3.1326617137409136,3.913298726420734,2.3216605500234073,released,0.95,20,masked_psnr,128,1,full_frame,primary_s5_h128_20k
1.9893722246519983,2.7758679079444506,1.1988386048240602,adaptive,0.85,20,masked_psnr,128,1,head_foreground,primary_s5_h128_20k
2.1377064190833677,2.9109182410675416,1.3833546968115464,released,0.8,20,masked_psnr,128,1,head_foreground,primary_s5_h128_20k
-0.6568990050300846,-0.37680034418167935,-0.9428984976485845,adaptive,0.1,20,masked_psnr,128,1,head_supported,primary_s5_h128_20k
-0.6981943814615946,-0.352893161551232,-1.0793993984256973,released,0.15,20,masked_psnr,128,1,head_supported,primary_s5_h128_20k
4.3316428327051595,5.81049725861221,2.900272223879182,adaptive,0.9,20,masked_psnr,128,1,head_unsupported,primary_s5_h128_20k
4.721589795639032,6.125550267006972,3.4103735083436204,released,1.0,20,masked_psnr,128,1,head_unsupported,primary_s5_h128_20k
-0.5510189725224182,-0.26219877853893964,-0.8522888590505753,adaptive,0.2,20,masked_psnr,128,1,oral,primary_s5_h128_20k
-0.19334204299962998,0.05154448481305113,-0.4403021160541333,released,0.35,20,masked_psnr,128,1,oral,primary_s5_h128_20k
6.221579525935395,7.593228144369332,4.801221984836772,adaptive,1.0,20,masked_psnr,128,1,torso_outside_head_roi,primary_s5_h128_20k
6.6396869664861855,7.979898466153432,5.201604841384178,released,1.0,20,masked_psnr,128,1,torso_outside_head_roi,primary_s5_h128_20k
-2.4034435771270046,-1.2219807636785989,-3.554051064379595,adaptive,0.05,20,masked_psnr,128,4,background,primary_s5_h128_20k
-2.032408316589862,-0.48429008832405057,-3.4301485107505387,released,0.2,20,masked_psnr,128,4,background,primary_s5_h128_20k
0.022127134555564254,0.36525693858680836,-0.33365254357105073,adaptive,0.55,20,masked_psnr,128,4,eyes,primary_s5_h128_20k
0.04335456540246572,0.3114297174782251,-0.21432030126801896,released,0.4,20,masked_psnr,128,4,eyes,primary_s5_h128_20k
0.007610701287609434,0.5214274292168847,-0.4924764992592861,adaptive,0.45,20,masked_psnr,128,4,flame_supported,primary_s5_h128_20k
0.05121411331460877,0.6065535707772076,-0.49567549757802715,released,0.5,20,masked_psnr,128,4,flame_supported,primary_s5_h128_20k
5.813656995865072,7.103825468303276,4.458320000147623,adaptive,1.0,20,masked_psnr,128,4,flame_unsupported,primary_s5_h128_20k
6.2957000319276935,7.535367581115093,5.020407280581076,released,1.0,20,masked_psnr,128,4,flame_unsupported,primary_s5_h128_20k
4.463656467056864,5.457184113714051,3.3977124746959735,adaptive,0.95,20,masked_psnr,128,4,foreground,primary_s5_h128_20k
4.8472231896869005,5.83823581840823,3.79140457665,released,1.0,20,masked_psnr,128,4,foreground,primary_s5_h128_20k
2.7155945490691247,3.4244102977399766,1.9886993678172307,adaptive,0.95,20,masked_psnr,128,4,full_frame,primary_s5_h128_20k
3.0155815423600836,3.7212422526842297,2.319917009788725,released,1.0,20,masked_psnr,128,4,full_frame,primary_s5_h128_20k
1.9864892166248527,2.7431830063986484,1.2145812596527834,adaptive,0.85,20,masked_psnr,128,4,head_foreground,primary_s5_h128_20k
2.188612329936141,2.9391901790016157,1.4869423227702256,released,0.9,20,masked_psnr,128,4,head_foreground,primary_s5_h128_20k
-1.0397647007845723,-0.7303940570761651,-1.3830940987554312,adaptive,0.0,20,masked_psnr,128,4,head_supported,primary_s5_h128_20k
-1.0117102684085257,-0.5988918922069707,-1.4604802173309366,released,0.15,20,masked_psnr,128,4,head_supported,primary_s5_h128_20k
4.3748473363245095,5.711188323317351,3.0585657937349735,adaptive,0.95,20,masked_psnr,128,4,head_unsupported,primary_s5_h128_20k
4.731229586701521,6.013273638556259,3.481094165323526,released,1.0,20,masked_psnr,128,4,head_unsupported,primary_s5_h128_20k
-0.8447948841502624,-0.5243600544301903,-1.173291286657797,adaptive,0.15,20,masked_psnr,128,4,oral,primary_s5_h128_20k
-0.4192936024362792,-0.1676913736106834,-0.676855550946527,released,0.25,20,masked_psnr,128,4,oral,primary_s5_h128_20k
6.112826600156682,7.487197186339098,4.688358896785806,adaptive,1.0,20,masked_psnr,128,4,torso_outside_head_roi,primary_s5_h128_20k
6.635429665945649,7.982651680847054,5.190629205100293,released,1.0,20,masked_psnr,128,4,torso_outside_head_roi,primary_s5_h128_20k
-2.22843989372777,-0.7592522780391888,-3.5093926275342295,adaptive,0.05,20,masked_psnr,128,8,background,primary_s5_h128_20k
-2.1311733741389354,-0.5278074193214067,-3.5892831252432726,released,0.15,20,masked_psnr,128,8,background,primary_s5_h128_20k
0.17184919289904385,0.5256082306029536,-0.19523656851606644,adaptive,0.55,20,masked_psnr,128,8,eyes,primary_s5_h128_20k
0.16844801193501463,0.4416614093248083,-0.10594682550588104,released,0.65,20,masked_psnr,128,8,eyes,primary_s5_h128_20k
-0.030256936017064095,0.49064425205774076,-0.5356220099213883,adaptive,0.4,20,masked_psnr,128,8,flame_supported,primary_s5_h128_20k
0.043216653426951,0.6071556695327771,-0.4995796436118774,released,0.5,20,masked_psnr,128,8,flame_supported,primary_s5_h128_20k
6.0508780110387175,7.319663894278105,4.728941794792718,adaptive,1.0,20,masked_psnr,128,8,flame_unsupported,primary_s5_h128_20k
6.455538538649618,7.707953751174561,5.16575329394101,released,1.0,20,masked_psnr,128,8,flame_unsupported,primary_s5_h128_20k
4.6658730162078745,5.685109255373011,3.6193580875516753,adaptive,1.0,20,masked_psnr,128,8,foreground,primary_s5_h128_20k
4.9999098641401805,6.000559574912223,3.933471017668137,released,1.0,20,masked_psnr,128,8,foreground,primary_s5_h128_20k
2.816025837450264,3.545454976398971,2.0896879790962712,adaptive,0.95,20,masked_psnr,128,8,full_frame,primary_s5_h128_20k
3.052961316185555,3.7644942564514037,2.340454627263045,released,1.0,20,masked_psnr,128,8,full_frame,primary_s5_h128_20k
2.0371325512348504,2.8165951607078856,1.2546352275912878,adaptive,0.85,20,masked_psnr,128,8,head_foreground,primary_s5_h128_20k
2.231910987282339,2.9435322508809727,1.5333860501230419,released,0.9,20,masked_psnr,128,8,head_foreground,primary_s5_h128_20k
-1.1090621908011447,-0.7699069487765442,-1.4868033139598125,adaptive,0.05,20,masked_psnr,128,8,head_supported,primary_s5_h128_20k
-1.0361219183494892,-0.6223742734106036,-1.4799562249663503,released,0.15,20,masked_psnr,128,8,head_supported,primary_s5_h128_20k
4.515499651016383,5.8451729647946244,3.160920110154817,adaptive,0.95,20,masked_psnr,128,8,head_unsupported,primary_s5_h128_20k
4.853749444568878,6.10413690911863,3.6548099862550827,released,1.0,20,masked_psnr,128,8,head_unsupported,primary_s5_h128_20k
-0.8130224527489263,-0.4792074567156664,-1.1534317299182195,adaptive,0.15,20,masked_psnr,128,8,oral,primary_s5_h128_20k
-0.41487109718682935,-0.17624915436546984,-0.6581158715854201,released,0.25,20,masked_psnr,128,8,oral,primary_s5_h128_20k
6.329638736636037,7.706231542130445,4.908433643158247,adaptive,1.0,20,masked_psnr,128,8,torso_outside_head_roi,primary_s5_h128_20k
6.7583267353075644,8.121106367495914,5.350779199640201,released,1.0,20,masked_psnr,128,8,torso_outside_head_roi,primary_s5_h128_20k
-2.000369760428773,-0.4184662156550184,-3.307806978550059,adaptive,0.15,20,masked_psnr,384,1,background,primary_s5_h128_20k
-2.116674428161197,-1.1710193562009532,-3.15931909050036,released,0.1,20,masked_psnr,384,1,background,primary_s5_h128_20k
0.21837053025685585,0.5136301366725607,-0.08518591199372577,adaptive,0.6,20,masked_psnr,384,1,eyes,primary_s5_h128_20k
-0.11743392059565867,0.26053538954207356,-0.48020819692588507,released,0.4,20,masked_psnr,384,1,eyes,primary_s5_h128_20k
0.10280234263483905,0.5919746160055076,-0.3867483797139095,adaptive,0.55,20,masked_psnr,384,1,flame_supported,primary_s5_h128_20k
0.24378758729957967,0.7579173829631609,-0.27193074484750274,released,0.5,20,masked_psnr,384,1,flame_supported,primary_s5_h128_20k
6.232919080516982,7.478843421579955,4.915238853873088,adaptive,1.0,20,masked_psnr,384,1,flame_unsupported,primary_s5_h128_20k
6.852885601226307,8.054117630786724,5.588331389890882,released,1.0,20,masked_psnr,384,1,flame_unsupported,primary_s5_h128_20k
4.724598399748748,5.706362984514188,3.6650837011941375,adaptive,0.95,20,masked_psnr,384,1,foreground,primary_s5_h128_20k
5.162284851457912,6.158589228022632,4.1042262796051405,released,0.95,20,masked_psnr,384,1,foreground,primary_s5_h128_20k
2.9785872953200396,3.709059379563867,2.2181314830515575,adaptive,0.95,20,masked_psnr,384,1,full_frame,primary_s5_h128_20k
3.4330461076212244,4.1440102733386075,2.673877908602643,released,1.0,20,masked_psnr,384,1,full_frame,primary_s5_h128_20k
1.9883034797463002,2.8324392776597858,1.1493077250117412,adaptive,0.8,20,masked_psnr,384,1,head_foreground,primary_s5_h128_20k
2.3150635214291477,3.084950897076544,1.5903640634913707,released,0.95,20,masked_psnr,384,1,head_foreground,primary_s5_h128_20k
-0.7177219580194716,-0.40358668773122625,-1.0170955210783126,adaptive,0.1,20,masked_psnr,384,1,head_supported,primary_s5_h128_20k
-0.60857166413121,-0.3049155821704004,-0.9353523032830131,released,0.15,20,masked_psnr,384,1,head_supported,primary_s5_h128_20k
4.357084522047717,5.897975953732465,2.8578334599237767,adaptive,0.9,20,masked_psnr,384,1,head_unsupported,primary_s5_h128_20k
4.968421312428353,6.286978040773284,3.694445425036615,released,1.0,20,masked_psnr,384,1,head_unsupported,primary_s5_h128_20k
-0.6279359811521854,-0.34936751866336563,-0.8994231069978946,adaptive,0.2,20,masked_psnr,384,1,oral,primary_s5_h128_20k
-0.4867552454427102,-0.20748945535159963,-0.7580959159201146,released,0.3,20,masked_psnr,384,1,oral,primary_s5_h128_20k
6.740385933972485,8.060702551790067,5.339473100640953,adaptive,1.0,20,masked_psnr,384,1,torso_outside_head_roi,primary_s5_h128_20k
7.285316440171921,8.62887580924936,5.811324472288277,released,0.95,20,masked_psnr,384,1,torso_outside_head_roi,primary_s5_h128_20k
-2.1719287785466705,-0.5705140014297199,-3.4907693883518345,adaptive,0.05,20,masked_psnr,384,4,background,primary_s5_h128_20k
-2.437799507181179,-1.547122844938951,-3.4717794377310236,released,0.1,20,masked_psnr,384,4,background,primary_s5_h128_20k
0.08187350003707969,0.3958260589004426,-0.20647081096121,adaptive,0.5,20,masked_psnr,384,4,eyes,primary_s5_h128_20k
-0.04395675462993385,0.3500197736024213,-0.4516713033600297,released,0.5,20,masked_psnr,384,4,eyes,primary_s5_h128_20k
-0.12378329561442838,0.3655718954248109,-0.6230608026477793,adaptive,0.45,20,masked_psnr,384,4,flame_supported,primary_s5_h128_20k
0.17254193228108877,0.7291501226789655,-0.3950466769764739,released,0.45,20,masked_psnr,384,4,flame_supported,primary_s5_h128_20k
6.158316792712923,7.329386187265665,4.913267968593159,adaptive,1.0,20,masked_psnr,384,4,flame_unsupported,primary_s5_h128_20k
6.782084535304669,7.942259484379943,5.534013428187251,released,1.0,20,masked_psnr,384,4,flame_unsupported,primary_s5_h128_20k
4.701829742587405,5.655762111101258,3.6686883120787126,adaptive,0.95,20,masked_psnr,384,4,foreground,primary_s5_h128_20k
5.212276130275241,6.1858698001277475,4.157672726631653,released,1.0,20,masked_psnr,384,4,foreground,primary_s5_h128_20k
2.9101903834216998,3.595862295064854,2.203345135895194,adaptive,0.9,20,masked_psnr,384,4,full_frame,primary_s5_h128_20k
3.368869707014897,4.06817737487087,2.668597964846932,released,1.0,20,masked_psnr,384,4,full_frame,primary_s5_h128_20k
1.9735767846187333,2.795863840660786,1.1991510932717926,adaptive,0.75,20,masked_psnr,384,4,head_foreground,primary_s5_h128_20k
2.4592191816438667,3.2318460125526967,1.6846602814613276,released,0.9,20,masked_psnr,384,4,head_foreground,primary_s5_h128_20k
-1.1907547598593318,-0.8728791022766199,-1.5375743458908389,adaptive,0.0,20,masked_psnr,384,4,head_supported,primary_s5_h128_20k
-0.8946929148945255,-0.5325416074959801,-1.277449064948749,released,0.2,20,masked_psnr,384,4,head_supported,primary_s5_h128_20k
4.455029338668137,5.872358688365297,3.031882312474875,adaptive,0.9,20,masked_psnr,384,4,head_unsupported,primary_s5_h128_20k
5.1197816080278,6.379517527698722,3.8869208110734164,released,1.0,20,masked_psnr,384,4,head_unsupported,primary_s5_h128_20k
-0.7895923317715269,-0.5210937876935596,-1.0615887462038358,adaptive,0.1,20,masked_psnr,384,4,oral,primary_s5_h128_20k
-0.6502738185795616,-0.38971387683252645,-0.9096657454865287,released,0.15,20,masked_psnr,384,4,oral,primary_s5_h128_20k
6.591310297245366,7.84427302992034,5.2707193700769235,adaptive,1.0,20,masked_psnr,384,4,torso_outside_head_roi,primary_s5_h128_20k
7.092720008356449,8.40537515448139,5.6621092876026635,released,1.0,20,masked_psnr,384,4,torso_outside_head_roi,primary_s5_h128_20k
-2.1212946999997273,-0.6250612596386368,-3.2824412503893527,adaptive,0.05,20,masked_psnr,384,8,background,primary_s5_h128_20k
-2.5577503594578497,-1.6805779308762838,-3.5628299818948252,released,0.05,20,masked_psnr,384,8,background,primary_s5_h128_20k
0.2358112994788364,0.5593342123945728,-0.07583511738891173,adaptive,0.65,20,masked_psnr,384,8,eyes,primary_s5_h128_20k
-0.0037685145802552,0.39664174653283696,-0.4134611080897211,released,0.45,20,masked_psnr,384,8,eyes,primary_s5_h128_20k
-0.15949031991007728,0.3728620479325763,-0.6925375543483675,adaptive,0.45,20,masked_psnr,384,8,flame_supported,primary_s5_h128_20k
0.11020003456868173,0.6980431128073135,-0.4785388738984901,released,0.45,20,masked_psnr,384,8,flame_supported,primary_s5_h128_20k
6.2646958247145985,7.463480521299252,5.018170671479459,adaptive,1.0,20,masked_psnr,384,8,flame_unsupported,primary_s5_h128_20k
6.9410298050773465,8.090850811841028,5.739989333779873,released,1.0,20,masked_psnr,384,8,flame_unsupported,primary_s5_h128_20k
4.810717984606894,5.793178528941239,3.781449092498622,adaptive,1.0,20,masked_psnr,384,8,foreground,primary_s5_h128_20k
5.338831942604623,6.311051793030434,4.3051903364654684,released,1.0,20,masked_psnr,384,8,foreground,primary_s5_h128_20k
2.971138939261738,3.6826485078365936,2.2293280723593263,adaptive,0.9,20,masked_psnr,384,8,full_frame,primary_s5_h128_20k
3.3437250182678233,4.056748147952615,2.58895194607213,released,0.95,20,masked_psnr,384,8,full_frame,primary_s5_h128_20k
1.9621329926313358,2.762617538359635,1.1805473132929787,adaptive,0.8,20,masked_psnr,384,8,head_foreground,primary_s5_h128_20k
2.425291072245032,3.195109928031611,1.647373418983547,released,0.85,20,masked_psnr,384,8,head_foreground,primary_s5_h128_20k
-1.2398580073390904,-0.872427162880523,-1.6452718425654551,adaptive,0.0,20,masked_psnr,384,8,head_supported,primary_s5_h128_20k
-0.9830280017832159,-0.5893933880877782,-1.3885129557075644,released,0.1,20,masked_psnr,384,8,head_supported,primary_s5_h128_20k
4.475241364506351,5.957431503407523,3.0550340125783086,adaptive,0.95,20,masked_psnr,384,8,head_unsupported,primary_s5_h128_20k
5.180750799558862,6.413288755105025,4.024071179316854,released,1.0,20,masked_psnr,384,8,head_unsupported,primary_s5_h128_20k
-0.7993880742883137,-0.5169915574392432,-1.0813115853347857,adaptive,0.15,20,masked_psnr,384,8,oral,primary_s5_h128_20k
-0.6961173816643262,-0.4259699769049449,-0.9509677088165264,released,0.15,20,masked_psnr,384,8,oral,primary_s5_h128_20k
6.666416846566174,7.950798135302704,5.263765113777361,adaptive,1.0,20,masked_psnr,384,8,torso_outside_head_roi,primary_s5_h128_20k
7.216661835087429,8.585233881297071,5.778469884340273,released,1.0,20,masked_psnr,384,8,torso_outside_head_roi,primary_s5_h128_20k
-0.016830219047292698,-0.0031083101561531013,-0.033819822784979414,adaptive,0.4,20,masked_mae,8,1,background,capacity_s5_h512_20k
-0.017589780222103273,-0.005753316849980496,-0.030686794869432696,released,0.25,20,masked_mae,8,1,background,capacity_s5_h512_20k
-0.00658109392657283,-0.0012444021581965359,-0.013356019735914656,adaptive,0.45,20,masked_mae,8,1,eyes,capacity_s5_h512_20k
-0.008147927875295415,-0.00227664505130447,-0.015211224256873268,released,0.3,20,masked_mae,8,1,eyes,capacity_s5_h512_20k
-0.022305448482112723,-0.012379492311514818,-0.03295946239615532,adaptive,0.15,20,masked_mae,8,1,flame_supported,capacity_s5_h512_20k
-0.022875797584957246,-0.013878860170781541,-0.033249019226047956,released,0.1,20,masked_mae,8,1,flame_supported,capacity_s5_h512_20k
0.24962981261157027,0.3214739541497506,0.17814870370887065,adaptive,0.95,20,masked_mae,8,1,flame_unsupported,capacity_s5_h512_20k
0.21031484524780436,0.2717266885869495,0.14496886570187367,released,0.95,20,masked_mae,8,1,flame_unsupported,capacity_s5_h512_20k
0.057214102441927095,0.08106784316698316,0.03227588662497607,adaptive,0.85,20,masked_mae,8,1,foreground,capacity_s5_h512_20k
0.046388111840777346,0.06939983284036498,0.02167921597084787,released,0.85,20,masked_mae,8,1,foreground,capacity_s5_h512_20k
0.023504643226082717,0.04276435328488916,0.0026645056960343753,adaptive,0.8,20,masked_mae,8,1,full_frame,capacity_s5_h512_20k
0.017559578412711024,0.034313431708908194,-0.0007447374034753643,released,0.75,20,masked_mae,8,1,full_frame,capacity_s5_h512_20k
-0.010314132169679633,-0.0007105374744460598,-0.02050510015395706,adaptive,0.35,20,masked_mae,8,1,head_foreground,capacity_s5_h512_20k
-0.010789702555548614,-0.001897372203329628,-0.020329308450950625,released,0.3,20,masked_mae,8,1,head_foreground,capacity_s5_h512_20k
-0.025418635054007727,-0.016604242292834026,-0.03513018543720846,adaptive,0.05,20,masked_mae,8,1,head_supported,capacity_s5_h512_20k
-0.024598895942566302,-0.01712816023291126,-0.03247463284316048,released,0.05,20,masked_mae,8,1,head_supported,capacity_s5_h512_20k
0.11327648050471795,0.1694135737357079,0.065507982831031,adaptive,0.85,20,masked_mae,8,1,head_unsupported,capacity_s5_h512_20k
0.09604772991197459,0.136246676060244,0.059407483214235085,released,0.85,20,masked_mae,8,1,head_unsupported,capacity_s5_h512_20k
-0.010748366047968158,-0.007269713873594703,-0.014558773908938307,adaptive,0.1,20,masked_mae,8,1,oral,capacity_s5_h512_20k
-0.008791418755035365,-0.005580880608913119,-0.011961621568220306,released,0.1,20,masked_mae,8,1,oral,capacity_s5_h512_20k
0.21873553611404514,0.28617667443991396,0.14499154959134303,adaptive,0.85,20,masked_mae,8,1,torso_outside_head_roi,capacity_s5_h512_20k
0.17628820595409767,0.23967370668538357,0.10701875014414923,released,0.85,20,masked_mae,8,1,torso_outside_head_roi,capacity_s5_h512_20k
-0.01630565035519845,-0.0027054605121249824,-0.032162330300164625,adaptive,0.5,20,masked_mae,8,4,background,capacity_s5_h512_20k
-0.0191804191648053,-0.0058488693331644115,-0.03472385815597247,released,0.25,20,masked_mae,8,4,background,capacity_s5_h512_20k
-0.00256357190240401,0.0008531545991640456,-0.0067033579986608615,adaptive,0.6,20,masked_mae,8,4,eyes,capacity_s5_h512_20k
-0.007002727110842735,-0.0013746252427236682,-0.013341213232509313,released,0.35,20,masked_mae,8,4,eyes,capacity_s5_h512_20k
-0.022805252674205398,-0.014643179365056882,-0.0315689587100864,adaptive,0.15,20,masked_mae,8,4,flame_supported,capacity_s5_h512_20k
-0.023959702306450552,-0.01693199064630035,-0.03181828570414536,released,0.0,20,masked_mae,8,4,flame_supported,capacity_s5_h512_20k
0.25220417142226104,0.3114599530194227,0.19273226587941325,adaptive,0.95,20,masked_mae,8,4,flame_unsupported,capacity_s5_h512_20k
0.2229727652838523,0.2752651396547393,0.1738961357835172,released,0.95,20,masked_mae,8,4,flame_unsupported,capacity_s5_h512_20k
0.05793726638825121,0.07802020396007062,0.03781579231814498,adaptive,0.9,20,masked_mae,8,4,foreground,capacity_s5_h512_20k
0.04922638049115175,0.06712000469792496,0.030314876619692187,released,0.9,20,masked_mae,8,4,foreground,capacity_s5_h512_20k
0.024968655471740465,0.041845485521249545,0.0066662819143059795,adaptive,0.75,20,masked_mae,8,4,full_frame,capacity_s5_h512_20k
0.019083081707153112,0.034128738427184065,0.0017751274310579264,released,0.8,20,masked_mae,8,4,full_frame,capacity_s5_h512_20k
-0.012464617906417544,-0.004190451887702755,-0.02155880648928128,adaptive,0.35,20,masked_mae,8,4,head_foreground,capacity_s5_h512_20k
-0.01242379008321882,-0.00456502189230644,-0.02051870790462077,released,0.25,20,masked_mae,8,4,head_foreground,capacity_s5_h512_20k
-0.027297424811487968,-0.019693889370924724,-0.036105921893988334,adaptive,0.0,20,masked_mae,8,4,head_supported,capacity_s5_h512_20k
-0.02679053941929182,-0.020387481019926,-0.03354744748226047,released,0.05,20,masked_mae,8,4,head_supported,capacity_s5_h512_20k
0.10549047471570383,0.16162387236639458,0.05894602791803944,adaptive,0.8,20,masked_mae,8,4,head_unsupported,capacity_s5_h512_20k
0.09267212350890484,0.1358924400049868,0.05307098979984086,released,0.8,20,masked_mae,8,4,head_unsupported,capacity_s5_h512_20k
-0.013060522062709658,-0.010038382182288749,-0.016123852466565475,adaptive,0.0,20,masked_mae,8,4,oral,capacity_s5_h512_20k
-0.01100584948257042,-0.008143483938845638,-0.01405570829234378,released,0.1,20,masked_mae,8,4,oral,capacity_s5_h512_20k
0.22365451473426123,0.28083538119969975,0.16690997543063416,adaptive,0.95,20,masked_mae,8,4,torso_outside_head_roi,capacity_s5_h512_20k
0.19105757230088932,0.24334462295509504,0.13937124922033972,released,0.95,20,masked_mae,8,4,torso_outside_head_roi,capacity_s5_h512_20k
-0.015138885999947671,-0.002012438880107739,-0.03121999291627513,adaptive,0.55,20,masked_mae,8,8,background,capacity_s5_h512_20k
-0.017864873991313975,-0.005144854185454981,-0.032812613370952,released,0.4,20,masked_mae,8,8,background,capacity_s5_h512_20k
-0.0015328806910500001,0.0013950410358084572,-0.004986663374161596,adaptive,0.5,20,masked_mae,8,8,eyes,capacity_s5_h512_20k
-0.0054305302733804375,-0.00045311975481482933,-0.011151194093638692,released,0.45,20,masked_mae,8,8,eyes,capacity_s5_h512_20k
-0.023231635256881232,-0.014999860759628702,-0.03198930779265391,adaptive,0.15,20,masked_mae,8,8,flame_supported,capacity_s5_h512_20k
-0.024170044726343553,-0.01714855224641237,-0.031778889464564135,released,0.05,20,masked_mae,8,8,flame_supported,capacity_s5_h512_20k
0.2566558796457766,0.3166399967893433,0.1986707562820555,adaptive,0.95,20,masked_mae,8,8,flame_unsupported,capacity_s5_h512_20k
0.22994741692030315,0.28026266051794246,0.18040088157217232,released,1.0,20,masked_mae,8,8,flame_unsupported,capacity_s5_h512_20k
0.06039625894324365,0.08071729675330483,0.03935412342274739,adaptive,0.9,20,masked_mae,8,8,foreground,capacity_s5_h512_20k
0.05223828537252935,0.07096115143855897,0.033455575509899624,released,0.9,20,masked_mae,8,8,foreground,capacity_s5_h512_20k
0.026418605614534192,0.04365939808743341,0.007845690162666953,adaptive,0.75,20,masked_mae,8,8,full_frame,capacity_s5_h512_20k
0.020960141449607637,0.036328187944182064,0.0043777097583161135,released,0.75,20,masked_mae,8,8,full_frame,capacity_s5_h512_20k
-0.013403275025995934,-0.005714186614143877,-0.022092257042118778,adaptive,0.3,20,masked_mae,8,8,head_foreground,capacity_s5_h512_20k
-0.012991469871475373,-0.005475196798248952,-0.02044600752798496,released,0.25,20,masked_mae,8,8,head_foreground,capacity_s5_h512_20k
-0.027603368973157398,-0.02034115434386881,-0.03615421056356388,adaptive,0.0,20,masked_mae,8,8,head_supported,capacity_s5_h512_20k
-0.027308089579092983,-0.021240216744951954,-0.033756718787131,released,0.0,20,masked_mae,8,8,head_supported,capacity_s5_h512_20k
0.10040051957395853,0.1530253653318075,0.054744151042607526,adaptive,0.8,20,masked_mae,8,8,head_unsupported,capacity_s5_h512_20k
0.09315872245871233,0.13412164268907584,0.05576070586482813,released,0.85,20,masked_mae,8,8,head_unsupported,capacity_s5_h512_20k
-0.011237123457496567,-0.008476539311348284,-0.013995288575443372,adaptive,0.05,20,masked_mae,8,8,oral,capacity_s5_h512_20k
-0.009710433714977606,-0.006759600186161798,-0.01283676812759822,released,0.1,20,masked_mae,8,8,oral,capacity_s5_h512_20k
0.22932570003343405,0.2861004745389508,0.16960789760256242,adaptive,0.95,20,masked_mae,8,8,torso_outside_head_roi,capacity_s5_h512_20k
0.19897141784784037,0.2501260960032185,0.14636391639830063,released,0.95,20,masked_mae,8,8,torso_outside_head_roi,capacity_s5_h512_20k
-0.01886067406989614,-0.009793522198320383,-0.02969784210213421,adaptive,0.15,20,masked_mae,384,1,background,capacity_s5_h512_20k
-0.015388985799445526,-0.005867505368055386,-0.027774509469092393,released,0.35,20,masked_mae,384,1,background,capacity_s5_h512_20k
-0.003069188220869975,0.00015221114619281986,-0.006359364951079007,adaptive,0.25,20,masked_mae,384,1,eyes,capacity_s5_h512_20k
0.0011299236297384638,0.0045885783833646675,-0.0021479928676993404,released,0.55,20,masked_mae,384,1,eyes,capacity_s5_h512_20k
-0.0018789085680581657,0.0032247013050207035,-0.0072992724017106785,adaptive,0.5,20,masked_mae,384,1,flame_supported,capacity_s5_h512_20k
0.0001931004168293074,0.005580319949522028,-0.005321161289248649,released,0.55,20,masked_mae,384,1,flame_supported,capacity_s5_h512_20k
0.3904814596252121,0.4627119504990025,0.31773015315538844,adaptive,1.0,20,masked_mae,384,1,flame_unsupported,capacity_s5_h512_20k
0.3957995881958724,0.46779645679944987,0.3226285339023944,released,1.0,20,masked_mae,384,1,flame_unsupported,capacity_s5_h512_20k
0.11504356480306958,0.13951344647429298,0.08965464701864595,adaptive,1.0,20,masked_mae,384,1,foreground,capacity_s5_h512_20k
0.11804835118064494,0.1431262174095024,0.0927012889373973,released,1.0,20,masked_mae,384,1,foreground,capacity_s5_h512_20k
0.055480497804555017,0.07197094357138414,0.03969028772966342,adaptive,1.0,20,masked_mae,384,1,full_frame,capacity_s5_h512_20k
0.05859339438905618,0.07544261114163832,0.04257939972230711,released,0.95,20,masked_mae,384,1,full_frame,capacity_s5_h512_20k
0.022798470513075576,0.03454794695763713,0.011905602273082141,adaptive,0.8,20,masked_mae,384,1,head_foreground,capacity_s5_h512_20k
0.025633081101620447,0.037368928288013394,0.014668062755912276,released,0.9,20,masked_mae,384,1,head_foreground,capacity_s5_h512_20k
-0.009018876225395035,-0.005506932117856746,-0.012807021987342173,adaptive,0.05,20,masked_mae,384,1,head_supported,capacity_s5_h512_20k
-0.00658405549677398,-0.00327035699214321,-0.010435232631967632,released,0.3,20,masked_mae,384,1,head_supported,capacity_s5_h512_20k
0.2556939828665541,0.3216419330898397,0.19215471200737194,adaptive,1.0,20,masked_mae,384,1,head_unsupported,capacity_s5_h512_20k
0.26122876937604506,0.32678273881714326,0.1970695626994138,released,1.0,20,masked_mae,384,1,head_unsupported,capacity_s5_h512_20k
-0.012639058758900378,-0.008800110154770849,-0.017004159257993937,adaptive,0.1,20,masked_mae,384,1,oral,capacity_s5_h512_20k
-0.007746511629136038,-0.004279336525229177,-0.011731239450466639,released,0.1,20,masked_mae,384,1,oral,capacity_s5_h512_20k
0.33867796191735067,0.39957633272475146,0.2714121018149234,adaptive,1.0,20,masked_mae,384,1,torso_outside_head_roi,capacity_s5_h512_20k
0.3411091298658115,0.40618981932786913,0.2709498612322185,released,1.0,20,masked_mae,384,1,torso_outside_head_roi,capacity_s5_h512_20k
-0.01801622706558719,-0.011453210424091064,-0.025142607763171395,adaptive,0.1,20,masked_mae,384,4,background,capacity_s5_h512_20k
-0.015060956315214721,-0.006593698710888863,-0.025468515523271246,released,0.25,20,masked_mae,384,4,background,capacity_s5_h512_20k
-0.006397740112862682,-0.003333737107783821,-0.00953146237275588,adaptive,0.25,20,masked_mae,384,4,eyes,capacity_s5_h512_20k
-0.0006875611944249706,0.0027392452498103347,-0.0038529194051512843,released,0.4,20,masked_mae,384,4,eyes,capacity_s5_h512_20k
-0.0041666851802770605,0.001066306446437257,-0.009488769593099643,adaptive,0.35,20,masked_mae,384,4,flame_supported,capacity_s5_h512_20k
-0.0015179581295813361,0.0038734564599252064,-0.006830064458880963,released,0.4,20,masked_mae,384,4,flame_supported,capacity_s5_h512_20k
0.3899097452782413,0.45765296047050485,0.32168824642667987,adaptive,1.0,20,masked_mae,384,4,flame_unsupported,capacity_s5_h512_20k
0.39986499439913664,0.4658092904905055,0.33064804350693633,released,1.0,20,masked_mae,384,4,flame_unsupported,capacity_s5_h512_20k
0.11225122661800975,0.1357648768001854,0.08901674610569445,adaptive,1.0,20,masked_mae,384,4,foreground,capacity_s5_h512_20k
0.11710791527184472,0.14053510134170788,0.09286698661164755,released,1.0,20,masked_mae,384,4,foreground,capacity_s5_h512_20k
0.0551238471811468,0.07081163144103422,0.040103732085589205,adaptive,1.0,20,masked_mae,384,4,full_frame,capacity_s5_h512_20k
0.05895196955285016,0.0755105420325851,0.043489159206193555,released,1.0,20,masked_mae,384,4,full_frame,capacity_s5_h512_20k
0.020280139532327626,0.031007443098520212,0.0100340034487959,adaptive,0.7,20,masked_mae,384,4,head_foreground,capacity_s5_h512_20k
0.024332802090809503,0.035438695814116176,0.014123988612690928,released,0.8,20,masked_mae,384,4,head_foreground,capacity_s5_h512_20k
-0.01230041792893561,-0.008848279546744076,-0.016349671901810723,adaptive,0.0,20,masked_mae,384,4,head_supported,capacity_s5_h512_20k
-0.009202656300308507,-0.00600743062628261,-0.012836890687098326,released,0.05,20,masked_mae,384,4,head_supported,capacity_s5_h512_20k
0.26108079430718356,0.32480086213263937,0.19783665324534697,adaptive,1.0,20,masked_mae,384,4,head_unsupported,capacity_s5_h512_20k
0.2729936514130813,0.3351592987025129,0.2095955966983152,released,1.0,20,masked_mae,384,4,head_unsupported,capacity_s5_h512_20k
-0.01423712085173821,-0.010572566131903436,-0.018266289683656112,adaptive,0.05,20,masked_mae,384,4,oral,capacity_s5_h512_20k
-0.008333845727729253,-0.0054166636478380145,-0.011369167690953398,released,0.1,20,masked_mae,384,4,oral,capacity_s5_h512_20k
0.3351246809285176,0.3936853497725753,0.27278061373129486,adaptive,1.0,20,masked_mae,384,4,torso_outside_head_roi,capacity_s5_h512_20k
0.34162041900152096,0.40145443916537,0.277216758687276,released,1.0,20,masked_mae,384,4,torso_outside_head_roi,capacity_s5_h512_20k
-0.020927726715608885,-0.014081118775089468,-0.02844810368192234,adaptive,0.1,20,masked_mae,384,8,background,capacity_s5_h512_20k
-0.017975885860918965,-0.009683825457797392,-0.029464375454314042,released,0.1,20,masked_mae,384,8,background,capacity_s5_h512_20k
-0.00530185280939043,-0.0023095686475338517,-0.008483172485929542,adaptive,0.25,20,masked_mae,384,8,eyes,capacity_s5_h512_20k
0.0003849618662417946,0.004079832571365549,-0.0030443773861665883,released,0.45,20,masked_mae,384,8,eyes,capacity_s5_h512_20k
-0.005475840139003301,0.00013914626308131323,-0.01121146714175199,adaptive,0.4,20,masked_mae,384,8,flame_supported,capacity_s5_h512_20k
-0.002985959083373286,0.0026204473195975088,-0.008620351954388438,released,0.4,20,masked_mae,384,8,flame_supported,capacity_s5_h512_20k
0.394829294632264,0.46235554720167477,0.3269299155790207,adaptive,1.0,20,masked_mae,384,8,flame_unsupported,capacity_s5_h512_20k
0.4035228972568512,0.47116842636898437,0.3330970248836198,released,1.0,20,masked_mae,384,8,flame_unsupported,capacity_s5_h512_20k
0.11464469742048214,0.13835291888010418,0.09061277610239517,adaptive,1.0,20,masked_mae,384,8,foreground,capacity_s5_h512_20k
0.11911151675914763,0.1434099163522371,0.09397120921174551,released,1.0,20,masked_mae,384,8,foreground,capacity_s5_h512_20k
0.05445712488279027,0.07123359165257878,0.03861393699527302,adaptive,0.95,20,masked_mae,384,8,full_frame,capacity_s5_h512_20k
0.05812245975497138,0.07493825511885928,0.0422070296973119,released,0.95,20,masked_mae,384,8,full_frame,capacity_s5_h512_20k
0.018952766318979904,0.029924745913420005,0.008718318952022523,adaptive,0.65,20,masked_mae,384,8,head_foreground,capacity_s5_h512_20k
0.022861060486464364,0.033411091842001694,0.012706363623086555,released,0.7,20,masked_mae,384,8,head_foreground,capacity_s5_h512_20k
-0.01351416863617504,-0.009743896343808968,-0.017760474195878756,adaptive,0.0,20,masked_mae,384,8,head_supported,capacity_s5_h512_20k
-0.01061287893854174,-0.007111357203193598,-0.01447004193086801,released,0.0,20,masked_mae,384,8,head_supported,capacity_s5_h512_20k
0.2599760584223785,0.3237953965762302,0.19591883500847893,adaptive,1.0,20,masked_mae,384,8,head_unsupported,capacity_s5_h512_20k
0.27096712595399775,0.3351623200891136,0.20731015006614778,released,1.0,20,masked_mae,384,8,head_unsupported,capacity_s5_h512_20k
-0.013888353937774439,-0.009834640271269601,-0.018108278262078996,adaptive,0.05,20,masked_mae,384,8,oral,capacity_s5_h512_20k
-0.008112573262065343,-0.005276710058298187,-0.0110677104598593,released,0.15,20,masked_mae,384,8,oral,capacity_s5_h512_20k
0.3382137938204603,0.39902306352386785,0.276918343163239,adaptive,1.0,20,masked_mae,384,8,torso_outside_head_roi,capacity_s5_h512_20k
0.34296776906611426,0.404457192863953,0.27768645006657217,released,1.0,20,masked_mae,384,8,torso_outside_head_roi,capacity_s5_h512_20k
-0.014933725112615648,-0.003172754924885127,-0.029574611084291963,adaptive,0.35,20,masked_mae,8,1,background,capacity_s5_h64_20k
-0.01569668514141572,-0.00415127963378261,-0.02926215841938947,released,0.2,20,masked_mae,8,1,background,capacity_s5_h64_20k
-0.0002115305820412666,0.0037300492416951036,-0.004352891415538859,adaptive,0.55,20,masked_mae,8,1,eyes,capacity_s5_h64_20k
-0.0024382135977127394,0.0012191996585902488,-0.007063427992264788,released,0.5,20,masked_mae,8,1,eyes,capacity_s5_h64_20k
-0.023606138261575482,-0.016254301741663944,-0.03163261273881512,adaptive,0.0,20,masked_mae,8,1,flame_supported,capacity_s5_h64_20k
-0.023006435079982686,-0.015815134741443825,-0.03077422474493441,released,0.05,20,masked_mae,8,1,flame_supported,capacity_s5_h64_20k
0.2116513361978773,0.2763863169192452,0.14403066822862423,adaptive,0.95,20,masked_mae,8,1,flame_unsupported,capacity_s5_h64_20k
0.20107100218734636,0.25884321060389753,0.14399294201515275,released,0.95,20,masked_mae,8,1,flame_unsupported,capacity_s5_h64_20k
0.04569265129159266,0.06715836881929194,0.023184540844695168,adaptive,0.8,20,masked_mae,8,1,foreground,capacity_s5_h64_20k
0.04318121472891398,0.06299512677542918,0.021938446352428663,released,0.8,20,masked_mae,8,1,foreground,capacity_s5_h64_20k
0.018295747583562685,0.035225030197338615,-0.000890592347298348,adaptive,0.75,20,masked_mae,8,1,full_frame,capacity_s5_h64_20k
0.016543397470814156,0.03215966913768483,-0.0003477881245669816,released,0.7,20,masked_mae,8,1,full_frame,capacity_s5_h64_20k
-0.009983670605567693,-0.0022028697239010035,-0.017976032650460425,adaptive,0.35,20,masked_mae,8,1,head_foreground,capacity_s5_h64_20k
-0.01009156790723489,-0.0018949311980951129,-0.018267787615273944,released,0.25,20,masked_mae,8,1,head_foreground,capacity_s5_h64_20k
-0.025081680298105362,-0.018507925025255143,-0.03196114608750209,adaptive,0.05,20,masked_mae,8,1,head_supported,capacity_s5_h64_20k
-0.023859110700732163,-0.017862344676206923,-0.030137829760218487,released,0.05,20,masked_mae,8,1,head_supported,capacity_s5_h64_20k
0.10831656603127475,0.1534051583361333,0.06781055157046949,adaptive,0.85,20,masked_mae,8,1,head_unsupported,capacity_s5_h64_20k
0.09457159073280615,0.13356852413600684,0.05808076472295625,released,0.85,20,masked_mae,8,1,head_unsupported,capacity_s5_h64_20k
-0.007720653955878579,-0.0053486092108127005,-0.01041103307248135,adaptive,0.1,20,masked_mae,8,1,oral,capacity_s5_h64_20k
-0.004067553526211925,-0.001986269589584623,-0.006189153941672878,released,0.1,20,masked_mae,8,1,oral,capacity_s5_h64_20k
0.17483645867596725,0.23911162545312714,0.10596403036332767,adaptive,0.85,20,masked_mae,8,1,torso_outside_head_roi,capacity_s5_h64_20k
0.16371684097246567,0.22371646811000695,0.10112174847211589,released,0.85,20,masked_mae,8,1,torso_outside_head_roi,capacity_s5_h64_20k
-0.016245263797285123,-0.0029634735272564407,-0.032234916045030364,adaptive,0.35,20,masked_mae,8,4,background,capacity_s5_h64_20k
-0.014877581256424485,-0.0028064493241084605,-0.029720536779663003,released,0.4,20,masked_mae,8,4,background,capacity_s5_h64_20k
-0.00249080984055859,0.0019809585675293877,-0.007071175357060049,adaptive,0.45,20,masked_mae,8,4,eyes,capacity_s5_h64_20k
-0.004074619137170151,-0.00021529867957363884,-0.00858966640853182,released,0.35,20,masked_mae,8,4,eyes,capacity_s5_h64_20k
-0.023996276695633235,-0.017371935708687294,-0.030945102256484214,adaptive,0.05,20,masked_mae,8,4,flame_supported,capacity_s5_h64_20k
-0.024543358016255973,-0.017718087494468123,-0.03248932068850627,released,0.0,20,masked_mae,8,4,flame_supported,capacity_s5_h64_20k
0.22253661971141678,0.276339060878829,0.16971181135795296,adaptive,0.95,20,masked_mae,8,4,flame_unsupported,capacity_s5_h64_20k
0.21974342582316822,0.2705493247632585,0.1714356715219446,released,0.95,20,masked_mae,8,4,flame_unsupported,capacity_s5_h64_20k
0.04926230799975375,0.06686219751032835,0.030644227017970194,adaptive,0.85,20,masked_mae,8,4,foreground,capacity_s5_h64_20k
0.04743644217088742,0.0646248597462908,0.02913099142847241,released,0.9,20,masked_mae,8,4,foreground,capacity_s5_h64_20k
0.020255937239136355,0.03577606111600707,0.0031225689164644205,adaptive,0.75,20,masked_mae,8,4,full_frame,capacity_s5_h64_20k
0.01971911793460093,0.034770145648192446,0.0036629633434438476,released,0.75,20,masked_mae,8,4,full_frame,capacity_s5_h64_20k
-0.011196732515980228,-0.003243306136459394,-0.018676615517962437,adaptive,0.25,20,masked_mae,8,4,head_foreground,capacity_s5_h64_20k
-0.012402189891174758,-0.00372847249622035,-0.0208948652666438,released,0.3,20,masked_mae,8,4,head_foreground,capacity_s5_h64_20k
-0.026499846375373094,-0.019986649057302356,-0.03334876055525386,adaptive,0.05,20,masked_mae,8,4,head_supported,capacity_s5_h64_20k
-0.026696272766356312,-0.020406158182168725,-0.03291002204856878,released,0.05,20,masked_mae,8,4,head_supported,capacity_s5_h64_20k
0.1021910664866108,0.14620174893191307,0.06350582572335142,adaptive,0.85,20,masked_mae,8,4,head_unsupported,capacity_s5_h64_20k
0.09027581866931438,0.12985945499808504,0.05232258201760654,released,0.85,20,masked_mae,8,4,head_unsupported,capacity_s5_h64_20k
-0.008850149949326837,-0.005898198879356713,-0.011943411437033707,adaptive,0.1,20,masked_mae,8,4,oral,capacity_s5_h64_20k
-0.006980516403157272,-0.004021711100945059,-0.010104142258202737,released,0.15,20,masked_mae,8,4,oral,capacity_s5_h64_20k
0.18704191194543057,0.24253264879437397,0.13265999835544232,adaptive,0.9,20,masked_mae,8,4,torso_outside_head_roi,capacity_s5_h64_20k
0.18463059420954236,0.2367855393331643,0.13098962511687806,released,0.95,20,masked_mae,8,4,torso_outside_head_roi,capacity_s5_h64_20k
-0.015269976014474834,-0.0020043364631837177,-0.031153774874015557,adaptive,0.45,20,masked_mae,8,8,background,capacity_s5_h64_20k
-0.014307790370895999,-0.0025900365078696504,-0.029110149835834407,released,0.4,20,masked_mae,8,8,background,capacity_s5_h64_20k
-0.0010571653385720082,0.0031340806799194008,-0.005653333633338846,adaptive,0.55,20,masked_mae,8,8,eyes,capacity_s5_h64_20k
-0.003089352698508494,0.00048202652888723455,-0.007560595526248668,released,0.45,20,masked_mae,8,8,eyes,capacity_s5_h64_20k
-0.024293566472793664,-0.01801895037028129,-0.03091928720787204,adaptive,0.05,20,masked_mae,8,8,flame_supported,capacity_s5_h64_20k
-0.025372346995498462,-0.018533889081041147,-0.03262908174878752,released,0.0,20,masked_mae,8,8,flame_supported,capacity_s5_h64_20k
0.22718300416808127,0.28100327016751714,0.17575543566973892,adaptive,1.0,20,masked_mae,8,8,flame_unsupported,capacity_s5_h64_20k
0.22533151194400552,0.2744020229480458,0.17605119245449719,released,1.0,20,masked_mae,8,8,flame_unsupported,capacity_s5_h64_20k
0.05157067639685085,0.07013580063024633,0.03259392535925872,adaptive,0.85,20,masked_mae,8,8,foreground,capacity_s5_h64_20k
0.04965250148955942,0.0669870192022596,0.031914345260690605,released,0.9,20,masked_mae,8,8,foreground,capacity_s5_h64_20k
0.021534438816155875,0.03761460094031318,0.004002021945271135,adaptive,0.8,20,masked_mae,8,8,full_frame,capacity_s5_h64_20k
0.020781581725220998,0.03539991919354443,0.004902961095432191,released,0.8,20,masked_mae,8,8,full_frame,capacity_s5_h64_20k
-0.011800789198781475,-0.004316938097086889,-0.019075113289292737,adaptive,0.2,20,masked_mae,8,8,head_foreground,capacity_s5_h64_20k
-0.013695992612079511,-0.00553154721571896,-0.021487307242978274,released,0.25,20,masked_mae,8,8,head_foreground,capacity_s5_h64_20k
-0.026742391317237702,-0.020479817471675245,-0.03330659693294098,adaptive,0.05,20,masked_mae,8,8,head_supported,capacity_s5_h64_20k
-0.027643185309027103,-0.02180534362806913,-0.03364160190116365,released,0.0,20,masked_mae,8,8,head_supported,capacity_s5_h64_20k
0.09885673603262002,0.14031191482168046,0.06098097731308562,adaptive,0.85,20,masked_mae,8,8,head_unsupported,capacity_s5_h64_20k
0.08700415512191458,0.1255842545323971,0.050207072513009834,released,0.85,20,masked_mae,8,8,head_unsupported,capacity_s5_h64_20k
-0.0076491706015259205,-0.004374764149536453,-0.011085228060748041,adaptive,0.2,20,masked_mae,8,8,oral,capacity_s5_h64_20k
-0.006000561031345955,-0.002953467454580936,-0.009201081112260442,released,0.2,20,masked_mae,8,8,oral,capacity_s5_h64_20k
0.19239085290239713,0.24741014367520872,0.13704864102320524,adaptive,0.9,20,masked_mae,8,8,torso_outside_head_roi,capacity_s5_h64_20k
0.19137513686500057,0.2446672365341841,0.13828770519177025,released,0.9,20,masked_mae,8,8,torso_outside_head_roi,capacity_s5_h64_20k
-0.02086290037291421,-0.013065954908658202,-0.03033900191724133,adaptive,0.1,20,masked_mae,384,1,background,capacity_s5_h64_20k
-0.01835253460881975,-0.010773651942284312,-0.027853687467939574,released,0.1,20,masked_mae,384,1,background,capacity_s5_h64_20k
0.00484201813943802,0.008491385339692879,0.0016631553767817138,adaptive,0.65,20,masked_mae,384,1,eyes,capacity_s5_h64_20k
0.0034065709384903955,0.007288256752234398,-0.0002449630423764973,released,0.65,20,masked_mae,384,1,eyes,capacity_s5_h64_20k
-0.004684538771354001,6.567910446101385e-05,-0.009588841830111688,adaptive,0.4,20,masked_mae,384,1,flame_supported,capacity_s5_h64_20k
-0.0034500161125864395,0.0011323586855582642,-0.00816705587483322,released,0.5,20,masked_mae,384,1,flame_supported,capacity_s5_h64_20k
0.34992670982747265,0.4247421342116875,0.27072598254050684,adaptive,1.0,20,masked_mae,384,1,flame_unsupported,capacity_s5_h64_20k
0.3626449463471631,0.43497085757153553,0.28520888415810786,released,1.0,20,masked_mae,384,1,flame_unsupported,capacity_s5_h64_20k
0.10157946676364168,0.12559942617987963,0.07586134660333951,adaptive,0.85,20,masked_mae,384,1,foreground,capacity_s5_h64_20k
0.10596920784104868,0.13083126048674854,0.08013692700798809,released,0.9,20,masked_mae,384,1,foreground,capacity_s5_h64_20k
0.04697395319288428,0.06209437609707984,0.03249391414719657,adaptive,0.9,20,masked_mae,384,1,full_frame,capacity_s5_h64_20k
0.050684155508725334,0.06590400726667472,0.03584133773665839,released,0.95,20,masked_mae,384,1,full_frame,capacity_s5_h64_20k
0.016949106383273193,0.02794967069544235,0.0063867039014369725,adaptive,0.7,20,masked_mae,384,1,head_foreground,capacity_s5_h64_20k
0.020921405378955017,0.03121703261400254,0.011040805553495266,released,0.75,20,masked_mae,384,1,head_foreground,capacity_s5_h64_20k
-0.010454506835299398,-0.006730552772007263,-0.01427543460102927,adaptive,0.15,20,masked_mae,384,1,head_supported,capacity_s5_h64_20k
-0.008732614607157836,-0.005897449360031722,-0.011876267514092586,released,0.0,20,masked_mae,384,1,head_supported,capacity_s5_h64_20k
0.2139961633948863,0.28731701469550075,0.14307167368837823,adaptive,0.85,20,masked_mae,384,1,head_unsupported,capacity_s5_h64_20k
0.23952332244868643,0.3042097390945638,0.17635620287745188,released,1.0,20,masked_mae,384,1,head_unsupported,capacity_s5_h64_20k
-0.005622741729167257,-0.0029993810404028705,-0.008427973561408938,adaptive,0.3,20,masked_mae,384,1,oral,capacity_s5_h64_20k
-0.004446787677282875,-0.0016777916597316934,-0.007304240102041676,released,0.3,20,masked_mae,384,1,oral,capacity_s5_h64_20k
0.3068541680696467,0.3703237671271977,0.23765665962856458,adaptive,1.0,20,masked_mae,384,1,torso_outside_head_roi,capacity_s5_h64_20k
0.3103785446196359,0.3731006664143057,0.2398129826078583,released,0.95,20,masked_mae,384,1,torso_outside_head_roi,capacity_s5_h64_20k
-0.020706354778697686,-0.014732357579131519,-0.026687685511595317,adaptive,0.05,20,masked_mae,384,4,background,capacity_s5_h64_20k
-0.018481523655033704,-0.012022548462997617,-0.025841021460884024,released,0.1,20,masked_mae,384,4,background,capacity_s5_h64_20k
0.003434470438599284,0.005854401549432808,0.0009627318228214965,adaptive,0.65,20,masked_mae,384,4,eyes,capacity_s5_h64_20k
0.0021987134228870116,0.005785151006776527,-0.001204366449571653,released,0.6,20,masked_mae,384,4,eyes,capacity_s5_h64_20k
-0.008290183573589726,-0.0036345253006506957,-0.013178539507737464,adaptive,0.3,20,masked_mae,384,4,flame_supported,capacity_s5_h64_20k
-0.005845334632718769,-0.0010432563429310336,-0.010802889687213579,released,0.35,20,masked_mae,384,4,flame_supported,capacity_s5_h64_20k
0.3512431559192056,0.42617851108249744,0.272914137364516,adaptive,1.0,20,masked_mae,384,4,flame_unsupported,capacity_s5_h64_20k
0.3633532907328715,0.4366806200925121,0.28666343455814164,released,1.0,20,masked_mae,384,4,flame_unsupported,capacity_s5_h64_20k
0.09861491677238676,0.1219980373889417,0.07400074513550028,adaptive,0.9,20,masked_mae,384,4,foreground,capacity_s5_h64_20k
0.1036385674777297,0.12668934369344806,0.07885712409056261,released,1.0,20,masked_mae,384,4,foreground,capacity_s5_h64_20k
0.04638021932598426,0.06099817689853705,0.032559830673086855,adaptive,0.9,20,masked_mae,384,4,full_frame,capacity_s5_h64_20k
0.05028471478198624,0.06456167922203863,0.0367352303933725,released,0.95,20,masked_mae,384,4,full_frame,capacity_s5_h64_20k
0.013866015639515544,0.0241098799648919,0.0038072022897265084,adaptive,0.65,20,masked_mae,384,4,head_foreground,capacity_s5_h64_20k
0.018303349131966233,0.027809336995295236,0.009364574210077537,released,0.7,20,masked_mae,384,4,head_foreground,capacity_s5_h64_20k
-0.015342547562167259,-0.011828466437460548,-0.019122425629839297,adaptive,0.0,20,masked_mae,384,4,head_supported,capacity_s5_h64_20k
-0.012798055166970617,-0.009456522310661967,-0.016405214776992843,released,0.0,20,masked_mae,384,4,head_supported,capacity_s5_h64_20k
0.22554457641409603,0.29721935402643596,0.15343518851958288,adaptive,0.9,20,masked_mae,384,4,head_unsupported,capacity_s5_h64_20k
0.24773296952219498,0.31141298546256396,0.18331573678761304,released,1.0,20,masked_mae,384,4,head_unsupported,capacity_s5_h64_20k
-0.00705186188850806,-0.0038789097810020164,-0.010478335348387177,adaptive,0.3,20,masked_mae,384,4,oral,capacity_s5_h64_20k
-0.006319069240354655,-0.003924464543796465,-0.008827366425669817,released,0.15,20,masked_mae,384,4,oral,capacity_s5_h64_20k
0.30360313692361907,0.3644085939058268,0.2373361907483734,adaptive,0.95,20,masked_mae,384,4,torso_outside_head_roi,capacity_s5_h64_20k
0.3092816655894789,0.37161730719818614,0.24186965597709517,released,1.0,20,masked_mae,384,4,torso_outside_head_roi,capacity_s5_h64_20k
-0.020560565610823152,-0.014781178251623797,-0.026734493087466397,adaptive,0.05,20,masked_mae,384,8,background,capacity_s5_h64_20k
-0.02081698138550828,-0.014156535348869188,-0.028724282140411707,released,0.0,20,masked_mae,384,8,background,capacity_s5_h64_20k
0.00492832600942948,0.007446881257333718,0.0024234533688147473,adaptive,0.7,20,masked_mae,384,8,eyes,capacity_s5_h64_20k
0.0027777955435001086,0.006354883089772627,-0.000808623411779707,released,0.7,20,masked_mae,384,8,eyes,capacity_s5_h64_20k
-0.008313035589924665,-0.0033231854312869608,-0.01334593731042704,adaptive,0.3,20,masked_mae,384,8,flame_supported,capacity_s5_h64_20k
-0.006271962129612746,-0.001261114729068903,-0.01145558684610444,released,0.35,20,masked_mae,384,8,flame_supported,capacity_s5_h64_20k
0.35835139668779015,0.432113273767879,0.2825251244015974,adaptive,1.0,20,masked_mae,384,8,flame_unsupported,capacity_s5_h64_20k
0.3733758833547439,0.4449071622506606,0.29756783787430885,released,1.0,20,masked_mae,384,8,flame_unsupported,capacity_s5_h64_20k
0.10231918868380166,0.1259807949971584,0.07758523958825934,adaptive,0.9,20,masked_mae,384,8,foreground,capacity_s5_h64_20k
0.1078521420101731,0.1315124112838932,0.08346738704636567,released,1.0,20,masked_mae,384,8,foreground,capacity_s5_h64_20k
0.04778782862949509,0.06253551629349094,0.03403281819252741,adaptive,0.85,20,masked_mae,384,8,full_frame,capacity_s5_h64_20k
0.05085395750029263,0.06567769100505208,0.03685666840872896,released,0.95,20,masked_mae,384,8,full_frame,capacity_s5_h64_20k
0.014022162932571799,0.0242352624811723,0.0042844022181764375,adaptive,0.65,20,masked_mae,384,8,head_foreground,capacity_s5_h64_20k
0.01843710400702047,0.02772653472226517,0.009627325402570787,released,0.7,20,masked_mae,384,8,head_foreground,capacity_s5_h64_20k
-0.015255103323370853,-0.011295986808706492,-0.01949742929888382,adaptive,0.05,20,masked_mae,384,8,head_supported,capacity_s5_h64_20k
-0.013136761700314298,-0.009436225261190652,-0.01722247923136855,released,0.0,20,masked_mae,384,8,head_supported,capacity_s5_h64_20k
0.22810304840575352,0.30059117524029216,0.15831706088008576,adaptive,0.95,20,masked_mae,384,8,head_unsupported,capacity_s5_h64_20k
0.2533751187744627,0.3184238702108403,0.19082881658682424,released,1.0,20,masked_mae,384,8,head_unsupported,capacity_s5_h64_20k
-0.006900523469795299,-0.003978126433523087,-0.010075256492403848,adaptive,0.2,20,masked_mae,384,8,oral,capacity_s5_h64_20k
-0.006671389386664413,-0.003969870922186709,-0.009526949303683745,released,0.15,20,masked_mae,384,8,oral,capacity_s5_h64_20k
0.3089268183605546,0.3694874645381941,0.2418665553527412,adaptive,1.0,20,masked_mae,384,8,torso_outside_head_roi,capacity_s5_h64_20k
0.3159732089933726,0.37716619106209676,0.24992753301046616,released,1.0,20,masked_mae,384,8,torso_outside_head_roi,capacity_s5_h64_20k
-0.010327762885181061,0.00026179548293214425,-0.022279606983275753,adaptive,0.35,20,masked_mae,384,1,background,convergence_s5_h128_60k
-0.010280895484407672,0.001345470929153922,-0.024625435824612293,released,0.3,20,masked_mae,384,1,background,convergence_s5_h128_60k
0.0023947803194154234,0.005886401889996781,-0.0006531833283627004,adaptive,0.65,20,masked_mae,384,1,eyes,convergence_s5_h128_60k
0.0005784615004026095,0.003897645358027918,-0.00272301748248845,released,0.5,20,masked_mae,384,1,eyes,convergence_s5_h128_60k
0.00047224623929767695,0.006460888113107977,-0.0055891048291080315,adaptive,0.5,20,masked_mae,384,1,flame_supported,convergence_s5_h128_60k
0.001162856699143042,0.007562229691838208,-0.005444123954601274,released,0.6,20,masked_mae,384,1,flame_supported,convergence_s5_h128_60k
0.3982685194104426,0.4683677248392392,0.323117215359797,adaptive,1.0,20,masked_mae,384,1,flame_unsupported,convergence_s5_h128_60k
0.40562038908364845,0.4763169498125255,0.33071224888297607,released,1.0,20,masked_mae,384,1,flame_unsupported,convergence_s5_h128_60k
0.1194856029348477,0.14437120558145933,0.09402790491364242,adaptive,1.0,20,masked_mae,384,1,foreground,convergence_s5_h128_60k
0.12200377236073426,0.14691923014647432,0.09611618696708357,released,1.0,20,masked_mae,384,1,foreground,convergence_s5_h128_60k
0.06171325090815667,0.07789290847780901,0.04578979372741684,adaptive,1.0,20,masked_mae,384,1,full_frame,convergence_s5_h128_60k
0.06293497530670908,0.07954295570877466,0.04627771893760772,released,1.0,20,masked_mae,384,1,full_frame,convergence_s5_h128_60k
0.02421935815881034,0.03622100070246526,0.013086023421130468,adaptive,0.8,20,masked_mae,384,1,head_foreground,convergence_s5_h128_60k
0.026709842693772697,0.039229107745310944,0.015155662416751241,released,0.8,20,masked_mae,384,1,head_foreground,convergence_s5_h128_60k
-0.007098855756297986,-0.0028091577039724264,-0.01208797818972328,adaptive,0.15,20,masked_mae,384,1,head_supported,convergence_s5_h128_60k
-0.00607805391870294,-0.0012479097230926584,-0.011973867878837873,released,0.35,20,masked_mae,384,1,head_supported,convergence_s5_h128_60k
0.2526385868266924,0.32561218915721096,0.1838361113464249,adaptive,0.95,20,masked_mae,384,1,head_unsupported,convergence_s5_h128_60k
0.26759706252375204,0.33277752804882355,0.2026911012682647,released,1.0,20,masked_mae,384,1,head_unsupported,convergence_s5_h128_60k
-0.0015465388330881443,0.00047027547106283916,-0.0036070544814237803,adaptive,0.45,20,masked_mae,384,1,oral,convergence_s5_h128_60k
-0.002068414810789495,0.00021488416286999888,-0.004448721094024516,released,0.4,20,masked_mae,384,1,oral,convergence_s5_h128_60k
0.34988351437399035,0.4099061602461838,0.28345109361860693,adaptive,1.0,20,masked_mae,384,1,torso_outside_head_roi,convergence_s5_h128_60k
0.3510832117312489,0.4120667094215856,0.28180088998970565,released,1.0,20,masked_mae,384,1,torso_outside_head_roi,convergence_s5_h128_60k
-0.010486372430574147,0.0004996415544982081,-0.022492742172770346,adaptive,0.3,20,masked_mae,384,4,background,convergence_s5_h128_60k
-0.009280777762416934,0.002002853249469544,-0.021722788019959204,released,0.2,20,masked_mae,384,4,background,convergence_s5_h128_60k
0.0004435844896393825,0.0033050247955972666,-0.0023132981751114957,adaptive,0.6,20,masked_mae,384,4,eyes,convergence_s5_h128_60k
0.001047624057868297,0.004423085287186782,-0.0022747937287563662,released,0.55,20,masked_mae,384,4,eyes,convergence_s5_h128_60k
-0.0001391329032732574,0.006171959244304084,-0.006261127040991422,adaptive,0.35,20,masked_mae,384,4,flame_supported,convergence_s5_h128_60k
0.001576661481686653,0.007764980499997015,-0.004329733872329653,released,0.55,20,masked_mae,384,4,flame_supported,convergence_s5_h128_60k
0.4061640034433836,0.473073406679544,0.3392001245486288,adaptive,1.0,20,masked_mae,384,4,flame_unsupported,convergence_s5_h128_60k
0.4156641789764454,0.482331624001214,0.3475308064161002,released,1.0,20,masked_mae,384,4,flame_unsupported,convergence_s5_h128_60k
0.1199182326901282,0.14336686186544598,0.0965333645130587,adaptive,1.0,20,masked_mae,384,4,foreground,convergence_s5_h128_60k
0.12370060346674801,0.14677543462081075,0.10018398825680513,released,1.0,20,masked_mae,384,4,foreground,convergence_s5_h128_60k
0.06239713866082325,0.07933427450359141,0.046999159966098596,adaptive,1.0,20,masked_mae,384,4,full_frame,convergence_s5_h128_60k
0.06482727483284376,0.08190046031790879,0.04880390449961575,released,1.0,20,masked_mae,384,4,full_frame,convergence_s5_h128_60k
0.0247487883557188,0.03656251742029972,0.014272868774848242,adaptive,0.8,20,masked_mae,384,4,head_foreground,convergence_s5_h128_60k
0.027876623108137332,0.03885126539359416,0.017442787685997826,released,0.9,20,masked_mae,384,4,head_foreground,convergence_s5_h128_60k
-0.008290344311897615,-0.004470180989950196,-0.012635058276129268,adaptive,0.2,20,masked_mae,384,4,head_supported,convergence_s5_h128_60k
-0.006396659514458183,-0.0025350659014116836,-0.010799652708458963,released,0.25,20,masked_mae,384,4,head_supported,convergence_s5_h128_60k
0.26692562066116704,0.33329908550897447,0.19779824590257097,adaptive,1.0,20,masked_mae,384,4,head_unsupported,convergence_s5_h128_60k
0.28172160111013256,0.3444501308379359,0.21962438066405696,released,1.0,20,masked_mae,384,4,head_unsupported,convergence_s5_h128_60k
-0.0028695133590457577,-0.0012292183859363706,-0.004609801328569224,adaptive,0.2,20,masked_mae,384,4,oral,convergence_s5_h128_60k
-0.003068259653904379,-0.001209198486443198,-0.004995034133382627,released,0.3,20,masked_mae,384,4,oral,convergence_s5_h128_60k
0.34975197722880164,0.40771301521991404,0.2868842034767154,adaptive,1.0,20,masked_mae,384,4,torso_outside_head_roi,convergence_s5_h128_60k
0.35459304895042965,0.4132941202324619,0.29144144117190046,released,1.0,20,masked_mae,384,4,torso_outside_head_roi,convergence_s5_h128_60k
-0.011652808497384702,-0.0007921154058963701,-0.02424735128321571,adaptive,0.25,20,masked_mae,384,8,background,convergence_s5_h128_60k
-0.010067129394424489,0.0013890796465175481,-0.02297879831316601,released,0.15,20,masked_mae,384,8,background,convergence_s5_h128_60k
0.0008153219263242299,0.003397048567651392,-0.001971996561665252,adaptive,0.65,20,masked_mae,384,8,eyes,convergence_s5_h128_60k
0.0015489218526663518,0.00438864652142351,-0.001536577275294509,released,0.6,20,masked_mae,384,8,eyes,convergence_s5_h128_60k
-0.0010150083643909995,0.005493291824201261,-0.007446824476928192,adaptive,0.4,20,masked_mae,384,8,flame_supported,convergence_s5_h128_60k
0.0005056664917017284,0.006639267841499941,-0.005712264644653851,released,0.4,20,masked_mae,384,8,flame_supported,convergence_s5_h128_60k
0.4135473009021336,0.4803581527233949,0.34433495259785213,adaptive,1.0,20,masked_mae,384,8,flame_unsupported,convergence_s5_h128_60k
0.41832084856692314,0.48397259811173515,0.3504737571168047,released,1.0,20,masked_mae,384,8,flame_unsupported,convergence_s5_h128_60k
0.12357270781721523,0.1475654803543221,0.09923850688444112,adaptive,1.0,20,masked_mae,384,8,foreground,convergence_s5_h128_60k
0.1260500433686871,0.15041303366669817,0.10178250978864715,released,1.0,20,masked_mae,384,8,foreground,convergence_s5_h128_60k
0.06313922800026932,0.07999762777663756,0.04672450169082329,adaptive,1.0,20,masked_mae,384,8,full_frame,convergence_s5_h128_60k
0.06514086657100254,0.08287639099217597,0.04851932119239461,released,1.0,20,masked_mae,384,8,full_frame,convergence_s5_h128_60k
0.02461390662214479,0.03623267099729497,0.014084221311559307,adaptive,0.8,20,masked_mae,384,8,head_foreground,convergence_s5_h128_60k
0.026505713746433224,0.03725980612197131,0.01631340938290938,released,0.9,20,masked_mae,384,8,head_foreground,convergence_s5_h128_60k
-0.009119676622053804,-0.005337884391154335,-0.013512676759366266,adaptive,0.1,20,masked_mae,384,8,head_supported,convergence_s5_h128_60k
-0.007416409995977119,-0.0035724665110619318,-0.011690217423652153,released,0.2,20,masked_mae,384,8,head_supported,convergence_s5_h128_60k
0.274341596436343,0.34085418667492123,0.20694358002325056,adaptive,1.0,20,masked_mae,384,8,head_unsupported,convergence_s5_h128_60k
0.2791665533394546,0.34253914469754015,0.21674422843212182,released,1.0,20,masked_mae,384,8,head_unsupported,convergence_s5_h128_60k
-0.0030337734051264814,-0.001512784209157552,-0.004657890137423358,adaptive,0.2,20,masked_mae,384,8,oral,convergence_s5_h128_60k
-0.003108308398285684,-0.0011924435603346021,-0.005111240386736665,released,0.35,20,masked_mae,384,8,oral,convergence_s5_h128_60k
0.3534836127120512,0.41229684162078895,0.29122805784979094,adaptive,1.0,20,masked_mae,384,8,torso_outside_head_roi,convergence_s5_h128_60k
0.35612404850900653,0.4157886507950848,0.2941268682140043,released,1.0,20,masked_mae,384,8,torso_outside_head_roi,convergence_s5_h128_60k
-0.04165924020764382,-0.026012394871742794,-0.05925778531576862,adaptive,0.15,20,masked_mae,8,1,background,covariance_s3_h128_20k
-0.03865795402940378,-0.023156274224275533,-0.05616943919038035,released,0.15,20,masked_mae,8,1,background,covariance_s3_h128_20k
-0.00741428182737987,-0.0016064701543905728,-0.014257270218437786,adaptive,0.3,20,masked_mae,8,1,eyes,covariance_s3_h128_20k
-0.017673698240532523,-0.010137086192832098,-0.02603182381987339,released,0.15,20,masked_mae,8,1,eyes,covariance_s3_h128_20k
-0.0020298608017279536,0.013454313558886368,-0.018304778646499785,adaptive,0.5,20,masked_mae,8,1,flame_supported,covariance_s3_h128_20k
-0.003157242003465922,0.013781451360590311,-0.02039420668055109,released,0.45,20,masked_mae,8,1,flame_supported,covariance_s3_h128_20k
0.2288052221767666,0.29121893245870706,0.16599935997143636,adaptive,0.95,20,masked_mae,8,1,flame_unsupported,covariance_s3_h128_20k
0.21946531291459642,0.28026234822426904,0.1570483304876297,released,0.9,20,masked_mae,8,1,flame_unsupported,covariance_s3_h128_20k
0.06480544012327481,0.08948690941056106,0.039426251323426115,adaptive,0.9,20,masked_mae,8,1,foreground,covariance_s3_h128_20k
0.061987357243025135,0.08800256653542105,0.03454550587007248,released,0.85,20,masked_mae,8,1,foreground,covariance_s3_h128_20k
0.016137359763292693,0.03631557634640564,-0.0048716903982138305,adaptive,0.7,20,masked_mae,8,1,full_frame,covariance_s3_h128_20k
0.016055486840431128,0.03667507587444213,-0.006116707564948446,released,0.75,20,masked_mae,8,1,full_frame,covariance_s3_h128_20k
0.00947235343401626,0.02267133145581175,-0.004935665115195911,adaptive,0.65,20,masked_mae,8,1,head_foreground,covariance_s3_h128_20k
0.006632270760782188,0.020026817699444577,-0.0074464188430910195,released,0.5,20,masked_mae,8,1,head_foreground,covariance_s3_h128_20k
-0.014215436247893967,-0.0009837150563049646,-0.03002912205561358,adaptive,0.35,20,masked_mae,8,1,head_supported,covariance_s3_h128_20k
-0.015182228613912236,-0.0013289210267029305,-0.03073159489201732,released,0.35,20,masked_mae,8,1,head_supported,covariance_s3_h128_20k
0.19309450495455882,0.24011075049582187,0.14651547863619796,adaptive,0.95,20,masked_mae,8,1,head_unsupported,covariance_s3_h128_20k
0.17086674039563748,0.21435739758237385,0.1268614608469471,released,0.95,20,masked_mae,8,1,head_unsupported,covariance_s3_h128_20k
-0.016719182380035856,-0.01022644658516163,-0.02414689213079398,adaptive,0.1,20,masked_mae,8,1,oral,covariance_s3_h128_20k
-0.021881871542786042,-0.01270715366816547,-0.03233463919211544,released,0.05,20,masked_mae,8,1,oral,covariance_s3_h128_20k
0.19412903828806688,0.2673598831457796,0.11696747339016222,adaptive,0.85,20,masked_mae,8,1,torso_outside_head_roi,covariance_s3_h128_20k
0.19135750383221797,0.2638240232222245,0.11231194543463012,released,0.85,20,masked_mae,8,1,torso_outside_head_roi,covariance_s3_h128_20k
-0.03734245354208658,-0.021604601362238036,-0.054542354479905346,adaptive,0.15,20,masked_mae,8,4,background,covariance_s3_h128_20k
-0.03711432237977252,-0.021408185758150344,-0.05471691561459749,released,0.05,20,masked_mae,8,4,background,covariance_s3_h128_20k
-0.00835762598958916,-0.0005640844047543275,-0.016479008082139895,adaptive,0.4,20,masked_mae,8,4,eyes,covariance_s3_h128_20k
-0.023775890255650696,-0.014757208010675857,-0.032601647665665784,released,0.2,20,masked_mae,8,4,eyes,covariance_s3_h128_20k
-0.0035431844003999875,0.010740345036524185,-0.018146466073233877,adaptive,0.45,20,masked_mae,8,4,flame_supported,covariance_s3_h128_20k
-0.0030183638524072095,0.0120098301624699,-0.01856724013443548,released,0.45,20,masked_mae,8,4,flame_supported,covariance_s3_h128_20k
0.2410971270498218,0.2970430891220774,0.18514823037526026,adaptive,0.95,20,masked_mae,8,4,flame_unsupported,covariance_s3_h128_20k
0.23393367288002773,0.2887663060378544,0.1765011588167198,released,0.95,20,masked_mae,8,4,flame_unsupported,covariance_s3_h128_20k
0.06747251890949664,0.08996452720755886,0.0449199582439954,adaptive,0.9,20,masked_mae,8,4,foreground,covariance_s3_h128_20k
0.06610872317762685,0.0888329325377927,0.042576023742914665,released,0.9,20,masked_mae,8,4,foreground,covariance_s3_h128_20k
0.02048031476465686,0.03931958562702187,0.000974971277244171,adaptive,0.7,20,masked_mae,8,4,full_frame,covariance_s3_h128_20k
0.01978786446503043,0.03879989265506151,-0.0012028918078013568,released,0.75,20,masked_mae,8,4,full_frame,covariance_s3_h128_20k
0.006621717903292563,0.019021847207844143,-0.00620804973538405,adaptive,0.65,20,masked_mae,8,4,head_foreground,covariance_s3_h128_20k
0.006568408806054515,0.019209134475010638,-0.006825111248347281,released,0.7,20,masked_mae,8,4,head_foreground,covariance_s3_h128_20k
-0.017296203846466848,-0.005015252356006876,-0.033424356888753795,adaptive,0.25,20,masked_mae,8,4,head_supported,covariance_s3_h128_20k
-0.016442405835083836,-0.004039865087279154,-0.03104886379352636,released,0.3,20,masked_mae,8,4,head_supported,covariance_s3_h128_20k
0.190230510452502,0.23777747547958214,0.14281462263159458,adaptive,0.95,20,masked_mae,8,4,head_unsupported,covariance_s3_h128_20k
0.17486041273885225,0.22267611766243126,0.12664364912060494,released,0.95,20,masked_mae,8,4,head_unsupported,covariance_s3_h128_20k
-0.0173320460521093,-0.010973282704099224,-0.02461136068308389,adaptive,0.1,20,masked_mae,8,4,oral,covariance_s3_h128_20k
-0.023853951233046622,-0.015739613717833893,-0.03277800121339073,released,0.05,20,masked_mae,8,4,oral,covariance_s3_h128_20k
0.2111675667412769,0.2733814936719375,0.1459028269997106,adaptive,0.9,20,masked_mae,8,4,torso_outside_head_roi,covariance_s3_h128_20k
0.20748241671114886,0.2709965722559981,0.13978070347413069,released,0.85,20,masked_mae,8,4,torso_outside_head_roi,covariance_s3_h128_20k
-0.03626798045118837,-0.020623841180528173,-0.05335357062812582,adaptive,0.15,20,masked_mae,8,8,background,covariance_s3_h128_20k
-0.03497763686829025,-0.019610589199125943,-0.05266784694106879,released,0.1,20,masked_mae,8,8,background,covariance_s3_h128_20k
-0.00690685664111228,0.0006799790253170138,-0.015250110810867306,adaptive,0.4,20,masked_mae,8,8,eyes,covariance_s3_h128_20k
-0.022537374738227253,-0.013838722508170701,-0.030860933671472957,released,0.2,20,masked_mae,8,8,eyes,covariance_s3_h128_20k
-0.0035528119712680273,0.011471884689237669,-0.018841986161916173,adaptive,0.45,20,masked_mae,8,8,flame_supported,covariance_s3_h128_20k
-0.00337010376470403,0.012441388256435756,-0.01948276372233336,released,0.45,20,masked_mae,8,8,flame_supported,covariance_s3_h128_20k
0.24477848363138363,0.30105488813422504,0.18730982104488347,adaptive,0.95,20,masked_mae,8,8,flame_unsupported,covariance_s3_h128_20k
0.23702423498738295,0.29074862339210816,0.17955872909446693,released,0.95,20,masked_mae,8,8,flame_unsupported,covariance_s3_h128_20k
0.06999596354601081,0.09293856263212781,0.04686941515475458,adaptive,0.9,20,masked_mae,8,8,foreground,covariance_s3_h128_20k
0.06821864154657345,0.09122199173561342,0.04296553843701004,released,0.9,20,masked_mae,8,8,foreground,covariance_s3_h128_20k
0.02188704080911943,0.04103479218259345,0.0017425886703948165,adaptive,0.75,20,masked_mae,8,8,full_frame,covariance_s3_h128_20k
0.02139735416244463,0.04114024014183968,-2.764503634164854e-05,released,0.75,20,masked_mae,8,8,full_frame,covariance_s3_h128_20k
0.0060909973544962465,0.018320604053753266,-0.007084777803403996,adaptive,0.6,20,masked_mae,8,8,head_foreground,covariance_s3_h128_20k
0.005483112804230535,0.01769340804023577,-0.007651818687158029,released,0.65,20,masked_mae,8,8,head_foreground,covariance_s3_h128_20k
-0.01782655361040008,-0.0051043490433307,-0.03343977334271974,adaptive,0.3,20,masked_mae,8,8,head_supported,covariance_s3_h128_20k
-0.017307867799717252,-0.004207564102314447,-0.03263803238485557,released,0.35,20,masked_mae,8,8,head_supported,covariance_s3_h128_20k
0.18846749795194045,0.23491341627997728,0.1431295248926194,adaptive,0.95,20,masked_mae,8,8,head_unsupported,covariance_s3_h128_20k
0.17096283707344323,0.21696163407691907,0.12402576734181661,released,0.95,20,masked_mae,8,8,head_unsupported,covariance_s3_h128_20k
-0.017472570320835518,-0.01152843238898391,-0.02438539361158352,adaptive,0.05,20,masked_mae,8,8,oral,covariance_s3_h128_20k
-0.0244172851727086,-0.016635429590134674,-0.03343806028181111,released,0.05,20,masked_mae,8,8,oral,covariance_s3_h128_20k
0.2168115057985974,0.281293081344444,0.14873846218174944,adaptive,0.9,20,masked_mae,8,8,torso_outside_head_roi,covariance_s3_h128_20k
0.2129763176076113,0.2778165148023403,0.1437844370642856,released,0.85,20,masked_mae,8,8,torso_outside_head_roi,covariance_s3_h128_20k
-0.03468683602386176,-0.025928294952860552,-0.04409028400323272,adaptive,0.0,20,masked_mae,384,1,background,covariance_s3_h128_20k
-0.028820095384859783,-0.02113421923565644,-0.03857725521575821,released,0.0,20,masked_mae,384,1,background,covariance_s3_h128_20k
0.004577193919070827,0.007365295402220375,0.0018086678438011278,adaptive,0.75,20,masked_mae,384,1,eyes,covariance_s3_h128_20k
0.006714873060009535,0.009959166569880116,0.003552872053580999,released,0.8,20,masked_mae,384,1,eyes,covariance_s3_h128_20k
0.026406949889827135,0.037910016129707465,0.01575632777576573,adaptive,0.9,20,masked_mae,384,1,flame_supported,covariance_s3_h128_20k
0.029901912209118788,0.04164992370676998,0.019357893622138352,released,0.9,20,masked_mae,384,1,flame_supported,covariance_s3_h128_20k
0.3540856146642662,0.42182084927445335,0.27728535082060524,adaptive,0.95,20,masked_mae,384,1,flame_unsupported,covariance_s3_h128_20k
0.36325284070878505,0.4304950505959545,0.29122254511056006,released,1.0,20,masked_mae,384,1,flame_unsupported,covariance_s3_h128_20k
0.12363408993971103,0.14894386290910958,0.09580018045711529,adaptive,1.0,20,masked_mae,384,1,foreground,covariance_s3_h128_20k
0.1290088342314621,0.1544221190437884,0.10270448508842346,released,1.0,20,masked_mae,384,1,foreground,covariance_s3_h128_20k
0.05247559667837739,0.0676766384270413,0.03748366706256054,adaptive,0.95,20,masked_mae,384,1,full_frame,covariance_s3_h128_20k
0.0581643895669417,0.07443401842406301,0.0422219523118774,released,0.9,20,masked_mae,384,1,full_frame,covariance_s3_h128_20k
0.044165265650683,0.05638685284058329,0.03242803598941597,adaptive,0.95,20,masked_mae,384,1,head_foreground,covariance_s3_h128_20k
0.04852260982297062,0.06098191539823228,0.03663199892948304,released,1.0,20,masked_mae,384,1,head_foreground,covariance_s3_h128_20k
0.00977966094997443,0.017009327107665197,0.002704420449085052,adaptive,0.7,20,masked_mae,384,1,head_supported,covariance_s3_h128_20k
0.013601129188195643,0.020898724910088665,0.006529936614924692,released,0.8,20,masked_mae,384,1,head_supported,covariance_s3_h128_20k
0.295900224253905,0.36530358610553476,0.22617999895198604,adaptive,0.9,20,masked_mae,384,1,head_unsupported,covariance_s3_h128_20k
0.30678676952819917,0.3728729684605484,0.24036788737826803,released,1.0,20,masked_mae,384,1,head_unsupported,covariance_s3_h128_20k
-0.006371253957788296,-0.0016739181671158755,-0.01114188341060787,adaptive,0.3,20,masked_mae,384,1,oral,covariance_s3_h128_20k
-0.011629594132064732,-0.0057140908625094135,-0.018015310396037404,released,0.3,20,masked_mae,384,1,oral,covariance_s3_h128_20k
0.3195188331011761,0.3842259594723832,0.24603963171401416,adaptive,1.0,20,masked_mae,384,1,torso_outside_head_roi,covariance_s3_h128_20k
0.3241147242296655,0.38774862423105194,0.2545597261282749,released,0.95,20,masked_mae,384,1,torso_outside_head_roi,covariance_s3_h128_20k
-0.03647331084588112,-0.028580020195274447,-0.04448122946557346,adaptive,0.0,20,masked_mae,384,4,background,covariance_s3_h128_20k
-0.029994340935308412,-0.023203201698675326,-0.03826274871401643,released,0.0,20,masked_mae,384,4,background,covariance_s3_h128_20k
0.0043317382370018295,0.008283677952696506,0.0003813349264167206,adaptive,0.7,20,masked_mae,384,4,eyes,covariance_s3_h128_20k
0.004827972878967884,0.00940891545591035,0.00043464291473116565,released,0.6,20,masked_mae,384,4,eyes,covariance_s3_h128_20k
0.024999839914436172,0.036936251139403756,0.013687077240600434,adaptive,0.85,20,masked_mae,384,4,flame_supported,covariance_s3_h128_20k
0.02950091401058206,0.04167758453114837,0.01779466878654316,released,0.9,20,masked_mae,384,4,flame_supported,covariance_s3_h128_20k
0.35471568968589223,0.4230541740008686,0.28129738858931935,adaptive,1.0,20,masked_mae,384,4,flame_unsupported,covariance_s3_h128_20k
0.36483221360910945,0.4317192537352788,0.29476197038434665,released,1.0,20,masked_mae,384,4,flame_unsupported,covariance_s3_h128_20k
0.12215226901014953,0.1474884754493714,0.09633201756505924,adaptive,1.0,20,masked_mae,384,4,foreground,covariance_s3_h128_20k
0.12834192088572077,0.15330157018042412,0.10094493219640427,released,1.0,20,masked_mae,384,4,foreground,covariance_s3_h128_20k
0.05205479022885158,0.06688644097993086,0.03749950474232463,adaptive,0.9,20,masked_mae,384,4,full_frame,covariance_s3_h128_20k
0.058388129114776276,0.0746633426024073,0.0426128799427913,released,0.9,20,masked_mae,384,4,full_frame,covariance_s3_h128_20k
0.04309708037408744,0.055073159886859756,0.0316545394434543,adaptive,1.0,20,masked_mae,384,4,head_foreground,covariance_s3_h128_20k
0.04799740153789774,0.06018517096561258,0.03612232758766586,released,1.0,20,masked_mae,384,4,head_foreground,covariance_s3_h128_20k
0.007422787665805441,0.015630145404983652,-0.0005533013055741887,adaptive,0.75,20,masked_mae,384,4,head_supported,covariance_s3_h128_20k
0.012005452344223264,0.020170027252017827,0.003808639020035986,released,0.7,20,masked_mae,384,4,head_supported,covariance_s3_h128_20k
0.3067296822938313,0.3734035264263496,0.23871491648884846,adaptive,0.95,20,masked_mae,384,4,head_unsupported,covariance_s3_h128_20k
0.3194318882102062,0.38286189150925226,0.25634090900209555,released,1.0,20,masked_mae,384,4,head_unsupported,covariance_s3_h128_20k
-0.009109081446819402,-0.004161405056910272,-0.01392611909850679,adaptive,0.2,20,masked_mae,384,4,oral,covariance_s3_h128_20k
-0.01577694442853986,-0.009678030741139801,-0.02232983658356395,released,0.05,20,masked_mae,384,4,oral,covariance_s3_h128_20k
0.3159655850954468,0.382824159457727,0.24412140031224713,adaptive,1.0,20,masked_mae,384,4,torso_outside_head_roi,covariance_s3_h128_20k
0.32215865833460733,0.38592124438470393,0.25231989706954827,released,0.95,20,masked_mae,384,4,torso_outside_head_roi,covariance_s3_h128_20k
-0.03733029075989987,-0.029084020308003593,-0.045831874754589136,adaptive,0.0,20,masked_mae,384,8,background,covariance_s3_h128_20k
-0.03172225858621295,-0.02538167724408055,-0.03962959104732765,released,0.0,20,masked_mae,384,8,background,covariance_s3_h128_20k
0.005285650438153667,0.0092402868665593,0.0014806479910265628,adaptive,0.65,20,masked_mae,384,8,eyes,covariance_s3_h128_20k
0.005676183911954516,0.010337325580891106,0.001281390064073224,released,0.6,20,masked_mae,384,8,eyes,covariance_s3_h128_20k
0.024373288632144437,0.03649631228751312,0.013176744766461182,adaptive,0.85,20,masked_mae,384,8,flame_supported,covariance_s3_h128_20k
0.028400890753988377,0.04051168068830968,0.01688650464391077,released,0.85,20,masked_mae,384,8,flame_supported,covariance_s3_h128_20k
0.3597875831645416,0.4305094625833749,0.28565109614699064,adaptive,1.0,20,masked_mae,384,8,flame_unsupported,covariance_s3_h128_20k
0.3719348253606388,0.43718359936955775,0.3007561298736026,released,1.0,20,masked_mae,384,8,flame_unsupported,covariance_s3_h128_20k
0.12486592069706995,0.1505547446912218,0.09845639918559448,adaptive,1.0,20,masked_mae,384,8,foreground,covariance_s3_h128_20k
0.13125214374849503,0.15667489230055232,0.10492848234224633,released,1.0,20,masked_mae,384,8,foreground,covariance_s3_h128_20k
0.05233834172568108,0.06764112064676711,0.0374918193326024,adaptive,0.9,20,masked_mae,384,8,full_frame,covariance_s3_h128_20k
0.05840200897935148,0.07476363858963331,0.042338168642135576,released,0.9,20,masked_mae,384,8,full_frame,covariance_s3_h128_20k
0.042316557867791954,0.054508910686905304,0.030899256574154543,adaptive,1.0,20,masked_mae,384,8,head_foreground,covariance_s3_h128_20k
0.047094836949473404,0.05915642643972914,0.0356109372444259,released,1.0,20,masked_mae,384,8,head_foreground,covariance_s3_h128_20k
0.006369267788541411,0.014040977864462031,-0.001383564677406446,adaptive,0.7,20,masked_mae,384,8,head_supported,covariance_s3_h128_20k
0.010448066418569671,0.01846612169469549,0.002667392719241148,released,0.7,20,masked_mae,384,8,head_supported,covariance_s3_h128_20k
0.30743191999707437,0.37249383421425647,0.23915752750072483,adaptive,0.95,20,masked_mae,384,8,head_unsupported,covariance_s3_h128_20k
0.3228272848236848,0.38721182814940575,0.2593892942150789,released,1.0,20,masked_mae,384,8,head_unsupported,covariance_s3_h128_20k
-0.009919456300980655,-0.005643192988794979,-0.014481212797351749,adaptive,0.15,20,masked_mae,384,8,oral,covariance_s3_h128_20k
-0.016566047897301303,-0.010902780438595022,-0.02268664806569926,released,0.05,20,masked_mae,384,8,oral,covariance_s3_h128_20k
0.31966452075484,0.38753933704469207,0.24614664986248572,adaptive,1.0,20,masked_mae,384,8,torso_outside_head_roi,covariance_s3_h128_20k
0.326731924071152,0.39160546129653007,0.2544242894251045,released,1.0,20,masked_mae,384,8,torso_outside_head_roi,covariance_s3_h128_20k
-0.018488426082368344,-0.006274419212434485,-0.032550461792900234,adaptive,0.2,20,masked_mae,8,1,background,primary_s5_h128_20k
-0.015624005422805797,-0.00444692872955135,-0.028786702463616705,released,0.2,20,masked_mae,8,1,background,primary_s5_h128_20k
-0.0022771851759944227,0.004271971768868509,-0.011170082696388039,adaptive,0.55,20,masked_mae,8,1,eyes,primary_s5_h128_20k
-0.0052019100348799615,0.0007890678408201645,-0.012586379166004332,released,0.45,20,masked_mae,8,1,eyes,primary_s5_h128_20k
-0.024433590084968818,-0.016345449392528598,-0.033219528229104074,adaptive,0.05,20,masked_mae,8,1,flame_supported,primary_s5_h128_20k
-0.02175927222139407,-0.0147535879136303,-0.02961222945776586,released,0.0,20,masked_mae,8,1,flame_supported,primary_s5_h128_20k
0.22742411384961825,0.29191901906547163,0.1617815053999913,adaptive,0.95,20,masked_mae,8,1,flame_unsupported,primary_s5_h128_20k
0.2044834365039625,0.2618524314234542,0.1476467523881188,released,0.95,20,masked_mae,8,1,flame_unsupported,primary_s5_h128_20k
0.04906774119705864,0.07100204482871798,0.025693137909971023,adaptive,0.85,20,masked_mae,8,1,foreground,primary_s5_h128_20k
0.0444557356449051,0.06414348049201621,0.024291875465288767,released,0.85,20,masked_mae,8,1,foreground,primary_s5_h128_20k
0.01861006436065849,0.035892146442617685,1.3416697087043039e-05,adaptive,0.75,20,masked_mae,8,1,full_frame,primary_s5_h128_20k
0.017370798736595652,0.03287851342477151,0.0007085382948061019,released,0.7,20,masked_mae,8,1,full_frame,primary_s5_h128_20k
-0.008212624435376627,0.002256701922523618,-0.018195936356054508,adaptive,0.4,20,masked_mae,8,1,head_foreground,primary_s5_h128_20k
-0.009370991654901843,-0.002139346453793517,-0.016523012515238127,released,0.35,20,masked_mae,8,1,head_foreground,primary_s5_h128_20k
-0.025330970077242672,-0.017436144519692973,-0.03340327782515934,adaptive,0.05,20,masked_mae,8,1,head_supported,primary_s5_h128_20k
-0.023040502696623645,-0.017205569604661568,-0.028965389591578312,released,0.05,20,masked_mae,8,1,head_supported,primary_s5_h128_20k
0.12196977975894004,0.17638603257162924,0.07082336026645397,adaptive,0.85,20,masked_mae,8,1,head_unsupported,primary_s5_h128_20k
0.09947408471652554,0.14033448245622127,0.06213593940573794,released,0.85,20,masked_mae,8,1,head_unsupported,primary_s5_h128_20k
-0.01034462033932486,-0.0065699713337511794,-0.014349015431794695,adaptive,0.05,20,masked_mae,8,1,oral,primary_s5_h128_20k
-0.005684689214377074,-0.003135632058798102,-0.008260970184106025,released,0.25,20,masked_mae,8,1,oral,primary_s5_h128_20k
0.1829132721559932,0.24713470924553016,0.1141990746946324,adaptive,0.85,20,masked_mae,8,1,torso_outside_head_roi,primary_s5_h128_20k
0.1677153936122351,0.22675915529840418,0.1063438974680212,released,0.85,20,masked_mae,8,1,torso_outside_head_roi,primary_s5_h128_20k
-0.01796440673279269,-0.004631858413874366,-0.03308317976604979,adaptive,0.35,20,masked_mae,8,4,background,primary_s5_h128_20k
-0.01609064221127884,-0.0038689195593787805,-0.031021770926836306,released,0.3,20,masked_mae,8,4,background,primary_s5_h128_20k
-0.00514380488965493,0.00043885592599200723,-0.012163139856981912,adaptive,0.45,20,masked_mae,8,4,eyes,primary_s5_h128_20k
-0.006717864838697442,-0.0003536673658486549,-0.014200144251954731,released,0.45,20,masked_mae,8,4,eyes,primary_s5_h128_20k
-0.02440155908177821,-0.017209366284359075,-0.03216927112886468,adaptive,0.05,20,masked_mae,8,4,flame_supported,primary_s5_h128_20k
-0.021584585208750437,-0.01609109469600399,-0.027308604605703383,released,0.0,20,masked_mae,8,4,flame_supported,primary_s5_h128_20k
0.23510441655777298,0.29136353559110684,0.18015905478118488,adaptive,0.95,20,masked_mae,8,4,flame_unsupported,primary_s5_h128_20k
0.22148473475208513,0.2702558620337519,0.1718617889491807,released,1.0,20,masked_mae,8,4,flame_unsupported,primary_s5_h128_20k
0.051611305674436815,0.07032549809844682,0.03222880934923459,adaptive,0.9,20,masked_mae,8,4,foreground,primary_s5_h128_20k
0.049437532262428315,0.06613573173742371,0.03299019739102191,released,0.9,20,masked_mae,8,4,foreground,primary_s5_h128_20k
0.020892977763798618,0.036738693336892045,0.004005177008711613,adaptive,0.8,20,masked_mae,8,4,full_frame,primary_s5_h128_20k
0.02027731781382425,0.034421972172100454,0.005039866958685819,released,0.75,20,masked_mae,8,4,full_frame,primary_s5_h128_20k
-0.011031728938078526,-0.001950044430042083,-0.019858761305505325,adaptive,0.25,20,masked_mae,8,4,head_foreground,primary_s5_h128_20k
-0.009747530769547725,-0.0023838625631167052,-0.01672247829039874,released,0.25,20,masked_mae,8,4,head_foreground,primary_s5_h128_20k
-0.027079174164175834,-0.020032273088099344,-0.03447227498688116,adaptive,0.05,20,masked_mae,8,4,head_supported,primary_s5_h128_20k
-0.024498900014378516,-0.01908992349344236,-0.03008547295223518,released,0.0,20,masked_mae,8,4,head_supported,primary_s5_h128_20k
0.10745454482231095,0.15193732907062116,0.06727612618923115,adaptive,0.9,20,masked_mae,8,4,head_unsupported,primary_s5_h128_20k
0.10263314891832509,0.14191075312731002,0.06590219794696653,released,0.85,20,masked_mae,8,4,head_unsupported,primary_s5_h128_20k
-0.012005745799589723,-0.008464805102038321,-0.015685180415317433,adaptive,0.05,20,masked_mae,8,4,oral,primary_s5_h128_20k
-0.00803778823412368,-0.004862322251293902,-0.01156567151892069,released,0.15,20,masked_mae,8,4,oral,primary_s5_h128_20k
0.19795890575518943,0.25394379199965356,0.1402310468844877,adaptive,0.9,20,masked_mae,8,4,torso_outside_head_roi,primary_s5_h128_20k
0.18717776378715284,0.23758609507213838,0.13732486656690457,released,0.95,20,masked_mae,8,4,torso_outside_head_roi,primary_s5_h128_20k
-0.01679413206256647,-0.0038167699480515446,-0.03163500051586544,adaptive,0.45,20,masked_mae,8,8,background,primary_s5_h128_20k
-0.01546794121968224,-0.0034832475298016896,-0.029812278997718322,released,0.3,20,masked_mae,8,8,background,primary_s5_h128_20k
-0.004099131903450698,0.001497130714695758,-0.01102666944472121,adaptive,0.45,20,masked_mae,8,8,eyes,primary_s5_h128_20k
-0.0047860235536114825,0.0007452595688303821,-0.011875066646020492,released,0.5,20,masked_mae,8,8,eyes,primary_s5_h128_20k
-0.02581532014186405,-0.018849092655568035,-0.033158289938301194,adaptive,0.05,20,masked_mae,8,8,flame_supported,primary_s5_h128_20k
-0.022069649929507988,-0.016503203699050978,-0.027901345461891932,released,0.0,20,masked_mae,8,8,flame_supported,primary_s5_h128_20k
0.23547564306909224,0.2907328091962337,0.18080816369795397,adaptive,1.0,20,masked_mae,8,8,flame_unsupported,primary_s5_h128_20k
0.22758742574489613,0.2768315049024346,0.17933337282365533,released,1.0,20,masked_mae,8,8,flame_unsupported,primary_s5_h128_20k
0.05179083224492407,0.07102877596167273,0.03256712285012385,adaptive,0.9,20,masked_mae,8,8,foreground,primary_s5_h128_20k
0.05194382563538402,0.0689408692177808,0.03494047963383356,released,0.9,20,masked_mae,8,8,foreground,primary_s5_h128_20k
0.021082972396503804,0.03711674832119399,0.0038629188802507225,adaptive,0.8,20,masked_mae,8,8,full_frame,primary_s5_h128_20k
0.021496011564053848,0.035977064736219706,0.005841181981787195,released,0.75,20,masked_mae,8,8,full_frame,primary_s5_h128_20k
-0.012457415620150143,-0.0037775404954701617,-0.020808852905742255,adaptive,0.25,20,masked_mae,8,8,head_foreground,primary_s5_h128_20k
-0.010624096535067556,-0.0034959532617797546,-0.01740071974905581,released,0.25,20,masked_mae,8,8,head_foreground,primary_s5_h128_20k
-0.028056207813040246,-0.02143880357958906,-0.0351365933714384,adaptive,0.0,20,masked_mae,8,8,head_supported,primary_s5_h128_20k
-0.02521512645385533,-0.01973171138017622,-0.030767737274290868,released,0.0,20,masked_mae,8,8,head_supported,primary_s5_h128_20k
0.10340583255188052,0.14915872369143218,0.06395000934215885,adaptive,0.9,20,masked_mae,8,8,head_unsupported,primary_s5_h128_20k
0.10039546561593723,0.13940201532580054,0.06471367298360294,released,0.9,20,masked_mae,8,8,head_unsupported,primary_s5_h128_20k
-0.011069753889914758,-0.00734933630300074,-0.015172425277336614,adaptive,0.1,20,masked_mae,8,8,oral,primary_s5_h128_20k
-0.006845423017787798,-0.004037277960383557,-0.010047031542386843,released,0.15,20,masked_mae,8,8,oral,primary_s5_h128_20k
0.19811307112728588,0.2561458489647039,0.14089792100999984,adaptive,0.9,20,masked_mae,8,8,torso_outside_head_roi,primary_s5_h128_20k
0.1945558522228166,0.24545371972382682,0.1427700203230495,released,0.95,20,masked_mae,8,8,torso_outside_head_roi,primary_s5_h128_20k
-0.030610583022752474,-0.018953196573594573,-0.04324729845554763,adaptive,0.1,20,masked_mae,32,1,background,primary_s5_h128_20k
-0.029473724372260268,-0.01642828088603464,-0.044404553488929355,released,0.2,20,masked_mae,32,1,background,primary_s5_h128_20k
-0.0008814891008914819,0.0021139060121638143,-0.003522812362459518,adaptive,0.4,20,masked_mae,32,1,eyes,primary_s5_h128_20k
-0.0049206798134830846,-0.00018794770027421147,-0.009983378934438574,released,0.35,20,masked_mae,32,1,eyes,primary_s5_h128_20k
-0.010781750470666842,-0.004817365844613866,-0.01693726796915879,adaptive,0.15,20,masked_mae,32,1,flame_supported,primary_s5_h128_20k
-0.009116350689119665,-0.0028632987224777814,-0.015507894571039595,released,0.25,20,masked_mae,32,1,flame_supported,primary_s5_h128_20k
0.34937325249795437,0.4194024264549465,0.2744712002616147,adaptive,0.95,20,masked_mae,32,1,flame_unsupported,primary_s5_h128_20k
0.3516845697136873,0.4198995826648822,0.2761413792804683,released,0.95,20,masked_mae,32,1,flame_unsupported,primary_s5_h128_20k
0.09676557002015225,0.11988186663218466,0.07166473298965527,adaptive,0.9,20,masked_mae,32,1,foreground,primary_s5_h128_20k
0.09827042704101425,0.12163305548609793,0.07281493794390977,released,0.9,20,masked_mae,32,1,foreground,primary_s5_h128_20k
0.03905706959971446,0.0562293280777219,0.022706862978776984,adaptive,0.85,20,masked_mae,32,1,full_frame,primary_s5_h128_20k
0.04036045539344716,0.05729604998998569,0.02388350536748444,released,0.8,20,masked_mae,32,1,full_frame,primary_s5_h128_20k
0.014257348945761184,0.027674027611338282,0.0020254645562943576,adaptive,0.65,20,masked_mae,32,1,head_foreground,primary_s5_h128_20k
0.016204011297955418,0.029584308686745497,0.004351704956767585,released,0.7,20,masked_mae,32,1,head_foreground,primary_s5_h128_20k
-0.01579839884383384,-0.011332926669466852,-0.020230467463339168,adaptive,0.05,20,masked_mae,32,1,head_supported,primary_s5_h128_20k
-0.013890797913126345,-0.009789777047027251,-0.018218737044861762,released,0.05,20,masked_mae,32,1,head_supported,primary_s5_h128_20k
0.22493519806685985,0.303544105587961,0.14690539251034684,adaptive,0.85,20,masked_mae,32,1,head_unsupported,primary_s5_h128_20k
0.22598814192486358,0.29965138902589644,0.15274308857513508,released,0.95,20,masked_mae,32,1,head_unsupported,primary_s5_h128_20k
-0.008817574137060778,-0.0055809721449863675,-0.012095298014096709,adaptive,0.1,20,masked_mae,32,1,oral,primary_s5_h128_20k
-0.004213726431816932,-0.0015797644656561265,-0.006855918591282447,released,0.3,20,masked_mae,32,1,oral,primary_s5_h128_20k
0.29998392084187325,0.35786713525862185,0.23795673289466354,adaptive,0.95,20,masked_mae,32,1,torso_outside_head_roi,primary_s5_h128_20k
0.3004019026554388,0.35917675867728577,0.23379886175166692,released,0.95,20,masked_mae,32,1,torso_outside_head_roi,primary_s5_h128_20k
-0.02780894325597145,-0.016473316007855152,-0.040792004719928714,adaptive,0.15,20,masked_mae,32,4,background,primary_s5_h128_20k
-0.02839081794260461,-0.01436791459792782,-0.04368352639230271,released,0.2,20,masked_mae,32,4,background,primary_s5_h128_20k
-0.0014064139700131826,0.001888059844268599,-0.00440174672050042,adaptive,0.4,20,masked_mae,32,4,eyes,primary_s5_h128_20k
-0.005498932675221323,-0.0005353590733661708,-0.01092795428238654,released,0.35,20,masked_mae,32,4,eyes,primary_s5_h128_20k
-0.013171562117707545,-0.006953716901209292,-0.019499511595274445,adaptive,0.25,20,masked_mae,32,4,flame_supported,primary_s5_h128_20k
-0.0112803548638317,-0.004952903203523657,-0.017735676683508447,released,0.3,20,masked_mae,32,4,flame_supported,primary_s5_h128_20k
0.3500478924041053,0.41989054536838044,0.2798510620262808,adaptive,1.0,20,masked_mae,32,4,flame_unsupported,primary_s5_h128_20k
0.3573502506653614,0.42204118555289044,0.28758162739186116,released,1.0,20,masked_mae,32,4,flame_unsupported,primary_s5_h128_20k
0.09468916991032551,0.1175487278157958,0.07137656929044421,adaptive,0.9,20,masked_mae,32,4,foreground,primary_s5_h128_20k
0.0974935099049927,0.11986149112388886,0.0741263424469691,released,0.9,20,masked_mae,32,4,foreground,primary_s5_h128_20k
0.04038892457855197,0.056806125796311925,0.025005550946085902,adaptive,0.85,20,masked_mae,32,4,full_frame,primary_s5_h128_20k
0.04145169026048168,0.058382576758758645,0.025215074613184094,released,0.8,20,masked_mae,32,4,full_frame,primary_s5_h128_20k
0.01068470867984988,0.023252306734767133,-0.0010356754109206942,adaptive,0.55,20,masked_mae,32,4,head_foreground,primary_s5_h128_20k
0.013792667466527141,0.02667009712932267,0.0020379507541013423,released,0.65,20,masked_mae,32,4,head_foreground,primary_s5_h128_20k
-0.019337561851309856,-0.015253127715286384,-0.023920334639800735,adaptive,0.0,20,masked_mae,32,4,head_supported,primary_s5_h128_20k
-0.017443465520437768,-0.013386136967997932,-0.021610537519639574,released,0.0,20,masked_mae,32,4,head_supported,primary_s5_h128_20k
0.22191986159756755,0.29809164106057856,0.14602082604953215,adaptive,0.9,20,masked_mae,32,4,head_unsupported,primary_s5_h128_20k
0.23330529396225913,0.3039524725601502,0.16184560923996777,released,0.95,20,masked_mae,32,4,head_unsupported,primary_s5_h128_20k
-0.011181254644436067,-0.007884768198624588,-0.014839405058667873,adaptive,0.1,20,masked_mae,32,4,oral,primary_s5_h128_20k
-0.007857951336401176,-0.0048939192593275725,-0.010982409908521173,released,0.1,20,masked_mae,32,4,oral,primary_s5_h128_20k
0.30076129869964663,0.3553149462984704,0.24250050738001006,adaptive,1.0,20,masked_mae,32,4,torso_outside_head_roi,primary_s5_h128_20k
0.3023202736945744,0.3580332881079387,0.24233979837978623,released,1.0,20,masked_mae,32,4,torso_outside_head_roi,primary_s5_h128_20k
-0.027819777551970758,-0.015501261334637122,-0.04197451359152227,adaptive,0.15,20,masked_mae,32,8,background,primary_s5_h128_20k
-0.027577210481478414,-0.013662195062941302,-0.04299632967206772,released,0.2,20,masked_mae,32,8,background,primary_s5_h128_20k
-0.00031506547450036034,0.002563113623526534,-0.0032172354025125135,adaptive,0.4,20,masked_mae,32,8,eyes,primary_s5_h128_20k
-0.004123466110526075,0.0005876640157592076,-0.009545911875737898,released,0.4,20,masked_mae,32,8,eyes,primary_s5_h128_20k
-0.013084429107887397,-0.007156368014969904,-0.01905563256578292,adaptive,0.2,20,masked_mae,32,8,flame_supported,primary_s5_h128_20k
-0.011846839123536864,-0.00579982111984209,-0.01786669404872087,released,0.25,20,masked_mae,32,8,flame_supported,primary_s5_h128_20k
0.3565348695070224,0.4243681859529349,0.2852816108435415,adaptive,1.0,20,masked_mae,32,8,flame_unsupported,primary_s5_h128_20k
0.3606149024341437,0.42607084421647784,0.2904735842115294,released,1.0,20,masked_mae,32,8,flame_unsupported,primary_s5_h128_20k
0.09838507595592938,0.12134530031867102,0.07560547704870096,adaptive,0.9,20,masked_mae,32,8,foreground,primary_s5_h128_20k
0.10013579847323148,0.1220883735894761,0.07671642387639017,released,0.9,20,masked_mae,32,8,foreground,primary_s5_h128_20k
0.04160284651134266,0.058214907614785684,0.026221716549317396,adaptive,0.85,20,masked_mae,32,8,full_frame,primary_s5_h128_20k
0.042509270626057125,0.05885022467392006,0.026120492911442028,released,0.8,20,masked_mae,32,8,full_frame,primary_s5_h128_20k
0.01080410553327062,0.022883923839086363,-0.0001476815972555977,adaptive,0.6,20,masked_mae,32,8,head_foreground,primary_s5_h128_20k
0.012908547625583768,0.02497201108556951,0.0016677641192046316,released,0.65,20,masked_mae,32,8,head_foreground,primary_s5_h128_20k
-0.019228887248630484,-0.015066033044002938,-0.023606314312537905,adaptive,0.0,20,masked_mae,32,8,head_supported,primary_s5_h128_20k
-0.017826899775512915,-0.014010311855497611,-0.021694147575087877,released,0.0,20,masked_mae,32,8,head_supported,primary_s5_h128_20k
0.22377092937926876,0.29790459763315424,0.14836415311760281,adaptive,0.9,20,masked_mae,32,8,head_unsupported,primary_s5_h128_20k
0.22810301898274785,0.2983727142510215,0.15714997265798117,released,0.95,20,masked_mae,32,8,head_unsupported,primary_s5_h128_20k
-0.010792347761386854,-0.007262336934924971,-0.014556306127211786,adaptive,0.1,20,masked_mae,32,8,oral,primary_s5_h128_20k
-0.007058105532666653,-0.004407727751148949,-0.00995085581909898,released,0.15,20,masked_mae,32,8,oral,primary_s5_h128_20k
0.3039204246989862,0.3597028718861398,0.2447706719179966,adaptive,1.0,20,masked_mae,32,8,torso_outside_head_roi,primary_s5_h128_20k
0.30483029520469657,0.36129006690758936,0.2454098819200826,released,1.0,20,masked_mae,32,8,torso_outside_head_roi,primary_s5_h128_20k
-0.019302810847600143,-0.013385232084534935,-0.025627420407694418,adaptive,0.1,20,masked_mae,128,1,background,primary_s5_h128_20k
-0.019207174769832552,-0.009452450731647164,-0.0313291450505179,released,0.25,20,masked_mae,128,1,background,primary_s5_h128_20k
0.00035481874156090764,0.0034595248884788333,-0.0026903787860250205,adaptive,0.45,20,masked_mae,128,1,eyes,primary_s5_h128_20k
-0.0006164789220797603,0.0022908353884912767,-0.003269709224939305,released,0.5,20,masked_mae,128,1,eyes,primary_s5_h128_20k
-0.0030950052451124963,0.001996680680600244,-0.008268061970157971,adaptive,0.5,20,masked_mae,128,1,flame_supported,primary_s5_h128_20k
-0.0034506205373361874,0.0025603742978987138,-0.009893752536929038,released,0.5,20,masked_mae,128,1,flame_supported,primary_s5_h128_20k
0.34456561446067047,0.41973240050092486,0.2664834304510395,adaptive,1.0,20,masked_mae,128,1,flame_unsupported,primary_s5_h128_20k
0.3594437833407503,0.4360298737176971,0.2796952909316007,released,1.0,20,masked_mae,128,1,flame_unsupported,primary_s5_h128_20k
0.10082296613517931,0.12597373252213834,0.07545606500238057,adaptive,0.9,20,masked_mae,128,1,foreground,primary_s5_h128_20k
0.10542522535147023,0.13131564904154316,0.07849982631546115,released,0.9,20,masked_mae,128,1,foreground,primary_s5_h128_20k
0.047771735293696625,0.06349537976129144,0.03267682781778975,adaptive,0.9,20,masked_mae,128,1,full_frame,primary_s5_h128_20k
0.05026073815330626,0.06690397133171815,0.03460262791644701,released,0.95,20,masked_mae,128,1,full_frame,primary_s5_h128_20k
0.018571210435700862,0.029840062533438894,0.007969839907415847,adaptive,0.7,20,masked_mae,128,1,head_foreground,primary_s5_h128_20k
0.02005987222617906,0.031122589444029007,0.009009060992830132,released,0.8,20,masked_mae,128,1,head_foreground,primary_s5_h128_20k
-0.009189089227846479,-0.0054523514061928435,-0.013275108340475968,adaptive,0.1,20,masked_mae,128,1,head_supported,primary_s5_h128_20k
-0.009210009146883599,-0.004792389617472011,-0.014858281190606133,released,0.1,20,masked_mae,128,1,head_supported,primary_s5_h128_20k
0.22161613316461812,0.2932819443385888,0.1521320079610561,adaptive,0.9,20,masked_mae,128,1,head_unsupported,primary_s5_h128_20k
0.23587925666925388,0.3048344371255541,0.16866537765394157,released,0.95,20,masked_mae,128,1,head_unsupported,primary_s5_h128_20k
-0.00635823216356176,-0.003541246155771224,-0.009451142271632603,adaptive,0.1,20,masked_mae,128,1,oral,primary_s5_h128_20k
-0.0037120673050299187,-0.0015755157473731657,-0.006044620028566377,released,0.2,20,masked_mae,128,1,oral,primary_s5_h128_20k
0.2982896663826605,0.3632883626458253,0.2318032732541265,adaptive,1.0,20,masked_mae,128,1,torso_outside_head_roi,primary_s5_h128_20k
0.3114037273706269,0.3755113760388235,0.24163660842371498,released,0.95,20,masked_mae,128,1,torso_outside_head_roi,primary_s5_h128_20k
-0.02213735766427287,-0.015973342280711643,-0.028494387202405085,adaptive,0.05,20,masked_mae,128,4,background,primary_s5_h128_20k
-0.02220639047523939,-0.012834333023140297,-0.03275882671413077,released,0.2,20,masked_mae,128,4,background,primary_s5_h128_20k
-6.868468675110367e-05,0.003162362495707675,-0.003250709389826799,adaptive,0.55,20,masked_mae,128,4,eyes,primary_s5_h128_20k
-0.00015601744086600304,0.002350668862713087,-0.0025349158955497164,released,0.45,20,masked_mae,128,4,eyes,primary_s5_h128_20k
-0.006743870438644481,-0.0020944150246560503,-0.011507996593333545,adaptive,0.35,20,masked_mae,128,4,flame_supported,primary_s5_h128_20k
-0.0050991505989943006,0.00031382227864588887,-0.010555361549008402,released,0.35,20,masked_mae,128,4,flame_supported,primary_s5_h128_20k
0.3447461199300767,0.4199354270577841,0.2657530999294204,adaptive,1.0,20,masked_mae,128,4,flame_unsupported,primary_s5_h128_20k
0.36236087484436885,0.43693104167625657,0.2848337251818139,released,1.0,20,masked_mae,128,4,flame_unsupported,primary_s5_h128_20k
0.0971206511009698,0.12154711844076743,0.07296195438028442,adaptive,0.95,20,masked_mae,128,4,foreground,primary_s5_h128_20k
0.10407170635578442,0.1280086854363938,0.07922203575210786,released,1.0,20,masked_mae,128,4,foreground,primary_s5_h128_20k
0.04527647342563661,0.060685738564303864,0.03068263654934911,adaptive,0.9,20,masked_mae,128,4,full_frame,primary_s5_h128_20k
0.0489332066696647,0.06429663801447748,0.03486679979879666,released,1.0,20,masked_mae,128,4,full_frame,primary_s5_h128_20k
0.014711444295751538,0.02499270814010914,0.005122434257877072,adaptive,0.65,20,masked_mae,128,4,head_foreground,primary_s5_h128_20k
0.017680039039826588,0.027420636882805417,0.008462056883786429,released,0.65,20,masked_mae,128,4,head_foreground,primary_s5_h128_20k
-0.014043937786021827,-0.010733695458788694,-0.017797261911458626,adaptive,0.0,20,masked_mae,128,4,head_supported,primary_s5_h128_20k
-0.012251089515196793,-0.008390588415479896,-0.016613826031982068,released,0.0,20,masked_mae,128,4,head_supported,primary_s5_h128_20k
0.2276954152257284,0.2976834781418436,0.16134658863496676,adaptive,0.95,20,masked_mae,128,4,head_unsupported,primary_s5_h128_20k
0.2406129972827249,0.3061559292233618,0.17698634381072037,released,1.0,20,masked_mae,128,4,head_unsupported,primary_s5_h128_20k
-0.009033640894515065,-0.005829159186883285,-0.012572892174116014,adaptive,0.1,20,masked_mae,128,4,oral,primary_s5_h128_20k
-0.005335816905346892,-0.003224361550187717,-0.007388621056249892,released,0.15,20,masked_mae,128,4,oral,primary_s5_h128_20k
0.2944680899378679,0.3595518988793951,0.22653110764575882,adaptive,1.0,20,masked_mae,128,4,torso_outside_head_roi,primary_s5_h128_20k
0.312527045297418,0.3765422870804028,0.2446446371657474,released,1.0,20,masked_mae,128,4,torso_outside_head_roi,primary_s5_h128_20k
-0.022073254847228486,-0.01579153668587225,-0.028462017951732897,adaptive,0.05,20,masked_mae,128,8,background,primary_s5_h128_20k
-0.023219683988136126,-0.01379280299955359,-0.033776918762253284,released,0.2,20,masked_mae,128,8,background,primary_s5_h128_20k
0.001453186110412744,0.004731867931373686,-0.0018720021938555655,adaptive,0.55,20,masked_mae,128,8,eyes,primary_s5_h128_20k
0.0009190889877976622,0.0033913812872810975,-0.0014987088696343724,released,0.65,20,masked_mae,128,8,eyes,primary_s5_h128_20k
-0.007309127854863576,-0.002398498872151908,-0.012091679388065171,adaptive,0.35,20,masked_mae,128,8,flame_supported,primary_s5_h128_20k
-0.005454363801939695,-0.00011941713382906283,-0.01078723510330863,released,0.35,20,masked_mae,128,8,flame_supported,primary_s5_h128_20k
0.35496067643104184,0.4294743056253413,0.27815570953801055,adaptive,1.0,20,masked_mae,128,8,flame_unsupported,primary_s5_h128_20k
0.3696806831049475,0.4464638039481609,0.2910552454952519,released,1.0,20,masked_mae,128,8,flame_unsupported,primary_s5_h128_20k
0.10154104895881808,0.1258848736855922,0.07629408076180835,adaptive,1.0,20,masked_mae,128,8,foreground,primary_s5_h128_20k
0.10769003628695936,0.13186588320732087,0.08244355786589039,released,1.0,20,masked_mae,128,8,foreground,primary_s5_h128_20k
0.04702379378405484,0.06317929066319829,0.032271765309666835,adaptive,0.9,20,masked_mae,128,8,full_frame,primary_s5_h128_20k
0.04983466392299658,0.0655279921926289,0.035469303281620304,released,1.0,20,masked_mae,128,8,full_frame,primary_s5_h128_20k
0.014891969134542781,0.02508958260220249,0.004990996233845913,adaptive,0.65,20,masked_mae,128,8,head_foreground,primary_s5_h128_20k
0.017757848660846395,0.027068489873567827,0.008755448974242902,released,0.7,20,masked_mae,128,8,head_foreground,primary_s5_h128_20k
-0.014600855799305113,-0.010910681005004195,-0.018767434902362958,adaptive,0.0,20,masked_mae,128,8,head_supported,primary_s5_h128_20k
-0.01262387559701808,-0.00856046043801759,-0.01704088310172214,released,0.0,20,masked_mae,128,8,head_supported,primary_s5_h128_20k
0.23274744232819802,0.2982721591783375,0.1658798734123659,adaptive,0.95,20,masked_mae,128,8,head_unsupported,primary_s5_h128_20k
0.24653835615938552,0.3103269736506832,0.18338829119824474,released,1.0,20,masked_mae,128,8,head_unsupported,primary_s5_h128_20k
-0.00851590249959749,-0.005174552402184453,-0.0120310511821384,adaptive,0.1,20,masked_mae,128,8,oral,primary_s5_h128_20k
-0.005118672302079337,-0.0029436196753478507,-0.007216995711504949,released,0.1,20,masked_mae,128,8,oral,primary_s5_h128_20k
0.3024634059143354,0.36659255882582337,0.23763840757029434,adaptive,1.0,20,masked_mae,128,8,torso_outside_head_roi,primary_s5_h128_20k
0.31681888011003323,0.38257815344355683,0.24820923502778386,released,1.0,20,masked_mae,128,8,torso_outside_head_roi,primary_s5_h128_20k
-0.021745114135160937,-0.014148049017636317,-0.03142411082359611,adaptive,0.1,20,masked_mae,384,1,background,primary_s5_h128_20k
-0.01711675297268235,-0.009157041487577441,-0.02699460389335714,released,0.15,20,masked_mae,384,1,background,primary_s5_h128_20k
0.0018814664413864001,0.0044072569472104715,-0.0006856992542805453,adaptive,0.6,20,masked_mae,384,1,eyes,primary_s5_h128_20k
-0.0005880623982473059,0.0029070901293648493,-0.004021873925873044,released,0.4,20,masked_mae,384,1,eyes,primary_s5_h128_20k
-0.0037561777391078867,0.001193130668656174,-0.008861798969583983,adaptive,0.55,20,masked_mae,384,1,flame_supported,primary_s5_h128_20k
-0.0020198059808323094,0.002883927842297079,-0.006819376879652343,released,0.5,20,masked_mae,384,1,flame_supported,primary_s5_h128_20k
0.3594487619481901,0.4330388272147442,0.28028433441548317,adaptive,1.0,20,masked_mae,384,1,flame_unsupported,primary_s5_h128_20k
0.3766446412177091,0.4500146306896939,0.2966020794431179,released,1.0,20,masked_mae,384,1,flame_unsupported,primary_s5_h128_20k
0.10514264353625682,0.1295639247477918,0.07955080164585543,adaptive,0.9,20,masked_mae,384,1,foreground,primary_s5_h128_20k
0.11120543338874556,0.1366636955975711,0.08464729175737819,released,0.95,20,masked_mae,384,1,foreground,primary_s5_h128_20k
0.048714976363195835,0.0643451370699882,0.03388250031426528,adaptive,0.85,20,masked_mae,384,1,full_frame,primary_s5_h128_20k
0.054282477291631506,0.06996325744662708,0.03911151267910676,released,0.95,20,masked_mae,384,1,full_frame,primary_s5_h128_20k
0.018588444408409517,0.03030177901411979,0.007719958694231552,adaptive,0.7,20,masked_mae,384,1,head_foreground,primary_s5_h128_20k
0.022029754983041015,0.03266286396802595,0.012120801592479809,released,0.75,20,masked_mae,384,1,head_foreground,primary_s5_h128_20k
-0.009597507557556617,-0.005734561078252591,-0.01353002779336855,adaptive,0.1,20,masked_mae,384,1,head_supported,primary_s5_h128_20k
-0.008167822713209144,-0.0050581094929875135,-0.011518267509259886,released,0.05,20,masked_mae,384,1,head_supported,primary_s5_h128_20k
0.22083672187898212,0.2929821046660853,0.14982651662677704,adaptive,0.9,20,masked_mae,384,1,head_unsupported,primary_s5_h128_20k
0.2455504173968916,0.31003292395055226,0.18230790429658839,released,1.0,20,masked_mae,384,1,head_unsupported,primary_s5_h128_20k
-0.007069235189451241,-0.004256251219843329,-0.01001824867793527,adaptive,0.15,20,masked_mae,384,1,oral,primary_s5_h128_20k
-0.006122074612913216,-0.0034464849593397787,-0.008859815252641696,released,0.25,20,masked_mae,384,1,oral,primary_s5_h128_20k
0.3152576649562228,0.3795787326437398,0.24665588833682042,adaptive,1.0,20,masked_mae,384,1,torso_outside_head_roi,primary_s5_h128_20k
0.32577410466677004,0.391685905578811,0.25255685753086377,released,0.95,20,masked_mae,384,1,torso_outside_head_roi,primary_s5_h128_20k
-0.0220365344377361,-0.0157939695123224,-0.028847826786123583,adaptive,0.05,20,masked_mae,384,4,background,primary_s5_h128_20k
-0.018453289015940882,-0.012379556311085628,-0.02575380079548204,released,0.05,20,masked_mae,384,4,background,primary_s5_h128_20k
0.0005689311198032104,0.003278199339965834,-0.0020319632001396023,adaptive,0.5,20,masked_mae,384,4,eyes,primary_s5_h128_20k
-0.0005389603677273373,0.003224838462061832,-0.004302275913771945,released,0.45,20,masked_mae,384,4,eyes,primary_s5_h128_20k
-0.007925527835324247,-0.0033084032237415675,-0.012580712088919806,adaptive,0.35,20,masked_mae,384,4,flame_supported,primary_s5_h128_20k
-0.004256028112603597,0.0008411821351343809,-0.009196319887049576,released,0.35,20,masked_mae,384,4,flame_supported,primary_s5_h128_20k
0.35999129184966117,0.43220316720329044,0.2843786989795722,adaptive,1.0,20,masked_mae,384,4,flame_unsupported,primary_s5_h128_20k
0.37855701051767776,0.4521758169039156,0.3022698239614331,released,1.0,20,masked_mae,384,4,flame_unsupported,primary_s5_h128_20k
0.10132738299539357,0.12535626715155684,0.07680169572553194,adaptive,0.95,20,masked_mae,384,4,foreground,primary_s5_h128_20k
0.10932699195685333,0.13353155454496057,0.084663619595588,released,1.0,20,masked_mae,384,4,foreground,primary_s5_h128_20k
0.04737066857523608,0.06236178930551223,0.03324843539460412,adaptive,0.85,20,masked_mae,384,4,full_frame,primary_s5_h128_20k
0.05346319754261615,0.06878560484495588,0.03918818418069976,released,1.0,20,masked_mae,384,4,full_frame,primary_s5_h128_20k
0.014244989829085947,0.0247748445156331,0.004305082273213078,adaptive,0.65,20,masked_mae,384,4,head_foreground,primary_s5_h128_20k
0.020153818873765484,0.030030099768552435,0.01081743200843563,released,0.7,20,masked_mae,384,4,head_foreground,primary_s5_h128_20k
-0.01515260270636494,-0.011813909212423868,-0.01878744985641758,adaptive,0.0,20,masked_mae,384,4,head_supported,primary_s5_h128_20k
-0.011435141787400193,-0.008086310316090299,-0.014876288521076845,released,0.0,20,masked_mae,384,4,head_supported,primary_s5_h128_20k
0.2273333698489778,0.29646115439250237,0.15841341625307237,adaptive,0.95,20,masked_mae,384,4,head_unsupported,primary_s5_h128_20k
0.2538292392016713,0.31753101074643153,0.18998839986782068,released,1.0,20,masked_mae,384,4,head_unsupported,primary_s5_h128_20k
-0.008209125580630122,-0.005468257283947053,-0.011341593963482426,adaptive,0.1,20,masked_mae,384,4,oral,primary_s5_h128_20k
-0.007328064255937771,-0.004805904582800837,-0.009838662877718014,released,0.2,20,masked_mae,384,4,oral,primary_s5_h128_20k
0.31238476251444325,0.3740869745908141,0.2466269578690397,adaptive,1.0,20,masked_mae,384,4,torso_outside_head_roi,primary_s5_h128_20k
0.3235060809918554,0.38683031814892394,0.25577500752489607,released,1.0,20,masked_mae,384,4,torso_outside_head_roi,primary_s5_h128_20k
-0.021656455936571263,-0.015200902281460532,-0.02879482087441081,adaptive,0.05,20,masked_mae,384,8,background,primary_s5_h128_20k
-0.02033685844723463,-0.014108767508814695,-0.028391994275144834,released,0.0,20,masked_mae,384,8,background,primary_s5_h128_20k
0.0021421355055726023,0.00500544468115759,-0.0007234112758208595,adaptive,0.65,20,masked_mae,384,8,eyes,primary_s5_h128_20k
-0.0002291919814785246,0.0035619815076455394,-0.004109915191362004,released,0.4,20,masked_mae,384,8,eyes,primary_s5_h128_20k
-0.008236786495736753,-0.003365847251469668,-0.01337928021662676,adaptive,0.35,20,masked_mae,384,8,flame_supported,primary_s5_h128_20k
-0.005098697436878094,0.0002343768910106842,-0.010591080173090895,released,0.4,20,masked_mae,384,8,flame_supported,primary_s5_h128_20k
0.3654314395851136,0.43862251973895905,0.2911493086844034,adaptive,1.0,20,masked_mae,384,8,flame_unsupported,primary_s5_h128_20k
0.38527858756733335,0.4570919603681396,0.31164572604465157,released,1.0,20,masked_mae,384,8,flame_unsupported,primary_s5_h128_20k
0.10441184337530751,0.12842862209026515,0.07865204030905766,adaptive,1.0,20,masked_mae,384,8,foreground,primary_s5_h128_20k
0.11238629533440554,0.13722720044150666,0.08734932481865779,released,1.0,20,masked_mae,384,8,foreground,primary_s5_h128_20k
0.04853826623630385,0.06345281855755552,0.034180818494694225,adaptive,0.85,20,masked_mae,384,8,full_frame,primary_s5_h128_20k
0.05361126976095752,0.0695130396426842,0.03876658042035405,released,1.0,20,masked_mae,384,8,full_frame,primary_s5_h128_20k
0.013905404676732097,0.024155120397692107,0.004199964319736214,adaptive,0.65,20,masked_mae,384,8,head_foreground,primary_s5_h128_20k
0.019387904125756462,0.029322703200443216,0.010024479739003705,released,0.7,20,masked_mae,384,8,head_foreground,primary_s5_h128_20k
-0.015374025793804086,-0.01154442173200375,-0.019727365541142926,adaptive,0.0,20,masked_mae,384,8,head_supported,primary_s5_h128_20k
-0.012380994587425736,-0.00869207106904579,-0.016479943050433536,released,0.0,20,masked_mae,384,8,head_supported,primary_s5_h128_20k
0.22796432247301163,0.29894244844251167,0.1599512433189186,adaptive,0.95,20,masked_mae,384,8,head_unsupported,primary_s5_h128_20k
0.2568119003783148,0.32030309650588984,0.19408938431534115,released,1.0,20,masked_mae,384,8,head_unsupported,primary_s5_h128_20k
-0.00799246966529201,-0.005017658948271649,-0.011203686626872999,adaptive,0.15,20,masked_mae,384,8,oral,primary_s5_h128_20k
-0.007538477279129124,-0.004813939690344281,-0.010285489092964848,released,0.2,20,masked_mae,384,8,oral,primary_s5_h128_20k
0.31571767195010286,0.37740687023027414,0.2502502629476653,adaptive,1.0,20,masked_mae,384,8,torso_outside_head_roi,primary_s5_h128_20k
0.32775049583641125,0.3916552139688842,0.26067261868952635,released,1.0,20,masked_mae,384,8,torso_outside_head_roi,primary_s5_h128_20k
-0.02024865310106958,-0.0035192756558812726,-0.037068170831494385,adaptive,0.35,20,ssim,8,1,full_frame,capacity_s5_h512_20k
-0.029807532046522412,-0.015129990506739863,-0.043674850082468415,released,0.2,20,ssim,8,1,full_frame,capacity_s5_h512_20k
-0.029905497711716265,-0.013741296939551815,-0.046046044144666565,adaptive,0.2,20,ssim,8,4,full_frame,capacity_s5_h512_20k
-0.04173520523490325,-0.023807471601123138,-0.059217585661646054,released,0.1,20,ssim,8,4,full_frame,capacity_s5_h512_20k
-0.02941551726488839,-0.012589991277172459,-0.046169342286884796,adaptive,0.25,20,ssim,8,8,full_frame,capacity_s5_h512_20k
-0.042709905051049726,-0.02479788486801443,-0.060244829024942124,released,0.1,20,ssim,8,8,full_frame,capacity_s5_h512_20k
-0.002631259390286034,0.010153906882873613,-0.015495374760634834,adaptive,0.4,20,ssim,384,1,full_frame,capacity_s5_h512_20k
0.01413920248548189,0.026459889160025642,0.0018225636617058478,released,0.65,20,ssim,384,1,full_frame,capacity_s5_h512_20k
-0.013142950742533712,-0.0004980294485435273,-0.025696003735065448,adaptive,0.35,20,ssim,384,4,full_frame,capacity_s5_h512_20k
0.00610243935476649,0.019454613169937428,-0.006415349920139158,released,0.5,20,ssim,384,4,full_frame,capacity_s5_h512_20k
-0.01915204787538165,-0.005275467650166576,-0.03298616939534743,adaptive,0.3,20,ssim,384,8,full_frame,capacity_s5_h512_20k
-0.0008203737792514598,0.013691697065674132,-0.015649562740609777,released,0.4,20,ssim,384,8,full_frame,capacity_s5_h512_20k
-0.02672244750318074,-0.010379938157718836,-0.04446168543682215,adaptive,0.2,20,ssim,8,1,full_frame,capacity_s5_h64_20k
-0.02895339656443823,-0.013824491509724217,-0.044937140590378226,released,0.15,20,ssim,8,1,full_frame,capacity_s5_h64_20k
-0.040413192772504034,-0.023658154759217384,-0.058364632980841505,adaptive,0.05,20,ssim,8,4,full_frame,capacity_s5_h64_20k
-0.04064173730033814,-0.023094569344186373,-0.05879990637979725,released,0.1,20,ssim,8,4,full_frame,capacity_s5_h64_20k
-0.04117539943683716,-0.02414723973189084,-0.05890305617912896,adaptive,0.05,20,ssim,8,8,full_frame,capacity_s5_h64_20k
-0.04227065451088406,-0.025017692815689822,-0.05989171831025963,released,0.05,20,ssim,8,8,full_frame,capacity_s5_h64_20k
-0.013008640103396894,-0.002915195549527776,-0.02390169233704605,adaptive,0.25,20,ssim,384,1,full_frame,capacity_s5_h64_20k
-0.003249931761196653,0.0070864462630734724,-0.014967457101281174,released,0.6,20,ssim,384,1,full_frame,capacity_s5_h64_20k
-0.029385269004287118,-0.020947188811771753,-0.03919661547537102,adaptive,0.05,20,ssim,384,4,full_frame,capacity_s5_h64_20k
-0.017393750358711567,-0.008269845773324796,-0.026501566037309875,released,0.15,20,ssim,384,4,full_frame,capacity_s5_h64_20k
-0.031257860433487675,-0.022509045510419802,-0.0411576787595238,adaptive,0.05,20,ssim,384,8,full_frame,capacity_s5_h64_20k
-0.02227876775321508,-0.012128947093373267,-0.03276271232536862,released,0.15,20,ssim,384,8,full_frame,capacity_s5_h64_20k
0.03429260431301027,0.045634405371688676,0.023490533714315726,adaptive,0.9,20,ssim,384,1,full_frame,convergence_s5_h128_60k
0.0391615467766921,0.053596297591215106,0.025736926192683827,released,0.95,20,ssim,384,1,full_frame,convergence_s5_h128_60k
0.02843843797842659,0.042401102106228016,0.014503614413693088,adaptive,0.85,20,ssim,384,4,full_frame,convergence_s5_h128_60k
0.03560975153337821,0.05202789350553891,0.020025194287300062,released,0.85,20,ssim,384,4,full_frame,convergence_s5_h128_60k
0.026307810417243394,0.040413553170150225,0.012567906835604261,adaptive,0.8,20,ssim,384,8,full_frame,convergence_s5_h128_60k
0.03277982721726098,0.05042898807852039,0.015796431425426683,released,0.85,20,ssim,384,8,full_frame,convergence_s5_h128_60k
-0.06592672089380876,-0.045063165169475325,-0.08704247356082001,adaptive,0.05,20,ssim,8,1,full_frame,covariance_s3_h128_20k
-0.05953017694964295,-0.03785989652077359,-0.08056961039036864,released,0.05,20,ssim,8,1,full_frame,covariance_s3_h128_20k
-0.06670872898715915,-0.04411809456732237,-0.08977840802096058,adaptive,0.1,20,ssim,8,4,full_frame,covariance_s3_h128_20k
-0.06281635937365618,-0.041396128253051744,-0.08543941808582257,released,0.15,20,ssim,8,4,full_frame,covariance_s3_h128_20k
-0.06584370725211644,-0.04260070960436553,-0.08962191110742944,adaptive,0.1,20,ssim,8,8,full_frame,covariance_s3_h128_20k
-0.06187153479882649,-0.038407249532285186,-0.0851221479989943,released,0.15,20,ssim,8,8,full_frame,covariance_s3_h128_20k
-0.026148489330496107,-0.015741402829686803,-0.03740658886996764,adaptive,0.15,20,ssim,384,1,full_frame,covariance_s3_h128_20k
-0.01167694614047097,0.0004290240080583446,-0.024866136955540828,released,0.35,20,ssim,384,1,full_frame,covariance_s3_h128_20k
-0.032516024284290526,-0.021640187477072054,-0.04441836957001323,adaptive,0.05,20,ssim,384,4,full_frame,covariance_s3_h128_20k
-0.01582971282980657,-0.0031685036003137974,-0.029000046010496033,released,0.3,20,ssim,384,4,full_frame,covariance_s3_h128_20k
-0.035484488876093,-0.02473878571674937,-0.04731743170391943,adaptive,0.05,20,ssim,384,8,full_frame,covariance_s3_h128_20k
-0.020338488334701168,-0.007338952927717167,-0.03294201492021478,released,0.25,20,ssim,384,8,full_frame,covariance_s3_h128_20k
-0.02677487305232455,-0.009392341361159351,-0.04480763080219426,adaptive,0.3,20,ssim,8,1,full_frame,primary_s5_h128_20k
-0.0313772326778798,-0.016989416978543715,-0.046547988197278414,released,0.2,20,ssim,8,1,full_frame,primary_s5_h128_20k
-0.03937021697109395,-0.019879825587073963,-0.059098808944902645,adaptive,0.05,20,ssim,8,4,full_frame,primary_s5_h128_20k
-0.04167136062275279,-0.02556748783836762,-0.05743097121855525,released,0.1,20,ssim,8,4,full_frame,primary_s5_h128_20k
-0.04107741607086997,-0.021698564589023563,-0.06103129300865386,adaptive,0.1,20,ssim,8,8,full_frame,primary_s5_h128_20k
-0.04218105957621617,-0.026377293270613427,-0.058274975633692196,released,0.05,20,ssim,8,8,full_frame,primary_s5_h128_20k
-0.02587337561306499,-0.009098135328718598,-0.042943312900052155,adaptive,0.35,20,ssim,32,1,full_frame,primary_s5_h128_20k
-0.015074338586557467,0.0025233188005430356,-0.03271462398270763,released,0.35,20,ssim,32,1,full_frame,primary_s5_h128_20k
-0.03938513949061888,-0.023187142472827098,-0.056095319582205816,adaptive,0.15,20,ssim,32,4,full_frame,primary_s5_h128_20k
-0.028201408142393282,-0.010049721171910109,-0.04633557025004518,released,0.3,20,ssim,32,4,full_frame,primary_s5_h128_20k
-0.040717928537300684,-0.024543315629873996,-0.05682592853903771,adaptive,0.2,20,ssim,32,8,full_frame,primary_s5_h128_20k
-0.029655140709309337,-0.01205504015975057,-0.04718955850139968,released,0.3,20,ssim,32,8,full_frame,primary_s5_h128_20k
-0.011443073870170692,0.0001367803201788823,-0.023676563807364024,adaptive,0.4,20,ssim,128,1,full_frame,primary_s5_h128_20k
-0.0008802351497468359,0.013240249584473313,-0.015364181685837945,released,0.55,20,ssim,128,1,full_frame,primary_s5_h128_20k
-0.030503290304631926,-0.020225856301911,-0.041864691906128855,adaptive,0.05,20,ssim,128,4,full_frame,primary_s5_h128_20k
-0.017601309942476665,-0.003773685025446328,-0.032215541554897115,released,0.3,20,ssim,128,4,full_frame,primary_s5_h128_20k
-0.03028234392404556,-0.019512353129684915,-0.0419542871788144,adaptive,0.1,20,ssim,128,8,full_frame,primary_s5_h128_20k
-0.01995203409876143,-0.005236858047899735,-0.03536810719718539,released,0.4,20,ssim,128,8,full_frame,primary_s5_h128_20k
-0.012700063628809797,-0.00124211660364553,-0.024889396577186536,adaptive,0.3,20,ssim,384,1,full_frame,primary_s5_h128_20k
0.004146846135457358,0.01474899367473666,-0.0074292931084831695,released,0.65,20,ssim,384,1,full_frame,primary_s5_h128_20k
-0.028692670031027386,-0.019051235090151,-0.039089445750595954,adaptive,0.05,20,ssim,384,4,full_frame,primary_s5_h128_20k
-0.010102053393017174,-1.3700838793525625e-06,-0.020179898784016114,released,0.35,20,ssim,384,4,full_frame,primary_s5_h128_20k
-0.030668631976559047,-0.020428932616043664,-0.04176333886526879,adaptive,0.1,20,ssim,384,8,full_frame,primary_s5_h128_20k
-0.015638351440429698,-0.004298457175138456,-0.027441801370254624,released,0.35,20,ssim,384,8,full_frame,primary_s5_h128_20k
-0.01038994791322552,-0.00035049857952673284,-0.02088233499450533,adaptive,0.4,20,lpips_alex_spatial,8,1,background,capacity_s5_h512_20k
-0.023198845196113378,-0.011407687619476336,-0.035620200796000506,released,0.2,20,lpips_alex_spatial,8,1,background,capacity_s5_h512_20k
0.006544813534089621,0.016140377508137304,-0.004221400097430609,adaptive,0.65,20,lpips_alex_spatial,8,1,eyes,capacity_s5_h512_20k
-0.003992953383415468,0.0036525196229022384,-0.013248435204699392,released,0.5,20,lpips_alex_spatial,8,1,eyes,capacity_s5_h512_20k
-0.019428177150205228,-0.00568719105062931,-0.03354867302368456,adaptive,0.25,20,lpips_alex_spatial,8,1,flame_supported,capacity_s5_h512_20k
-0.034840330999826453,-0.023214604826743562,-0.046984696832823136,released,0.05,20,lpips_alex_spatial,8,1,flame_supported,capacity_s5_h512_20k
0.046386711635790376,0.07673472613594902,0.013935505883879687,adaptive,0.75,20,lpips_alex_spatial,8,1,flame_unsupported,capacity_s5_h512_20k
0.021851252789557296,0.05218826844054461,-0.010332295586616094,released,0.7,20,lpips_alex_spatial,8,1,flame_unsupported,capacity_s5_h512_20k
0.0020747492025512417,0.020163034022329655,-0.015205177184788777,adaptive,0.55,20,lpips_alex_spatial,8,1,foreground,capacity_s5_h512_20k
-0.015724516778463763,0.0013838622021031608,-0.03247148643193217,released,0.35,20,lpips_alex_spatial,8,1,foreground,capacity_s5_h512_20k
-0.0034566288257574214,0.009788200309201744,-0.016964679806779483,adaptive,0.6,20,lpips_alex_spatial,8,1,full_frame,capacity_s5_h512_20k
-0.01898685749217029,-0.005512563957151414,-0.03285659915634564,released,0.25,20,lpips_alex_spatial,8,1,full_frame,capacity_s5_h512_20k
-0.018850964115418995,-0.006572618275781155,-0.03190783823452503,adaptive,0.3,20,lpips_alex_spatial,8,1,head_foreground,capacity_s5_h512_20k
-0.03238976920845229,-0.02222364701701283,-0.04300724246571007,released,0.05,20,lpips_alex_spatial,8,1,head_foreground,capacity_s5_h512_20k
-0.019724199269649103,-0.006814883812731579,-0.03354195233539802,adaptive,0.3,20,lpips_alex_spatial,8,1,head_supported,capacity_s5_h512_20k
-0.03336050096739239,-0.02335975813818277,-0.044249119887424075,released,0.05,20,lpips_alex_spatial,8,1,head_supported,capacity_s5_h512_20k
-0.011745651196253544,-0.0005652450365519017,-0.022416668536512363,adaptive,0.35,20,lpips_alex_spatial,8,1,head_unsupported,capacity_s5_h512_20k
-0.025622745887856718,-0.01671918878965071,-0.03400639607155349,released,0.1,20,lpips_alex_spatial,8,1,head_unsupported,capacity_s5_h512_20k
-0.01843051735151439,-0.005767831435634721,-0.03198886933160477,adaptive,0.35,20,lpips_alex_spatial,8,1,oral,capacity_s5_h512_20k
-0.027445522359438285,-0.017568770937704144,-0.037116619157109836,released,0.15,20,lpips_alex_spatial,8,1,oral,capacity_s5_h512_20k
0.0418884861338347,0.07817473208807012,-0.001194349158344356,adaptive,0.75,20,lpips_alex_spatial,8,1,torso_outside_head_roi,capacity_s5_h512_20k
0.012384977174914122,0.04949759420245272,-0.029955115840226986,released,0.65,20,lpips_alex_spatial,8,1,torso_outside_head_roi,capacity_s5_h512_20k
-0.007034277984285799,0.0028806834542143465,-0.017681418481115943,adaptive,0.5,20,lpips_alex_spatial,8,4,background,capacity_s5_h512_20k
-0.018297983154292718,-0.005566897029319695,-0.031583356026996176,released,0.35,20,lpips_alex_spatial,8,4,background,capacity_s5_h512_20k
0.01318949865143978,0.021653313445888868,0.0034938013335054892,adaptive,0.75,20,lpips_alex_spatial,8,4,eyes,capacity_s5_h512_20k
0.002417211260959053,0.01098725775956987,-0.007812411204388284,released,0.55,20,lpips_alex_spatial,8,4,eyes,capacity_s5_h512_20k
-0.015594326598872499,-0.0025179043163943192,-0.030241150655917915,adaptive,0.35,20,lpips_alex_spatial,8,4,flame_supported,capacity_s5_h512_20k
-0.033683612915816404,-0.02046300902512705,-0.04796181501376379,released,0.15,20,lpips_alex_spatial,8,4,flame_supported,capacity_s5_h512_20k
0.04578615164919724,0.07756850591536345,0.008576422704983322,adaptive,0.8,20,lpips_alex_spatial,8,4,flame_unsupported,capacity_s5_h512_20k
0.02121380462530218,0.04985264381128759,-0.013047112786251917,released,0.75,20,lpips_alex_spatial,8,4,flame_unsupported,capacity_s5_h512_20k
0.0042981640878547445,0.020950953072292028,-0.014488441985140783,adaptive,0.65,20,lpips_alex_spatial,8,4,foreground,capacity_s5_h512_20k
-0.016041259198353343,0.0011742793124517104,-0.03500324444837878,released,0.35,20,lpips_alex_spatial,8,4,foreground,capacity_s5_h512_20k
-0.000637746431939211,0.012378148394264783,-0.015023797712707015,adaptive,0.65,20,lpips_alex_spatial,8,4,full_frame,capacity_s5_h512_20k
-0.017006309318148394,-0.0026156517210578116,-0.03272858484224839,released,0.35,20,lpips_alex_spatial,8,4,full_frame,capacity_s5_h512_20k
-0.01508560412759714,-0.003853029348750949,-0.027660406336635954,adaptive,0.2,20,lpips_alex_spatial,8,4,head_foreground,capacity_s5_h512_20k
-0.030725727534815905,-0.019506912497382674,-0.04249905801394834,released,0.15,20,lpips_alex_spatial,8,4,head_foreground,capacity_s5_h512_20k
-0.015752688308014247,-0.004525448883265762,-0.02894647863521529,adaptive,0.25,20,lpips_alex_spatial,8,4,head_supported,capacity_s5_h512_20k
-0.031563370495686624,-0.019996779035595616,-0.04398670420267111,released,0.15,20,lpips_alex_spatial,8,4,head_supported,capacity_s5_h512_20k
-0.008776119200161086,0.0011310108536401694,-0.018415186549297156,adaptive,0.3,20,lpips_alex_spatial,8,4,head_unsupported,capacity_s5_h512_20k
-0.026262934579340973,-0.01341417057844356,-0.03990375810960674,released,0.2,20,lpips_alex_spatial,8,4,head_unsupported,capacity_s5_h512_20k
-0.017725960503069453,-0.0063336155702520425,-0.029070706522389213,adaptive,0.35,20,lpips_alex_spatial,8,4,oral,capacity_s5_h512_20k
-0.029336415912754092,-0.017495124673762418,-0.041313102550934414,released,0.15,20,lpips_alex_spatial,8,4,oral,capacity_s5_h512_20k
0.04200300616084508,0.08130083256596676,-0.004441195245417478,adaptive,0.8,20,lpips_alex_spatial,8,4,torso_outside_head_roi,capacity_s5_h512_20k
0.012155792645671213,0.049569828835722356,-0.032536085329811865,released,0.7,20,lpips_alex_spatial,8,4,torso_outside_head_roi,capacity_s5_h512_20k
-0.00534723761016295,0.004763187069897831,-0.01646899971595509,adaptive,0.5,20,lpips_alex_spatial,8,8,background,capacity_s5_h512_20k
-0.016947561798209512,-0.004897788722054337,-0.03016558014312008,released,0.4,20,lpips_alex_spatial,8,8,background,capacity_s5_h512_20k
0.01629308356977879,0.024141167848698842,0.008152108341561982,adaptive,0.8,20,lpips_alex_spatial,8,8,eyes,capacity_s5_h512_20k
0.003470548486904486,0.011334359118295556,-0.005402495660435642,released,0.55,20,lpips_alex_spatial,8,8,eyes,capacity_s5_h512_20k
-0.012782226610236836,-0.00012659270211923306,-0.026801235676372895,adaptive,0.4,20,lpips_alex_spatial,8,8,flame_supported,capacity_s5_h512_20k
-0.03244564385242309,-0.019255947438062596,-0.046389192546463155,released,0.15,20,lpips_alex_spatial,8,8,flame_supported,capacity_s5_h512_20k
0.04902382454970122,0.08073895137312531,0.01141470009300077,adaptive,0.85,20,lpips_alex_spatial,8,8,flame_unsupported,capacity_s5_h512_20k
0.024187089988499368,0.05237915698606362,-0.01079216930757207,released,0.75,20,lpips_alex_spatial,8,8,flame_unsupported,capacity_s5_h512_20k
0.00758638396218384,0.02482338335517493,-0.011759450557115088,adaptive,0.65,20,lpips_alex_spatial,8,8,foreground,capacity_s5_h512_20k
-0.013942835865506199,0.0037970457439807466,-0.0332207472880466,released,0.4,20,lpips_alex_spatial,8,8,foreground,capacity_s5_h512_20k
0.0019157916178435055,0.015321926142359193,-0.013383792318177925,adaptive,0.7,20,lpips_alex_spatial,8,8,full_frame,capacity_s5_h512_20k
-0.015201163730580058,-0.001110398048833351,-0.030732234099081577,released,0.3,20,lpips_alex_spatial,8,8,full_frame,capacity_s5_h512_20k
-0.011709325195211753,-0.0011306886192994638,-0.023245022560084583,adaptive,0.35,20,lpips_alex_spatial,8,8,head_foreground,capacity_s5_h512_20k
-0.028973178111338916,-0.01759560911413428,-0.04048482130048787,released,0.2,20,lpips_alex_spatial,8,8,head_foreground,capacity_s5_h512_20k
-0.012322776937854354,-0.0016179968080225833,-0.024159185201533942,adaptive,0.35,20,lpips_alex_spatial,8,8,head_supported,capacity_s5_h512_20k
-0.029837647149716352,-0.018624867858838233,-0.041616621402280285,released,0.2,20,lpips_alex_spatial,8,8,head_supported,capacity_s5_h512_20k
-0.006444628709456895,0.004026407655101745,-0.01666805818937325,adaptive,0.35,20,lpips_alex_spatial,8,8,head_unsupported,capacity_s5_h512_20k
-0.02415004367499189,-0.011058449096896883,-0.03749429130460796,released,0.2,20,lpips_alex_spatial,8,8,head_unsupported,capacity_s5_h512_20k
-0.013127234298831215,-0.0020151594117129136,-0.02415271022435852,adaptive,0.4,20,lpips_alex_spatial,8,8,oral,capacity_s5_h512_20k
-0.026557575041107943,-0.014341692515500406,-0.03862041239059224,released,0.2,20,lpips_alex_spatial,8,8,oral,capacity_s5_h512_20k
0.04410343738791002,0.08348034695473608,-0.0034825041914209776,adaptive,0.85,20,lpips_alex_spatial,8,8,torso_outside_head_roi,capacity_s5_h512_20k
0.013852126859750227,0.05078990855587842,-0.02902630716351217,released,0.75,20,lpips_alex_spatial,8,8,torso_outside_head_roi,capacity_s5_h512_20k
-0.0039239526195539096,0.004925277192035815,-0.013531544998994487,adaptive,0.55,20,lpips_alex_spatial,384,1,background,capacity_s5_h512_20k
-0.01041043613754349,-0.0011707855310984032,-0.020789367249555595,released,0.35,20,lpips_alex_spatial,384,1,background,capacity_s5_h512_20k
-0.003959049723301189,0.004495781233847964,-0.012967194295527689,adaptive,0.5,20,lpips_alex_spatial,384,1,eyes,capacity_s5_h512_20k
-0.014698492712942027,-0.004515705010272814,-0.02521277415657498,released,0.35,20,lpips_alex_spatial,384,1,eyes,capacity_s5_h512_20k
-0.048168611258992924,-0.03727715176638389,-0.05946737337241149,adaptive,0.05,20,lpips_alex_spatial,384,1,flame_supported,capacity_s5_h512_20k
-0.04692464138867253,-0.036580402279673054,-0.057917524210901815,released,0.0,20,lpips_alex_spatial,384,1,flame_supported,capacity_s5_h512_20k
0.04762557421425049,0.07584793388931507,0.01757888885651597,adaptive,0.75,20,lpips_alex_spatial,384,1,flame_unsupported,capacity_s5_h512_20k
0.05467231396431473,0.08332171987325215,0.025089293679480776,released,0.75,20,lpips_alex_spatial,384,1,flame_unsupported,capacity_s5_h512_20k
-0.017422387500864035,-0.00209126511375272,-0.03323167242886481,adaptive,0.35,20,lpips_alex_spatial,384,1,foreground,capacity_s5_h512_20k
-0.01465215999804656,0.000493724182661691,-0.030558679042108027,released,0.4,20,lpips_alex_spatial,384,1,foreground,capacity_s5_h512_20k
-0.01068354292865439,0.0008530832665823193,-0.023405404480827324,adaptive,0.35,20,lpips_alex_spatial,384,1,full_frame,capacity_s5_h512_20k
-0.011963648455483571,-0.0008971393424453161,-0.024417696083649926,released,0.4,20,lpips_alex_spatial,384,1,full_frame,capacity_s5_h512_20k
-0.04594489749651611,-0.03599641923805216,-0.05638877389192102,adaptive,0.05,20,lpips_alex_spatial,384,1,head_foreground,capacity_s5_h512_20k
-0.045395482284457375,-0.03659053633552354,-0.05483210660937623,released,0.0,20,lpips_alex_spatial,384,1,head_foreground,capacity_s5_h512_20k
-0.0483045517097525,-0.037826115914795316,-0.05930613350229296,adaptive,0.05,20,lpips_alex_spatial,384,1,head_supported,capacity_s5_h512_20k
-0.0481091837397317,-0.03877952039703092,-0.05815789469006088,released,0.0,20,lpips_alex_spatial,384,1,head_supported,capacity_s5_h512_20k
-0.03215061337615666,-0.02119574346293366,-0.044338711772363,adaptive,0.1,20,lpips_alex_spatial,384,1,head_unsupported,capacity_s5_h512_20k
-0.02807898480787191,-0.016351134513837063,-0.04008188415594495,released,0.05,20,lpips_alex_spatial,384,1,head_unsupported,capacity_s5_h512_20k
-0.05018594108082367,-0.035800619809271926,-0.06478698434783337,adaptive,0.1,20,lpips_alex_spatial,384,1,oral,capacity_s5_h512_20k
-0.0472995844954794,-0.03658056726132232,-0.058132384802982946,released,0.05,20,lpips_alex_spatial,384,1,oral,capacity_s5_h512_20k
0.04516378476559338,0.07724853021340385,0.009040924277027651,adaptive,0.75,20,lpips_alex_spatial,384,1,torso_outside_head_roi,capacity_s5_h512_20k
0.05478829083352493,0.08791163613378332,0.019210917194628835,released,0.75,20,lpips_alex_spatial,384,1,torso_outside_head_roi,capacity_s5_h512_20k
-0.0043958164399942375,0.0035085395686781174,-0.012008745487783783,adaptive,0.45,20,lpips_alex_spatial,384,4,background,capacity_s5_h512_20k
-0.007443826815606645,0.0013054913790095989,-0.016999594009878136,released,0.3,20,lpips_alex_spatial,384,4,background,capacity_s5_h512_20k
-0.004471988174224178,0.004759426407485784,-0.014423417270472711,adaptive,0.6,20,lpips_alex_spatial,384,4,eyes,capacity_s5_h512_20k
-0.008188932254618708,0.0021542968603439744,-0.019490078471982097,released,0.45,20,lpips_alex_spatial,384,4,eyes,capacity_s5_h512_20k
-0.045600999274131325,-0.03600054725389865,-0.056105792597583345,adaptive,0.0,20,lpips_alex_spatial,384,4,flame_supported,capacity_s5_h512_20k
-0.0402482282647974,-0.02937049964791376,-0.051665234483739754,released,0.05,20,lpips_alex_spatial,384,4,flame_supported,capacity_s5_h512_20k
0.04978290443893202,0.07766909384042849,0.020829511695070642,adaptive,0.8,20,lpips_alex_spatial,384,4,flame_unsupported,capacity_s5_h512_20k
0.058501755165221304,0.08695451209793127,0.03062494241581645,released,0.75,20,lpips_alex_spatial,384,4,flame_unsupported,capacity_s5_h512_20k
-0.015399139764467773,-0.00034211777070336974,-0.030594077319639743,adaptive,0.4,20,lpips_alex_spatial,384,4,foreground,capacity_s5_h512_20k
-0.009255749375095502,0.006411929865390478,-0.024704894958648558,released,0.45,20,lpips_alex_spatial,384,4,foreground,capacity_s5_h512_20k
-0.009835095527086715,0.0010705996577733106,-0.020740619277165945,adaptive,0.4,20,lpips_alex_spatial,384,4,full_frame,capacity_s5_h512_20k
-0.007736089538279985,0.004135585908390564,-0.019849888171703058,released,0.5,20,lpips_alex_spatial,384,4,full_frame,capacity_s5_h512_20k
-0.044074767063316436,-0.034614775882862714,-0.054580127875499866,adaptive,0.0,20,lpips_alex_spatial,384,4,head_foreground,capacity_s5_h512_20k
-0.03967497495829807,-0.029871934483848422,-0.05008885000129453,released,0.0,20,lpips_alex_spatial,384,4,head_foreground,capacity_s5_h512_20k
-0.04656726924353398,-0.03685688099370904,-0.057115689246723444,adaptive,0.0,20,lpips_alex_spatial,384,4,head_supported,capacity_s5_h512_20k
-0.042258460206604356,-0.03236666077491151,-0.052946844423303656,released,0.0,20,lpips_alex_spatial,384,4,head_supported,capacity_s5_h512_20k
-0.030095940342165294,-0.017598735341129875,-0.04279276586447153,adaptive,0.2,20,lpips_alex_spatial,384,4,head_unsupported,capacity_s5_h512_20k
-0.024398203492309777,-0.010372524687327795,-0.038491348550752064,released,0.3,20,lpips_alex_spatial,384,4,head_unsupported,capacity_s5_h512_20k
-0.047505394736318554,-0.03423081488052997,-0.06121396849602397,adaptive,0.05,20,lpips_alex_spatial,384,4,oral,capacity_s5_h512_20k
-0.04291346090992513,-0.03236255495293107,-0.05329521323831996,released,0.0,20,lpips_alex_spatial,384,4,oral,capacity_s5_h512_20k
0.04807447130279137,0.08025027936724287,0.014843149623920266,adaptive,0.8,20,lpips_alex_spatial,384,4,torso_outside_head_roi,capacity_s5_h512_20k
0.06051485917044942,0.09149237748857343,0.028978596518381687,released,0.75,20,lpips_alex_spatial,384,4,torso_outside_head_roi,capacity_s5_h512_20k
-0.005562901538015773,0.0029563619493191283,-0.01392622784436315,adaptive,0.35,20,lpips_alex_spatial,384,8,background,capacity_s5_h512_20k
-0.006981138422690283,0.0028084745730309027,-0.016740662211635903,released,0.35,20,lpips_alex_spatial,384,8,background,capacity_s5_h512_20k
-0.004637823739094257,0.0038781371484111356,-0.01360945221095848,adaptive,0.45,20,lpips_alex_spatial,384,8,eyes,capacity_s5_h512_20k
-0.006731420697650564,0.0038759625246831127,-0.017897473216958486,released,0.4,20,lpips_alex_spatial,384,8,eyes,capacity_s5_h512_20k
-0.046018104785267584,-0.03621645301073532,-0.05727403338987974,adaptive,0.0,20,lpips_alex_spatial,384,8,flame_supported,capacity_s5_h512_20k
-0.04006129733265479,-0.030072740176151667,-0.050692316800753895,released,0.0,20,lpips_alex_spatial,384,8,flame_supported,capacity_s5_h512_20k
0.052521833531205674,0.08015059232255273,0.02434878049304052,adaptive,0.85,20,lpips_alex_spatial,384,8,flame_unsupported,capacity_s5_h512_20k
0.06156866531954167,0.08830865766844896,0.034127266589104234,released,0.85,20,lpips_alex_spatial,384,8,flame_unsupported,capacity_s5_h512_20k
-0.014157156370857352,0.0009021407050303013,-0.02940543737336115,adaptive,0.4,20,lpips_alex_spatial,384,8,foreground,capacity_s5_h512_20k
-0.007590164696333281,0.007241158147976112,-0.022239390096329262,released,0.5,20,lpips_alex_spatial,384,8,foreground,capacity_s5_h512_20k
-0.009470689554751176,0.0016634488815352993,-0.02081188432517505,adaptive,0.35,20,lpips_alex_spatial,384,8,full_frame,capacity_s5_h512_20k
-0.006583299936154178,0.00425226719993534,-0.017988636808477943,released,0.45,20,lpips_alex_spatial,384,8,full_frame,capacity_s5_h512_20k
-0.04474236739686104,-0.034713940652628096,-0.056006922218398744,adaptive,0.0,20,lpips_alex_spatial,384,8,head_foreground,capacity_s5_h512_20k
-0.039268327865126976,-0.030018506398857073,-0.049073914450385114,released,0.0,20,lpips_alex_spatial,384,8,head_foreground,capacity_s5_h512_20k
-0.0471549733509169,-0.03739188037805745,-0.05804832848760313,adaptive,0.0,20,lpips_alex_spatial,384,8,head_supported,capacity_s5_h512_20k
-0.04189155130048033,-0.03241649102948298,-0.051633429970100966,released,0.0,20,lpips_alex_spatial,384,8,head_supported,capacity_s5_h512_20k
-0.03044953041859625,-0.017328356694259504,-0.04447774017251487,adaptive,0.15,20,lpips_alex_spatial,384,8,head_unsupported,capacity_s5_h512_20k
-0.022638554939696385,-0.009144895504007797,-0.03630724510850902,released,0.25,20,lpips_alex_spatial,384,8,head_unsupported,capacity_s5_h512_20k
-0.04493795582925057,-0.03139795529789348,-0.058724039568841944,adaptive,0.05,20,lpips_alex_spatial,384,8,oral,capacity_s5_h512_20k
-0.03818774973464946,-0.026837910393003272,-0.049122953344271435,released,0.1,20,lpips_alex_spatial,384,8,oral,capacity_s5_h512_20k
0.05084974844467195,0.08153465767983695,0.018050437194338024,adaptive,0.8,20,lpips_alex_spatial,384,8,torso_outside_head_roi,capacity_s5_h512_20k
0.062101001484601626,0.09073576781900862,0.031949497392160776,released,0.8,20,lpips_alex_spatial,384,8,torso_outside_head_roi,capacity_s5_h512_20k
-0.02327376555099177,-0.012948944819018248,-0.03389878213253228,adaptive,0.15,20,lpips_alex_spatial,8,1,background,capacity_s5_h64_20k
-0.02609059349339634,-0.015737348261672546,-0.03683712733083578,released,0.15,20,lpips_alex_spatial,8,1,background,capacity_s5_h64_20k
-0.00042610374869448824,0.0071389744575958555,-0.008279273257159249,adaptive,0.6,20,lpips_alex_spatial,8,1,eyes,capacity_s5_h64_20k
-0.0052063704150432325,0.0021236025092441417,-0.01331680424661964,released,0.45,20,lpips_alex_spatial,8,1,eyes,capacity_s5_h64_20k
-0.043116830525609016,-0.031233374524406193,-0.05480707000986827,adaptive,0.05,20,lpips_alex_spatial,8,1,flame_supported,capacity_s5_h64_20k
-0.04484836949408533,-0.03459081089269217,-0.05496119599192431,released,0.0,20,lpips_alex_spatial,8,1,flame_supported,capacity_s5_h64_20k
0.019781743451262924,0.049913277331453176,-0.012088494924273592,adaptive,0.65,20,lpips_alex_spatial,8,1,flame_unsupported,capacity_s5_h64_20k
0.006677966355314926,0.034364452477104276,-0.023544389737014032,released,0.55,20,lpips_alex_spatial,8,1,flame_unsupported,capacity_s5_h64_20k
-0.02215143799659735,-0.0052552721128716695,-0.039419806106454555,adaptive,0.35,20,lpips_alex_spatial,8,1,foreground,capacity_s5_h64_20k
-0.027261408588373094,-0.01228329843186176,-0.04225057713459342,released,0.2,20,lpips_alex_spatial,8,1,foreground,capacity_s5_h64_20k
-0.022141160645010156,-0.009436456307897835,-0.035210093389470856,adaptive,0.2,20,lpips_alex_spatial,8,1,full_frame,capacity_s5_h64_20k
-0.026338741596126963,-0.014651925665733617,-0.03826027428529737,released,0.15,20,lpips_alex_spatial,8,1,full_frame,capacity_s5_h64_20k
-0.04129358458864361,-0.03054893067199679,-0.05165478858708879,adaptive,0.05,20,lpips_alex_spatial,8,1,head_foreground,capacity_s5_h64_20k
-0.04202425743003604,-0.03347151240588792,-0.05060616100589731,released,0.0,20,lpips_alex_spatial,8,1,head_foreground,capacity_s5_h64_20k
-0.04205092628415517,-0.031634660971017727,-0.052517548246952254,adaptive,0.0,20,lpips_alex_spatial,8,1,head_supported,capacity_s5_h64_20k
-0.04265602452092985,-0.033898600593825,-0.05140823272513665,released,0.0,20,lpips_alex_spatial,8,1,head_supported,capacity_s5_h64_20k
-0.03713873415136439,-0.026497741054072033,-0.047458285303317256,adaptive,0.1,20,lpips_alex_spatial,8,1,head_unsupported,capacity_s5_h64_20k
-0.03890358774655257,-0.029869633989824933,-0.0478418025466202,released,0.1,20,lpips_alex_spatial,8,1,head_unsupported,capacity_s5_h64_20k
-0.03664131639128328,-0.02398131960514897,-0.04874681271303791,adaptive,0.1,20,lpips_alex_spatial,8,1,oral,capacity_s5_h64_20k
-0.030353149041533484,-0.02103140821500793,-0.03952857462903309,released,0.05,20,lpips_alex_spatial,8,1,oral,capacity_s5_h64_20k
0.012144920318484988,0.04892943042318432,-0.027777853017953498,adaptive,0.65,20,lpips_alex_spatial,8,1,torso_outside_head_roi,capacity_s5_h64_20k
-0.0037085230013254172,0.03013058284281976,-0.040846615484120566,released,0.55,20,lpips_alex_spatial,8,1,torso_outside_head_roi,capacity_s5_h64_20k
-0.023171178027749165,-0.011313347005998356,-0.03582849554589098,adaptive,0.2,20,lpips_alex_spatial,8,4,background,capacity_s5_h64_20k
-0.025466867113250607,-0.013228515518195426,-0.03871172127454278,released,0.2,20,lpips_alex_spatial,8,4,background,capacity_s5_h64_20k
-0.003198646444391663,0.004939221012063482,-0.011822975680571711,adaptive,0.45,20,lpips_alex_spatial,8,4,eyes,capacity_s5_h64_20k
-0.005766436985270708,0.002046891529008656,-0.014992452447176773,released,0.4,20,lpips_alex_spatial,8,4,eyes,capacity_s5_h64_20k
-0.048505332705814835,-0.03463494380199299,-0.061739721048853224,adaptive,0.05,20,lpips_alex_spatial,8,4,flame_supported,capacity_s5_h64_20k
-0.04891712852767618,-0.03685290860132382,-0.061048666351509136,released,0.0,20,lpips_alex_spatial,8,4,flame_supported,capacity_s5_h64_20k
0.01793372739860848,0.04805836002172578,-0.01606332872382009,adaptive,0.7,20,lpips_alex_spatial,8,4,flame_unsupported,capacity_s5_h64_20k
0.005769487331786177,0.03203646510074876,-0.024272694205453395,released,0.55,20,lpips_alex_spatial,8,4,flame_unsupported,capacity_s5_h64_20k
-0.02708210331982457,-0.009333560230452403,-0.045776898381841624,adaptive,0.25,20,lpips_alex_spatial,8,4,foreground,capacity_s5_h64_20k
-0.03116649963023499,-0.014656778951178926,-0.04806404771109182,released,0.2,20,lpips_alex_spatial,8,4,foreground,capacity_s5_h64_20k
-0.024812288307289793,-0.011157110502979328,-0.039889412443089446,adaptive,0.25,20,lpips_alex_spatial,8,4,full_frame,capacity_s5_h64_20k
-0.02819514604639418,-0.01491373071287947,-0.04239061967277333,released,0.2,20,lpips_alex_spatial,8,4,full_frame,capacity_s5_h64_20k
-0.04742907674116148,-0.03549919737021727,-0.05893510862055355,adaptive,0.05,20,lpips_alex_spatial,8,4,head_foreground,capacity_s5_h64_20k
-0.04696734037252835,-0.036065630444218524,-0.0574487839311104,released,0.0,20,lpips_alex_spatial,8,4,head_foreground,capacity_s5_h64_20k
-0.04822343353582563,-0.036386416779800736,-0.059724811198600715,adaptive,0.05,20,lpips_alex_spatial,8,4,head_supported,capacity_s5_h64_20k
-0.04741965803594991,-0.036530835725145164,-0.05806117521146034,released,0.0,20,lpips_alex_spatial,8,4,head_supported,capacity_s5_h64_20k
-0.043586465974865304,-0.03008025519390491,-0.05685728669970341,adaptive,0.1,20,lpips_alex_spatial,8,4,head_unsupported,capacity_s5_h64_20k
-0.04522544648671476,-0.03250034081691157,-0.0582109502198712,released,0.1,20,lpips_alex_spatial,8,4,head_unsupported,capacity_s5_h64_20k
-0.042352381610266485,-0.02830429306663579,-0.05696750268410114,adaptive,0.15,20,lpips_alex_spatial,8,4,oral,capacity_s5_h64_20k
-0.035950524942478225,-0.024159561723376577,-0.048445680991543644,released,0.1,20,lpips_alex_spatial,8,4,oral,capacity_s5_h64_20k
0.013671199457707445,0.05245418312227277,-0.029318857198118047,adaptive,0.65,20,lpips_alex_spatial,8,4,torso_outside_head_roi,capacity_s5_h64_20k
-0.0008244438149362848,0.03302029671186227,-0.03893144728421859,released,0.45,20,lpips_alex_spatial,8,4,torso_outside_head_roi,capacity_s5_h64_20k
-0.02031840069156281,-0.008696471795844048,-0.03254780143977351,adaptive,0.15,20,lpips_alex_spatial,8,8,background,capacity_s5_h64_20k
-0.021978477890189717,-0.010302587526926373,-0.03460449048566125,released,0.2,20,lpips_alex_spatial,8,8,background,capacity_s5_h64_20k
0.0009601642228161317,0.008056040288251742,-0.0068210624005769676,adaptive,0.6,20,lpips_alex_spatial,8,8,eyes,capacity_s5_h64_20k
-0.0026088906594106424,0.004566015574608101,-0.010774572766449938,released,0.65,20,lpips_alex_spatial,8,8,eyes,capacity_s5_h64_20k
-0.04537358292148728,-0.03194124845213542,-0.05876906799066671,adaptive,0.1,20,lpips_alex_spatial,8,8,flame_supported,capacity_s5_h64_20k
-0.04607140841820152,-0.03411639782803355,-0.057747711560644864,released,0.05,20,lpips_alex_spatial,8,8,flame_supported,capacity_s5_h64_20k
0.023340525221931828,0.05328280895351215,-0.010220265958537053,adaptive,0.8,20,lpips_alex_spatial,8,8,flame_unsupported,capacity_s5_h64_20k
0.01185789069321468,0.038131583596299555,-0.017536634081282785,released,0.7,20,lpips_alex_spatial,8,8,flame_unsupported,capacity_s5_h64_20k
-0.022656274986735378,-0.004675263027301987,-0.04146171728448701,adaptive,0.3,20,lpips_alex_spatial,8,8,foreground,capacity_s5_h64_20k
-0.026971062702937375,-0.01100743078669443,-0.043263025151470874,released,0.2,20,lpips_alex_spatial,8,8,foreground,capacity_s5_h64_20k
-0.02107417093210923,-0.007482236539259625,-0.035713914435405246,adaptive,0.3,20,lpips_alex_spatial,8,8,full_frame,capacity_s5_h64_20k
-0.024369099981341017,-0.011734717092214726,-0.03799866728645899,released,0.2,20,lpips_alex_spatial,8,8,full_frame,capacity_s5_h64_20k
-0.04389321217735668,-0.03191306533514598,-0.055258737110550106,adaptive,0.05,20,lpips_alex_spatial,8,8,head_foreground,capacity_s5_h64_20k
-0.043564933150457605,-0.03277883034210335,-0.05403865389496821,released,0.1,20,lpips_alex_spatial,8,8,head_foreground,capacity_s5_h64_20k
-0.04462092840123484,-0.032990988622948664,-0.05577521025563277,adaptive,0.05,20,lpips_alex_spatial,8,8,head_supported,capacity_s5_h64_20k
-0.04404715012597977,-0.033575002747632934,-0.05433732984994167,released,0.05,20,lpips_alex_spatial,8,8,head_supported,capacity_s5_h64_20k
-0.041251886855117284,-0.027071567261698903,-0.054727966158596715,adaptive,0.15,20,lpips_alex_spatial,8,8,head_unsupported,capacity_s5_h64_20k
-0.04183728754200418,-0.028759460981342546,-0.05481284504405578,released,0.05,20,lpips_alex_spatial,8,8,head_unsupported,capacity_s5_h64_20k
-0.03860148487074101,-0.02520882750535317,-0.05216815107059512,adaptive,0.1,20,lpips_alex_spatial,8,8,oral,capacity_s5_h64_20k
-0.035021640709192524,-0.02270359569774651,-0.04764127248512399,released,0.1,20,lpips_alex_spatial,8,8,oral,capacity_s5_h64_20k
0.018904327521565924,0.05584109618618022,-0.024615345874252435,adaptive,0.8,20,lpips_alex_spatial,8,8,torso_outside_head_roi,capacity_s5_h64_20k
0.00388339717687885,0.03724464896030992,-0.03286784868341786,released,0.6,20,lpips_alex_spatial,8,8,torso_outside_head_roi,capacity_s5_h64_20k
-0.010728892517806947,-0.0017110790138224607,-0.01931605527334785,adaptive,0.25,20,lpips_alex_spatial,384,1,background,capacity_s5_h64_20k
-0.01910953225323493,-0.01038929280751549,-0.028314766718136035,released,0.25,20,lpips_alex_spatial,384,1,background,capacity_s5_h64_20k
-0.0004826294913897994,0.009079262659166035,-0.01011450826125542,adaptive,0.45,20,lpips_alex_spatial,384,1,eyes,capacity_s5_h64_20k
-0.01834473136029141,-0.006103324381232828,-0.03137561226276272,released,0.35,20,lpips_alex_spatial,384,1,eyes,capacity_s5_h64_20k
-0.0525266902657127,-0.039728366108676916,-0.06474651288556998,adaptive,0.05,20,lpips_alex_spatial,384,1,flame_supported,capacity_s5_h64_20k
-0.062097724374137485,-0.05082032644762747,-0.07267269019727866,released,0.05,20,lpips_alex_spatial,384,1,flame_supported,capacity_s5_h64_20k
0.0315350426468502,0.05827282272848278,0.00499905926678458,adaptive,0.7,20,lpips_alex_spatial,384,1,flame_unsupported,capacity_s5_h64_20k
0.038426984706585426,0.06423710958993009,0.013807596539650977,released,0.75,20,lpips_alex_spatial,384,1,flame_unsupported,capacity_s5_h64_20k
-0.02512775302116827,-0.00867345196580356,-0.040739376303038234,adaptive,0.3,20,lpips_alex_spatial,384,1,foreground,capacity_s5_h64_20k
-0.029654482339606564,-0.016057192864424568,-0.04264305224687623,released,0.15,20,lpips_alex_spatial,384,1,foreground,capacity_s5_h64_20k
-0.017948345652906404,-0.005978183278338213,-0.029675748409840448,adaptive,0.3,20,lpips_alex_spatial,384,1,full_frame,capacity_s5_h64_20k
-0.024152871218078565,-0.014740557291290965,-0.033742817572249464,released,0.1,20,lpips_alex_spatial,384,1,full_frame,capacity_s5_h64_20k
-0.05017210337248722,-0.03720547685680913,-0.06336314421765027,adaptive,0.05,20,lpips_alex_spatial,384,1,head_foreground,capacity_s5_h64_20k
-0.06064224469884651,-0.04912401557683094,-0.07157960250213936,released,0.05,20,lpips_alex_spatial,384,1,head_foreground,capacity_s5_h64_20k
-0.05178026898307282,-0.03843017927159277,-0.06434164035442733,adaptive,0.05,20,lpips_alex_spatial,384,1,head_supported,capacity_s5_h64_20k
-0.06293545926238983,-0.05105781418747747,-0.07394779484376819,released,0.05,20,lpips_alex_spatial,384,1,head_supported,capacity_s5_h64_20k
-0.04409162124919333,-0.028636279115521638,-0.06022401099929914,adaptive,0.1,20,lpips_alex_spatial,384,1,head_unsupported,capacity_s5_h64_20k
-0.04545587769045069,-0.0338126754907425,-0.057805045856345535,released,0.0,20,lpips_alex_spatial,384,1,head_unsupported,capacity_s5_h64_20k
-0.04528331096444013,-0.026391452521278613,-0.0639074642340328,adaptive,0.15,20,lpips_alex_spatial,384,1,oral,capacity_s5_h64_20k
-0.04824347841225356,-0.033004124658397714,-0.06304058011407224,released,0.1,20,lpips_alex_spatial,384,1,oral,capacity_s5_h64_20k
0.02703866008281024,0.05684745224461909,-0.0031113500913724887,adaptive,0.7,20,lpips_alex_spatial,384,1,torso_outside_head_roi,capacity_s5_h64_20k
0.03608000908139449,0.0636910548211623,0.007855611604972577,released,0.7,20,lpips_alex_spatial,384,1,torso_outside_head_roi,capacity_s5_h64_20k
-0.011257501242981702,-0.0025008738971949536,-0.01969121270164205,adaptive,0.2,20,lpips_alex_spatial,384,4,background,capacity_s5_h64_20k
-0.018996216025137104,-0.011385138725364953,-0.027065038148859782,released,0.1,20,lpips_alex_spatial,384,4,background,capacity_s5_h64_20k
-0.004166914064987775,0.0055016252386566895,-0.014247373763371722,adaptive,0.4,20,lpips_alex_spatial,384,4,eyes,capacity_s5_h64_20k
-0.019340783210744304,-0.007362920756699605,-0.03176079438766355,released,0.25,20,lpips_alex_spatial,384,4,eyes,capacity_s5_h64_20k
-0.059810656139247964,-0.04754472041094099,-0.07188263263685686,adaptive,0.0,20,lpips_alex_spatial,384,4,flame_supported,capacity_s5_h64_20k
-0.06598926285015846,-0.05472312276443593,-0.07743547412075474,released,0.0,20,lpips_alex_spatial,384,4,flame_supported,capacity_s5_h64_20k
0.03170254542103764,0.05645800370410584,0.007692741166729707,adaptive,0.6,20,lpips_alex_spatial,384,4,flame_unsupported,capacity_s5_h64_20k
0.03895709817691047,0.06252855156420034,0.015574508375863409,released,0.75,20,lpips_alex_spatial,384,4,flame_unsupported,capacity_s5_h64_20k
-0.030798339461934478,-0.015851457390406633,-0.045656097853276234,adaptive,0.2,20,lpips_alex_spatial,384,4,foreground,capacity_s5_h64_20k
-0.03299989995754717,-0.020111586050002198,-0.046151871725833384,released,0.15,20,lpips_alex_spatial,384,4,foreground,capacity_s5_h64_20k
-0.021441313993832308,-0.01005823443949061,-0.03208324643452305,adaptive,0.2,20,lpips_alex_spatial,384,4,full_frame,capacity_s5_h64_20k
-0.026016171494134543,-0.016986958263416275,-0.03537292165286614,released,0.1,20,lpips_alex_spatial,384,4,full_frame,capacity_s5_h64_20k
-0.05831962773025938,-0.04494202322824108,-0.07135406002019033,adaptive,0.0,20,lpips_alex_spatial,384,4,head_foreground,capacity_s5_h64_20k
-0.06546926247596851,-0.053709675969623956,-0.07712465850131338,released,0.0,20,lpips_alex_spatial,384,4,head_foreground,capacity_s5_h64_20k
-0.06030937133292661,-0.04742186632560125,-0.07274039741580762,adaptive,0.0,20,lpips_alex_spatial,384,4,head_supported,capacity_s5_h64_20k
-0.06814538354946628,-0.05650307874127317,-0.0797635772297915,released,0.0,20,lpips_alex_spatial,384,4,head_supported,capacity_s5_h64_20k
-0.04923921181247533,-0.03262276368699298,-0.06700706427608663,adaptive,0.1,20,lpips_alex_spatial,384,4,head_unsupported,capacity_s5_h64_20k
-0.04775972187468529,-0.03487716392727289,-0.06187190143198977,released,0.05,20,lpips_alex_spatial,384,4,head_unsupported,capacity_s5_h64_20k
-0.05398575292617689,-0.03711174753477013,-0.07286323924711069,adaptive,0.05,20,lpips_alex_spatial,384,4,oral,capacity_s5_h64_20k
-0.058653336137112336,-0.043597222635689624,-0.07418494929338748,released,0.0,20,lpips_alex_spatial,384,4,oral,capacity_s5_h64_20k
0.02998768084448299,0.05659059684716876,0.003774534584405993,adaptive,0.6,20,lpips_alex_spatial,384,4,torso_outside_head_roi,capacity_s5_h64_20k
0.03916852400109737,0.06507468991680246,0.012871533981919512,released,0.7,20,lpips_alex_spatial,384,4,torso_outside_head_roi,capacity_s5_h64_20k
-0.006529083999820164,0.002087816233748846,-0.014818923597886918,adaptive,0.3,20,lpips_alex_spatial,384,8,background,capacity_s5_h64_20k
-0.013907840093904634,-0.006078228471800143,-0.022075767816336182,released,0.3,20,lpips_alex_spatial,384,8,background,capacity_s5_h64_20k
-0.0018171698695091845,0.007061342011385971,-0.01048399559094409,adaptive,0.45,20,lpips_alex_spatial,384,8,eyes,capacity_s5_h64_20k
-0.014806421698381162,-0.0036961741586491385,-0.0265219971629402,released,0.4,20,lpips_alex_spatial,384,8,eyes,capacity_s5_h64_20k
-0.054980741239827526,-0.042507725515855646,-0.06705683651452701,adaptive,0.0,20,lpips_alex_spatial,384,8,flame_supported,capacity_s5_h64_20k
-0.0621493021951432,-0.05139237171840514,-0.07334739298416533,released,0.0,20,lpips_alex_spatial,384,8,flame_supported,capacity_s5_h64_20k
0.03634438250691041,0.06238433941763554,0.012474215905397048,adaptive,0.8,20,lpips_alex_spatial,384,8,flame_unsupported,capacity_s5_h64_20k
0.04373058673950622,0.06807896892260511,0.019988773814004174,released,0.8,20,lpips_alex_spatial,384,8,flame_unsupported,capacity_s5_h64_20k
-0.02535335193265379,-0.01016387612354922,-0.04030005618412035,adaptive,0.2,20,lpips_alex_spatial,384,8,foreground,capacity_s5_h64_20k
-0.02805471815657782,-0.014513507887952314,-0.04176668418141485,released,0.2,20,lpips_alex_spatial,384,8,foreground,capacity_s5_h64_20k
-0.016163972497502458,-0.0047679258882999615,-0.026951973419555863,adaptive,0.2,20,lpips_alex_spatial,384,8,full_frame,capacity_s5_h64_20k
-0.020800047519403113,-0.011417337488302435,-0.030435511854303866,released,0.2,20,lpips_alex_spatial,384,8,full_frame,capacity_s5_h64_20k
-0.05299819536246527,-0.039984584800792276,-0.06642631980200038,adaptive,0.05,20,lpips_alex_spatial,384,8,head_foreground,capacity_s5_h64_20k
-0.06071960417381026,-0.04954509240508519,-0.07227359659689518,released,0.0,20,lpips_alex_spatial,384,8,head_foreground,capacity_s5_h64_20k
-0.055055475867629586,-0.0420482795415258,-0.06774496341684254,adaptive,0.05,20,lpips_alex_spatial,384,8,head_supported,capacity_s5_h64_20k
-0.0636445945370599,-0.052086813837917884,-0.0751472551128442,released,0.0,20,lpips_alex_spatial,384,8,head_supported,capacity_s5_h64_20k
-0.043014000677198114,-0.026829611445525366,-0.06001698324641763,adaptive,0.1,20,lpips_alex_spatial,384,8,head_unsupported,capacity_s5_h64_20k
-0.04169452705041703,-0.029267499000490353,-0.05566439261764659,released,0.0,20,lpips_alex_spatial,384,8,head_unsupported,capacity_s5_h64_20k
-0.05019723995465543,-0.033202508031816944,-0.06824250319278462,adaptive,0.1,20,lpips_alex_spatial,384,8,oral,capacity_s5_h64_20k
-0.05574882411253512,-0.04053810349093308,-0.07187343903965203,released,0.05,20,lpips_alex_spatial,384,8,oral,capacity_s5_h64_20k
0.03296994139704933,0.05948927116621585,0.006224487971368115,adaptive,0.7,20,lpips_alex_spatial,384,8,torso_outside_head_roi,capacity_s5_h64_20k
0.0413341353149284,0.0673455046214952,0.015340482490493385,released,0.8,20,lpips_alex_spatial,384,8,torso_outside_head_roi,capacity_s5_h64_20k
0.00012592315678550264,0.008568659543396546,-0.008751455278599439,adaptive,0.6,20,lpips_alex_spatial,384,1,background,convergence_s5_h128_60k
4.2487469544755936e-05,0.009696252529009956,-0.010358967559975134,released,0.6,20,lpips_alex_spatial,384,1,background,convergence_s5_h128_60k
0.0025084999307315448,0.008633828076981044,-0.004183942015107357,adaptive,0.6,20,lpips_alex_spatial,384,1,eyes,convergence_s5_h128_60k
-0.0027662843678264376,0.008143639898383365,-0.014060580227953381,released,0.55,20,lpips_alex_spatial,384,1,eyes,convergence_s5_h128_60k
-0.021805020374531858,-0.010010659516511825,-0.03390212567594606,adaptive,0.2,20,lpips_alex_spatial,384,1,flame_supported,convergence_s5_h128_60k
-0.018821069353903715,-0.005769197442767222,-0.032644843829371134,released,0.3,20,lpips_alex_spatial,384,1,flame_supported,convergence_s5_h128_60k
0.07771756570538238,0.1058318720709872,0.04899944835245559,adaptive,0.8,20,lpips_alex_spatial,384,1,flame_unsupported,convergence_s5_h128_60k
0.08565160725931605,0.1133259858241934,0.05630971253341373,released,0.85,20,lpips_alex_spatial,384,1,flame_unsupported,convergence_s5_h128_60k
0.009676710270920085,0.026023539076076085,-0.006938980972623757,adaptive,0.6,20,lpips_alex_spatial,384,1,foreground,convergence_s5_h128_60k
0.01421001715374337,0.031099048414488423,-0.0032059257670778076,released,0.65,20,lpips_alex_spatial,384,1,foreground,convergence_s5_h128_60k
0.0063028214555798075,0.017874633761453394,-0.005673605852893427,adaptive,0.65,20,lpips_alex_spatial,384,1,full_frame,convergence_s5_h128_60k
0.008568050992953312,0.02186579082725624,-0.005170099040840097,released,0.65,20,lpips_alex_spatial,384,1,full_frame,convergence_s5_h128_60k
-0.02170652857599522,-0.011668144587471735,-0.03179704588331163,adaptive,0.2,20,lpips_alex_spatial,384,1,head_foreground,convergence_s5_h128_60k
-0.020055150491985703,-0.008470911134233572,-0.032152458287919135,released,0.25,20,lpips_alex_spatial,384,1,head_foreground,convergence_s5_h128_60k
-0.02412881544612403,-0.01364208095124814,-0.03527385895080732,adaptive,0.2,20,lpips_alex_spatial,384,1,head_supported,convergence_s5_h128_60k
-0.022586768718131322,-0.010860643305948933,-0.03488070505821513,released,0.25,20,lpips_alex_spatial,384,1,head_supported,convergence_s5_h128_60k
-0.005415696253459196,0.006963650926328072,-0.017224048402172273,adaptive,0.4,20,lpips_alex_spatial,384,1,head_unsupported,convergence_s5_h128_60k
-0.0035024532208731175,0.011179794105062354,-0.01797447050161354,released,0.4,20,lpips_alex_spatial,384,1,head_unsupported,convergence_s5_h128_60k
-0.017225969258704753,-0.007048983336122165,-0.02752612293173771,adaptive,0.2,20,lpips_alex_spatial,384,1,oral,convergence_s5_h128_60k
-0.016956610292299786,-0.007631132729094271,-0.026395854831673685,released,0.2,20,lpips_alex_spatial,384,1,oral,convergence_s5_h128_60k
0.07962951227960327,0.1117225269512848,0.044352951790467054,adaptive,0.8,20,lpips_alex_spatial,384,1,torso_outside_head_roi,convergence_s5_h128_60k
0.09190660634871016,0.12408099481116502,0.05659024439345319,released,0.85,20,lpips_alex_spatial,384,1,torso_outside_head_roi,convergence_s5_h128_60k
0.001388157915438265,0.010905871678359763,-0.009087545727175942,adaptive,0.6,20,lpips_alex_spatial,384,4,background,convergence_s5_h128_60k
0.0035216865909114122,0.013199937143309689,-0.007070670677746026,released,0.65,20,lpips_alex_spatial,384,4,background,convergence_s5_h128_60k
0.004533421776883045,0.013085470451114755,-0.004670568053612588,adaptive,0.6,20,lpips_alex_spatial,384,4,eyes,convergence_s5_h128_60k
0.003920385628457602,0.014699228976411054,-0.008223623187073184,released,0.55,20,lpips_alex_spatial,384,4,eyes,convergence_s5_h128_60k
-0.01874281483900076,-0.007210448441139684,-0.031170618838002248,adaptive,0.2,20,lpips_alex_spatial,384,4,flame_supported,convergence_s5_h128_60k
-0.012633085046584053,0.0004744805440588947,-0.026524394116192843,released,0.35,20,lpips_alex_spatial,384,4,flame_supported,convergence_s5_h128_60k
0.07972120972810838,0.10632001134792823,0.0513447255069972,adaptive,0.9,20,lpips_alex_spatial,384,4,flame_unsupported,convergence_s5_h128_60k
0.09093180315216869,0.11886913294237209,0.061592349302677735,released,0.9,20,lpips_alex_spatial,384,4,flame_unsupported,convergence_s5_h128_60k
0.012141947516507347,0.02890976242056659,-0.004591474563746845,adaptive,0.65,20,lpips_alex_spatial,384,4,foreground,convergence_s5_h128_60k
0.019734953784516146,0.03710875112994131,0.002192517647432756,released,0.65,20,lpips_alex_spatial,384,4,foreground,convergence_s5_h128_60k
0.008203263584904112,0.020548715231421898,-0.004612976344656336,adaptive,0.65,20,lpips_alex_spatial,384,4,full_frame,convergence_s5_h128_60k
0.013250842928558021,0.026095436429681856,-0.00034914069719221635,released,0.65,20,lpips_alex_spatial,384,4,full_frame,convergence_s5_h128_60k
-0.018783291822065333,-0.008360792346481342,-0.03070474357499007,adaptive,0.2,20,lpips_alex_spatial,384,4,head_foreground,convergence_s5_h128_60k
-0.013951961672141449,-0.0022298342532844095,-0.02631678760126534,released,0.3,20,lpips_alex_spatial,384,4,head_foreground,convergence_s5_h128_60k
-0.021574216262584562,-0.010791780603627493,-0.03347634952750249,adaptive,0.2,20,lpips_alex_spatial,384,4,head_supported,convergence_s5_h128_60k
-0.01677702405689247,-0.0046464017269820836,-0.029778563797976963,released,0.3,20,lpips_alex_spatial,384,4,head_supported,convergence_s5_h128_60k
9.104891420381873e-05,0.014176016809074697,-0.013922960747593983,adaptive,0.45,20,lpips_alex_spatial,384,4,head_unsupported,convergence_s5_h128_60k
0.00459168891585905,0.01960384131339358,-0.009894200783360358,released,0.45,20,lpips_alex_spatial,384,4,head_unsupported,convergence_s5_h128_60k
-0.015323361675995104,-0.005714710041110648,-0.024430609518255403,adaptive,0.25,20,lpips_alex_spatial,384,4,oral,convergence_s5_h128_60k
-0.01389600516805172,-0.004168869539598859,-0.023562435195440157,released,0.2,20,lpips_alex_spatial,384,4,oral,convergence_s5_h128_60k
0.08100042623916609,0.11081147597984543,0.04655671673256359,adaptive,0.85,20,lpips_alex_spatial,384,4,torso_outside_head_roi,convergence_s5_h128_60k
0.09579279888150109,0.1262009829776716,0.062375425951289705,released,0.85,20,lpips_alex_spatial,384,4,torso_outside_head_roi,convergence_s5_h128_60k
0.0017071132436229722,0.012078718026073174,-0.009055812913297089,adaptive,0.6,20,lpips_alex_spatial,384,8,background,convergence_s5_h128_60k
0.004591435732107043,0.015235281499490372,-0.007130811850709388,released,0.75,20,lpips_alex_spatial,384,8,background,convergence_s5_h128_60k
0.005073160581943753,0.0131108705903563,-0.0035571883909302784,adaptive,0.65,20,lpips_alex_spatial,384,8,eyes,convergence_s5_h128_60k
0.002897863092378579,0.013635520690121772,-0.008938196872183503,released,0.55,20,lpips_alex_spatial,384,8,eyes,convergence_s5_h128_60k
-0.018608638341419383,-0.007584360802912843,-0.03055354235219166,adaptive,0.25,20,lpips_alex_spatial,384,8,flame_supported,convergence_s5_h128_60k
-0.013042127668476506,-8.190679945455764e-06,-0.026196557082869245,released,0.35,20,lpips_alex_spatial,384,8,flame_supported,convergence_s5_h128_60k
0.08212305574560139,0.10932935245642715,0.054558125792903714,adaptive,0.85,20,lpips_alex_spatial,384,8,flame_unsupported,convergence_s5_h128_60k
0.092661166184571,0.1209806845090198,0.0624826379506628,released,0.85,20,lpips_alex_spatial,384,8,flame_unsupported,convergence_s5_h128_60k
0.013691950279074147,0.029775658684021336,-0.0025194347365863562,adaptive,0.65,20,lpips_alex_spatial,384,8,foreground,convergence_s5_h128_60k
0.02066545518310118,0.03788618719671346,0.002917102566850347,released,0.65,20,lpips_alex_spatial,384,8,foreground,convergence_s5_h128_60k
0.009280646956844248,0.021761746001450002,-0.0038711043198903453,adaptive,0.6,20,lpips_alex_spatial,384,8,full_frame,convergence_s5_h128_60k
0.014190555444527502,0.027705652630561343,5.308916687454038e-06,released,0.65,20,lpips_alex_spatial,384,8,full_frame,convergence_s5_h128_60k
-0.01824101881030559,-0.008522183636906959,-0.029281999769464308,adaptive,0.2,20,lpips_alex_spatial,384,8,head_foreground,convergence_s5_h128_60k
-0.013954613157919734,-0.002349132938933999,-0.026175317899070627,released,0.3,20,lpips_alex_spatial,384,8,head_foreground,convergence_s5_h128_60k
-0.021076377345433692,-0.010849588953247427,-0.03222860711005607,adaptive,0.15,20,lpips_alex_spatial,384,8,head_supported,convergence_s5_h128_60k
-0.01673208422053044,-0.004726573723283976,-0.029337690872698698,released,0.35,20,lpips_alex_spatial,384,8,head_supported,convergence_s5_h128_60k
0.0017403258165550558,0.015464460738755171,-0.012624936077288164,adaptive,0.55,20,lpips_alex_spatial,384,8,head_unsupported,convergence_s5_h128_60k
0.0049424860101028095,0.020908325199341073,-0.010847148623380926,released,0.5,20,lpips_alex_spatial,384,8,head_unsupported,convergence_s5_h128_60k
-0.015242898051159234,-0.005370805340667767,-0.024515545370194302,adaptive,0.2,20,lpips_alex_spatial,384,8,oral,convergence_s5_h128_60k
-0.012385297561708353,-0.0026766253489190475,-0.021484414931250313,released,0.15,20,lpips_alex_spatial,384,8,oral,convergence_s5_h128_60k
0.0811958378847141,0.11158893499719988,0.0457926064486336,adaptive,0.85,20,lpips_alex_spatial,384,8,torso_outside_head_roi,convergence_s5_h128_60k
0.09526982623972521,0.1266790086935886,0.06082548795634382,released,0.85,20,lpips_alex_spatial,384,8,torso_outside_head_roi,convergence_s5_h128_60k
-0.03377646048927592,-0.014436419132299736,-0.05355323675660414,adaptive,0.25,20,lpips_alex_spatial,8,1,background,covariance_s3_h128_20k
-0.018605758358175427,-0.003081575200009325,-0.03481874796291538,released,0.3,20,lpips_alex_spatial,8,1,background,covariance_s3_h128_20k
0.039330203450746705,0.06797545733457706,0.007707669032962499,adaptive,0.7,20,lpips_alex_spatial,8,1,eyes,covariance_s3_h128_20k
0.04496752217678155,0.06821355476636783,0.01990042067442467,released,0.75,20,lpips_alex_spatial,8,1,eyes,covariance_s3_h128_20k
0.04683242314966149,0.06769591459821298,0.024314153630767676,adaptive,0.9,20,lpips_alex_spatial,8,1,flame_supported,covariance_s3_h128_20k
0.06540776307862027,0.08314878274759549,0.04530211277821901,released,0.95,20,lpips_alex_spatial,8,1,flame_supported,covariance_s3_h128_20k
0.059429292183444046,0.08782168041428691,0.025809607476012093,adaptive,0.8,20,lpips_alex_spatial,8,1,flame_unsupported,covariance_s3_h128_20k
0.07885747710074838,0.10651407994837125,0.04740107179070364,released,0.9,20,lpips_alex_spatial,8,1,flame_unsupported,covariance_s3_h128_20k
0.0538115214428477,0.07283439208569917,0.035039575295446844,adaptive,0.9,20,lpips_alex_spatial,8,1,foreground,covariance_s3_h128_20k
0.07228078571659892,0.0887356136871492,0.054462180714330344,released,0.95,20,lpips_alex_spatial,8,1,foreground,covariance_s3_h128_20k
0.013256493778455844,0.030746877738859237,-0.004558077196538173,adaptive,0.55,20,lpips_alex_spatial,8,1,full_frame,covariance_s3_h128_20k
0.03039529568705208,0.04519837356813544,0.01495539865968545,released,0.8,20,lpips_alex_spatial,8,1,full_frame,covariance_s3_h128_20k
0.04232545876991404,0.06338353915534083,0.01851419900842557,adaptive,0.8,20,lpips_alex_spatial,8,1,head_foreground,covariance_s3_h128_20k
0.061150030543951364,0.07890902741964438,0.040677317332746585,released,0.9,20,lpips_alex_spatial,8,1,head_foreground,covariance_s3_h128_20k
0.043100923486340814,0.06461784099788344,0.019522637895246598,adaptive,0.8,20,lpips_alex_spatial,8,1,head_supported,covariance_s3_h128_20k
0.06138003801570359,0.07945913307807667,0.04096595051459264,released,0.9,20,lpips_alex_spatial,8,1,head_supported,covariance_s3_h128_20k
0.030047317085769347,0.05405862601287402,0.004990565843577581,adaptive,0.7,20,lpips_alex_spatial,8,1,head_unsupported,covariance_s3_h128_20k
0.053752264075599354,0.07812690571784457,0.02884543138013853,released,0.8,20,lpips_alex_spatial,8,1,head_unsupported,covariance_s3_h128_20k
-0.012349650795176493,0.013012356935932423,-0.0414973464070287,adaptive,0.45,20,lpips_alex_spatial,8,1,oral,covariance_s3_h128_20k
-0.0018056307655662089,0.023116476698589995,-0.027970582119051807,released,0.55,20,lpips_alex_spatial,8,1,oral,covariance_s3_h128_20k
0.06913613666126447,0.10256661841106414,0.029248397768559628,adaptive,0.85,20,lpips_alex_spatial,8,1,torso_outside_head_roi,covariance_s3_h128_20k
0.08951769729813992,0.12163909848243032,0.050578447616462505,released,0.9,20,lpips_alex_spatial,8,1,torso_outside_head_roi,covariance_s3_h128_20k
-0.027430071037402914,-0.010707930661338022,-0.04331258701650389,adaptive,0.3,20,lpips_alex_spatial,8,4,background,covariance_s3_h128_20k
-0.015198810708018817,-0.0011757309004429535,-0.028842749625332342,released,0.3,20,lpips_alex_spatial,8,4,background,covariance_s3_h128_20k
0.05352259116212199,0.07791166753115779,0.02778119505197045,adaptive,0.8,20,lpips_alex_spatial,8,4,eyes,covariance_s3_h128_20k
0.060721660798911635,0.07812927057749877,0.04326352902583373,released,0.95,20,lpips_alex_spatial,8,4,eyes,covariance_s3_h128_20k
0.04865548388514821,0.0678427041274121,0.02955999301562359,adaptive,0.9,20,lpips_alex_spatial,8,4,flame_supported,covariance_s3_h128_20k
0.06566848706129702,0.08085906764484885,0.050371714642240197,released,1.0,20,lpips_alex_spatial,8,4,flame_supported,covariance_s3_h128_20k
0.06594234999819504,0.09244075011526831,0.035653693240007424,adaptive,0.9,20,lpips_alex_spatial,8,4,flame_unsupported,covariance_s3_h128_20k
0.07586563504735888,0.10071217921689171,0.04519597612316486,released,0.95,20,lpips_alex_spatial,8,4,flame_unsupported,covariance_s3_h128_20k
0.05601321138324998,0.0742218348714237,0.037979222977524776,adaptive,0.95,20,lpips_alex_spatial,8,4,foreground,covariance_s3_h128_20k
0.0705932290956456,0.08630317677292901,0.05354986061153738,released,0.95,20,lpips_alex_spatial,8,4,foreground,covariance_s3_h128_20k
0.018233013891976756,0.034989484854801994,0.0017818243382883702,adaptive,0.5,20,lpips_alex_spatial,8,4,full_frame,covariance_s3_h128_20k
0.03172506430589137,0.045655914925182485,0.017695929897389804,released,0.85,20,lpips_alex_spatial,8,4,full_frame,covariance_s3_h128_20k
0.04283169325607542,0.06216611854959651,0.022536264905521575,adaptive,0.75,20,lpips_alex_spatial,8,4,head_foreground,covariance_s3_h128_20k
0.06060896972497194,0.07604774588022734,0.045123672678575026,released,1.0,20,lpips_alex_spatial,8,4,head_foreground,covariance_s3_h128_20k
0.044123712451308236,0.06353823020248536,0.023414349402860267,adaptive,0.75,20,lpips_alex_spatial,8,4,head_supported,covariance_s3_h128_20k
0.061887765823249216,0.07724867258569106,0.046425358675589994,released,1.0,20,lpips_alex_spatial,8,4,head_supported,covariance_s3_h128_20k
0.027042642120148543,0.051573703446976926,0.0024450534655714477,adaptive,0.65,20,lpips_alex_spatial,8,4,head_unsupported,covariance_s3_h128_20k
0.044137053195887226,0.06720348488168146,0.020750077514958297,released,0.75,20,lpips_alex_spatial,8,4,head_unsupported,covariance_s3_h128_20k
-0.004810164196782934,0.018180772386671384,-0.02933431860113744,adaptive,0.55,20,lpips_alex_spatial,8,4,oral,covariance_s3_h128_20k
0.003617211520118588,0.02181942534247399,-0.017198967593958416,released,0.6,20,lpips_alex_spatial,8,4,oral,covariance_s3_h128_20k
0.07892442332628855,0.10965380998864419,0.04392940982604478,adaptive,0.9,20,lpips_alex_spatial,8,4,torso_outside_head_roi,covariance_s3_h128_20k
0.08696234623221681,0.11553363479213512,0.051348503580313544,released,0.95,20,lpips_alex_spatial,8,4,torso_outside_head_roi,covariance_s3_h128_20k
-0.027813268233031353,-0.009525194014225925,-0.04645753826722599,adaptive,0.3,20,lpips_alex_spatial,8,8,background,covariance_s3_h128_20k
-0.015458325200199316,-0.0005799729683314081,-0.029613586247783114,released,0.3,20,lpips_alex_spatial,8,8,background,covariance_s3_h128_20k
0.054720190904195665,0.08504247344330619,0.022117574230223886,adaptive,0.85,20,lpips_alex_spatial,8,8,eyes,covariance_s3_h128_20k
0.060983906204232594,0.08335941283894371,0.03895942700474593,released,0.9,20,lpips_alex_spatial,8,8,eyes,covariance_s3_h128_20k
0.05145296549083582,0.07131317374569433,0.029774449872634192,adaptive,0.85,20,lpips_alex_spatial,8,8,flame_supported,covariance_s3_h128_20k
0.0670923623655134,0.08252818463865615,0.05100754921855215,released,0.9,20,lpips_alex_spatial,8,8,flame_supported,covariance_s3_h128_20k
0.07041246732926956,0.09648242984545942,0.03991711879068914,adaptive,0.9,20,lpips_alex_spatial,8,8,flame_unsupported,covariance_s3_h128_20k
0.08058374666866877,0.10566610941859511,0.04836498512574854,released,0.9,20,lpips_alex_spatial,8,8,flame_unsupported,covariance_s3_h128_20k
0.05993671747458864,0.07807058011245575,0.04115119498994639,adaptive,0.9,20,lpips_alex_spatial,8,8,foreground,covariance_s3_h128_20k
0.07365354867594567,0.08891341473771389,0.05615240472798564,released,0.95,20,lpips_alex_spatial,8,8,foreground,covariance_s3_h128_20k
0.019809853488748735,0.03734209968414142,0.001987786600729103,adaptive,0.7,20,lpips_alex_spatial,8,8,full_frame,covariance_s3_h128_20k
0.03287156722246311,0.046897173009780586,0.018504238807277758,released,0.85,20,lpips_alex_spatial,8,8,full_frame,covariance_s3_h128_20k
0.04575600186343916,0.06573191955550889,0.023512086112529324,adaptive,0.8,20,lpips_alex_spatial,8,8,head_foreground,covariance_s3_h128_20k
0.06228308631627314,0.0776169825712887,0.04678822558980606,released,0.95,20,lpips_alex_spatial,8,8,head_foreground,covariance_s3_h128_20k
0.04712855114714586,0.06760651015461797,0.024250201495952528,adaptive,0.85,20,lpips_alex_spatial,8,8,head_supported,covariance_s3_h128_20k
0.06364857026959525,0.07877927646624305,0.0476351433044248,released,0.95,20,lpips_alex_spatial,8,8,head_supported,covariance_s3_h128_20k
0.026841415020070904,0.050222076152393116,0.0028917158432936758,adaptive,0.65,20,lpips_alex_spatial,8,8,head_unsupported,covariance_s3_h128_20k
0.043478417837951006,0.06699387941397611,0.01908763504421444,released,0.75,20,lpips_alex_spatial,8,8,head_unsupported,covariance_s3_h128_20k
-0.0020215738698421233,0.021340064516350028,-0.027986525493149537,adaptive,0.65,20,lpips_alex_spatial,8,8,oral,covariance_s3_h128_20k
0.00766878970702454,0.026699189455122545,-0.012383832150410147,released,0.65,20,lpips_alex_spatial,8,8,oral,covariance_s3_h128_20k
0.08244340445883998,0.11520785210210634,0.0445278609509781,adaptive,0.9,20,lpips_alex_spatial,8,8,torso_outside_head_roi,covariance_s3_h128_20k
0.09019143922457637,0.12043303369289692,0.05304400761599449,released,0.9,20,lpips_alex_spatial,8,8,torso_outside_head_roi,covariance_s3_h128_20k
-0.02674818013036347,-0.013553502635426767,-0.03966276859961602,adaptive,0.1,20,lpips_alex_spatial,384,1,background,covariance_s3_h128_20k
-0.013753418213645585,-0.0018004011199210046,-0.027356674020416468,released,0.4,20,lpips_alex_spatial,384,1,background,covariance_s3_h128_20k
0.010495165430818123,0.029232530556527116,-0.010447281543684548,adaptive,0.75,20,lpips_alex_spatial,384,1,eyes,covariance_s3_h128_20k
0.031990621740064354,0.05346053797513711,0.00707027723024684,released,0.8,20,lpips_alex_spatial,384,1,eyes,covariance_s3_h128_20k
0.015568986773639026,0.030095162805396914,-0.000979741890924653,adaptive,0.8,20,lpips_alex_spatial,384,1,flame_supported,covariance_s3_h128_20k
0.033282091463137056,0.05095865534299841,0.013012094190623914,released,0.8,20,lpips_alex_spatial,384,1,flame_supported,covariance_s3_h128_20k
0.06717088391567443,0.089022784480355,0.04621451637820318,adaptive,0.95,20,lpips_alex_spatial,384,1,flame_unsupported,covariance_s3_h128_20k
0.07511881187311072,0.10087450008507946,0.04935473304114541,released,0.9,20,lpips_alex_spatial,384,1,flame_unsupported,covariance_s3_h128_20k
0.03449458712823907,0.04639231048319857,0.02121824590599379,adaptive,0.9,20,lpips_alex_spatial,384,1,foreground,covariance_s3_h128_20k
0.049132508047324594,0.06571743964429759,0.031053769941783316,released,0.85,20,lpips_alex_spatial,384,1,foreground,covariance_s3_h128_20k
0.0074332691890336726,0.0178385384825917,-0.004466889247104722,adaptive,0.7,20,lpips_alex_spatial,384,1,full_frame,covariance_s3_h128_20k
0.020801158526759116,0.033875060928783854,0.005397698357378731,released,0.8,20,lpips_alex_spatial,384,1,full_frame,covariance_s3_h128_20k
0.010624421489227865,0.024199656533385707,-0.005049091676847113,adaptive,0.75,20,lpips_alex_spatial,384,1,head_foreground,covariance_s3_h128_20k
0.030400749687683325,0.047397157865671835,0.011451164022331027,released,0.85,20,lpips_alex_spatial,384,1,head_foreground,covariance_s3_h128_20k
0.009769928845827437,0.024268797890647634,-0.00632895016128002,adaptive,0.75,20,lpips_alex_spatial,384,1,head_supported,covariance_s3_h128_20k
0.02952324340389286,0.047373301132241426,0.00921238354230343,released,0.85,20,lpips_alex_spatial,384,1,head_supported,covariance_s3_h128_20k
0.00739484561369593,0.02294550744922211,-0.009342287956495603,adaptive,0.65,20,lpips_alex_spatial,384,1,head_unsupported,covariance_s3_h128_20k
0.02798007983412576,0.047728058558450644,0.008375731467559171,released,0.75,20,lpips_alex_spatial,384,1,head_unsupported,covariance_s3_h128_20k
-0.022056159331849817,-0.001883030667418265,-0.0428122611633166,adaptive,0.25,20,lpips_alex_spatial,384,1,oral,covariance_s3_h128_20k
-0.015839030662554796,0.005823123029828347,-0.038008405461883395,released,0.45,20,lpips_alex_spatial,384,1,oral,covariance_s3_h128_20k
0.07907450214482113,0.10395804272416775,0.05387534468608894,adaptive,0.95,20,lpips_alex_spatial,384,1,torso_outside_head_roi,covariance_s3_h128_20k
0.08184842672501932,0.10940440940840071,0.05258811338570013,released,0.9,20,lpips_alex_spatial,384,1,torso_outside_head_roi,covariance_s3_h128_20k
-0.028986992472313577,-0.016764434541151778,-0.04021641516834994,adaptive,0.1,20,lpips_alex_spatial,384,4,background,covariance_s3_h128_20k
-0.014771119912022887,-0.0025664887071053075,-0.02728908552357353,released,0.25,20,lpips_alex_spatial,384,4,background,covariance_s3_h128_20k
0.01707283663132978,0.033331995366967626,-0.0021322296664595627,adaptive,0.75,20,lpips_alex_spatial,384,4,eyes,covariance_s3_h128_20k
0.0445735446202675,0.06340821134139511,0.022439251168816534,released,0.8,20,lpips_alex_spatial,384,4,eyes,covariance_s3_h128_20k
0.014164366871403652,0.025995979856802853,0.001606756665204144,adaptive,0.75,20,lpips_alex_spatial,384,4,flame_supported,covariance_s3_h128_20k
0.034255656124218034,0.049602241244937104,0.01794243709335313,released,0.8,20,lpips_alex_spatial,384,4,flame_supported,covariance_s3_h128_20k
0.0640336067038218,0.0851833356852332,0.04417755144227872,adaptive,0.95,20,lpips_alex_spatial,384,4,flame_unsupported,covariance_s3_h128_20k
0.07568905179157194,0.09919546231443241,0.05290154263913126,released,0.9,20,lpips_alex_spatial,384,4,flame_unsupported,covariance_s3_h128_20k
0.031896178749064495,0.042581688511560294,0.020623667363476563,adaptive,0.9,20,lpips_alex_spatial,384,4,foreground,covariance_s3_h128_20k
0.04954567370093775,0.06456157222412418,0.034556701224161754,released,0.9,20,lpips_alex_spatial,384,4,foreground,covariance_s3_h128_20k
0.005499776105906998,0.014571481658243244,-0.004317015638939276,adaptive,0.7,20,lpips_alex_spatial,384,4,full_frame,covariance_s3_h128_20k
0.0210323346712044,0.033366604469121305,0.007547890613722738,released,0.85,20,lpips_alex_spatial,384,4,full_frame,covariance_s3_h128_20k
0.007411968148747447,0.01923465773624954,-0.005192457211465934,adaptive,0.65,20,lpips_alex_spatial,384,4,head_foreground,covariance_s3_h128_20k
0.02914875711048086,0.044549409200108143,0.012849326806658134,released,0.8,20,lpips_alex_spatial,384,4,head_foreground,covariance_s3_h128_20k
0.007166752229943752,0.019385411335703494,-0.005866273075241474,adaptive,0.6,20,lpips_alex_spatial,384,4,head_supported,covariance_s3_h128_20k
0.02930652415310523,0.04521203498364822,0.01232586702045854,released,0.8,20,lpips_alex_spatial,384,4,head_supported,covariance_s3_h128_20k
2.5052206824102695e-05,0.015171709345769805,-0.016000670350232726,adaptive,0.6,20,lpips_alex_spatial,384,4,head_unsupported,covariance_s3_h128_20k
0.018714719561297798,0.03788448623869,-0.0004654518189840664,released,0.6,20,lpips_alex_spatial,384,4,head_unsupported,covariance_s3_h128_20k
-0.02347918217677238,-0.006576929050543868,-0.039987157264508966,adaptive,0.2,20,lpips_alex_spatial,384,4,oral,covariance_s3_h128_20k
-0.016389664945706352,0.0017820714925684566,-0.03554915229870044,released,0.45,20,lpips_alex_spatial,384,4,oral,covariance_s3_h128_20k
0.07805964381895772,0.10146502208357822,0.053195309727952445,adaptive,0.95,20,lpips_alex_spatial,384,4,torso_outside_head_roi,covariance_s3_h128_20k
0.08708761139038618,0.11234628265995247,0.06172960064994792,released,0.9,20,lpips_alex_spatial,384,4,torso_outside_head_roi,covariance_s3_h128_20k
-0.031230489094189472,-0.018281953187936344,-0.043563355833194164,adaptive,0.1,20,lpips_alex_spatial,384,8,background,covariance_s3_h128_20k
-0.01863893896282664,-0.0069657248514252415,-0.031029514023667968,released,0.25,20,lpips_alex_spatial,384,8,background,covariance_s3_h128_20k
0.011811539186207351,0.03244309791432487,-0.011601634332479318,adaptive,0.6,20,lpips_alex_spatial,384,8,eyes,covariance_s3_h128_20k
0.03596425918021849,0.05824461289575735,0.011240167497856744,released,0.75,20,lpips_alex_spatial,384,8,eyes,covariance_s3_h128_20k
0.011313992170896339,0.025403659764451553,-0.003574657000257186,adaptive,0.65,20,lpips_alex_spatial,384,8,flame_supported,covariance_s3_h128_20k
0.028859110955759004,0.04522472004553272,0.010695646717545903,released,0.75,20,lpips_alex_spatial,384,8,flame_supported,covariance_s3_h128_20k
0.06472295886812343,0.08422725780994894,0.04568484084134322,adaptive,0.95,20,lpips_alex_spatial,384,8,flame_unsupported,covariance_s3_h128_20k
0.07508507708778611,0.0984924351921982,0.0519269327101245,released,0.9,20,lpips_alex_spatial,384,8,flame_unsupported,covariance_s3_h128_20k
0.030898400851746145,0.0427525053915114,0.018344664742558105,adaptive,0.85,20,lpips_alex_spatial,384,8,foreground,covariance_s3_h128_20k
0.046365675311034985,0.06195039056284715,0.03020958198255846,released,0.9,20,lpips_alex_spatial,384,8,foreground,covariance_s3_h128_20k
0.003635862379363086,0.01410967805297861,-0.0077979664743204535,adaptive,0.7,20,lpips_alex_spatial,384,8,full_frame,covariance_s3_h128_20k
0.01743132588151213,0.0304139859451876,0.0033743067750166902,released,0.85,20,lpips_alex_spatial,384,8,full_frame,covariance_s3_h128_20k
0.003710998814540972,0.017654744448776755,-0.010088030440411143,adaptive,0.55,20,lpips_alex_spatial,384,8,head_foreground,covariance_s3_h128_20k
0.02322428214650796,0.03954886735109955,0.005970763760648765,released,0.75,20,lpips_alex_spatial,384,8,head_foreground,covariance_s3_h128_20k
0.0034760357556337133,0.01799057662555517,-0.01140385200438865,adaptive,0.55,20,lpips_alex_spatial,384,8,head_supported,covariance_s3_h128_20k
0.023000719849969598,0.039594112675040566,0.004640561163236595,released,0.75,20,lpips_alex_spatial,384,8,head_supported,covariance_s3_h128_20k
-0.0051234879471874165,0.009760783018055058,-0.020799555641779433,adaptive,0.5,20,lpips_alex_spatial,384,8,head_unsupported,covariance_s3_h128_20k
0.01474769892483951,0.03319026328565045,-0.0038611963580648784,released,0.6,20,lpips_alex_spatial,384,8,head_unsupported,covariance_s3_h128_20k
-0.025666326804369678,-0.007970216428749394,-0.04400187350943587,adaptive,0.35,20,lpips_alex_spatial,384,8,oral,covariance_s3_h128_20k
-0.018538619205419632,0.0010219591868614343,-0.03891070984865784,released,0.35,20,lpips_alex_spatial,384,8,oral,covariance_s3_h128_20k
0.07973534349014474,0.10157588979618026,0.056707908958967976,adaptive,0.95,20,lpips_alex_spatial,384,8,torso_outside_head_roi,covariance_s3_h128_20k
0.08626824338274905,0.11126131906651283,0.06117555421884498,released,0.9,20,lpips_alex_spatial,384,8,torso_outside_head_roi,covariance_s3_h128_20k
-0.024086658794877973,-0.013396385828717314,-0.03570714198337981,adaptive,0.2,20,lpips_alex_spatial,8,1,background,primary_s5_h128_20k
-0.03313281599220098,-0.021627522470788092,-0.045196068461335885,released,0.15,20,lpips_alex_spatial,8,1,background,primary_s5_h128_20k
-0.00305598276181934,0.003480800010400414,-0.01062216252986875,adaptive,0.55,20,lpips_alex_spatial,8,1,eyes,primary_s5_h128_20k
-0.018493448943660278,-0.011231486462829062,-0.02635096812790054,released,0.2,20,lpips_alex_spatial,8,1,eyes,primary_s5_h128_20k
-0.03192402913018553,-0.020207450676827443,-0.04372621269141874,adaptive,0.2,20,lpips_alex_spatial,8,1,flame_supported,primary_s5_h128_20k
-0.05607038906047938,-0.044342639036408074,-0.0672783446828816,released,0.0,20,lpips_alex_spatial,8,1,flame_supported,primary_s5_h128_20k
0.035684776115009184,0.06814855056895985,0.0026869820939236675,adaptive,0.75,20,lpips_alex_spatial,8,1,flame_unsupported,primary_s5_h128_20k
-0.0038524397707378477,0.02513685214262874,-0.03494823330127071,released,0.5,20,lpips_alex_spatial,8,1,flame_unsupported,primary_s5_h128_20k
-0.00976863718250372,0.007474483038060071,-0.026189881767694826,adaptive,0.35,20,lpips_alex_spatial,8,1,foreground,primary_s5_h128_20k
-0.038437851159711975,-0.022203850659108765,-0.055282240378083325,released,0.15,20,lpips_alex_spatial,8,1,foreground,primary_s5_h128_20k
-0.015931994780833573,-0.003003923615916474,-0.029111801971604793,adaptive,0.25,20,lpips_alex_spatial,8,1,full_frame,primary_s5_h128_20k
-0.035817409451905785,-0.022598593954271044,-0.04918095308593858,released,0.15,20,lpips_alex_spatial,8,1,full_frame,primary_s5_h128_20k
-0.031263330086409157,-0.021535702628303535,-0.04179658284098488,adaptive,0.05,20,lpips_alex_spatial,8,1,head_foreground,primary_s5_h128_20k
-0.05380156627910687,-0.04381474719536361,-0.06337939274865935,released,0.0,20,lpips_alex_spatial,8,1,head_foreground,primary_s5_h128_20k
-0.03214937308119562,-0.022155572280479107,-0.0426560776477784,adaptive,0.05,20,lpips_alex_spatial,8,1,head_supported,primary_s5_h128_20k
-0.054376746194948124,-0.04423392288336299,-0.06417085456233886,released,0.0,20,lpips_alex_spatial,8,1,head_supported,primary_s5_h128_20k
-0.027218180769632096,-0.015400931387828201,-0.03880815064386657,adaptive,0.2,20,lpips_alex_spatial,8,1,head_unsupported,primary_s5_h128_20k
-0.0513096255676042,-0.039622899217384676,-0.06311048934283273,released,0.0,20,lpips_alex_spatial,8,1,head_unsupported,primary_s5_h128_20k
-0.027448980239710662,-0.016683509448142595,-0.03848059331683436,adaptive,0.1,20,lpips_alex_spatial,8,1,oral,primary_s5_h128_20k
-0.04328698441423653,-0.03394798667512091,-0.05247084625305732,released,0.0,20,lpips_alex_spatial,8,1,oral,primary_s5_h128_20k
0.03178047503497104,0.06889482045206578,-0.006911811334599095,adaptive,0.7,20,lpips_alex_spatial,8,1,torso_outside_head_roi,primary_s5_h128_20k
-0.012161370955096928,0.022267261660633822,-0.0513557021078331,released,0.5,20,lpips_alex_spatial,8,1,torso_outside_head_roi,primary_s5_h128_20k
-0.021820268226330854,-0.008505749496293532,-0.03550810397701453,adaptive,0.2,20,lpips_alex_spatial,8,4,background,primary_s5_h128_20k
-0.028014712022944654,-0.014922736082055918,-0.041450878452466235,released,0.25,20,lpips_alex_spatial,8,4,background,primary_s5_h128_20k
-0.0047379528540372525,0.0026097467658044646,-0.013711764315641958,adaptive,0.45,20,lpips_alex_spatial,8,4,eyes,primary_s5_h128_20k
-0.014829117519262455,-0.006281757712938401,-0.02443176387782719,released,0.2,20,lpips_alex_spatial,8,4,eyes,primary_s5_h128_20k
-0.03447724515526305,-0.02081478775089425,-0.04879984995604689,adaptive,0.2,20,lpips_alex_spatial,8,4,flame_supported,primary_s5_h128_20k
-0.05348298587447513,-0.04003633874750348,-0.06664679999971768,released,0.1,20,lpips_alex_spatial,8,4,flame_supported,primary_s5_h128_20k
0.03496902013716567,0.06377038531861551,0.00120154032331323,adaptive,0.8,20,lpips_alex_spatial,8,4,flame_unsupported,primary_s5_h128_20k
0.0005344464009796601,0.027633410893602713,-0.029398970358070743,released,0.6,20,lpips_alex_spatial,8,4,flame_unsupported,primary_s5_h128_20k
-0.012794948627640778,0.0041236505596470695,-0.03198261955547394,adaptive,0.4,20,lpips_alex_spatial,8,4,foreground,primary_s5_h128_20k
-0.03627700309637917,-0.01906468630118349,-0.0537282218541266,released,0.2,20,lpips_alex_spatial,8,4,foreground,primary_s5_h128_20k
-0.016576598137206616,-0.0024117565902140106,-0.032569631332783,adaptive,0.35,20,lpips_alex_spatial,8,4,full_frame,primary_s5_h128_20k
-0.032423654288956626,-0.018144970881873265,-0.047729200380482305,released,0.2,20,lpips_alex_spatial,8,4,full_frame,primary_s5_h128_20k
-0.03446830895506215,-0.02239046688266194,-0.0473137026260862,adaptive,0.15,20,lpips_alex_spatial,8,4,head_foreground,primary_s5_h128_20k
-0.05181897448483681,-0.03941821254239287,-0.06410469030094948,released,0.05,20,lpips_alex_spatial,8,4,head_foreground,primary_s5_h128_20k
-0.03539260835208184,-0.0235725089979546,-0.04770710400611035,adaptive,0.1,20,lpips_alex_spatial,8,4,head_supported,primary_s5_h128_20k
-0.05232402754056109,-0.039538127510928035,-0.06392517151049233,released,0.0,20,lpips_alex_spatial,8,4,head_supported,primary_s5_h128_20k
-0.03040679480314796,-0.015517295180907914,-0.046076823915819874,adaptive,0.15,20,lpips_alex_spatial,8,4,head_unsupported,primary_s5_h128_20k
-0.05113310277576781,-0.03504179891075324,-0.0674583693167616,released,0.1,20,lpips_alex_spatial,8,4,head_unsupported,primary_s5_h128_20k
-0.03198793394638117,-0.01977671536214133,-0.04468245084978583,adaptive,0.15,20,lpips_alex_spatial,8,4,oral,primary_s5_h128_20k
-0.04238454016486455,-0.030513677796983912,-0.054584203169848466,released,0.05,20,lpips_alex_spatial,8,4,oral,primary_s5_h128_20k
0.03380687993637791,0.06993675362038662,-0.008288970985170395,adaptive,0.8,20,lpips_alex_spatial,8,4,torso_outside_head_roi,primary_s5_h128_20k
-0.004236942243843178,0.029206940466105412,-0.04157019690986728,released,0.6,20,lpips_alex_spatial,8,4,torso_outside_head_roi,primary_s5_h128_20k
-0.02075156441485413,-0.007402257484296236,-0.03444088514855554,adaptive,0.3,20,lpips_alex_spatial,8,8,background,primary_s5_h128_20k
-0.024456795615890554,-0.011944503238291593,-0.038132251250601636,released,0.2,20,lpips_alex_spatial,8,8,background,primary_s5_h128_20k
-0.002697123846149134,0.00508769982955996,-0.010754889071358782,adaptive,0.5,20,lpips_alex_spatial,8,8,eyes,primary_s5_h128_20k
-0.010712904987903001,-0.0025672130328095303,-0.019279955176449416,released,0.4,20,lpips_alex_spatial,8,8,eyes,primary_s5_h128_20k
-0.032657957257837524,-0.018713208355316088,-0.04662426044645543,adaptive,0.2,20,lpips_alex_spatial,8,8,flame_supported,primary_s5_h128_20k
-0.05026169485724332,-0.03709147542108995,-0.06342380896493124,released,0.1,20,lpips_alex_spatial,8,8,flame_supported,primary_s5_h128_20k
0.038443350315235936,0.06539376450600368,0.007641270737099621,adaptive,0.8,20,lpips_alex_spatial,8,8,flame_unsupported,primary_s5_h128_20k
0.005710967354956453,0.032036113676495184,-0.023941339613190834,released,0.65,20,lpips_alex_spatial,8,8,flame_unsupported,primary_s5_h128_20k
-0.010150788222173435,0.006459848008407816,-0.028538933755534113,adaptive,0.45,20,lpips_alex_spatial,8,8,foreground,primary_s5_h128_20k
-0.0321323703836225,-0.015183122571524068,-0.04931893087618818,released,0.2,20,lpips_alex_spatial,8,8,foreground,primary_s5_h128_20k
-0.014679767662312576,-0.0008775215953975658,-0.030462036086367335,adaptive,0.4,20,lpips_alex_spatial,8,8,full_frame,primary_s5_h128_20k
-0.028416542728225906,-0.014704370199343869,-0.04314417043612116,released,0.2,20,lpips_alex_spatial,8,8,full_frame,primary_s5_h128_20k
-0.03258405140763242,-0.020088607865235284,-0.045414139734497254,adaptive,0.15,20,lpips_alex_spatial,8,8,head_foreground,primary_s5_h128_20k
-0.04781390303248782,-0.036142896624390915,-0.05973962365656796,released,0.05,20,lpips_alex_spatial,8,8,head_foreground,primary_s5_h128_20k
-0.03344434142703051,-0.02095587564302271,-0.04593382468585924,adaptive,0.15,20,lpips_alex_spatial,8,8,head_supported,primary_s5_h128_20k
-0.04834901845379522,-0.036744588722771816,-0.05973643183692079,released,0.05,20,lpips_alex_spatial,8,8,head_supported,primary_s5_h128_20k
-0.03007252860608629,-0.014204095469195913,-0.0468176822520602,adaptive,0.25,20,lpips_alex_spatial,8,8,head_unsupported,primary_s5_h128_20k
-0.047727248671934175,-0.031339305129604686,-0.06444316819174992,released,0.05,20,lpips_alex_spatial,8,8,head_unsupported,primary_s5_h128_20k
-0.028763870554452804,-0.01619154934571363,-0.04152510480482193,adaptive,0.15,20,lpips_alex_spatial,8,8,oral,primary_s5_h128_20k
-0.039269846551159684,-0.027851489709665427,-0.050645475820066975,released,0.05,20,lpips_alex_spatial,8,8,oral,primary_s5_h128_20k
0.037641572955627055,0.07017470013356494,-0.0008826715909477934,adaptive,0.8,20,lpips_alex_spatial,8,8,torso_outside_head_roi,primary_s5_h128_20k
-0.001050380444939647,0.03091586526573891,-0.036241083853616296,released,0.65,20,lpips_alex_spatial,8,8,torso_outside_head_roi,primary_s5_h128_20k
-0.020104732160975896,-0.010610917177611815,-0.029900235787925118,adaptive,0.15,20,lpips_alex_spatial,32,1,background,primary_s5_h128_20k
-0.027321175934701448,-0.01734222634162039,-0.03784468545544859,released,0.1,20,lpips_alex_spatial,32,1,background,primary_s5_h128_20k
-0.011647452417876666,-0.0020362392548393393,-0.021132723288558954,adaptive,0.2,20,lpips_alex_spatial,32,1,eyes,primary_s5_h128_20k
-0.021416195769083535,-0.00912617886717285,-0.033804782051394595,released,0.25,20,lpips_alex_spatial,32,1,eyes,primary_s5_h128_20k
-0.06202725015019158,-0.05005107527370535,-0.07448231779574693,adaptive,0.0,20,lpips_alex_spatial,32,1,flame_supported,primary_s5_h128_20k
-0.06518747397678315,-0.051948207526646493,-0.07912371008396181,released,0.0,20,lpips_alex_spatial,32,1,flame_supported,primary_s5_h128_20k
0.026293042704797202,0.05698085649637354,-0.007549125838770005,adaptive,0.7,20,lpips_alex_spatial,32,1,flame_unsupported,primary_s5_h128_20k
0.029833574849217857,0.06007566377865141,-0.0034079426672814312,released,0.7,20,lpips_alex_spatial,32,1,flame_unsupported,primary_s5_h128_20k
-0.03343386085203885,-0.01610228686814968,-0.05099478840880669,adaptive,0.25,20,lpips_alex_spatial,32,1,foreground,primary_s5_h128_20k
-0.03445751102117507,-0.01750294595810991,-0.052139767779463754,released,0.2,20,lpips_alex_spatial,32,1,foreground,primary_s5_h128_20k
-0.026722919811934122,-0.014230365778009109,-0.04013602523318618,adaptive,0.1,20,lpips_alex_spatial,32,1,full_frame,primary_s5_h128_20k
-0.030551402225638867,-0.0182712930640875,-0.04368421406360156,released,0.1,20,lpips_alex_spatial,32,1,full_frame,primary_s5_h128_20k
-0.05978721712109479,-0.04883279218910115,-0.07127978562058403,adaptive,0.0,20,lpips_alex_spatial,32,1,head_foreground,primary_s5_h128_20k
-0.06260502433165624,-0.050867157903110416,-0.07529592370452474,released,0.0,20,lpips_alex_spatial,32,1,head_foreground,primary_s5_h128_20k
-0.061866448894364025,-0.051100269874060064,-0.07303676278768995,adaptive,0.0,20,lpips_alex_spatial,32,1,head_supported,primary_s5_h128_20k
-0.06521291936355926,-0.052953580279636765,-0.07802907917626392,released,0.0,20,lpips_alex_spatial,32,1,head_supported,primary_s5_h128_20k
-0.04835745405318364,-0.0331515645718373,-0.0652216477143173,adaptive,0.05,20,lpips_alex_spatial,32,1,head_unsupported,primary_s5_h128_20k
-0.04515827572666863,-0.03162681145616898,-0.059300701902371696,released,0.0,20,lpips_alex_spatial,32,1,head_unsupported,primary_s5_h128_20k
-0.05467516501732752,-0.040066324638519564,-0.06906704662006799,adaptive,0.05,20,lpips_alex_spatial,32,1,oral,primary_s5_h128_20k
-0.05266020143960372,-0.039026423967842616,-0.06590679651422664,released,0.05,20,lpips_alex_spatial,32,1,oral,primary_s5_h128_20k
0.020853554835510466,0.05729212924734132,-0.01968705594269501,adaptive,0.7,20,lpips_alex_spatial,32,1,torso_outside_head_roi,primary_s5_h128_20k
0.024217291371759313,0.05842583630794627,-0.014314379010768243,released,0.75,20,lpips_alex_spatial,32,1,torso_outside_head_roi,primary_s5_h128_20k
-0.01811887900310266,-0.009174808549921856,-0.027936690035646732,adaptive,0.25,20,lpips_alex_spatial,32,4,background,primary_s5_h128_20k
-0.027162757003694672,-0.01604074525026961,-0.03938785822111191,released,0.15,20,lpips_alex_spatial,32,4,background,primary_s5_h128_20k
-0.01168848601658243,-0.0013481097650708336,-0.022227065797518687,adaptive,0.2,20,lpips_alex_spatial,32,4,eyes,primary_s5_h128_20k
-0.021402874163570583,-0.009265975146884252,-0.03392030585010076,released,0.25,20,lpips_alex_spatial,32,4,eyes,primary_s5_h128_20k
-0.061797317820987976,-0.050418352179326595,-0.07491106069090687,adaptive,0.0,20,lpips_alex_spatial,32,4,flame_supported,primary_s5_h128_20k
-0.06911241000995604,-0.05508008026365166,-0.08444781837666367,released,0.0,20,lpips_alex_spatial,32,4,flame_supported,primary_s5_h128_20k
0.027020211581145724,0.05515665372308029,-0.002180763492700908,adaptive,0.65,20,lpips_alex_spatial,32,4,flame_unsupported,primary_s5_h128_20k
0.024134214035422145,0.05542340240556221,-0.007170561512946577,released,0.7,20,lpips_alex_spatial,32,4,flame_unsupported,primary_s5_h128_20k
-0.0335818938012463,-0.017199307189871685,-0.04966073688002947,adaptive,0.2,20,lpips_alex_spatial,32,4,foreground,primary_s5_h128_20k
-0.03964293635024181,-0.020973431505768154,-0.05905461356481135,released,0.2,20,lpips_alex_spatial,32,4,foreground,primary_s5_h128_20k
-0.026095033135295893,-0.013992110950148798,-0.03899837752101178,adaptive,0.15,20,lpips_alex_spatial,32,4,full_frame,primary_s5_h128_20k
-0.03337399778944073,-0.019383466652191695,-0.048452099632707815,released,0.2,20,lpips_alex_spatial,32,4,full_frame,primary_s5_h128_20k
-0.06015851420237116,-0.04844021281000709,-0.07262973559645437,adaptive,0.0,20,lpips_alex_spatial,32,4,head_foreground,primary_s5_h128_20k
-0.0660434481612107,-0.053275279663919574,-0.08017910350550078,released,0.0,20,lpips_alex_spatial,32,4,head_foreground,primary_s5_h128_20k
-0.06226172707673906,-0.05099588025887529,-0.07472359737657722,adaptive,0.0,20,lpips_alex_spatial,32,4,head_supported,primary_s5_h128_20k
-0.06892808933565665,-0.05580760495762812,-0.08308985655073085,released,0.0,20,lpips_alex_spatial,32,4,head_supported,primary_s5_h128_20k
-0.04874733947019473,-0.03260640032214374,-0.06784339483794663,adaptive,0.05,20,lpips_alex_spatial,32,4,head_unsupported,primary_s5_h128_20k
-0.04603434745930125,-0.029236905264167865,-0.06408651234604745,released,0.15,20,lpips_alex_spatial,32,4,head_unsupported,primary_s5_h128_20k
-0.05480757234407814,-0.041678830972787545,-0.06875483462001145,adaptive,0.0,20,lpips_alex_spatial,32,4,oral,primary_s5_h128_20k
-0.05853635729682947,-0.045851040155962565,-0.07175950597689712,released,0.0,20,lpips_alex_spatial,32,4,oral,primary_s5_h128_20k
0.023288028572990775,0.0557434261004377,-0.010643599136728635,adaptive,0.7,20,lpips_alex_spatial,32,4,torso_outside_head_roi,primary_s5_h128_20k
0.017042801617031488,0.05176011717543724,-0.019775090992260772,released,0.65,20,lpips_alex_spatial,32,4,torso_outside_head_roi,primary_s5_h128_20k
-0.014595608958205313,-0.005561151650378495,-0.0244966303060533,adaptive,0.25,20,lpips_alex_spatial,32,8,background,primary_s5_h128_20k
-0.02276516850001933,-0.011591050349744567,-0.03431107397779319,released,0.2,20,lpips_alex_spatial,32,8,background,primary_s5_h128_20k
-0.009871198807261443,0.00011159911805042,-0.02006989887381821,adaptive,0.25,20,lpips_alex_spatial,32,8,eyes,primary_s5_h128_20k
-0.021398600456792788,-0.010048526962515004,-0.03323599000945573,released,0.35,20,lpips_alex_spatial,32,8,eyes,primary_s5_h128_20k
-0.05849482539029568,-0.045787774673320555,-0.07188310575755813,adaptive,0.05,20,lpips_alex_spatial,32,8,flame_supported,primary_s5_h128_20k
-0.0665389823542719,-0.051910247682823145,-0.08129555265186197,released,0.0,20,lpips_alex_spatial,32,8,flame_supported,primary_s5_h128_20k
0.03168935332208654,0.060644882948771364,0.0017127764101953504,adaptive,0.75,20,lpips_alex_spatial,32,8,flame_unsupported,primary_s5_h128_20k
0.028768812039239894,0.0599545726148628,-0.004123410827044216,released,0.75,20,lpips_alex_spatial,32,8,flame_unsupported,primary_s5_h128_20k
-0.029102269796576062,-0.01150220100860652,-0.045765282126255115,adaptive,0.25,20,lpips_alex_spatial,32,8,foreground,primary_s5_h128_20k
-0.03567614273569738,-0.017212934537768378,-0.05523151026715128,released,0.25,20,lpips_alex_spatial,32,8,foreground,primary_s5_h128_20k
-0.021917518986251973,-0.00912344067579226,-0.034730961393097275,adaptive,0.2,20,lpips_alex_spatial,32,8,full_frame,primary_s5_h128_20k
-0.029132227180324082,-0.015231881363567337,-0.04418147997809696,released,0.2,20,lpips_alex_spatial,32,8,full_frame,primary_s5_h128_20k
-0.056334051764085055,-0.04385621171498845,-0.06942660108720475,adaptive,0.0,20,lpips_alex_spatial,32,8,head_foreground,primary_s5_h128_20k
-0.06283732289705035,-0.050050738627000595,-0.07663062524671188,released,0.0,20,lpips_alex_spatial,32,8,head_foreground,primary_s5_h128_20k
-0.058475448544995964,-0.04623948992049794,-0.07170848918585744,adaptive,0.0,20,lpips_alex_spatial,32,8,head_supported,primary_s5_h128_20k
-0.06588869715628302,-0.05316119913225263,-0.07969615139710291,released,0.0,20,lpips_alex_spatial,32,8,head_supported,primary_s5_h128_20k
-0.04376958682517896,-0.02754134531127344,-0.06250282680077461,adaptive,0.1,20,lpips_alex_spatial,32,8,head_unsupported,primary_s5_h128_20k
-0.04106261667359953,-0.02497895818052321,-0.05780030391637564,released,0.15,20,lpips_alex_spatial,32,8,head_unsupported,primary_s5_h128_20k
-0.05246083051859156,-0.038994352796269005,-0.06641115903513718,adaptive,0.0,20,lpips_alex_spatial,32,8,oral,primary_s5_h128_20k
-0.05651358142180605,-0.043184665880213156,-0.07027578765395871,released,0.0,20,lpips_alex_spatial,32,8,oral,primary_s5_h128_20k
0.026413446157003855,0.058843156863107045,-0.006544394341716911,adaptive,0.75,20,lpips_alex_spatial,32,8,torso_outside_head_roi,primary_s5_h128_20k
0.019616495671277618,0.055195751033258675,-0.017892676604795134,released,0.65,20,lpips_alex_spatial,32,8,torso_outside_head_roi,primary_s5_h128_20k
-0.006914817646814254,0.0016041467266472659,-0.015562602123674368,adaptive,0.35,20,lpips_alex_spatial,128,1,background,primary_s5_h128_20k
-0.0194379599914963,-0.009689790976550976,-0.029887502007498085,released,0.25,20,lpips_alex_spatial,128,1,background,primary_s5_h128_20k
-0.002064802351019422,0.007675473129877717,-0.01229344070402554,adaptive,0.55,20,lpips_alex_spatial,128,1,eyes,primary_s5_h128_20k
-0.014340185845633468,-0.002449322768965961,-0.026242242054687597,released,0.35,20,lpips_alex_spatial,128,1,eyes,primary_s5_h128_20k
-0.04342805484016299,-0.030748226322041664,-0.05716232785135873,adaptive,0.05,20,lpips_alex_spatial,128,1,flame_supported,primary_s5_h128_20k
-0.05268109155062813,-0.04043400782765603,-0.06516017215709499,released,0.05,20,lpips_alex_spatial,128,1,flame_supported,primary_s5_h128_20k
0.04568237768615985,0.06974440890205517,0.021295861006796483,adaptive,0.85,20,lpips_alex_spatial,128,1,flame_unsupported,primary_s5_h128_20k
0.044164560889841595,0.0675737932109915,0.01994642280476926,released,0.8,20,lpips_alex_spatial,128,1,flame_unsupported,primary_s5_h128_20k
-0.014759387757850965,0.000344449792576128,-0.03061419335790955,adaptive,0.4,20,lpips_alex_spatial,128,1,foreground,primary_s5_h128_20k
-0.02157950563025001,-0.009012612802508983,-0.03458271013211871,released,0.25,20,lpips_alex_spatial,128,1,foreground,primary_s5_h128_20k
-0.010856150484188302,0.0004455459121114717,-0.022887391328360124,adaptive,0.35,20,lpips_alex_spatial,128,1,full_frame,primary_s5_h128_20k
-0.020269137853151795,-0.010369838026888435,-0.031326391772080804,released,0.2,20,lpips_alex_spatial,128,1,full_frame,primary_s5_h128_20k
-0.04239475802966427,-0.028954463818574416,-0.05636700955198649,adaptive,0.05,20,lpips_alex_spatial,128,1,head_foreground,primary_s5_h128_20k
-0.05161214214825814,-0.03975658356848087,-0.06337058636512159,released,0.05,20,lpips_alex_spatial,128,1,head_foreground,primary_s5_h128_20k
-0.044260909365819945,-0.030682287535036042,-0.058048567134741005,adaptive,0.05,20,lpips_alex_spatial,128,1,head_supported,primary_s5_h128_20k
-0.05380451197557168,-0.04136186725200949,-0.06597851986328433,released,0.05,20,lpips_alex_spatial,128,1,head_supported,primary_s5_h128_20k
-0.033675856967568876,-0.017628007236547765,-0.051557755896057204,adaptive,0.2,20,lpips_alex_spatial,128,1,head_unsupported,primary_s5_h128_20k
-0.038398617888644224,-0.024472458210168895,-0.054170207114415315,released,0.05,20,lpips_alex_spatial,128,1,head_unsupported,primary_s5_h128_20k
-0.034805568780893435,-0.01683545306319798,-0.053516801697352706,adaptive,0.1,20,lpips_alex_spatial,128,1,oral,primary_s5_h128_20k
-0.0372269655439989,-0.022383823704392646,-0.05158865861313629,released,0.1,20,lpips_alex_spatial,128,1,oral,primary_s5_h128_20k
0.045361672177906,0.0717962916391007,0.017919869670020058,adaptive,0.8,20,lpips_alex_spatial,128,1,torso_outside_head_roi,primary_s5_h128_20k
0.04482678917842951,0.07092391782836933,0.017586786463610723,released,0.75,20,lpips_alex_spatial,128,1,torso_outside_head_roi,primary_s5_h128_20k
-0.010337649050901909,-0.0024831087533168095,-0.018490163527612753,adaptive,0.25,20,lpips_alex_spatial,128,4,background,primary_s5_h128_20k
-0.019756756409342165,-0.01035112778393439,-0.029421954624444194,released,0.1,20,lpips_alex_spatial,128,4,background,primary_s5_h128_20k
-0.007320761761355333,0.002868756559897604,-0.018004491933772425,adaptive,0.5,20,lpips_alex_spatial,128,4,eyes,primary_s5_h128_20k
-0.013790303638498253,-0.002244009419533925,-0.025590299481187115,released,0.3,20,lpips_alex_spatial,128,4,eyes,primary_s5_h128_20k
-0.05064283761569718,-0.037580405014988626,-0.06509832870729812,adaptive,0.0,20,lpips_alex_spatial,128,4,flame_supported,primary_s5_h128_20k
-0.05682966982669792,-0.04475158237740493,-0.06989367356631103,released,0.0,20,lpips_alex_spatial,128,4,flame_supported,primary_s5_h128_20k
0.04358286725754647,0.06914890376501892,0.018567099817004853,adaptive,0.75,20,lpips_alex_spatial,128,4,flame_unsupported,primary_s5_h128_20k
0.045512250880141984,0.06821721564674957,0.0231056854182207,released,0.85,20,lpips_alex_spatial,128,4,flame_unsupported,primary_s5_h128_20k
-0.02086111427944902,-0.0053157552008415345,-0.0369570293374308,adaptive,0.3,20,lpips_alex_spatial,128,4,foreground,primary_s5_h128_20k
-0.024732795475658965,-0.012340442012994408,-0.0380755542913409,released,0.25,20,lpips_alex_spatial,128,4,foreground,primary_s5_h128_20k
-0.015759145737351144,-0.004542046553011458,-0.027676122887239637,adaptive,0.25,20,lpips_alex_spatial,128,4,full_frame,primary_s5_h128_20k
-0.022137533468976824,-0.012170607242784568,-0.03290284121865741,released,0.1,20,lpips_alex_spatial,128,4,full_frame,primary_s5_h128_20k
-0.0504831857805559,-0.036456164335131845,-0.06512312003697611,adaptive,0.0,20,lpips_alex_spatial,128,4,head_foreground,primary_s5_h128_20k
-0.056275894383940574,-0.04417968727767274,-0.06915539289338188,released,0.0,20,lpips_alex_spatial,128,4,head_foreground,primary_s5_h128_20k
-0.05263142045379976,-0.03883977972729402,-0.06694860882559163,adaptive,0.0,20,lpips_alex_spatial,128,4,head_supported,primary_s5_h128_20k
-0.058804398235761945,-0.04615004327540842,-0.07176061045089115,released,0.0,20,lpips_alex_spatial,128,4,head_supported,primary_s5_h128_20k
-0.039086764755131516,-0.022144433104005108,-0.05749148832521875,adaptive,0.15,20,lpips_alex_spatial,128,4,head_unsupported,primary_s5_h128_20k
-0.03956936422748935,-0.025641777663958025,-0.05545580785893571,released,0.0,20,lpips_alex_spatial,128,4,head_unsupported,primary_s5_h128_20k
-0.04429581237604863,-0.02831323107589568,-0.062474365245795534,adaptive,0.05,20,lpips_alex_spatial,128,4,oral,primary_s5_h128_20k
-0.04757262232852951,-0.032841075056413406,-0.06231463753789073,released,0.0,20,lpips_alex_spatial,128,4,oral,primary_s5_h128_20k
0.044541051733383276,0.07178921389677896,0.01640587457398534,adaptive,0.8,20,lpips_alex_spatial,128,4,torso_outside_head_roi,primary_s5_h128_20k
0.046648999212789755,0.07076564743194305,0.022226833938009713,released,0.85,20,lpips_alex_spatial,128,4,torso_outside_head_roi,primary_s5_h128_20k
-0.006182984239325229,0.0022973685391685064,-0.014559211772624968,adaptive,0.35,20,lpips_alex_spatial,128,8,background,primary_s5_h128_20k
-0.014299513034254871,-0.004664877548987356,-0.024572138396087427,released,0.4,20,lpips_alex_spatial,128,8,background,primary_s5_h128_20k
-0.005601998669169545,0.0040628272914151765,-0.016285858461654118,adaptive,0.6,20,lpips_alex_spatial,128,8,eyes,primary_s5_h128_20k
-0.010303056549525864,0.0005828984647142985,-0.021845136198464517,released,0.4,20,lpips_alex_spatial,128,8,eyes,primary_s5_h128_20k
-0.0476048807872443,-0.03395221864775442,-0.062389335521736124,adaptive,0.0,20,lpips_alex_spatial,128,8,flame_supported,primary_s5_h128_20k
-0.05225810737603909,-0.040749385617378835,-0.06568764961182251,released,0.0,20,lpips_alex_spatial,128,8,flame_supported,primary_s5_h128_20k
0.04900398899191117,0.07362037862755334,0.024296079813793385,adaptive,0.8,20,lpips_alex_spatial,128,8,flame_unsupported,primary_s5_h128_20k
0.049858163097410105,0.07311707142953532,0.027518976646436048,released,0.85,20,lpips_alex_spatial,128,8,flame_unsupported,primary_s5_h128_20k
-0.01638679612900968,-0.000519652037432981,-0.03318280789408062,adaptive,0.3,20,lpips_alex_spatial,128,8,foreground,primary_s5_h128_20k
-0.01938739774140229,-0.006223612088158482,-0.03303957099603045,released,0.2,20,lpips_alex_spatial,128,8,foreground,primary_s5_h128_20k
-0.011342249623624805,0.0006957592895794684,-0.023296869146875506,adaptive,0.2,20,lpips_alex_spatial,128,8,full_frame,primary_s5_h128_20k
-0.016604775267762016,-0.005995184243112406,-0.028216762953635406,released,0.15,20,lpips_alex_spatial,128,8,full_frame,primary_s5_h128_20k
-0.046894409201106275,-0.032687549145775895,-0.06176671058897228,adaptive,0.05,20,lpips_alex_spatial,128,8,head_foreground,primary_s5_h128_20k
-0.05088136124770719,-0.038853882943912586,-0.06383421881918935,released,0.0,20,lpips_alex_spatial,128,8,head_foreground,primary_s5_h128_20k
-0.049252624681174056,-0.03538040685597963,-0.06400919167274123,adaptive,0.05,20,lpips_alex_spatial,128,8,head_supported,primary_s5_h128_20k
-0.053608227359075875,-0.04147667988955914,-0.06659672219911304,released,0.0,20,lpips_alex_spatial,128,8,head_supported,primary_s5_h128_20k
-0.03358545470764162,-0.017082374775209554,-0.05128260618584031,adaptive,0.25,20,lpips_alex_spatial,128,8,head_unsupported,primary_s5_h128_20k
-0.03288714616519617,-0.01944026844223288,-0.04838198006441845,released,0.05,20,lpips_alex_spatial,128,8,head_unsupported,primary_s5_h128_20k
-0.04427266026901491,-0.027447223525434262,-0.06316099731039318,adaptive,0.1,20,lpips_alex_spatial,128,8,oral,primary_s5_h128_20k
-0.04260593641014689,-0.02922861240277778,-0.056338377821374144,released,0.1,20,lpips_alex_spatial,128,8,oral,primary_s5_h128_20k
0.048568233404046646,0.07596801895757227,0.02140149980649012,adaptive,0.85,20,lpips_alex_spatial,128,8,torso_outside_head_roi,primary_s5_h128_20k
0.048391327230896716,0.07153434475593141,0.024673067811541702,released,0.85,20,lpips_alex_spatial,128,8,torso_outside_head_roi,primary_s5_h128_20k
-0.007432322479353072,0.0015590527605346366,-0.016010531787225824,adaptive,0.4,20,lpips_alex_spatial,384,1,background,primary_s5_h128_20k
-0.012995634247518217,-0.004332860881260427,-0.022111326621958496,released,0.3,20,lpips_alex_spatial,384,1,background,primary_s5_h128_20k
-0.003983454840338856,0.003863280687011518,-0.012408782595345984,adaptive,0.5,20,lpips_alex_spatial,384,1,eyes,primary_s5_h128_20k
-0.017402155189853604,-0.007524904800953436,-0.028296426328106826,released,0.25,20,lpips_alex_spatial,384,1,eyes,primary_s5_h128_20k
-0.047738273790098054,-0.03596021514081732,-0.06018549314757121,adaptive,0.05,20,lpips_alex_spatial,384,1,flame_supported,primary_s5_h128_20k
-0.05602086675891991,-0.04573887857901086,-0.06636451866508752,released,0.0,20,lpips_alex_spatial,384,1,flame_supported,primary_s5_h128_20k
0.04280540754840455,0.06983800934074814,0.014881448091658476,adaptive,0.75,20,lpips_alex_spatial,384,1,flame_unsupported,primary_s5_h128_20k
0.04698096133031191,0.071608318757213,0.021706820019674746,released,0.75,20,lpips_alex_spatial,384,1,flame_unsupported,primary_s5_h128_20k
-0.018572203494776,-0.0027215862906356273,-0.03435905657644859,adaptive,0.35,20,lpips_alex_spatial,384,1,foreground,primary_s5_h128_20k
-0.023050457132798442,-0.010306728128510731,-0.0359545227317084,released,0.15,20,lpips_alex_spatial,384,1,foreground,primary_s5_h128_20k
-0.012888152000707975,-0.0007418638387154641,-0.024849540346112614,adaptive,0.3,20,lpips_alex_spatial,384,1,full_frame,primary_s5_h128_20k
-0.01785269596359947,-0.008410243918369347,-0.027640339018720563,released,0.2,20,lpips_alex_spatial,384,1,full_frame,primary_s5_h128_20k
-0.04631324345000158,-0.03454797339104029,-0.05855764706040364,adaptive,0.05,20,lpips_alex_spatial,384,1,head_foreground,primary_s5_h128_20k
-0.05475164147757232,-0.04431663553545914,-0.06470358436457294,released,0.05,20,lpips_alex_spatial,384,1,head_foreground,primary_s5_h128_20k
-0.04811709329116011,-0.03625393945761446,-0.06015958531212491,adaptive,0.05,20,lpips_alex_spatial,384,1,head_supported,primary_s5_h128_20k
-0.05720703457490883,-0.046437737027341656,-0.0675345915344845,released,0.05,20,lpips_alex_spatial,384,1,head_supported,primary_s5_h128_20k
-0.03809775642586184,-0.023844818117187416,-0.05348402654297204,adaptive,0.2,20,lpips_alex_spatial,384,1,head_unsupported,primary_s5_h128_20k
-0.03928735298193073,-0.027978337564014733,-0.052039943267965204,released,0.0,20,lpips_alex_spatial,384,1,head_unsupported,primary_s5_h128_20k
-0.043449656730200584,-0.02506273795767691,-0.062172421950594386,adaptive,0.1,20,lpips_alex_spatial,384,1,oral,primary_s5_h128_20k
-0.04749641947198897,-0.03247864915425371,-0.06169799024141614,released,0.05,20,lpips_alex_spatial,384,1,oral,primary_s5_h128_20k
0.041289439225996594,0.07132206733163232,0.009430025898919961,adaptive,0.75,20,lpips_alex_spatial,384,1,torso_outside_head_roi,primary_s5_h128_20k
0.04590553012779723,0.0743798669494061,0.01663962618971808,released,0.7,20,lpips_alex_spatial,384,1,torso_outside_head_roi,primary_s5_h128_20k
-0.009127984627071862,-0.000904970421288635,-0.017027703702765528,adaptive,0.3,20,lpips_alex_spatial,384,4,background,primary_s5_h128_20k
-0.013177097406101467,-0.005901187514887108,-0.020370916641407995,released,0.25,20,lpips_alex_spatial,384,4,background,primary_s5_h128_20k
-0.008461540522418627,0.00023841027914246155,-0.017431167238349733,adaptive,0.45,20,lpips_alex_spatial,384,4,eyes,primary_s5_h128_20k
-0.01618193880920599,-0.00658114580705808,-0.026749532426493184,released,0.25,20,lpips_alex_spatial,384,4,eyes,primary_s5_h128_20k
-0.054556797911629054,-0.04240815910445159,-0.06682104906168661,adaptive,0.0,20,lpips_alex_spatial,384,4,flame_supported,primary_s5_h128_20k
-0.05774281163873853,-0.0487011606010898,-0.06729495876972279,released,0.0,20,lpips_alex_spatial,384,4,flame_supported,primary_s5_h128_20k
0.042236737117840685,0.06752023156270574,0.016560842282185396,adaptive,0.7,20,lpips_alex_spatial,384,4,flame_unsupported,primary_s5_h128_20k
0.04775838912489555,0.07210202727782035,0.024158822261512204,released,0.85,20,lpips_alex_spatial,384,4,flame_unsupported,primary_s5_h128_20k
-0.02404777120958768,-0.009126792505597118,-0.038636241052224164,adaptive,0.3,20,lpips_alex_spatial,384,4,foreground,primary_s5_h128_20k
-0.024723768956805104,-0.013515710928920765,-0.036393331974776684,released,0.25,20,lpips_alex_spatial,384,4,foreground,primary_s5_h128_20k
-0.016730855992346087,-0.0058295162169893985,-0.027662047360389994,adaptive,0.3,20,lpips_alex_spatial,384,4,full_frame,primary_s5_h128_20k
-0.01892789324781453,-0.011141397902952405,-0.027140623488291535,released,0.15,20,lpips_alex_spatial,384,4,full_frame,primary_s5_h128_20k
-0.054227872431257006,-0.04145330509874282,-0.06714415699779884,adaptive,0.0,20,lpips_alex_spatial,384,4,head_foreground,primary_s5_h128_20k
-0.057411989502027985,-0.04789738859657209,-0.06707600608600743,released,0.0,20,lpips_alex_spatial,384,4,head_foreground,primary_s5_h128_20k
-0.05625626790660036,-0.043518741887572064,-0.06848135267305132,adaptive,0.0,20,lpips_alex_spatial,384,4,head_supported,primary_s5_h128_20k
-0.05999883718162088,-0.050781570521330796,-0.06972833641700894,released,0.0,20,lpips_alex_spatial,384,4,head_supported,primary_s5_h128_20k
-0.0438489896777709,-0.027872399011529318,-0.06002420754208823,adaptive,0.1,20,lpips_alex_spatial,384,4,head_unsupported,primary_s5_h128_20k
-0.041022696079375365,-0.027495526039614145,-0.05624459635362148,released,0.05,20,lpips_alex_spatial,384,4,head_unsupported,primary_s5_h128_20k
-0.05230876500109276,-0.0352277300736758,-0.0700855379870128,adaptive,0.05,20,lpips_alex_spatial,384,4,oral,primary_s5_h128_20k
-0.055139615928457966,-0.040804275537754245,-0.06950520677944541,released,0.0,20,lpips_alex_spatial,384,4,oral,primary_s5_h128_20k
0.04311521088204381,0.07072982695281903,0.015493735167518492,adaptive,0.75,20,lpips_alex_spatial,384,4,torso_outside_head_roi,primary_s5_h128_20k
0.04856949464878142,0.07480794737060424,0.02203733844336894,released,0.8,20,lpips_alex_spatial,384,4,torso_outside_head_roi,primary_s5_h128_20k
-0.005669116334286814,0.00263156157785365,-0.013716323647126438,adaptive,0.35,20,lpips_alex_spatial,384,8,background,primary_s5_h128_20k
-0.008997024675755295,-0.000904621086376639,-0.017054554351748356,released,0.3,20,lpips_alex_spatial,384,8,background,primary_s5_h128_20k
-0.007610757584582836,0.0009090094502891707,-0.016351876493842114,adaptive,0.4,20,lpips_alex_spatial,384,8,eyes,primary_s5_h128_20k
-0.013535837541128392,-0.004045072102340188,-0.024214435205489517,released,0.3,20,lpips_alex_spatial,384,8,eyes,primary_s5_h128_20k
-0.05102220733682702,-0.03914604488537327,-0.06272058530225907,adaptive,0.0,20,lpips_alex_spatial,384,8,flame_supported,primary_s5_h128_20k
-0.055162102461197036,-0.04629968094854141,-0.06468787678018693,released,0.0,20,lpips_alex_spatial,384,8,flame_supported,primary_s5_h128_20k
0.045785895663013165,0.07113113805432547,0.020204238193730104,adaptive,0.85,20,lpips_alex_spatial,384,8,flame_unsupported,primary_s5_h128_20k
0.05188415233484278,0.07621997975619596,0.028014703410347636,released,0.85,20,lpips_alex_spatial,384,8,flame_unsupported,primary_s5_h128_20k
-0.019709311605192438,-0.0045447075519846,-0.034987313909500425,adaptive,0.25,20,lpips_alex_spatial,384,8,foreground,primary_s5_h128_20k
-0.020938557339167038,-0.008415433757533472,-0.033146369597249016,released,0.25,20,lpips_alex_spatial,384,8,foreground,primary_s5_h128_20k
-0.012590661012765136,-0.0009344676291787771,-0.02351792526967598,adaptive,0.3,20,lpips_alex_spatial,384,8,full_frame,primary_s5_h128_20k
-0.014773317590936436,-0.005628174259549108,-0.02378031799739057,released,0.25,20,lpips_alex_spatial,384,8,full_frame,primary_s5_h128_20k
-0.04994601499136627,-0.037744957144007614,-0.06292579192768849,adaptive,0.0,20,lpips_alex_spatial,384,8,head_foreground,primary_s5_h128_20k
-0.054211359565544834,-0.045213537053064,-0.06372821141231508,released,0.0,20,lpips_alex_spatial,384,8,head_foreground,primary_s5_h128_20k
-0.052187946918827034,-0.03989054771502912,-0.0649528868087304,adaptive,0.0,20,lpips_alex_spatial,384,8,head_supported,primary_s5_h128_20k
-0.05695311777511565,-0.048008940667679474,-0.066151618644648,released,0.0,20,lpips_alex_spatial,384,8,head_supported,primary_s5_h128_20k
-0.03723867113588379,-0.023227606846553953,-0.05168704318304005,adaptive,0.1,20,lpips_alex_spatial,384,8,head_unsupported,primary_s5_h128_20k
-0.03667654927859148,-0.023947896239583252,-0.051538060633391836,released,0.05,20,lpips_alex_spatial,384,8,head_unsupported,primary_s5_h128_20k
-0.0510240085873622,-0.03371091744061392,-0.06854058081656361,adaptive,0.1,20,lpips_alex_spatial,384,8,oral,primary_s5_h128_20k
-0.05202252571689016,-0.038710577793640975,-0.06568174027074439,released,0.05,20,lpips_alex_spatial,384,8,oral,primary_s5_h128_20k
0.044290144443807904,0.07187963741061973,0.015901143634800347,adaptive,0.8,20,lpips_alex_spatial,384,8,torso_outside_head_roi,primary_s5_h128_20k
0.05013549985826941,0.07587724810958361,0.023901168633435547,released,0.85,20,lpips_alex_spatial,384,8,torso_outside_head_roi,primary_s5_h128_20k
