change_in_released_advantage,ci_high,ci_low,control_variant,identity_count,metric,n_id,n_obs,reference_variant,region
-3.5186308717175834,-2.4970253856233025,-4.530774736001157,covariance_s3_h128_20k,20,masked_psnr,8,1,primary_s5_h128_20k,background
-1.3266705144993964,-0.6210478411271597,-1.9921538381654011,covariance_s3_h128_20k,20,masked_psnr,8,1,primary_s5_h128_20k,eyes
1.8779382329458074,2.470491171523702,1.3011034448572587,covariance_s3_h128_20k,20,masked_psnr,8,1,primary_s5_h128_20k,flame_supported
-0.15715183670778532,0.1884263037268837,-0.5038878835912285,covariance_s3_h128_20k,20,masked_psnr,8,1,primary_s5_h128_20k,flame_unsupported
0.12395851458856293,0.41078060057758353,-0.15710948551562373,covariance_s3_h128_20k,20,masked_psnr,8,1,primary_s5_h128_20k,foreground
-0.190384938239881,0.10173979424866374,-0.49793093410316736,covariance_s3_h128_20k,20,masked_psnr,8,1,primary_s5_h128_20k,full_frame
0.816981568226808,1.2122316811745744,0.42008581439704445,covariance_s3_h128_20k,20,masked_psnr,8,1,primary_s5_h128_20k,head_foreground
1.5011579583814134,2.1205829151556177,0.893429804757994,covariance_s3_h128_20k,20,masked_psnr,8,1,primary_s5_h128_20k,head_supported
0.7976119277632929,1.2336157804094272,0.3551665896748266,covariance_s3_h128_20k,20,masked_psnr,8,1,primary_s5_h128_20k,head_unsupported
-0.4002179814899713,0.4656998133195501,-1.3402615683514967,covariance_s3_h128_20k,20,masked_psnr,8,1,primary_s5_h128_20k,oral
-0.15729856243782142,0.30940972507637415,-0.6045738533897955,covariance_s3_h128_20k,20,masked_psnr,8,1,primary_s5_h128_20k,torso_outside_head_roi
-3.443885918649508,-2.496906251758457,-4.51917476960259,covariance_s3_h128_20k,20,masked_psnr,8,4,primary_s5_h128_20k,background
-1.6530146252538027,-0.7640687811746941,-2.462060449712516,covariance_s3_h128_20k,20,masked_psnr,8,4,primary_s5_h128_20k,eyes
1.9557551270913511,2.480624083308783,1.410040251379061,covariance_s3_h128_20k,20,masked_psnr,8,4,primary_s5_h128_20k,flame_supported
-0.14982464070233098,0.14173058892016838,-0.4542262840334905,covariance_s3_h128_20k,20,masked_psnr,8,4,primary_s5_h128_20k,flame_unsupported
0.09188342228036768,0.3234305209580996,-0.14885438340574858,covariance_s3_h128_20k,20,masked_psnr,8,4,primary_s5_h128_20k,foreground
-0.18396465505099308,0.05511898800030085,-0.4497733318855928,covariance_s3_h128_20k,20,masked_psnr,8,4,primary_s5_h128_20k,full_frame
0.8384984409036906,1.1753598392300242,0.4974778045822089,covariance_s3_h128_20k,20,masked_psnr,8,4,primary_s5_h128_20k,head_foreground
1.6416701662491515,2.206892706567298,1.0748586588095739,covariance_s3_h128_20k,20,masked_psnr,8,4,primary_s5_h128_20k,head_supported
0.831518533167673,1.2273141593415877,0.4280446723918935,covariance_s3_h128_20k,20,masked_psnr,8,4,primary_s5_h128_20k,head_unsupported
-0.3260475072470782,0.5080556676336804,-1.137981392870979,covariance_s3_h128_20k,20,masked_psnr,8,4,primary_s5_h128_20k,oral
-0.2076301331058051,0.154108232023909,-0.5796278421626647,covariance_s3_h128_20k,20,masked_psnr,8,4,primary_s5_h128_20k,torso_outside_head_roi
-3.1356118668870634,-2.1500190271267563,-4.316731683332682,covariance_s3_h128_20k,20,masked_psnr,8,8,primary_s5_h128_20k,background
-1.6735626675332782,-0.8893748614993613,-2.3866720710104317,covariance_s3_h128_20k,20,masked_psnr,8,8,primary_s5_h128_20k,eyes
2.042501970622415,2.6174270934420716,1.4439741196977203,covariance_s3_h128_20k,20,masked_psnr,8,8,primary_s5_h128_20k,flame_supported
-0.20900600064402494,0.07778685437009356,-0.5179121658623754,covariance_s3_h128_20k,20,masked_psnr,8,8,primary_s5_h128_20k,flame_unsupported
0.05891291779494172,0.2893206506337705,-0.16995920080488217,covariance_s3_h128_20k,20,masked_psnr,8,8,primary_s5_h128_20k,foreground
-0.19045947632324003,0.06928406922207227,-0.46993975828913054,covariance_s3_h128_20k,20,masked_psnr,8,8,primary_s5_h128_20k,full_frame
0.8467132425442514,1.195856556985325,0.49178663328530436,covariance_s3_h128_20k,20,masked_psnr,8,8,primary_s5_h128_20k,head_foreground
1.7575403138547785,2.3513819543870587,1.1493367989237226,covariance_s3_h128_20k,20,masked_psnr,8,8,primary_s5_h128_20k,head_supported
0.7973853562563119,1.2195199319284984,0.3743554621326163,covariance_s3_h128_20k,20,masked_psnr,8,8,primary_s5_h128_20k,head_unsupported
-0.5855894403072984,0.24465202611815762,-1.4149751533883403,covariance_s3_h128_20k,20,masked_psnr,8,8,primary_s5_h128_20k,oral
-0.27403586543114483,0.06714790508158242,-0.6580620493039592,covariance_s3_h128_20k,20,masked_psnr,8,8,primary_s5_h128_20k,torso_outside_head_roi
-3.216779322507615,-1.9722814539221325,-5.0343385809304655,covariance_s3_h128_20k,20,masked_psnr,384,1,primary_s5_h128_20k,background
0.8948589095069852,1.2164648586972713,0.5825294690677755,covariance_s3_h128_20k,20,masked_psnr,384,1,primary_s5_h128_20k,eyes
2.1914266768255666,2.583588311677039,1.77894508784426,covariance_s3_h128_20k,20,masked_psnr,384,1,primary_s5_h128_20k,flame_supported
-1.164131702162649,-0.7147180778930007,-1.6262011770863254,covariance_s3_h128_20k,20,masked_psnr,384,1,primary_s5_h128_20k,flame_unsupported
-0.4579063306896298,-0.13918837441797122,-0.7586722117565441,covariance_s3_h128_20k,20,masked_psnr,384,1,primary_s5_h128_20k,foreground
-0.30929586656287283,-0.10781713985108946,-0.5197543078301167,covariance_s3_h128_20k,20,masked_psnr,384,1,primary_s5_h128_20k,full_frame
0.8672634697940905,1.2081294370772147,0.4940273973424927,covariance_s3_h128_20k,20,masked_psnr,384,1,primary_s5_h128_20k,head_foreground
1.922212369209614,2.3461476122854803,1.4623903828446938,covariance_s3_h128_20k,20,masked_psnr,384,1,primary_s5_h128_20k,head_supported
0.3675852422454796,0.7441245536942185,0.019703277818907964,covariance_s3_h128_20k,20,masked_psnr,384,1,primary_s5_h128_20k,head_unsupported
0.32211533453823477,1.0076378033474254,-0.43185876750360885,covariance_s3_h128_20k,20,masked_psnr,384,1,primary_s5_h128_20k,oral
-1.5162719524557466,-1.1053482311612535,-1.9406206795774374,covariance_s3_h128_20k,20,masked_psnr,384,1,primary_s5_h128_20k,torso_outside_head_roi
-2.8724694743094603,-1.8068033136786856,-4.462206058433516,covariance_s3_h128_20k,20,masked_psnr,384,4,primary_s5_h128_20k,background
0.761509887116101,1.1500753457636823,0.3781849953122912,covariance_s3_h128_20k,20,masked_psnr,384,4,primary_s5_h128_20k,eyes
2.399501671875791,2.8189050968964504,1.9668994122787533,covariance_s3_h128_20k,20,masked_psnr,384,4,primary_s5_h128_20k,flame_supported
-1.0975958367094538,-0.6687316474033924,-1.5216765715268077,covariance_s3_h128_20k,20,masked_psnr,384,4,primary_s5_h128_20k,flame_unsupported
-0.44404997320029516,-0.13197985008372023,-0.746836416024036,covariance_s3_h128_20k,20,masked_psnr,384,4,primary_s5_h128_20k,foreground
-0.2264956013249257,-0.014541949488280205,-0.4548103994439699,covariance_s3_h128_20k,20,masked_psnr,384,4,primary_s5_h128_20k,full_frame
0.8703309265284744,1.2537266633844304,0.4546962540933018,covariance_s3_h128_20k,20,masked_psnr,384,4,primary_s5_h128_20k,head_foreground
2.211536454496764,2.647266403664379,1.7438847811321168,covariance_s3_h128_20k,20,masked_psnr,384,4,primary_s5_h128_20k,head_supported
0.5057619075347919,0.9535740897553545,0.10474820185662562,covariance_s3_h128_20k,20,masked_psnr,384,4,primary_s5_h128_20k,head_unsupported
0.14961988929875555,0.7690532939096446,-0.5007634587348938,covariance_s3_h128_20k,20,masked_psnr,384,4,primary_s5_h128_20k,oral
-1.391621311857995,-1.009053235405145,-1.7790977100153478,covariance_s3_h128_20k,20,masked_psnr,384,4,primary_s5_h128_20k,torso_outside_head_roi
-2.8139895631258987,-1.8478580670899583,-4.253469921021961,covariance_s3_h128_20k,20,masked_psnr,384,8,primary_s5_h128_20k,background
0.781491536172034,1.181533569077611,0.3878245846469742,covariance_s3_h128_20k,20,masked_psnr,384,8,primary_s5_h128_20k,eyes
2.4562906367349213,2.9105088317592296,2.0062031385521717,covariance_s3_h128_20k,20,masked_psnr,384,8,primary_s5_h128_20k,flame_supported
-1.0915814031366255,-0.6923319537170494,-1.5033906922638296,covariance_s3_h128_20k,20,masked_psnr,384,8,primary_s5_h128_20k,flame_unsupported
-0.4430666100494024,-0.1403221112034187,-0.7409655921211398,covariance_s3_h128_20k,20,masked_psnr,384,8,primary_s5_h128_20k,foreground
-0.1886318954206622,0.030265393077111714,-0.42640482555613635,covariance_s3_h128_20k,20,masked_psnr,384,8,primary_s5_h128_20k,full_frame
0.9170861152970071,1.2982398339112333,0.5025472272915259,covariance_s3_h128_20k,20,masked_psnr,384,8,primary_s5_h128_20k,head_foreground
2.2438760725038014,2.71481312588782,1.750654873627615,covariance_s3_h128_20k,20,masked_psnr,384,8,primary_s5_h128_20k,head_supported
0.5190432962987362,0.9301321201856837,0.1363569499634466,covariance_s3_h128_20k,20,masked_psnr,384,8,primary_s5_h128_20k,head_unsupported
0.02870230246346468,0.6235608526906462,-0.5949953054293704,covariance_s3_h128_20k,20,masked_psnr,384,8,primary_s5_h128_20k,oral
-1.3885204397026236,-1.0058629488565223,-1.7740189198212561,covariance_s3_h128_20k,20,masked_psnr,384,8,primary_s5_h128_20k,torso_outside_head_roi
0.10231763283653406,0.44614885761275774,-0.20031167793123553,capacity_s5_h64_20k,20,masked_psnr,8,1,primary_s5_h128_20k,background
0.26908155482724777,0.6116493445596473,-0.04035534501570437,capacity_s5_h64_20k,20,masked_psnr,8,1,primary_s5_h128_20k,eyes
-0.11335159285112714,-0.0020922504238836005,-0.22860213456410705,capacity_s5_h64_20k,20,masked_psnr,8,1,primary_s5_h128_20k,flame_supported
-0.13824155451833173,0.03247187970463244,-0.3392845843568204,capacity_s5_h64_20k,20,masked_psnr,8,1,primary_s5_h128_20k,flame_unsupported
-0.1103329840632064,0.02012536117176488,-0.2509373802694066,capacity_s5_h64_20k,20,masked_psnr,8,1,primary_s5_h128_20k,foreground
-0.0811970112573142,0.01746816360997543,-0.18744295348614431,capacity_s5_h64_20k,20,masked_psnr,8,1,primary_s5_h128_20k,full_frame
-0.08923437720863951,0.036846475044989044,-0.20579709255219608,capacity_s5_h64_20k,20,masked_psnr,8,1,primary_s5_h128_20k,head_foreground
-0.08630164091703633,0.014047358508019948,-0.1832783928708558,capacity_s5_h64_20k,20,masked_psnr,8,1,primary_s5_h128_20k,head_supported
-0.12569639509570157,0.12548962562536425,-0.3723851260209773,capacity_s5_h64_20k,20,masked_psnr,8,1,primary_s5_h128_20k,head_unsupported
0.16161168853742733,0.30174927914048405,-0.0004584080529655337,capacity_s5_h64_20k,20,masked_psnr,8,1,primary_s5_h128_20k,oral
-0.14945970133629974,0.061287611120752594,-0.39260720567918206,capacity_s5_h64_20k,20,masked_psnr,8,1,primary_s5_h128_20k,torso_outside_head_roi
0.1340026821996621,0.3975467084050112,-0.10971752883471277,capacity_s5_h64_20k,20,masked_psnr,8,4,primary_s5_h128_20k,background
0.18809541959334064,0.5710384161536841,-0.16515763397494734,capacity_s5_h64_20k,20,masked_psnr,8,4,primary_s5_h128_20k,eyes
-0.22150480425188485,-0.05488860537762827,-0.40154601421801683,capacity_s5_h64_20k,20,masked_psnr,8,4,primary_s5_h128_20k,flame_supported
-0.062092656859497386,0.03919440744421865,-0.17608157434673236,capacity_s5_h64_20k,20,masked_psnr,8,4,primary_s5_h128_20k,flame_unsupported
-0.09812526661937197,0.0018927823747908708,-0.20440523743035496,capacity_s5_h64_20k,20,masked_psnr,8,4,primary_s5_h128_20k,foreground
-0.04606934446803832,0.03972557708137876,-0.13174702207160693,capacity_s5_h64_20k,20,masked_psnr,8,4,primary_s5_h128_20k,full_frame
-0.19426089700302046,-0.07150858799711678,-0.3157094690131675,capacity_s5_h64_20k,20,masked_psnr,8,4,primary_s5_h128_20k,head_foreground
-0.1884408570718871,-0.05097449431615244,-0.3396076866241512,capacity_s5_h64_20k,20,masked_psnr,8,4,primary_s5_h128_20k,head_supported
-0.26168725130359904,-0.09306175829466166,-0.4302558419920593,capacity_s5_h64_20k,20,masked_psnr,8,4,primary_s5_h128_20k,head_unsupported
0.08984271896861706,0.2641398516877644,-0.09251820624125956,capacity_s5_h64_20k,20,masked_psnr,8,4,primary_s5_h128_20k,oral
-0.05577600445767894,0.09669757767730675,-0.2431870523798952,capacity_s5_h64_20k,20,masked_psnr,8,4,primary_s5_h128_20k,torso_outside_head_roi
0.07974132627340254,0.31058346942182596,-0.1579907889500126,capacity_s5_h64_20k,20,masked_psnr,8,8,primary_s5_h128_20k,background
0.08906549922826779,0.42289678049180746,-0.2116430533417717,capacity_s5_h64_20k,20,masked_psnr,8,8,primary_s5_h128_20k,eyes
-0.25603298948133163,-0.1189092053221416,-0.4011947340784767,capacity_s5_h64_20k,20,masked_psnr,8,8,primary_s5_h128_20k,flame_supported
-0.0615773618452905,0.04327864439338661,-0.17615442155403113,capacity_s5_h64_20k,20,masked_psnr,8,8,primary_s5_h128_20k,flame_unsupported
-0.1128657271708009,-0.025542514129899153,-0.21073550434302626,capacity_s5_h64_20k,20,masked_psnr,8,8,primary_s5_h128_20k,foreground
-0.06487449200526477,0.0037072383794193218,-0.14163456214421075,capacity_s5_h64_20k,20,masked_psnr,8,8,primary_s5_h128_20k,full_frame
-0.21466264384329223,-0.1045052395134491,-0.3254532812376809,capacity_s5_h64_20k,20,masked_psnr,8,8,primary_s5_h128_20k,head_foreground
-0.20341748176667976,-0.08700039369417095,-0.3316181953368359,capacity_s5_h64_20k,20,masked_psnr,8,8,primary_s5_h128_20k,head_supported
-0.28594506067241704,-0.12300489129164599,-0.4520166372901127,capacity_s5_h64_20k,20,masked_psnr,8,8,primary_s5_h128_20k,head_unsupported
0.06186939748960203,0.2036743911843744,-0.09028828724880525,capacity_s5_h64_20k,20,masked_psnr,8,8,primary_s5_h128_20k,oral
-0.08959964375227185,0.08846113798973006,-0.31509612062508097,capacity_s5_h64_20k,20,masked_psnr,8,8,primary_s5_h128_20k,torso_outside_head_roi
0.11120465663434471,0.4151305228693923,-0.165817479872501,capacity_s5_h64_20k,20,masked_psnr,384,1,primary_s5_h128_20k,background
0.48305018043836084,0.5968906199962694,0.372233117660696,capacity_s5_h64_20k,20,masked_psnr,384,1,primary_s5_h128_20k,eyes
-0.12062973362913301,0.04490707763290847,-0.2849139528460383,capacity_s5_h64_20k,20,masked_psnr,384,1,primary_s5_h128_20k,flame_supported
-0.47468292331878015,-0.28782088058250616,-0.6582527193834607,capacity_s5_h64_20k,20,masked_psnr,384,1,primary_s5_h128_20k,flame_unsupported
-0.34195586127738914,-0.1897507841095185,-0.48745435111653485,capacity_s5_h64_20k,20,masked_psnr,384,1,primary_s5_h128_20k,foreground
-0.24542966302542452,-0.10559155328638017,-0.38072684629130216,capacity_s5_h64_20k,20,masked_psnr,384,1,primary_s5_h128_20k,full_frame
-0.09257611804805191,0.03769805920352256,-0.21152214749192152,capacity_s5_h64_20k,20,masked_psnr,384,1,primary_s5_h128_20k,head_foreground
-0.027624309982452466,0.12090208417565394,-0.15633234209172814,capacity_s5_h64_20k,20,masked_psnr,384,1,primary_s5_h128_20k,head_supported
-0.16969668484034806,-0.026115868569240447,-0.31440270289196515,capacity_s5_h64_20k,20,masked_psnr,384,1,primary_s5_h128_20k,head_unsupported
0.23165853542520196,0.3381182956304862,0.11915133062366463,capacity_s5_h64_20k,20,masked_psnr,384,1,primary_s5_h128_20k,oral
-0.6868402331083281,-0.4469133284862776,-0.932118994013552,capacity_s5_h64_20k,20,masked_psnr,384,1,primary_s5_h128_20k,torso_outside_head_roi
0.33970761257573123,0.7261587347329983,0.026270101871527157,capacity_s5_h64_20k,20,masked_psnr,384,4,primary_s5_h128_20k,background
0.37610340743501036,0.5456087424653355,0.21707896761837764,capacity_s5_h64_20k,20,masked_psnr,384,4,primary_s5_h128_20k,eyes
-0.11600135089758909,-0.0041418008731208275,-0.22391036939128053,capacity_s5_h64_20k,20,masked_psnr,384,4,primary_s5_h128_20k,flame_supported
-0.4854502438763614,-0.3240542008932864,-0.657913830025654,capacity_s5_h64_20k,20,masked_psnr,384,4,primary_s5_h128_20k,flame_unsupported
-0.36828787990543704,-0.22668120300337816,-0.5125992848830881,capacity_s5_h64_20k,20,masked_psnr,384,4,primary_s5_h128_20k,foreground
-0.20954406000156114,-0.09423539967611497,-0.32420568464615296,capacity_s5_h64_20k,20,masked_psnr,384,4,primary_s5_h128_20k,full_frame
-0.1376787395292828,-0.0279228074481299,-0.2539860942857852,capacity_s5_h64_20k,20,masked_psnr,384,4,primary_s5_h128_20k,head_foreground
-0.07766679135731529,0.038279327985457356,-0.18852952517406132,capacity_s5_h64_20k,20,masked_psnr,384,4,primary_s5_h128_20k,head_supported
-0.17272987508132112,-0.040601364465855515,-0.31386207860592347,capacity_s5_h64_20k,20,masked_psnr,384,4,primary_s5_h128_20k,head_unsupported
0.16715705577416867,0.26765502182527723,0.06788124351975817,capacity_s5_h64_20k,20,masked_psnr,384,4,primary_s5_h128_20k,oral
-0.5991430227912455,-0.4060281363214459,-0.8116430275082734,capacity_s5_h64_20k,20,masked_psnr,384,4,primary_s5_h128_20k,torso_outside_head_roi
0.22677160423222817,0.542510083792293,-0.04032133016033536,capacity_s5_h64_20k,20,masked_psnr,384,8,primary_s5_h128_20k,background
0.3586619881940184,0.5311292868643096,0.19702843744844314,capacity_s5_h64_20k,20,masked_psnr,384,8,primary_s5_h128_20k,eyes
-0.08531488671689509,0.017138062992369894,-0.18393712278107066,capacity_s5_h64_20k,20,masked_psnr,384,8,primary_s5_h128_20k,flame_supported
-0.4131418618508424,-0.2092495861099677,-0.6019149238091164,capacity_s5_h64_20k,20,masked_psnr,384,8,primary_s5_h128_20k,flame_unsupported
-0.3021852140833055,-0.13929081492229575,-0.4592274134657149,capacity_s5_h64_20k,20,masked_psnr,384,8,primary_s5_h128_20k,foreground
-0.17532911207127086,-0.04722308192719085,-0.2931254237591782,capacity_s5_h64_20k,20,masked_psnr,384,8,primary_s5_h128_20k,full_frame
-0.07362707338074648,0.05465879579779594,-0.20039697303469564,capacity_s5_h64_20k,20,masked_psnr,384,8,primary_s5_h128_20k,head_foreground
-0.03218418223684889,0.0748327564676866,-0.13837406462674712,capacity_s5_h64_20k,20,masked_psnr,384,8,primary_s5_h128_20k,head_supported
-0.11727082126823167,0.06295590992934465,-0.2877037467082286,capacity_s5_h64_20k,20,masked_psnr,384,8,primary_s5_h128_20k,head_unsupported
0.1499239591121544,0.24809425189522955,0.044583510065492354,capacity_s5_h64_20k,20,masked_psnr,384,8,primary_s5_h128_20k,oral
-0.5263648803418836,-0.317744446825858,-0.7452259386462762,capacity_s5_h64_20k,20,masked_psnr,384,8,primary_s5_h128_20k,torso_outside_head_roi
-0.0634577487296161,0.27459757624791137,-0.38834034062800366,capacity_s5_h512_20k,20,masked_psnr,8,1,primary_s5_h128_20k,background
-0.26355234397583766,0.026760370463084784,-0.5483775833924707,capacity_s5_h512_20k,20,masked_psnr,8,1,primary_s5_h128_20k,eyes
0.007508151195811852,0.21604838477921784,-0.20300529315114188,capacity_s5_h512_20k,20,masked_psnr,8,1,primary_s5_h128_20k,flame_supported
0.032298382747421805,0.28315396760674977,-0.24044806373582445,capacity_s5_h512_20k,20,masked_psnr,8,1,primary_s5_h128_20k,flame_unsupported
0.052647999392670466,0.24260818714735619,-0.15698169278558766,capacity_s5_h512_20k,20,masked_psnr,8,1,primary_s5_h128_20k,foreground
0.02968118830420008,0.18377988408652643,-0.13611457922567297,capacity_s5_h512_20k,20,masked_psnr,8,1,primary_s5_h128_20k,full_frame
-0.10976411651099705,0.08051150860199131,-0.30393088314186495,capacity_s5_h512_20k,20,masked_psnr,8,1,primary_s5_h128_20k,head_foreground
-0.08877550851934028,0.1264686250882151,-0.3018667419094362,capacity_s5_h512_20k,20,masked_psnr,8,1,primary_s5_h128_20k,head_supported
-0.14365122247283174,0.15876453094057227,-0.42536093651498014,capacity_s5_h512_20k,20,masked_psnr,8,1,primary_s5_h128_20k,head_unsupported
-0.3183502432785181,-0.029278919106057302,-0.6137382488099836,capacity_s5_h512_20k,20,masked_psnr,8,1,primary_s5_h128_20k,oral
0.16959606362280216,0.43197302587020936,-0.10729529081695532,capacity_s5_h512_20k,20,masked_psnr,8,1,primary_s5_h128_20k,torso_outside_head_roi
-0.16242143488442337,0.18877972529088766,-0.5198093462393573,capacity_s5_h512_20k,20,masked_psnr,8,4,primary_s5_h128_20k,background
0.010426944059794874,0.3276076395837116,-0.3279446128631385,capacity_s5_h512_20k,20,masked_psnr,8,4,primary_s5_h128_20k,eyes
-0.04297807321623202,0.17527371346810147,-0.2694060122878078,capacity_s5_h512_20k,20,masked_psnr,8,4,primary_s5_h128_20k,flame_supported
-0.04007021550425218,0.11732467229103957,-0.21433096209998448,capacity_s5_h512_20k,20,masked_psnr,8,4,primary_s5_h128_20k,flame_unsupported
-0.03288539999331719,0.1023078748429562,-0.1835894130666197,capacity_s5_h512_20k,20,masked_psnr,8,4,primary_s5_h128_20k,foreground
-0.0719530913066941,0.059552685411416235,-0.2119551599065398,capacity_s5_h512_20k,20,masked_psnr,8,4,primary_s5_h128_20k,full_frame
-0.14642172120402455,-0.011172292886213925,-0.28202524141308444,capacity_s5_h512_20k,20,masked_psnr,8,4,primary_s5_h128_20k,head_foreground
-0.09415690676806827,0.1267256063792833,-0.34117374555039814,capacity_s5_h512_20k,20,masked_psnr,8,4,primary_s5_h128_20k,head_supported
-0.27340750438169714,-0.09076604853467539,-0.4542379851163641,capacity_s5_h512_20k,20,masked_psnr,8,4,primary_s5_h128_20k,head_unsupported
-0.2804373520321034,-0.044297027419663515,-0.5201187756144676,capacity_s5_h512_20k,20,masked_psnr,8,4,primary_s5_h128_20k,oral
0.05178145709815958,0.2656428954923778,-0.18785928515571296,capacity_s5_h512_20k,20,masked_psnr,8,4,primary_s5_h128_20k,torso_outside_head_roi
-0.15986655847342215,0.20034464185721654,-0.49893168288842626,capacity_s5_h512_20k,20,masked_psnr,8,8,primary_s5_h128_20k,background
-0.033242584445789,0.2580307420101381,-0.3472488668447645,capacity_s5_h512_20k,20,masked_psnr,8,8,primary_s5_h128_20k,eyes
-0.024225877393213226,0.19005380184135984,-0.25008991655417295,capacity_s5_h512_20k,20,masked_psnr,8,8,primary_s5_h128_20k,flame_supported
-0.01409280951379006,0.15866039154157932,-0.2002266295234936,capacity_s5_h512_20k,20,masked_psnr,8,8,primary_s5_h128_20k,flame_unsupported
-0.013931784423857386,0.13307461857981456,-0.17930185325647693,capacity_s5_h512_20k,20,masked_psnr,8,8,primary_s5_h128_20k,foreground
-0.03734848640874833,0.10241100653475033,-0.18913209344532292,capacity_s5_h512_20k,20,masked_psnr,8,8,primary_s5_h128_20k,full_frame
-0.10926557450151604,0.015138508354825775,-0.23489925913824466,capacity_s5_h512_20k,20,masked_psnr,8,8,primary_s5_h128_20k,head_foreground
-0.06210353296429849,0.1460248259290478,-0.29899504427217866,capacity_s5_h512_20k,20,masked_psnr,8,8,primary_s5_h128_20k,head_supported
-0.22306360898563785,-0.07499078074523056,-0.36589288230528516,capacity_s5_h512_20k,20,masked_psnr,8,8,primary_s5_h128_20k,head_unsupported
-0.25977738362171277,-0.035979135329148565,-0.4796098113986928,capacity_s5_h512_20k,20,masked_psnr,8,8,primary_s5_h128_20k,oral
0.053142345652399656,0.3058809384064343,-0.2196737367571199,capacity_s5_h512_20k,20,masked_psnr,8,8,primary_s5_h128_20k,torso_outside_head_roi
-0.32420803067481846,0.16883972627461852,-0.8417504715006588,capacity_s5_h512_20k,20,masked_psnr,384,1,primary_s5_h128_20k,background
0.19893367331289563,0.36719673623352767,0.023265649493737602,capacity_s5_h512_20k,20,masked_psnr,384,1,primary_s5_h128_20k,eyes
0.3071749574647223,0.529356369188643,0.09770687545795534,capacity_s5_h512_20k,20,masked_psnr,384,1,primary_s5_h128_20k,flame_supported
0.4305933895741654,0.6880654824885589,0.189995593564626,capacity_s5_h512_20k,20,masked_psnr,384,1,primary_s5_h128_20k,flame_unsupported
0.4044214015880877,0.586182048297642,0.2261081312900057,capacity_s5_h512_20k,20,masked_psnr,384,1,primary_s5_h128_20k,foreground
0.26221514470051915,0.39634483697267864,0.11792967828822995,capacity_s5_h512_20k,20,masked_psnr,384,1,primary_s5_h128_20k,full_frame
0.33218147481851956,0.6146865830942715,0.07905157213804422,capacity_s5_h512_20k,20,masked_psnr,384,1,primary_s5_h128_20k,head_foreground
0.2211684290147362,0.4403944620553367,0.030823360327363252,capacity_s5_h512_20k,20,masked_psnr,384,1,primary_s5_h128_20k,head_supported
0.2906193529977569,0.7449949290342827,-0.14809513525708634,capacity_s5_h512_20k,20,masked_psnr,384,1,primary_s5_h128_20k,head_unsupported
-0.20852168027792253,0.08380503491973545,-0.4841238988273356,capacity_s5_h512_20k,20,masked_psnr,384,1,primary_s5_h128_20k,oral
0.505912516084527,0.6735970090443987,0.3253128694683409,capacity_s5_h512_20k,20,masked_psnr,384,1,primary_s5_h128_20k,torso_outside_head_roi
-0.0014378539890961052,0.4162271896446078,-0.46694901949091966,capacity_s5_h512_20k,20,masked_psnr,384,4,primary_s5_h128_20k,background
-0.05195926895730665,0.18196190995566633,-0.30410394493518156,capacity_s5_h512_20k,20,masked_psnr,384,4,primary_s5_h128_20k,eyes
0.275035979424349,0.44034761826990065,0.11365090155245666,capacity_s5_h512_20k,20,masked_psnr,384,4,primary_s5_h128_20k,flame_supported
0.536171222595726,0.7849956034903676,0.29553149207969887,capacity_s5_h512_20k,20,masked_psnr,384,4,primary_s5_h128_20k,flame_unsupported
0.44707721339705075,0.6233474598474873,0.2713707731404983,capacity_s5_h512_20k,20,masked_psnr,384,4,primary_s5_h128_20k,foreground
0.4149969713713129,0.553566758209441,0.27005799005879794,capacity_s5_h512_20k,20,masked_psnr,384,4,primary_s5_h128_20k,full_frame
0.33437407293015686,0.5339534783684707,0.15272292207170468,capacity_s5_h512_20k,20,masked_psnr,384,4,primary_s5_h128_20k,head_foreground
0.21486874678910645,0.38041542303069176,0.0606115405722883,capacity_s5_h512_20k,20,masked_psnr,384,4,primary_s5_h128_20k,head_supported
0.482574922308533,0.8484665091215412,0.15953001577364395,capacity_s5_h512_20k,20,masked_psnr,384,4,primary_s5_h128_20k,head_unsupported
-0.13157183230837433,0.09830716001610885,-0.36307728479073564,capacity_s5_h512_20k,20,masked_psnr,384,4,primary_s5_h128_20k,oral
0.6230117975924468,0.8733505888068409,0.37589882198035485,capacity_s5_h512_20k,20,masked_psnr,384,4,primary_s5_h128_20k,torso_outside_head_roi
-0.11346581502142597,0.34039265443509564,-0.6921111770288846,capacity_s5_h512_20k,20,masked_psnr,384,8,primary_s5_h128_20k,background
0.03307756061938179,0.2520057283976377,-0.21822476931668647,capacity_s5_h512_20k,20,masked_psnr,384,8,primary_s5_h128_20k,eyes
0.2142394647253349,0.3501977471797016,0.07781251921175852,capacity_s5_h512_20k,20,masked_psnr,384,8,primary_s5_h128_20k,flame_supported
0.4585509273504903,0.7032215823265549,0.23020389915983497,capacity_s5_h512_20k,20,masked_psnr,384,8,primary_s5_h128_20k,flame_unsupported
0.3966731131318382,0.5704248746668376,0.23773211393110635,capacity_s5_h512_20k,20,masked_psnr,384,8,primary_s5_h128_20k,foreground
0.36205778073499884,0.48656815846078694,0.2245802337982597,capacity_s5_h512_20k,20,masked_psnr,384,8,primary_s5_h128_20k,full_frame
0.28453102738421016,0.4980823310963473,0.09905002988780676,capacity_s5_h512_20k,20,masked_psnr,384,8,primary_s5_h128_20k,head_foreground
0.15943615077311107,0.29597267949556,0.03569738614768869,capacity_s5_h512_20k,20,masked_psnr,384,8,primary_s5_h128_20k,head_supported
0.3638955781958542,0.7596970838183532,0.01477592247088082,capacity_s5_h512_20k,20,masked_psnr,384,8,primary_s5_h128_20k,head_unsupported
-0.10160967599016235,0.1594349604841332,-0.35245407887332786,capacity_s5_h512_20k,20,masked_psnr,384,8,primary_s5_h128_20k,oral
0.5657778926417902,0.8062582516827073,0.3382130668307163,capacity_s5_h512_20k,20,masked_psnr,384,8,primary_s5_h128_20k,torso_outside_head_roi
0.717228831619907,1.225923609014687,0.19070808762704622,convergence_s5_h128_60k,20,masked_psnr,384,1,primary_s5_h128_20k,background
0.147182289007044,0.45008455207040055,-0.1447217279665491,convergence_s5_h128_60k,20,masked_psnr,384,1,primary_s5_h128_20k,eyes
0.28504316193346535,0.6979251362289184,-0.16438715488364739,convergence_s5_h128_60k,20,masked_psnr,384,1,primary_s5_h128_20k,flame_supported
0.7896890256263913,1.1809393865802469,0.4531450344046127,convergence_s5_h128_60k,20,masked_psnr,384,1,primary_s5_h128_20k,flame_unsupported
0.6713638086237419,1.0157562219404537,0.35547429254035573,convergence_s5_h128_60k,20,masked_psnr,384,1,primary_s5_h128_20k,foreground
0.5830192954622436,0.9079423006873146,0.29071308507275756,convergence_s5_h128_60k,20,masked_psnr,384,1,primary_s5_h128_20k,full_frame
0.38160851656297606,0.8116131126595669,-0.0309797101526991,convergence_s5_h128_60k,20,masked_psnr,384,1,primary_s5_h128_20k,head_foreground
0.18203760049679268,0.5964289520048034,-0.26120680358526205,convergence_s5_h128_60k,20,masked_psnr,384,1,primary_s5_h128_20k,head_supported
0.472494921860954,0.9952026724615703,0.054090763957425986,convergence_s5_h128_60k,20,masked_psnr,384,1,primary_s5_h128_20k,head_unsupported
0.3743732656596185,0.6127550967938272,0.15104523130387804,convergence_s5_h128_60k,20,masked_psnr,384,1,primary_s5_h128_20k,oral
0.9496491600931064,1.3275635672484858,0.605538821579906,convergence_s5_h128_60k,20,masked_psnr,384,1,primary_s5_h128_20k,torso_outside_head_roi
0.9883273928056553,1.621047390809924,0.40328125101394313,convergence_s5_h128_60k,20,masked_psnr,384,4,primary_s5_h128_20k,background
0.1517305632215665,0.5208434122013103,-0.1958125518558142,convergence_s5_h128_60k,20,masked_psnr,384,4,primary_s5_h128_20k,eyes
0.5310912589027618,0.8517596934658731,0.18249085523059302,convergence_s5_h128_60k,20,masked_psnr,384,4,primary_s5_h128_20k,flame_supported
1.101237462804384,1.5735368875914748,0.6800117971877112,convergence_s5_h128_60k,20,masked_psnr,384,4,primary_s5_h128_20k,flame_unsupported
0.9142366241022971,1.2715849224629991,0.5903859080052304,convergence_s5_h128_60k,20,masked_psnr,384,4,primary_s5_h128_20k,foreground
0.8907521673153169,1.2548676701309642,0.5564083489770976,convergence_s5_h128_60k,20,masked_psnr,384,4,primary_s5_h128_20k,full_frame
0.5834240537321234,0.9026708232808981,0.27691661779732085,convergence_s5_h128_60k,20,masked_psnr,384,4,primary_s5_h128_20k,head_foreground
0.47155110874299044,0.794781838023278,0.11136886475843431,convergence_s5_h128_60k,20,masked_psnr,384,4,primary_s5_h128_20k,head_supported
0.6570284282716641,1.1006478579198693,0.2703511465376372,convergence_s5_h128_60k,20,masked_psnr,384,4,primary_s5_h128_20k,head_unsupported
0.4307446818964708,0.6647526341148231,0.19077305350449525,convergence_s5_h128_60k,20,masked_psnr,384,4,primary_s5_h128_20k,oral
1.2424046087549399,1.7642552090591617,0.7636049809845896,convergence_s5_h128_60k,20,masked_psnr,384,4,primary_s5_h128_20k,torso_outside_head_roi
1.0596269521166632,1.674607249355945,0.4764961865013654,convergence_s5_h128_60k,20,masked_psnr,384,8,primary_s5_h128_20k,background
0.165116457809118,0.49423848081378935,-0.14525241421857088,convergence_s5_h128_60k,20,masked_psnr,384,8,primary_s5_h128_20k,eyes
0.4962489942701443,0.8173568127254303,0.15222541802263584,convergence_s5_h128_60k,20,masked_psnr,384,8,primary_s5_h128_20k,flame_supported
0.9635156655194276,1.3887293676396812,0.5742579095100716,convergence_s5_h128_60k,20,masked_psnr,384,8,primary_s5_h128_20k,flame_unsupported
0.8445802549622012,1.1577454480074356,0.5535265819237275,convergence_s5_h128_60k,20,masked_psnr,384,8,primary_s5_h128_20k,foreground
0.9339625969510343,1.2761192448108563,0.6090480883466174,convergence_s5_h128_60k,20,masked_psnr,384,8,primary_s5_h128_20k,full_frame
0.5150991256824646,0.7645821638546004,0.2620084116609698,convergence_s5_h128_60k,20,masked_psnr,384,8,primary_s5_h128_20k,head_foreground
0.4490653314101807,0.7628921637806322,0.11379210185740014,convergence_s5_h128_60k,20,masked_psnr,384,8,primary_s5_h128_20k,head_supported
0.4954335936315732,0.8673280844961555,0.178528063741676,convergence_s5_h128_60k,20,masked_psnr,384,8,primary_s5_h128_20k,head_unsupported
0.4404504383374105,0.7070507602675902,0.1760917726516241,convergence_s5_h128_60k,20,masked_psnr,384,8,primary_s5_h128_20k,oral
1.1767569058607485,1.6611662218768959,0.7280137268372419,convergence_s5_h128_60k,20,masked_psnr,384,8,primary_s5_h128_20k,torso_outside_head_roi
-0.023033948606597982,-0.016168787440736087,-0.030267068374228955,covariance_s3_h128_20k,20,masked_mae,8,1,primary_s5_h128_20k,background
-0.012471788205652565,-0.005511139240570592,-0.019194342328123445,covariance_s3_h128_20k,20,masked_mae,8,1,primary_s5_h128_20k,eyes
0.018602030217928143,0.031441752654754525,0.005298724487260695,covariance_s3_h128_20k,20,masked_mae,8,1,primary_s5_h128_20k,flame_supported
0.014981876410633943,0.03794785522633922,-0.0062583209591088595,covariance_s3_h128_20k,20,masked_mae,8,1,primary_s5_h128_20k,flame_unsupported
0.017531621598120037,0.02900952654315143,0.00635219969277215,covariance_s3_h128_20k,20,masked_mae,8,1,primary_s5_h128_20k,foreground
-0.0013153118961645254,0.006358615452528498,-0.009451899190915776,covariance_s3_h128_20k,20,masked_mae,8,1,primary_s5_h128_20k,full_frame
0.016003262415684026,0.02612145449747034,0.005445356947388412,covariance_s3_h128_20k,20,masked_mae,8,1,primary_s5_h128_20k,head_foreground
0.007858274082711414,0.020208443832466564,-0.0050852058436070095,covariance_s3_h128_20k,20,masked_mae,8,1,primary_s5_h128_20k,head_supported
0.07139265567911196,0.09517758142774656,0.04618303052354331,covariance_s3_h128_20k,20,masked_mae,8,1,primary_s5_h128_20k,head_unsupported
-0.016197182328408964,-0.006062169695717043,-0.027542922697262853,covariance_s3_h128_20k,20,masked_mae,8,1,primary_s5_h128_20k,oral
0.02364211021998288,0.05172561015193701,-0.001743613622657274,covariance_s3_h128_20k,20,masked_mae,8,1,primary_s5_h128_20k,torso_outside_head_roi
-0.02102368016849368,-0.014981522020154419,-0.027463552138758476,covariance_s3_h128_20k,20,masked_mae,8,4,primary_s5_h128_20k,background
-0.01705802541695326,-0.007849392523100239,-0.026077906731900646,covariance_s3_h128_20k,20,masked_mae,8,4,primary_s5_h128_20k,eyes
0.01856622135634323,0.031092783984616998,0.005377973397873171,covariance_s3_h128_20k,20,masked_mae,8,4,primary_s5_h128_20k,flame_supported
0.01244893812794252,0.029776560775651443,-0.0056747798107644135,covariance_s3_h128_20k,20,masked_mae,8,4,primary_s5_h128_20k,flame_unsupported
0.01667119091519855,0.027182013973834074,0.005695911896059764,covariance_s3_h128_20k,20,masked_mae,8,4,primary_s5_h128_20k,foreground
-0.0004894533487938245,0.006598277981397319,-0.00802844467392419,covariance_s3_h128_20k,20,masked_mae,8,4,primary_s5_h128_20k,full_frame
0.01631593957560224,0.02532522580661547,0.0070185842766925565,covariance_s3_h128_20k,20,masked_mae,8,4,primary_s5_h128_20k,head_foreground
0.008056494179294682,0.019294701805154905,-0.004254316808773342,covariance_s3_h128_20k,20,masked_mae,8,4,primary_s5_h128_20k,head_supported
0.07222726382052716,0.09468443219827626,0.04789321603688503,covariance_s3_h128_20k,20,masked_mae,8,4,primary_s5_h128_20k,head_unsupported
-0.015816162998922943,-0.006511465158169612,-0.025847674429864985,covariance_s3_h128_20k,20,masked_mae,8,4,primary_s5_h128_20k,oral
0.020304652923996035,0.041973467976716534,-0.001534609574944607,covariance_s3_h128_20k,20,masked_mae,8,4,primary_s5_h128_20k,torso_outside_head_roi
-0.019509695648608005,-0.013912770934576333,-0.025897332394205556,covariance_s3_h128_20k,20,masked_mae,8,8,primary_s5_h128_20k,background
-0.017751351184615773,-0.009251680701029783,-0.026114112829238794,covariance_s3_h128_20k,20,masked_mae,8,8,primary_s5_h128_20k,eyes
0.01869954616480396,0.03218228957868098,0.005016332474477234,covariance_s3_h128_20k,20,masked_mae,8,8,primary_s5_h128_20k,flame_supported
0.00943680924248683,0.026508128937388603,-0.008549796759894292,covariance_s3_h128_20k,20,masked_mae,8,8,primary_s5_h128_20k,flame_unsupported
0.016274815911189424,0.02689774477121781,0.005309641832997481,covariance_s3_h128_20k,20,masked_mae,8,8,primary_s5_h128_20k,foreground
-9.865740160921871e-05,0.007114019603354239,-0.007885118865261524,covariance_s3_h128_20k,20,masked_mae,8,8,primary_s5_h128_20k,full_frame
0.016107209339298094,0.0256545044529838,0.006426077173303071,covariance_s3_h128_20k,20,masked_mae,8,8,primary_s5_h128_20k,head_foreground
0.007907258654138074,0.01984352364845817,-0.005181558835781384,covariance_s3_h128_20k,20,masked_mae,8,8,primary_s5_h128_20k,head_supported
0.07056737145750595,0.0945546749493711,0.04568325642721125,covariance_s3_h128_20k,20,masked_mae,8,8,primary_s5_h128_20k,head_unsupported
-0.0175718621549208,-0.008468470602076035,-0.027916893357862967,covariance_s3_h128_20k,20,masked_mae,8,8,primary_s5_h128_20k,oral
0.018420465384794676,0.03795713939890986,-0.003942131793542843,covariance_s3_h128_20k,20,masked_mae,8,8,primary_s5_h128_20k,torso_outside_head_roi
-0.011703342412177435,-0.008509185752712098,-0.015241739567659125,covariance_s3_h128_20k,20,masked_mae,384,1,primary_s5_h128_20k,background
0.0073029354582568404,0.009683322732988898,0.004989337003786338,covariance_s3_h128_20k,20,masked_mae,384,1,primary_s5_h128_20k,eyes
0.0319217181899511,0.03996859257242797,0.02393482469509795,covariance_s3_h128_20k,20,masked_mae,384,1,primary_s5_h128_20k,flame_supported
-0.013391800508924129,0.0004681981226757115,-0.027717839956684705,covariance_s3_h128_20k,20,masked_mae,384,1,primary_s5_h128_20k,flame_unsupported
0.017803400842716557,0.024290566287751954,0.011405096688024152,covariance_s3_h128_20k,20,masked_mae,384,1,primary_s5_h128_20k,foreground
0.003881912275310198,0.008081587167701328,-0.00042329124601027564,covariance_s3_h128_20k,20,masked_mae,384,1,primary_s5_h128_20k,full_frame
0.0264928548399296,0.0324026968519719,0.020420419830145944,covariance_s3_h128_20k,20,masked_mae,384,1,primary_s5_h128_20k,head_foreground
0.021768951901404786,0.02853594515519131,0.01519198404642102,covariance_s3_h128_20k,20,masked_mae,384,1,primary_s5_h128_20k,head_supported
0.061236352131307535,0.07776073188806294,0.04304610932942326,covariance_s3_h128_20k,20,masked_mae,384,1,primary_s5_h128_20k,head_unsupported
-0.005507519519151517,0.0012001927695887828,-0.012412882036036568,covariance_s3_h128_20k,20,masked_mae,384,1,primary_s5_h128_20k,oral
-0.0016593804371046045,0.007369208776791881,-0.010661814949665073,covariance_s3_h128_20k,20,masked_mae,384,1,primary_s5_h128_20k,torso_outside_head_roi
-0.011541051919367532,-0.007846632389673962,-0.01560681855113446,covariance_s3_h128_20k,20,masked_mae,384,4,primary_s5_h128_20k,background
0.0053669332466952215,0.008501197430886998,0.0022600387100357162,covariance_s3_h128_20k,20,masked_mae,384,4,primary_s5_h128_20k,eyes
0.03375694212318565,0.04228333624196188,0.025585110518115302,covariance_s3_h128_20k,20,masked_mae,384,4,primary_s5_h128_20k,flame_supported
-0.013724796908568301,-0.001683721456022966,-0.026228157141422927,covariance_s3_h128_20k,20,masked_mae,384,4,primary_s5_h128_20k,flame_unsupported
0.01901492892886742,0.025190785276410905,0.012535715124579717,covariance_s3_h128_20k,20,masked_mae,384,4,primary_s5_h128_20k,foreground
0.004924931572160118,0.009352497537684516,0.0005940486342946338,covariance_s3_h128_20k,20,masked_mae,384,4,primary_s5_h128_20k,full_frame
0.027843582664132255,0.033979393204489484,0.021547438899329495,covariance_s3_h128_20k,20,masked_mae,384,4,primary_s5_h128_20k,head_foreground
0.02344059413162346,0.03016952631531065,0.016583377780874473,covariance_s3_h128_20k,20,masked_mae,384,4,primary_s5_h128_20k,head_supported
0.06560264900853488,0.08094528881366189,0.05035616130142938,covariance_s3_h128_20k,20,masked_mae,384,4,primary_s5_h128_20k,head_unsupported
-0.008448880172602083,-0.0018125949756821536,-0.015241750439569657,covariance_s3_h128_20k,20,masked_mae,384,4,primary_s5_h128_20k,oral
-0.001347422657248075,0.0067820417995898006,-0.009291292425465619,covariance_s3_h128_20k,20,masked_mae,384,4,primary_s5_h128_20k,torso_outside_head_roi
-0.01138540013897832,-0.008409412555875566,-0.014857530295831044,covariance_s3_h128_20k,20,masked_mae,384,8,primary_s5_h128_20k,background
0.00590537589343304,0.009280630701068557,0.0026614384367828906,covariance_s3_h128_20k,20,masked_mae,384,8,primary_s5_h128_20k,eyes
0.03349958819086646,0.04184841312845217,0.025320197031854806,covariance_s3_h128_20k,20,masked_mae,384,8,primary_s5_h128_20k,flame_supported
-0.013343762206694493,-0.0016736673559639339,-0.025493068312642177,covariance_s3_h128_20k,20,masked_mae,384,8,primary_s5_h128_20k,flame_unsupported
0.01886584841408947,0.02535029645710735,0.012316991830018931,covariance_s3_h128_20k,20,masked_mae,384,8,primary_s5_h128_20k,foreground
0.00479073921839397,0.009060676941408913,0.0005252751566114979,covariance_s3_h128_20k,20,masked_mae,384,8,primary_s5_h128_20k,full_frame
0.027706932823716956,0.03363886061598712,0.021412724684205044,covariance_s3_h128_20k,20,masked_mae,384,8,primary_s5_h128_20k,head_foreground
0.022829061005995407,0.02953222861588945,0.01599077616754043,covariance_s3_h128_20k,20,masked_mae,384,8,primary_s5_h128_20k,head_supported
0.06601538444536995,0.08367512789108285,0.049199970766104564,covariance_s3_h128_20k,20,masked_mae,384,8,primary_s5_h128_20k,head_unsupported
-0.009027570618172175,-0.002778114966612295,-0.015539617837995684,covariance_s3_h128_20k,20,masked_mae,384,8,primary_s5_h128_20k,oral
-0.0010185717652593004,0.007896956806076473,-0.00919451543450982,covariance_s3_h128_20k,20,masked_mae,384,8,primary_s5_h128_20k,torso_outside_head_roi
-7.267971860992328e-05,0.0023892883344509854,-0.0024952435857520903,capacity_s5_h64_20k,20,masked_mae,8,1,primary_s5_h128_20k,background
0.0027636964371672208,0.006375317995998053,-0.0004050986313562853,capacity_s5_h64_20k,20,masked_mae,8,1,primary_s5_h128_20k,eyes
-0.00124716285858862,3.8296724914230295e-05,-0.002623166489058462,capacity_s5_h64_20k,20,masked_mae,8,1,primary_s5_h128_20k,flame_supported
-0.00341243431661611,0.0052566691392271605,-0.01319704934118205,capacity_s5_h64_20k,20,masked_mae,8,1,primary_s5_h128_20k,flame_unsupported
-0.0012745209159911127,0.0015230242346837787,-0.004222331898817384,capacity_s5_h64_20k,20,masked_mae,8,1,primary_s5_h128_20k,foreground
-0.0008274012657814994,0.0008352103882064899,-0.0026037506104418656,capacity_s5_h64_20k,20,masked_mae,8,1,primary_s5_h128_20k,full_frame
-0.000720576252333048,0.001075491674360567,-0.002327984099937769,capacity_s5_h64_20k,20,masked_mae,8,1,primary_s5_h128_20k,head_foreground
-0.0008186080041085182,0.00035900374028089474,-0.0020846904034906313,capacity_s5_h64_20k,20,masked_mae,8,1,primary_s5_h128_20k,head_supported
-0.004902493983719383,0.00633955143189458,-0.01581755454074436,capacity_s5_h64_20k,20,masked_mae,8,1,primary_s5_h128_20k,head_unsupported
0.001617135688165149,0.0028878935624363695,0.00022549605378996694,capacity_s5_h64_20k,20,masked_mae,8,1,primary_s5_h128_20k,oral
-0.003998552639769393,0.005158090256052361,-0.014199089175334896,capacity_s5_h64_20k,20,masked_mae,8,1,primary_s5_h128_20k,torso_outside_head_roi
0.0012130609548543544,0.0031143257250497696,-0.00043965084132684584,capacity_s5_h64_20k,20,masked_mae,8,4,primary_s5_h128_20k,background
0.0026432457015272896,0.006547909867841718,-0.0009278228754876592,capacity_s5_h64_20k,20,masked_mae,8,4,primary_s5_h128_20k,eyes
-0.0029587728075055387,-0.0006664553344964575,-0.005638097109486657,capacity_s5_h64_20k,20,masked_mae,8,4,primary_s5_h128_20k,flame_supported
-0.0017413089289169583,0.003400138870507076,-0.007498787446396785,capacity_s5_h64_20k,20,masked_mae,8,4,primary_s5_h128_20k,flame_unsupported
-0.0020010900915408947,0.00041829394616072835,-0.0046596135520401245,capacity_s5_h64_20k,20,masked_mae,8,4,primary_s5_h128_20k,foreground
-0.0005581998792233214,0.0008767621403883293,-0.0020821600869174914,capacity_s5_h64_20k,20,masked_mae,8,4,primary_s5_h128_20k,full_frame
-0.0026546591216270337,-0.0007018387273805952,-0.004703732462140911,capacity_s5_h64_20k,20,masked_mae,8,4,primary_s5_h128_20k,head_foreground
-0.0021973727519777964,-0.00042325301771481297,-0.004134873763415936,capacity_s5_h64_20k,20,masked_mae,8,4,primary_s5_h128_20k,head_supported
-0.012357330249010723,-0.004476212978958996,-0.01983939603630242,capacity_s5_h64_20k,20,masked_mae,8,4,primary_s5_h128_20k,head_unsupported
0.0010572718309664064,0.0026602796447066776,-0.0006377277357161133,capacity_s5_h64_20k,20,masked_mae,8,4,primary_s5_h128_20k,oral
-0.0025471695776104657,0.004981403370174729,-0.011632509602776897,capacity_s5_h64_20k,20,masked_mae,8,4,primary_s5_h128_20k,torso_outside_head_roi
0.0011601508487862416,0.0031386373438104923,-0.000561044193731127,capacity_s5_h64_20k,20,masked_mae,8,8,primary_s5_h128_20k,background
0.0016966708551029881,0.005193348446522728,-0.0014033436024931316,capacity_s5_h64_20k,20,masked_mae,8,8,primary_s5_h128_20k,eyes
-0.0033026970659904746,-0.0012995410447503514,-0.00562999110895156,capacity_s5_h64_20k,20,masked_mae,8,8,primary_s5_h128_20k,flame_supported
-0.0022559138008905744,0.0026230714710801634,-0.007746056212498335,capacity_s5_h64_20k,20,masked_mae,8,8,primary_s5_h128_20k,flame_unsupported
-0.002291324145824601,-0.00035879881172552877,-0.00441760353409353,capacity_s5_h64_20k,20,masked_mae,8,8,primary_s5_h128_20k,foreground
-0.0007144298388328474,0.00045988505708878226,-0.001947189859755631,capacity_s5_h64_20k,20,masked_mae,8,8,primary_s5_h128_20k,full_frame
-0.0030718960770119543,-0.0014358652300213962,-0.004757909263270862,capacity_s5_h64_20k,20,masked_mae,8,8,primary_s5_h128_20k,head_foreground
-0.002428058855171773,-0.000959431388122037,-0.004087107524882302,capacity_s5_h64_20k,20,masked_mae,8,8,primary_s5_h128_20k,head_supported
-0.013391310494022663,-0.006016950983440265,-0.02087548686344731,capacity_s5_h64_20k,20,masked_mae,8,8,primary_s5_h128_20k,head_unsupported
0.0008448619864418434,0.0021916413516815058,-0.0007145687484401594,capacity_s5_h64_20k,20,masked_mae,8,8,primary_s5_h128_20k,oral
-0.003180715357816061,0.004052739708338629,-0.01233939220168732,capacity_s5_h64_20k,20,masked_mae,8,8,primary_s5_h128_20k,torso_outside_head_roi
-0.0012357816361373956,0.0008617944146877629,-0.003493431100384476,capacity_s5_h64_20k,20,masked_mae,384,1,primary_s5_h128_20k,background
0.003994633336737701,0.005102968917431303,0.002919419276305293,capacity_s5_h64_20k,20,masked_mae,384,1,primary_s5_h128_20k,eyes
-0.0014302101317541303,2.1590996858636417e-05,-0.0028703427887490423,capacity_s5_h64_20k,20,masked_mae,384,1,primary_s5_h128_20k,flame_supported
-0.013999694870546017,-0.00878633470059098,-0.019104609462105522,capacity_s5_h64_20k,20,masked_mae,384,1,primary_s5_h128_20k,flame_unsupported
-0.0052362255476968555,-0.0028059936030137476,-0.007636807109753759,capacity_s5_h64_20k,20,masked_mae,384,1,primary_s5_h128_20k,foreground
-0.0035983217829061625,-0.001819842272420639,-0.005295392529122409,capacity_s5_h64_20k,20,masked_mae,384,1,primary_s5_h128_20k,full_frame
-0.0011083496040859987,0.0003723638115774428,-0.00248661282669884,capacity_s5_h64_20k,20,masked_mae,384,1,primary_s5_h128_20k,head_foreground
-0.0005647918939486914,0.0005544584716981429,-0.0016501754110644577,capacity_s5_h64_20k,20,masked_mae,384,1,primary_s5_h128_20k,head_supported
-0.006027094948205219,-0.0012252133616820744,-0.010869350408074312,capacity_s5_h64_20k,20,masked_mae,384,1,primary_s5_h128_20k,head_unsupported
0.0016752869356303397,0.0026352655235828064,0.0006949496877162623,capacity_s5_h64_20k,20,masked_mae,384,1,primary_s5_h128_20k,oral
-0.015395560047134212,-0.009865059374016608,-0.021009063975092546,capacity_s5_h64_20k,20,masked_mae,384,1,primary_s5_h128_20k,torso_outside_head_roi
-2.823463909282075e-05,0.0022736383078693053,-0.002468728535355307,capacity_s5_h64_20k,20,masked_mae,384,4,primary_s5_h128_20k,background
0.0027376737906143487,0.00426166794537869,0.001268891154202237,capacity_s5_h64_20k,20,masked_mae,384,4,primary_s5_h128_20k,eyes
-0.0015893065201151718,-0.0004965907576981095,-0.0027609993994227393,capacity_s5_h64_20k,20,masked_mae,384,4,primary_s5_h128_20k,flame_supported
-0.01520371978480622,-0.00982983226840067,-0.021446419983503728,capacity_s5_h64_20k,20,masked_mae,384,4,primary_s5_h128_20k,flame_unsupported
-0.00568842447912362,-0.0034698897860301,-0.008063117082296123,capacity_s5_h64_20k,20,masked_mae,384,4,primary_s5_h128_20k,foreground
-0.0031784827606299174,-0.001647674367173851,-0.004698921316966092,capacity_s5_h64_20k,20,masked_mae,384,4,primary_s5_h128_20k,full_frame
-0.0018504697417992516,-0.0006596489833093936,-0.0031153367182710384,capacity_s5_h64_20k,20,masked_mae,384,4,primary_s5_h128_20k,head_foreground
-0.0013629133795704247,-0.0003954350329371637,-0.0023895782554769346,capacity_s5_h64_20k,20,masked_mae,384,4,primary_s5_h128_20k,head_supported
-0.0060962696794762475,-0.0016045280786276977,-0.010843991773809493,capacity_s5_h64_20k,20,masked_mae,384,4,primary_s5_h128_20k,head_unsupported
0.0010089950155831192,0.001844920760700053,0.00014898738571716212,capacity_s5_h64_20k,20,masked_mae,384,4,primary_s5_h128_20k,oral
-0.014224415402376508,-0.009117350319485757,-0.01950398758801976,capacity_s5_h64_20k,20,masked_mae,384,4,primary_s5_h128_20k,torso_outside_head_roi
-0.0004801229382736511,0.001909449189900326,-0.002850396188990077,capacity_s5_h64_20k,20,masked_mae,384,8,primary_s5_h128_20k,background
0.0030069875249786335,0.004587081414206219,0.0014844085638377807,capacity_s5_h64_20k,20,masked_mae,384,8,primary_s5_h128_20k,eyes
-0.0011732646927346542,-0.00014381498721192514,-0.002206608209666911,capacity_s5_h64_20k,20,masked_mae,384,8,primary_s5_h128_20k,flame_supported
-0.011902704212589411,-0.005965167325567213,-0.017651975586087967,capacity_s5_h64_20k,20,masked_mae,384,8,primary_s5_h128_20k,flame_unsupported
-0.004534153324232451,-0.002240427895782068,-0.006885772095637237,capacity_s5_h64_20k,20,masked_mae,384,8,primary_s5_h128_20k,foreground
-0.0027573122606648964,-0.0012340609297091761,-0.004244626531697286,capacity_s5_h64_20k,20,masked_mae,384,8,primary_s5_h128_20k,full_frame
-0.0009508001187359894,0.0002992278809716151,-0.0022139761456010485,capacity_s5_h64_20k,20,masked_mae,384,8,primary_s5_h128_20k,head_foreground
-0.0007557671128885623,0.00013323470533888268,-0.001734255547632297,capacity_s5_h64_20k,20,masked_mae,384,8,primary_s5_h128_20k,head_supported
-0.003436781603852075,0.001954107243528224,-0.008768435136571282,capacity_s5_h64_20k,20,masked_mae,384,8,primary_s5_h128_20k,head_unsupported
0.0008670878924647126,0.0017251140105395575,-5.6595974978018414e-05,capacity_s5_h64_20k,20,masked_mae,384,8,primary_s5_h128_20k,oral
-0.011777286843038626,-0.006943900155765732,-0.016509108627360443,capacity_s5_h64_20k,20,masked_mae,384,8,primary_s5_h128_20k,torso_outside_head_roi
-0.001965774799297474,0.0014636972816819576,-0.005705047950992832,capacity_s5_h512_20k,20,masked_mae,8,1,primary_s5_h128_20k,background
-0.0029460178404154555,3.7663928190534736e-05,-0.00596587740694025,capacity_s5_h512_20k,20,masked_mae,8,1,primary_s5_h128_20k,eyes
-0.0011165253635631804,0.00224529043133322,-0.004768952800242018,capacity_s5_h512_20k,20,masked_mae,8,1,primary_s5_h128_20k,flame_supported
0.005831408743841903,0.01931244576539926,-0.009584502492814796,capacity_s5_h512_20k,20,masked_mae,8,1,primary_s5_h128_20k,flame_unsupported
0.0019323761958722463,0.007273978727833453,-0.00392353663777869,capacity_s5_h512_20k,20,masked_mae,8,1,primary_s5_h128_20k,foreground
0.00018877967611536858,0.0032512805716257034,-0.0030999750424644066,capacity_s5_h512_20k,20,masked_mae,8,1,primary_s5_h128_20k,full_frame
-0.001418710900646769,0.0019933407562313515,-0.005054303475447884,capacity_s5_h512_20k,20,masked_mae,8,1,primary_s5_h128_20k,head_foreground
-0.0015583932459426505,0.0016500255035968598,-0.00518556773408178,capacity_s5_h512_20k,20,masked_mae,8,1,primary_s5_h128_20k,head_supported
-0.0034263548045509367,0.009428092366818167,-0.016104073750781486,capacity_s5_h512_20k,20,masked_mae,8,1,primary_s5_h128_20k,head_unsupported
-0.00310672954065829,-0.00013028325451572474,-0.006231613505399397,capacity_s5_h512_20k,20,masked_mae,8,1,primary_s5_h128_20k,oral
0.00857281234186259,0.02241231830137337,-0.006748019580105867,capacity_s5_h512_20k,20,masked_mae,8,1,primary_s5_h128_20k,torso_outside_head_roi
-0.0030897769535264547,-0.0003544103223049407,-0.006269296759990615,capacity_s5_h512_20k,20,masked_mae,8,4,primary_s5_h128_20k,background
-0.0002848622721452962,0.0031614945048652958,-0.0038515613019306882,capacity_s5_h512_20k,20,masked_mae,8,4,primary_s5_h128_20k,eyes
-0.002375117097700116,0.000671964185120519,-0.005905822870674019,capacity_s5_h512_20k,20,masked_mae,8,4,primary_s5_h128_20k,flame_supported
0.0014880305317670484,0.010182673300584474,-0.00731284927921296,capacity_s5_h512_20k,20,masked_mae,8,4,primary_s5_h128_20k,flame_unsupported
-0.00021115177127655274,0.0034784429908594145,-0.004068160502377782,capacity_s5_h512_20k,20,masked_mae,8,4,primary_s5_h128_20k,foreground
-0.0011942361066711378,0.0013596521197545433,-0.0038425584779188554,capacity_s5_h512_20k,20,masked_mae,8,4,primary_s5_h128_20k,full_frame
-0.002676259313671097,-0.0004438769525318646,-0.005252406256008241,capacity_s5_h512_20k,20,masked_mae,8,4,primary_s5_h128_20k,head_foreground
-0.002291639404913301,0.0003955506623904684,-0.00534924807293398,capacity_s5_h512_20k,20,masked_mae,8,4,primary_s5_h128_20k,head_supported
-0.009961025409420239,-0.0005139998412317953,-0.01978009527798765,capacity_s5_h512_20k,20,masked_mae,8,4,primary_s5_h128_20k,head_unsupported
-0.0029680612484467425,-0.0005171505188671888,-0.005524600766485094,capacity_s5_h512_20k,20,masked_mae,8,4,primary_s5_h128_20k,oral
0.0038798085137364937,0.0153849687207397,-0.007339862756609771,capacity_s5_h512_20k,20,masked_mae,8,4,primary_s5_h128_20k,torso_outside_head_roi
-0.0023969327716317386,0.0002516118610249861,-0.005335676871745691,capacity_s5_h512_20k,20,masked_mae,8,8,primary_s5_h128_20k,background
-0.0006445067197689547,0.0025893176777837994,-0.004004297105772263,capacity_s5_h512_20k,20,masked_mae,8,8,primary_s5_h128_20k,eyes
-0.0021003947968355704,0.0008957332526527944,-0.005336624705388832,capacity_s5_h512_20k,20,masked_mae,8,8,primary_s5_h128_20k,flame_supported
0.0023599911754070683,0.01157598315580422,-0.0074266010659159035,capacity_s5_h512_20k,20,masked_mae,8,8,primary_s5_h128_20k,flame_unsupported
0.00029445973714532504,0.004270318982264219,-0.004142343852904576,capacity_s5_h512_20k,20,masked_mae,8,8,primary_s5_h128_20k,foreground
-0.0005358701144462088,0.0019759983211368745,-0.00327443315030693,capacity_s5_h512_20k,20,masked_mae,8,8,primary_s5_h128_20k,full_frame
-0.0023673733364078173,-6.95459561979426e-05,-0.004936431338745315,capacity_s5_h512_20k,20,masked_mae,8,8,primary_s5_h128_20k,head_foreground
-0.0020929631252376486,0.00039410479586752894,-0.0050356226807830055,capacity_s5_h512_20k,20,masked_mae,8,8,primary_s5_h128_20k,head_supported
-0.007236743157224922,0.00034409217304933446,-0.01478289582353209,capacity_s5_h512_20k,20,masked_mae,8,8,primary_s5_h128_20k,head_unsupported
-0.0028650106971898097,-0.0005374977037835051,-0.0052459946007113005,capacity_s5_h512_20k,20,masked_mae,8,8,primary_s5_h128_20k,oral
0.004415565625023756,0.01706128870277185,-0.008880774734802529,capacity_s5_h512_20k,20,masked_mae,8,8,primary_s5_h128_20k,torso_outside_head_roi
0.0017277671732368262,0.00642605354219016,-0.002908585554293878,capacity_s5_h512_20k,20,masked_mae,384,1,primary_s5_h128_20k,background
0.0017179860279857699,0.0031761635255099095,0.0001823726305115303,capacity_s5_h512_20k,20,masked_mae,384,1,primary_s5_h128_20k,eyes
0.002212906397661617,0.0039666395247685005,0.0004555541047057494,capacity_s5_h512_20k,20,masked_mae,384,1,primary_s5_h128_20k,flame_supported
0.019154946978163306,0.02817450412119479,0.010547587094530521,capacity_s5_h512_20k,20,masked_mae,384,1,primary_s5_h128_20k,flame_unsupported
0.006842917791899386,0.009781134724860117,0.003961028905797028,capacity_s5_h512_20k,20,masked_mae,384,1,primary_s5_h128_20k,foreground
0.0043109170974246925,0.0060094721383088506,0.0025009586599696915,capacity_s5_h512_20k,20,masked_mae,384,1,primary_s5_h128_20k,full_frame
0.0036033261185794314,0.006507897078807025,0.0009803813926745038,capacity_s5_h512_20k,20,masked_mae,384,1,primary_s5_h128_20k,head_foreground
0.0015837672164351665,0.003300045024114125,4.4688265397650596e-05,capacity_s5_h512_20k,20,masked_mae,384,1,primary_s5_h128_20k,head_supported
0.01567835197915347,0.029254418812197466,0.0028859550816629376,capacity_s5_h512_20k,20,masked_mae,384,1,primary_s5_h128_20k,head_unsupported
-0.0016244370162228241,0.0013317662286909968,-0.004343568444301386,capacity_s5_h512_20k,20,masked_mae,384,1,primary_s5_h128_20k,oral
0.015335025199041471,0.020416383161050513,0.0103723218953202,capacity_s5_h512_20k,20,masked_mae,384,1,primary_s5_h128_20k,torso_outside_head_roi
0.0033923327007261603,0.008281793428948405,-0.0017505037033049087,capacity_s5_h512_20k,20,masked_mae,384,4,primary_s5_h128_20k,background
-0.0001486008266976334,0.0019092587404242857,-0.002193770829763695,capacity_s5_h512_20k,20,masked_mae,384,4,primary_s5_h128_20k,eyes
0.002738069983022261,0.004159970266881756,0.001370346161070226,capacity_s5_h512_20k,20,masked_mae,384,4,primary_s5_h128_20k,flame_supported
0.021307983881458898,0.03105734570629521,0.01284599234170966,capacity_s5_h512_20k,20,masked_mae,384,4,primary_s5_h128_20k,flame_unsupported
0.007780923314991384,0.010252996769571152,0.0053635468864819845,capacity_s5_h512_20k,20,masked_mae,384,4,primary_s5_h128_20k,foreground
0.005488772010233995,0.007169870400888537,0.0036537998048562902,capacity_s5_h512_20k,20,masked_mae,384,4,primary_s5_h128_20k,full_frame
0.004178983217044017,0.006142218774070474,0.002413264534812811,capacity_s5_h512_20k,20,masked_mae,384,4,primary_s5_h128_20k,head_foreground
0.002232485487091685,0.0035861755292728136,0.0009334257703497413,capacity_s5_h512_20k,20,masked_mae,384,4,primary_s5_h128_20k,head_supported
0.019164412211410055,0.02896367622818308,0.01021062114480742,capacity_s5_h512_20k,20,masked_mae,384,4,primary_s5_h128_20k,head_unsupported
-0.0010057814717914792,0.0012686924044597082,-0.003323595382332179,capacity_s5_h512_20k,20,masked_mae,384,4,primary_s5_h128_20k,oral
0.018114338009665543,0.025046307682030224,0.011726225266485391,capacity_s5_h512_20k,20,masked_mae,384,4,primary_s5_h128_20k,torso_outside_head_roi
0.002360972586315661,0.007193130866362969,-0.0027077470539525195,capacity_s5_h512_20k,20,masked_mae,384,8,primary_s5_h128_20k,background
0.0006141538477203192,0.0025270575280555755,-0.0012470994031527469,capacity_s5_h512_20k,20,masked_mae,384,8,primary_s5_h128_20k,eyes
0.002112738353504807,0.0033973867632505774,0.0008232385508691469,capacity_s5_h512_20k,20,masked_mae,384,8,primary_s5_h128_20k,flame_supported
0.01824430968951782,0.02687597982611412,0.010700577294003269,capacity_s5_h512_20k,20,masked_mae,384,8,primary_s5_h128_20k,flame_unsupported
0.0067252214247420965,0.008948261516346891,0.004705795861053044,capacity_s5_h512_20k,20,masked_mae,384,8,primary_s5_h128_20k,foreground
0.004511189994013844,0.006240690913465283,0.0025605520960830597,capacity_s5_h512_20k,20,masked_mae,384,8,primary_s5_h128_20k,full_frame
0.0034731563607079026,0.005187808260039493,0.0019595776869950556,capacity_s5_h512_20k,20,masked_mae,384,8,primary_s5_h128_20k,head_foreground
0.0017681156488839947,0.0029299308933579578,0.0006193682802947418,capacity_s5_h512_20k,20,masked_mae,384,8,primary_s5_h128_20k,head_supported
0.01415522557568279,0.02412520604631094,0.004944222788001994,capacity_s5_h512_20k,20,masked_mae,384,8,primary_s5_h128_20k,head_unsupported
-0.0005740959829362201,0.001928936792740025,-0.0030007986015908156,capacity_s5_h512_20k,20,masked_mae,384,8,primary_s5_h128_20k,oral
0.015217273229702991,0.021264504547351782,0.009786750021586075,capacity_s5_h512_20k,20,masked_mae,384,8,primary_s5_h128_20k,torso_outside_head_roi
0.006835857488274678,0.014076626720986956,0.0001901097579202414,convergence_s5_h128_60k,20,masked_mae,384,1,primary_s5_h128_20k,background
0.0011665238986499154,0.0038929499703871818,-0.0015392532114111483,convergence_s5_h128_60k,20,masked_mae,384,1,primary_s5_h128_20k,eyes
0.003182662679975351,0.007006256504097682,-0.0009624422249827666,convergence_s5_h128_60k,20,masked_mae,384,1,primary_s5_h128_20k,flame_supported
0.02897574786593936,0.040391841356987014,0.019304758667748955,convergence_s5_h128_60k,20,masked_mae,384,1,primary_s5_h128_20k,flame_unsupported
0.010798338971988739,0.01568261323669413,0.006230151418434763,convergence_s5_h128_60k,20,masked_mae,384,1,primary_s5_h128_20k,foreground
0.00865249801507759,0.011997209731462535,0.005223511050295334,convergence_s5_h128_60k,20,masked_mae,384,1,primary_s5_h128_20k,full_frame
0.004680087710731675,0.009722246495322908,-0.00035975057056583513,convergence_s5_h128_60k,20,masked_mae,384,1,primary_s5_h128_20k,head_foreground
0.002089768794506207,0.0058774850573190445,-0.0021051752007234894,convergence_s5_h128_60k,20,masked_mae,384,1,primary_s5_h128_20k,head_supported
0.02204664512686046,0.03918962548606704,0.00622650459518522,convergence_s5_h128_60k,20,masked_mae,384,1,primary_s5_h128_20k,head_unsupported
0.00405365980212372,0.006511129321919905,0.0017674485895805103,convergence_s5_h128_60k,20,masked_mae,384,1,primary_s5_h128_20k,oral
0.02530910706447882,0.03188257232794273,0.01959512593881836,convergence_s5_h128_60k,20,masked_mae,384,1,primary_s5_h128_20k,torso_outside_head_roi
0.00917251125352395,0.017840970382708887,0.0013623603657511119,convergence_s5_h128_60k,20,masked_mae,384,4,primary_s5_h128_20k,background
0.0015865844255956343,0.004838814939050257,-0.0015875612491216633,convergence_s5_h128_60k,20,masked_mae,384,4,primary_s5_h128_20k,eyes
0.00583268959429025,0.008719457667571666,0.002753040609779535,convergence_s5_h128_60k,20,masked_mae,384,4,primary_s5_h128_20k,flame_supported
0.03710716845876772,0.051415944519033224,0.024949277455531223,convergence_s5_h128_60k,20,masked_mae,384,4,primary_s5_h128_20k,flame_unsupported
0.014373611509894645,0.01832067611812124,0.010786304768092682,convergence_s5_h128_60k,20,masked_mae,384,4,primary_s5_h128_20k,foreground
0.011364077290227599,0.015277365155866978,0.007781638953940825,convergence_s5_h128_60k,20,masked_mae,384,4,primary_s5_h128_20k,full_frame
0.007722804234371848,0.01121899189029066,0.0041515053585405364,convergence_s5_h128_60k,20,masked_mae,384,4,primary_s5_h128_20k,head_foreground
0.005038482272942008,0.007781904550434762,0.001994043707806899,convergence_s5_h128_60k,20,masked_mae,384,4,primary_s5_h128_20k,head_supported
0.027892361908461276,0.04142110399764519,0.015231309626470176,convergence_s5_h128_60k,20,masked_mae,384,4,primary_s5_h128_20k,head_unsupported
0.004259804602033394,0.0066235628703589814,0.0020889860816791224,convergence_s5_h128_60k,20,masked_mae,384,4,primary_s5_h128_20k,oral
0.031086967958574185,0.041938300473010066,0.02180863600227487,convergence_s5_h128_60k,20,masked_mae,384,4,primary_s5_h128_20k,torso_outside_head_roi
0.010269729052810138,0.01912161427311661,0.002280608332492089,convergence_s5_h128_60k,20,masked_mae,384,8,primary_s5_h128_20k,background
0.0017781138341448764,0.0048441810650150015,-0.0011674458699844747,convergence_s5_h128_60k,20,masked_mae,384,8,primary_s5_h128_20k,eyes
0.005604363928579822,0.00850106077231967,0.0026418647320688563,convergence_s5_h128_60k,20,masked_mae,384,8,primary_s5_h128_20k,flame_supported
0.03304226099958977,0.04474942025851522,0.023451176071916997,convergence_s5_h128_60k,20,masked_mae,384,8,primary_s5_h128_20k,flame_unsupported
0.013663748034281572,0.01679670138917456,0.010788346822808915,convergence_s5_h128_60k,20,masked_mae,384,8,primary_s5_h128_20k,foreground
0.011529596810045015,0.015379841233271714,0.00786806680831903,convergence_s5_h128_60k,20,masked_mae,384,8,primary_s5_h128_20k,full_frame
0.00711780962067676,0.009843376843130835,0.004062158604411709,convergence_s5_h128_60k,20,masked_mae,384,8,primary_s5_h128_20k,head_foreground
0.0049645845914486186,0.007642296772788557,0.002176745832739227,convergence_s5_h128_60k,20,masked_mae,384,8,primary_s5_h128_20k,head_supported
0.022354652961139813,0.033270831785589865,0.012726624720864827,convergence_s5_h128_60k,20,masked_mae,384,8,primary_s5_h128_20k,head_unsupported
0.00443016888084344,0.007007449583311581,0.0020366854733588555,convergence_s5_h128_60k,20,masked_mae,384,8,primary_s5_h128_20k,oral
0.028373552672595347,0.03658156529345106,0.021159771470898328,convergence_s5_h128_60k,20,masked_mae,384,8,primary_s5_h128_20k,torso_outside_head_roi
-0.02815294427176316,-0.014321832783697643,-0.0430842868522519,covariance_s3_h128_20k,20,ssim,8,1,primary_s5_h128_20k,full_frame
-0.021144998750903404,-0.009620531047835525,-0.03282541330790882,covariance_s3_h128_20k,20,ssim,8,4,primary_s5_h128_20k,full_frame
-0.01969047522261031,-0.006669087204195211,-0.03294112187765896,covariance_s3_h128_20k,20,ssim,8,8,primary_s5_h128_20k,full_frame
-0.01582379227592833,-0.005976116909157677,-0.027289166009674484,covariance_s3_h128_20k,20,ssim,384,1,primary_s5_h128_20k,full_frame
-0.005727659436789395,0.004039770519417372,-0.01712683753533791,covariance_s3_h128_20k,20,ssim,384,4,primary_s5_h128_20k,full_frame
-0.00470013689427147,0.005212584556568303,-0.015793473596374168,covariance_s3_h128_20k,20,ssim,384,8,primary_s5_h128_20k,full_frame
0.002423836113441563,0.006471497972628938,-0.001789470192577169,capacity_s5_h64_20k,20,ssim,8,1,primary_s5_h128_20k,full_frame
0.001029623322414644,0.005834380437930454,-0.003509290631521836,capacity_s5_h64_20k,20,ssim,8,4,primary_s5_h128_20k,full_frame
-8.959493466788871e-05,0.0044179642537519525,-0.0043808437777417214,capacity_s5_h64_20k,20,ssim,8,8,primary_s5_h128_20k,full_frame
-0.007396777896654011,-0.0039797566715804936,-0.01051478032998384,capacity_s5_h64_20k,20,ssim,384,1,primary_s5_h128_20k,full_frame
-0.007291696965694391,-0.0028554810809366337,-0.011393705517279352,capacity_s5_h64_20k,20,ssim,384,4,primary_s5_h128_20k,full_frame
-0.00664041631278538,-0.002498612765754942,-0.010463781216669658,capacity_s5_h64_20k,20,ssim,384,8,primary_s5_h128_20k,full_frame
0.001569700631357382,0.008906746559909404,-0.006564931603414662,capacity_s5_h512_20k,20,ssim,8,1,primary_s5_h128_20k,full_frame
-6.384461215046822e-05,0.006248827713231237,-0.006841099624606688,capacity_s5_h512_20k,20,ssim,8,4,primary_s5_h128_20k,full_frame
-0.0005288454748335475,0.006217328773013147,-0.007346076947592613,capacity_s5_h512_20k,20,ssim,8,8,primary_s5_h128_20k,full_frame
0.009992356350024535,0.016283766111092866,0.0038206348568200865,capacity_s5_h512_20k,20,ssim,384,1,primary_s5_h128_20k,full_frame
0.016204492747783662,0.022784631017482626,0.009694927812299947,capacity_s5_h512_20k,20,ssim,384,4,primary_s5_h128_20k,full_frame
0.014817977661178238,0.021063109648724404,0.008366377965680231,capacity_s5_h512_20k,20,ssim,384,8,primary_s5_h128_20k,full_frame
0.03501470064123474,0.04530085396731183,0.0248892665592333,convergence_s5_h128_60k,20,ssim,384,1,primary_s5_h128_20k,full_frame
0.04571180492639539,0.05803889145453766,0.03445041037418624,convergence_s5_h128_60k,20,ssim,384,4,primary_s5_h128_20k,full_frame
0.04841817865769067,0.06073942365036126,0.03710054658175937,convergence_s5_h128_60k,20,ssim,384,8,primary_s5_h128_20k,full_frame
0.014527057634025547,0.030429198638597818,-0.0035394682612766427,covariance_s3_h128_20k,20,lpips_alex_spatial,8,1,primary_s5_h128_20k,background
0.06346097112044183,0.08736310451229948,0.037960106810272516,covariance_s3_h128_20k,20,lpips_alex_spatial,8,1,primary_s5_h128_20k,eyes
0.12147815213909965,0.14137427515390874,0.09835298239988079,covariance_s3_h128_20k,20,lpips_alex_spatial,8,1,primary_s5_h128_20k,flame_supported
0.08270991687148624,0.10140631209445627,0.06286454262834673,covariance_s3_h128_20k,20,lpips_alex_spatial,8,1,primary_s5_h128_20k,flame_unsupported
0.1107186368763109,0.12890276227271627,0.09079332070984163,covariance_s3_h128_20k,20,lpips_alex_spatial,8,1,primary_s5_h128_20k,foreground
0.06621270513895787,0.08158610793580483,0.04878531330688434,covariance_s3_h128_20k,20,lpips_alex_spatial,8,1,primary_s5_h128_20k,full_frame
0.11495159682305825,0.13576496856716644,0.09072318030199424,covariance_s3_h128_20k,20,lpips_alex_spatial,8,1,primary_s5_h128_20k,head_foreground
0.11575678421065169,0.13647767410766204,0.09185053319568671,covariance_s3_h128_20k,20,lpips_alex_spatial,8,1,primary_s5_h128_20k,head_supported
0.10506188964320358,0.13410091718467126,0.07607199581893322,covariance_s3_h128_20k,20,lpips_alex_spatial,8,1,primary_s5_h128_20k,head_unsupported
0.041481353648670324,0.06541928557958009,0.015931357187465297,covariance_s3_h128_20k,20,lpips_alex_spatial,8,1,primary_s5_h128_20k,oral
0.10167906825323685,0.12330185443185848,0.07970523192896474,covariance_s3_h128_20k,20,lpips_alex_spatial,8,1,primary_s5_h128_20k,torso_outside_head_roi
0.012815901314925836,0.02619122703679354,-0.0007109739579886161,covariance_s3_h128_20k,20,lpips_alex_spatial,8,4,primary_s5_h128_20k,background
0.07555077831817407,0.09333897024689995,0.058107439131622876,covariance_s3_h128_20k,20,lpips_alex_spatial,8,4,primary_s5_h128_20k,eyes
0.11915147293577215,0.13534985968377475,0.10195024031558712,covariance_s3_h128_20k,20,lpips_alex_spatial,8,4,primary_s5_h128_20k,flame_supported
0.07533118864637922,0.09074121939205267,0.05940300492396424,covariance_s3_h128_20k,20,lpips_alex_spatial,8,4,primary_s5_h128_20k,flame_unsupported
0.10687023219202478,0.12294562834045061,0.09000480219663158,covariance_s3_h128_20k,20,lpips_alex_spatial,8,4,primary_s5_h128_20k,foreground
0.06414871859484798,0.07771820859065072,0.050033561328308045,covariance_s3_h128_20k,20,lpips_alex_spatial,8,4,primary_s5_h128_20k,full_frame
0.11242794420980876,0.12967937083384493,0.09398823459532626,covariance_s3_h128_20k,20,lpips_alex_spatial,8,4,primary_s5_h128_20k,head_foreground
0.11421179336381031,0.1313317760344519,0.0964684830963016,covariance_s3_h128_20k,20,lpips_alex_spatial,8,4,primary_s5_h128_20k,head_supported
0.09527015597165503,0.11930441504348459,0.07137912365747219,covariance_s3_h128_20k,20,lpips_alex_spatial,8,4,primary_s5_h128_20k,head_unsupported
0.04600175168498315,0.06650591199914205,0.024406779487979858,covariance_s3_h128_20k,20,lpips_alex_spatial,8,4,primary_s5_h128_20k,oral
0.09119928847606,0.11082716713366472,0.07244543728867489,covariance_s3_h128_20k,20,lpips_alex_spatial,8,4,primary_s5_h128_20k,torso_outside_head_roi
0.008998470415691238,0.022431242002850665,-0.0043775566199960635,covariance_s3_h128_20k,20,lpips_alex_spatial,8,8,primary_s5_h128_20k,background
0.07169681119213561,0.09083000604899175,0.05251944175883949,covariance_s3_h128_20k,20,lpips_alex_spatial,8,8,primary_s5_h128_20k,eyes
0.11735405722275671,0.1325386595369414,0.10125637855021903,covariance_s3_h128_20k,20,lpips_alex_spatial,8,8,primary_s5_h128_20k,flame_supported
0.07487277931371232,0.09028667916008995,0.06000864191943249,covariance_s3_h128_20k,20,lpips_alex_spatial,8,8,primary_s5_h128_20k,flame_unsupported
0.10578591905956818,0.12033244620133174,0.090843611376413,covariance_s3_h128_20k,20,lpips_alex_spatial,8,8,primary_s5_h128_20k,foreground
0.06128810995068899,0.07406208765197109,0.04801152248209691,covariance_s3_h128_20k,20,lpips_alex_spatial,8,8,primary_s5_h128_20k,full_frame
0.11009698934876096,0.12668878425728636,0.09209019991140746,covariance_s3_h128_20k,20,lpips_alex_spatial,8,8,primary_s5_h128_20k,head_foreground
0.11199758872339047,0.12800231122488523,0.09475622005904834,covariance_s3_h128_20k,20,lpips_alex_spatial,8,8,primary_s5_h128_20k,head_supported
0.09120566650988515,0.11631292359044677,0.06703288010074798,covariance_s3_h128_20k,20,lpips_alex_spatial,8,8,primary_s5_h128_20k,head_unsupported
0.046938636258184216,0.06614165632738933,0.02571792140050622,covariance_s3_h128_20k,20,lpips_alex_spatial,8,8,primary_s5_h128_20k,oral
0.09124181966951599,0.11007476077504752,0.07340074398927209,covariance_s3_h128_20k,20,lpips_alex_spatial,8,8,primary_s5_h128_20k,torso_outside_head_roi
-0.0007577839661273705,0.011654505360905038,-0.013843532417694064,covariance_s3_h128_20k,20,lpips_alex_spatial,384,1,primary_s5_h128_20k,background
0.04939277692991796,0.06872449396347306,0.027529787876367007,covariance_s3_h128_20k,20,lpips_alex_spatial,384,1,primary_s5_h128_20k,eyes
0.08930295822205696,0.10411159540342095,0.07261098493754876,covariance_s3_h128_20k,20,lpips_alex_spatial,384,1,primary_s5_h128_20k,flame_supported
0.028137850542798805,0.038872890035584445,0.017549799226417532,covariance_s3_h128_20k,20,lpips_alex_spatial,384,1,primary_s5_h128_20k,flame_unsupported
0.07218296518012302,0.08297780880134444,0.059462172277972666,covariance_s3_h128_20k,20,lpips_alex_spatial,384,1,primary_s5_h128_20k,foreground
0.03865385449035858,0.04928749112468772,0.026759144668003696,covariance_s3_h128_20k,20,lpips_alex_spatial,384,1,primary_s5_h128_20k,full_frame
0.08515239116525565,0.1013352879437421,0.06712234022822484,covariance_s3_h128_20k,20,lpips_alex_spatial,384,1,primary_s5_h128_20k,head_foreground
0.0867302779788017,0.10313063950052075,0.0680688337413272,covariance_s3_h128_20k,20,lpips_alex_spatial,384,1,primary_s5_h128_20k,head_supported
0.06726743281605649,0.085476410473336,0.049088019123599724,covariance_s3_h128_20k,20,lpips_alex_spatial,384,1,primary_s5_h128_20k,head_unsupported
0.03165738880943417,0.05145220693846552,0.010956449421324302,covariance_s3_h128_20k,20,lpips_alex_spatial,384,1,primary_s5_h128_20k,oral
0.03594289659722209,0.04890592285617506,0.023238169380633396,covariance_s3_h128_20k,20,lpips_alex_spatial,384,1,primary_s5_h128_20k,torso_outside_head_roi
-0.0015940225059214177,0.01093528603531913,-0.014516617185671328,covariance_s3_h128_20k,20,lpips_alex_spatial,384,4,primary_s5_h128_20k,background
0.06075548342947348,0.07894169731077687,0.04024374508041351,covariance_s3_h128_20k,20,lpips_alex_spatial,384,4,primary_s5_h128_20k,eyes
0.09199846776295656,0.10572346419701652,0.0770585570384451,covariance_s3_h128_20k,20,lpips_alex_spatial,384,4,primary_s5_h128_20k,flame_supported
0.027930662666676393,0.04001444479356629,0.0159902608014545,covariance_s3_h128_20k,20,lpips_alex_spatial,384,4,primary_s5_h128_20k,flame_unsupported
0.07426944265774285,0.08408512192658481,0.06306576155367717,covariance_s3_h128_20k,20,lpips_alex_spatial,384,4,primary_s5_h128_20k,foreground
0.039960227919018945,0.05063969730920367,0.028546922686343,covariance_s3_h128_20k,20,lpips_alex_spatial,384,4,primary_s5_h128_20k,full_frame
0.08656074661250886,0.10252956605106342,0.07001973103335925,covariance_s3_h128_20k,20,lpips_alex_spatial,384,4,primary_s5_h128_20k,head_foreground
0.08930536133472611,0.10503842258224283,0.07271582478188869,covariance_s3_h128_20k,20,lpips_alex_spatial,384,4,primary_s5_h128_20k,head_supported
0.05973741564067316,0.07624673929268813,0.043382868109316026,covariance_s3_h128_20k,20,lpips_alex_spatial,384,4,primary_s5_h128_20k,head_unsupported
0.03874995098275161,0.057694751073229245,0.01921167761199363,covariance_s3_h128_20k,20,lpips_alex_spatial,384,4,primary_s5_h128_20k,oral
0.038518116741604755,0.05360959222256869,0.02303576359041587,covariance_s3_h128_20k,20,lpips_alex_spatial,384,4,primary_s5_h128_20k,torso_outside_head_roi
-0.009641914287071342,0.0025556463425442095,-0.021911594050235933,covariance_s3_h128_20k,20,lpips_alex_spatial,384,8,primary_s5_h128_20k,background
0.0495000967213469,0.07009202581448994,0.02556318931765031,covariance_s3_h128_20k,20,lpips_alex_spatial,384,8,primary_s5_h128_20k,eyes
0.08402121341695604,0.09969530867143864,0.06736071085008156,covariance_s3_h128_20k,20,lpips_alex_spatial,384,8,primary_s5_h128_20k,flame_supported
0.02320092475294333,0.035656476161348864,0.011139512588040157,covariance_s3_h128_20k,20,lpips_alex_spatial,384,8,primary_s5_h128_20k,flame_unsupported
0.06730423265020201,0.07869359949504268,0.05498989318867156,covariance_s3_h128_20k,20,lpips_alex_spatial,384,8,primary_s5_h128_20k,foreground
0.03220464347244858,0.04367881972552378,0.020224129731133876,covariance_s3_h128_20k,20,lpips_alex_spatial,384,8,primary_s5_h128_20k,full_frame
0.07743564171205279,0.09436131447961456,0.05901270480446445,covariance_s3_h128_20k,20,lpips_alex_spatial,384,8,primary_s5_h128_20k,head_foreground
0.07995383762508523,0.09688633724692401,0.061781903265102855,covariance_s3_h128_20k,20,lpips_alex_spatial,384,8,primary_s5_h128_20k,head_supported
0.051424248203430986,0.06794758959343093,0.03425528063989071,covariance_s3_h128_20k,20,lpips_alex_spatial,384,8,primary_s5_h128_20k,head_unsupported
0.03348390651147052,0.05132980401790713,0.01391894278175408,covariance_s3_h128_20k,20,lpips_alex_spatial,384,8,primary_s5_h128_20k,oral
0.03613274352447965,0.050439505912123414,0.02086889209637662,covariance_s3_h128_20k,20,lpips_alex_spatial,384,8,primary_s5_h128_20k,torso_outside_head_roi
0.007042222498804642,0.010267137448939388,0.003708999515099247,capacity_s5_h64_20k,20,lpips_alex_spatial,8,1,primary_s5_h128_20k,background
0.013287078528617047,0.01750175620383529,0.009495676010678328,capacity_s5_h64_20k,20,lpips_alex_spatial,8,1,primary_s5_h128_20k,eyes
0.011222019566394046,0.014766459700876507,0.0073953619252535244,capacity_s5_h64_20k,20,lpips_alex_spatial,8,1,primary_s5_h128_20k,flame_supported
0.010530406126052775,0.015238604580897448,0.0058528834983305605,capacity_s5_h64_20k,20,lpips_alex_spatial,8,1,primary_s5_h128_20k,flame_unsupported
0.011176442571338882,0.014647340078845224,0.007613081507143934,capacity_s5_h64_20k,20,lpips_alex_spatial,8,1,primary_s5_h128_20k,foreground
0.009478667855778822,0.01249953566788338,0.006409513741344619,capacity_s5_h64_20k,20,lpips_alex_spatial,8,1,primary_s5_h128_20k,full_frame
0.01177730884907084,0.015104396337750221,0.00831037126878457,capacity_s5_h64_20k,20,lpips_alex_spatial,8,1,primary_s5_h128_20k,head_foreground
0.011720721674018268,0.015054137511974517,0.008224466621515596,capacity_s5_h64_20k,20,lpips_alex_spatial,8,1,primary_s5_h128_20k,head_supported
0.012406037821051635,0.016888865458691307,0.007708314270096983,capacity_s5_h64_20k,20,lpips_alex_spatial,8,1,primary_s5_h128_20k,head_unsupported
0.01293383537270305,0.01584381391804943,0.010243010252305805,capacity_s5_h64_20k,20,lpips_alex_spatial,8,1,primary_s5_h128_20k,oral
0.00845284795377151,0.014135940940723705,0.0029756434644389695,capacity_s5_h64_20k,20,lpips_alex_spatial,8,1,primary_s5_h128_20k,torso_outside_head_roi
0.0025478449096940454,0.004966429034574096,0.0002833932564430048,capacity_s5_h64_20k,20,lpips_alex_spatial,8,4,primary_s5_h128_20k,background
0.009062680533991747,0.013004855252559802,0.005460498565645181,capacity_s5_h64_20k,20,lpips_alex_spatial,8,4,primary_s5_h128_20k,eyes
0.004565857346798948,0.007362546417619597,0.0016751983132017203,capacity_s5_h64_20k,20,lpips_alex_spatial,8,4,primary_s5_h128_20k,flame_supported
0.005235040930806517,0.011095642765692016,-0.00017305636296591342,capacity_s5_h64_20k,20,lpips_alex_spatial,8,4,primary_s5_h128_20k,flame_unsupported
0.005110503466144174,0.008428121306109754,0.0018670073615953682,capacity_s5_h64_20k,20,lpips_alex_spatial,8,4,primary_s5_h128_20k,foreground
0.0042285082425624464,0.006927309951670582,0.001646700178788696,capacity_s5_h64_20k,20,lpips_alex_spatial,8,4,primary_s5_h128_20k,full_frame
0.004851634112308459,0.00754235045362277,0.002164334605368891,capacity_s5_h64_20k,20,lpips_alex_spatial,8,4,primary_s5_h128_20k,head_foreground
0.004904369504611176,0.0076921549368732965,0.0021462122277178986,capacity_s5_h64_20k,20,lpips_alex_spatial,8,4,primary_s5_h128_20k,head_supported
0.005907656289053047,0.01165379008259209,0.0009342746730130398,capacity_s5_h64_20k,20,lpips_alex_spatial,8,4,primary_s5_h128_20k,head_unsupported
0.0064340152223863415,0.008981800218621909,0.0037333664535645432,capacity_s5_h64_20k,20,lpips_alex_spatial,8,4,primary_s5_h128_20k,oral
0.0034124984289068934,0.009374713320677333,-0.0024554154143717737,capacity_s5_h64_20k,20,lpips_alex_spatial,8,4,primary_s5_h128_20k,torso_outside_head_roi
0.002478317725700836,0.004873527910003971,0.00031768255001601246,capacity_s5_h64_20k,20,lpips_alex_spatial,8,8,primary_s5_h128_20k,background
0.00810401432849236,0.01213576237130684,0.00427596332628288,capacity_s5_h64_20k,20,lpips_alex_spatial,8,8,primary_s5_h128_20k,eyes
0.004190286439041818,0.006536863644259171,0.00163050798920013,capacity_s5_h64_20k,20,lpips_alex_spatial,8,8,primary_s5_h128_20k,flame_supported
0.006146923338258226,0.011757905663903992,0.0009619823772337352,capacity_s5_h64_20k,20,lpips_alex_spatial,8,8,primary_s5_h128_20k,flame_unsupported
0.0051613076806851215,0.008278583914112589,0.0021773223074406985,capacity_s5_h64_20k,20,lpips_alex_spatial,8,8,primary_s5_h128_20k,foreground
0.004047442746884891,0.006640547061121279,0.0016940102632685627,capacity_s5_h64_20k,20,lpips_alex_spatial,8,8,primary_s5_h128_20k,full_frame
0.004248969882030215,0.006413206610191039,0.0019295701749505042,capacity_s5_h64_20k,20,lpips_alex_spatial,8,8,primary_s5_h128_20k,head_foreground
0.004301868327815449,0.006517042756854523,0.0019926941383783714,capacity_s5_h64_20k,20,lpips_alex_spatial,8,8,primary_s5_h128_20k,head_supported
0.005889961129929983,0.0116547277769108,0.0010157106957910788,capacity_s5_h64_20k,20,lpips_alex_spatial,8,8,primary_s5_h128_20k,head_unsupported
0.004248205841967154,0.007211311373684088,0.001317719696053617,capacity_s5_h64_20k,20,lpips_alex_spatial,8,8,primary_s5_h128_20k,oral
0.004933777621818497,0.010866195677513705,-0.0007631476923948534,capacity_s5_h64_20k,20,lpips_alex_spatial,8,8,primary_s5_h128_20k,torso_outside_head_roi
-0.006113898005716718,-0.003797727618491482,-0.008511333342429123,capacity_s5_h64_20k,20,lpips_alex_spatial,384,1,primary_s5_h128_20k,background
-0.0009425761704378102,0.0036481537683627084,-0.005698335256563615,capacity_s5_h64_20k,20,lpips_alex_spatial,384,1,primary_s5_h128_20k,eyes
-0.006076857615217595,-0.002308398726123318,-0.010167648650840213,capacity_s5_h64_20k,20,lpips_alex_spatial,384,1,primary_s5_h128_20k,flame_supported
-0.008553976623726475,-0.0036857959512795095,-0.013331062422743274,capacity_s5_h64_20k,20,lpips_alex_spatial,384,1,primary_s5_h128_20k,flame_unsupported
-0.006604025206808128,-0.0026798973394497974,-0.010839629710502,capacity_s5_h64_20k,20,lpips_alex_spatial,384,1,primary_s5_h128_20k,foreground
-0.006300175254479097,-0.0034045449286312156,-0.009303174915832352,capacity_s5_h64_20k,20,lpips_alex_spatial,384,1,primary_s5_h128_20k,full_frame
-0.005890603221274188,-0.002033345747891555,-0.009858812283371288,capacity_s5_h64_20k,20,lpips_alex_spatial,384,1,primary_s5_h128_20k,head_foreground
-0.005728424687481015,-0.0018673584297117277,-0.009774132890429832,capacity_s5_h64_20k,20,lpips_alex_spatial,384,1,primary_s5_h128_20k,head_supported
-0.006168524708519958,-0.0019494020227229807,-0.010291943298281214,capacity_s5_h64_20k,20,lpips_alex_spatial,384,1,primary_s5_h128_20k,head_unsupported
-0.0007470589402645874,0.004050827255387337,-0.005588124565581489,capacity_s5_h64_20k,20,lpips_alex_spatial,384,1,primary_s5_h128_20k,oral
-0.009825521046402733,-0.004301634554049041,-0.015527809103615675,capacity_s5_h64_20k,20,lpips_alex_spatial,384,1,primary_s5_h128_20k,torso_outside_head_roi
-0.005819118619035636,-0.0034486811293977598,-0.00803970185828084,capacity_s5_h64_20k,20,lpips_alex_spatial,384,4,primary_s5_h128_20k,background
-0.0031588444015383118,0.0009311353999058894,-0.00724207467223736,capacity_s5_h64_20k,20,lpips_alex_spatial,384,4,primary_s5_h128_20k,eyes
-0.008246451211419942,-0.0042273531368286,-0.012083209060076625,capacity_s5_h64_20k,20,lpips_alex_spatial,384,4,primary_s5_h128_20k,flame_supported
-0.00880129094798508,-0.003510951348113546,-0.013970408772629034,capacity_s5_h64_20k,20,lpips_alex_spatial,384,4,primary_s5_h128_20k,flame_unsupported
-0.008276131000742072,-0.003916092836038126,-0.012438053474631141,capacity_s5_h64_20k,20,lpips_alex_spatial,384,4,primary_s5_h128_20k,foreground
-0.007088278246320007,-0.0037770362165513043,-0.010290749860368193,capacity_s5_h64_20k,20,lpips_alex_spatial,384,4,primary_s5_h128_20k,full_frame
-0.008057272973940533,-0.004367786008456281,-0.011613955724614482,capacity_s5_h64_20k,20,lpips_alex_spatial,384,4,primary_s5_h128_20k,head_foreground
-0.008146546367845403,-0.004496279953799534,-0.011642861777965991,capacity_s5_h64_20k,20,lpips_alex_spatial,384,4,primary_s5_h128_20k,head_supported
-0.006737025795309923,-0.002606705653950689,-0.010736731815816783,capacity_s5_h64_20k,20,lpips_alex_spatial,384,4,primary_s5_h128_20k,head_unsupported
-0.003513720208654368,-0.0004438663900381749,-0.006736255286103128,capacity_s5_h64_20k,20,lpips_alex_spatial,384,4,primary_s5_h128_20k,oral
-0.009400970647684054,-0.003454407416641294,-0.015390731982564671,capacity_s5_h64_20k,20,lpips_alex_spatial,384,4,primary_s5_h128_20k,torso_outside_head_roi
-0.004910815418149336,-0.0017928238676303903,-0.00788125136891041,capacity_s5_h64_20k,20,lpips_alex_spatial,384,8,primary_s5_h128_20k,background
-0.0012705841572527633,0.0033108174535260246,-0.005822127179003978,capacity_s5_h64_20k,20,lpips_alex_spatial,384,8,primary_s5_h128_20k,eyes
-0.006987199733946167,-0.00213530674044955,-0.011511419031722868,capacity_s5_h64_20k,20,lpips_alex_spatial,384,8,primary_s5_h128_20k,flame_supported
-0.00815356559533657,-0.0025836640186339844,-0.013501685060842657,capacity_s5_h64_20k,20,lpips_alex_spatial,384,8,primary_s5_h128_20k,flame_unsupported
-0.007116160817410783,-0.00233230124631352,-0.011807169031271427,capacity_s5_h64_20k,20,lpips_alex_spatial,384,8,primary_s5_h128_20k,foreground
-0.006026729928466678,-0.002189841369142796,-0.009827781984042301,capacity_s5_h64_20k,20,lpips_alex_spatial,384,8,primary_s5_h128_20k,full_frame
-0.006508244608265422,-0.001917180024538562,-0.010853344073982467,capacity_s5_h64_20k,20,lpips_alex_spatial,384,8,primary_s5_h128_20k,head_foreground
-0.0066914767619442525,-0.0023104401539076253,-0.011012832629247099,capacity_s5_h64_20k,20,lpips_alex_spatial,384,8,primary_s5_h128_20k,head_supported
-0.00501797777182554,8.935245462766195e-05,-0.009908412706772497,capacity_s5_h64_20k,20,lpips_alex_spatial,384,8,primary_s5_h128_20k,head_unsupported
-0.0037262983956449862,6.871443172728929e-06,-0.007670504983695747,capacity_s5_h64_20k,20,lpips_alex_spatial,384,8,primary_s5_h128_20k,oral
-0.008801364543341012,-0.002491001222487346,-0.014865447778563782,capacity_s5_h64_20k,20,lpips_alex_spatial,384,8,primary_s5_h128_20k,torso_outside_head_roi
0.009933970796087602,0.014497429854285432,0.00504070967038937,capacity_s5_h512_20k,20,lpips_alex_spatial,8,1,primary_s5_h128_20k,background
0.014500495560244814,0.019462417887230306,0.009036052780289117,capacity_s5_h512_20k,20,lpips_alex_spatial,8,1,primary_s5_h128_20k,eyes
0.021230058060652923,0.027987280443124,0.014494238308835367,capacity_s5_h512_20k,20,lpips_alex_spatial,8,1,primary_s5_h128_20k,flame_supported
0.025703692560295144,0.034347031046254736,0.017891296965181918,capacity_s5_h512_20k,20,lpips_alex_spatial,8,1,primary_s5_h128_20k,flame_unsupported
0.02271333438124821,0.029685897101881287,0.016170392730267328,capacity_s5_h512_20k,20,lpips_alex_spatial,8,1,primary_s5_h128_20k,foreground
0.016830551959735495,0.022485271039140692,0.011226013667268667,capacity_s5_h512_20k,20,lpips_alex_spatial,8,1,primary_s5_h128_20k,full_frame
0.021411797070654586,0.02800768552931243,0.014600781742824063,capacity_s5_h512_20k,20,lpips_alex_spatial,8,1,primary_s5_h128_20k,head_foreground
0.021016245227555727,0.027622030579338923,0.014015749393281545,capacity_s5_h512_20k,20,lpips_alex_spatial,8,1,primary_s5_h128_20k,head_supported
0.025686879679747494,0.03391306134652309,0.017916923441139525,capacity_s5_h512_20k,20,lpips_alex_spatial,8,1,primary_s5_h128_20k,head_unsupported
0.01584146205479825,0.02208712314519606,0.0097916107692778,capacity_s5_h512_20k,20,lpips_alex_spatial,8,1,primary_s5_h128_20k,oral
0.02454634813001105,0.03413607763841875,0.015177301915795832,capacity_s5_h512_20k,20,lpips_alex_spatial,8,1,primary_s5_h128_20k,torso_outside_head_roi
0.009716728868651932,0.014231408799302956,0.005304912011584061,capacity_s5_h512_20k,20,lpips_alex_spatial,8,4,primary_s5_h128_20k,background
0.01724632878022151,0.022572083714047588,0.011925122964105141,capacity_s5_h512_20k,20,lpips_alex_spatial,8,4,primary_s5_h128_20k,eyes
0.019799372958658728,0.02693298532436633,0.012898947937041057,capacity_s5_h512_20k,20,lpips_alex_spatial,8,4,primary_s5_h128_20k,flame_supported
0.02067935822432252,0.031268970385650886,0.00994588757980413,capacity_s5_h512_20k,20,lpips_alex_spatial,8,4,primary_s5_h128_20k,flame_unsupported
0.020235743898025824,0.028120697560833668,0.012571165271880133,capacity_s5_h512_20k,20,lpips_alex_spatial,8,4,primary_s5_h128_20k,foreground
0.015417344970808234,0.02151484362678424,0.009617178535740577,capacity_s5_h512_20k,20,lpips_alex_spatial,8,4,primary_s5_h128_20k,full_frame
0.02109324695002092,0.02761182836771117,0.014564030023287992,capacity_s5_h512_20k,20,lpips_alex_spatial,8,4,primary_s5_h128_20k,head_foreground
0.020760657044874464,0.027588912337423402,0.014084696846445165,capacity_s5_h512_20k,20,lpips_alex_spatial,8,4,primary_s5_h128_20k,head_supported
0.024870168196426838,0.03227191732451442,0.018018605288527258,capacity_s5_h512_20k,20,lpips_alex_spatial,8,4,primary_s5_h128_20k,head_unsupported
0.013048124252110466,0.018702208929724386,0.007051433538017423,capacity_s5_h512_20k,20,lpips_alex_spatial,8,4,primary_s5_h128_20k,oral
0.016392734889514392,0.02939928682402814,0.0027954926291773098,capacity_s5_h512_20k,20,lpips_alex_spatial,8,4,primary_s5_h128_20k,torso_outside_head_roi
0.007509233817681047,0.011774122746995028,0.0032361008989045363,capacity_s5_h512_20k,20,lpips_alex_spatial,8,8,primary_s5_h128_20k,background
0.014183453474807487,0.019369897792535822,0.009106802405632749,capacity_s5_h512_20k,20,lpips_alex_spatial,8,8,primary_s5_h128_20k,eyes
0.017816051004820234,0.023867212342554716,0.011838422209142658,capacity_s5_h512_20k,20,lpips_alex_spatial,8,8,primary_s5_h128_20k,flame_supported
0.018476122633542914,0.029163811000851924,0.00790868525384458,capacity_s5_h512_20k,20,lpips_alex_spatial,8,8,primary_s5_h128_20k,flame_unsupported
0.0181895345181163,0.025394706049823385,0.010907847260777708,capacity_s5_h512_20k,20,lpips_alex_spatial,8,8,primary_s5_h128_20k,foreground
0.01321537899764585,0.018941555918553177,0.007637578279296029,capacity_s5_h512_20k,20,lpips_alex_spatial,8,8,primary_s5_h128_20k,full_frame
0.0188407249211489,0.024543725171027615,0.013302936945776734,capacity_s5_h512_20k,20,lpips_alex_spatial,8,8,primary_s5_h128_20k,head_foreground
0.018511371304078865,0.024054105690205378,0.013031858904980412,capacity_s5_h512_20k,20,lpips_alex_spatial,8,8,primary_s5_h128_20k,head_supported
0.02357720499694228,0.030844340095932517,0.01677186631570387,capacity_s5_h512_20k,20,lpips_alex_spatial,8,8,primary_s5_h128_20k,head_unsupported
0.012712271510051738,0.018312936315829215,0.007223395124141885,capacity_s5_h512_20k,20,lpips_alex_spatial,8,8,primary_s5_h128_20k,oral
0.014902507304689875,0.028159763742378642,0.0015160768032234664,capacity_s5_h512_20k,20,lpips_alex_spatial,8,8,primary_s5_h128_20k,torso_outside_head_roi
0.002585198109974725,0.009392042894276911,-0.003953751368017765,capacity_s5_h512_20k,20,lpips_alex_spatial,384,1,primary_s5_h128_20k,background
0.0027036624769115752,0.009288525895046027,-0.004697098556625713,capacity_s5_h512_20k,20,lpips_alex_spatial,384,1,primary_s5_h128_20k,eyes
0.009096225370247372,0.0190145178427406,-0.0005521665881706457,capacity_s5_h512_20k,20,lpips_alex_spatial,384,1,primary_s5_h128_20k,flame_supported
0.00769135263400283,0.015790535130501604,-0.0008415516239707235,capacity_s5_h512_20k,20,lpips_alex_spatial,384,1,primary_s5_h128_20k,flame_unsupported
0.008398297134751882,0.017503161613222837,-0.0009863514594592227,capacity_s5_h512_20k,20,lpips_alex_spatial,384,1,primary_s5_h128_20k,foreground
0.005889047508115898,0.013404332600953275,-0.0018514110312446675,capacity_s5_h512_20k,20,lpips_alex_spatial,384,1,primary_s5_h128_20k,full_frame
0.009356159193114942,0.018763089291469644,-0.00032115245765708443,capacity_s5_h512_20k,20,lpips_alex_spatial,384,1,primary_s5_h128_20k,head_foreground
0.009097850835177128,0.018489149296615628,-0.0009647986471385383,capacity_s5_h512_20k,20,lpips_alex_spatial,384,1,primary_s5_h128_20k,head_supported
0.011208368174058818,0.02167510837688927,0.0004983984252934629,capacity_s5_h512_20k,20,lpips_alex_spatial,384,1,primary_s5_h128_20k,head_unsupported
0.00019683497650956755,0.007395627081142904,-0.007235977789960676,capacity_s5_h512_20k,20,lpips_alex_spatial,384,1,primary_s5_h128_20k,oral
0.008882760705727705,0.019405700013601025,-0.002129117534177759,capacity_s5_h512_20k,20,lpips_alex_spatial,384,1,primary_s5_h128_20k,torso_outside_head_roi
0.005733270590494821,0.012889890577050856,-0.0012537770730554835,capacity_s5_h512_20k,20,lpips_alex_spatial,384,4,primary_s5_h128_20k,background
0.007993006554587284,0.014553593767839766,0.0017236523925521082,capacity_s5_h512_20k,20,lpips_alex_spatial,384,4,primary_s5_h128_20k,eyes
0.017494583373941122,0.027159688284672513,0.007945047395181917,capacity_s5_h512_20k,20,lpips_alex_spatial,384,4,primary_s5_h128_20k,flame_supported
0.010743366040325756,0.019689328956822336,0.0016759164615317893,capacity_s5_h512_20k,20,lpips_alex_spatial,384,4,primary_s5_h128_20k,flame_unsupported
0.0154680195817096,0.024263706179693968,0.006836324438909731,capacity_s5_h512_20k,20,lpips_alex_spatial,384,4,primary_s5_h128_20k,foreground
0.011191803709534548,0.01925491499753035,0.0035465743066358,capacity_s5_h512_20k,20,lpips_alex_spatial,384,4,primary_s5_h128_20k,full_frame
0.017737014543729918,0.027785811678009,0.007922377132248882,capacity_s5_h512_20k,20,lpips_alex_spatial,384,4,primary_s5_h128_20k,head_foreground
0.017740376975016525,0.027481375909360145,0.00832969329388771,capacity_s5_h512_20k,20,lpips_alex_spatial,384,4,primary_s5_h128_20k,head_supported
0.016624492587065588,0.027135226205267027,0.006117378702081108,capacity_s5_h512_20k,20,lpips_alex_spatial,384,4,primary_s5_h128_20k,head_unsupported
0.012226155018532846,0.019734421836684137,0.005330863346794482,capacity_s5_h512_20k,20,lpips_alex_spatial,384,4,primary_s5_h128_20k,oral
0.011945364521667997,0.02293920021193723,0.0007354604395585913,capacity_s5_h512_20k,20,lpips_alex_spatial,384,4,primary_s5_h128_20k,torso_outside_head_roi
0.0020158862530650122,0.007464695044882678,-0.003354408975510507,capacity_s5_h512_20k,20,lpips_alex_spatial,384,8,primary_s5_h128_20k,background
0.006804416843477832,0.012332818156451352,0.0008384165605139266,capacity_s5_h512_20k,20,lpips_alex_spatial,384,8,primary_s5_h128_20k,eyes
0.01510080512854225,0.02348128618068708,0.006634200186586605,capacity_s5_h512_20k,20,lpips_alex_spatial,384,8,primary_s5_h128_20k,flame_supported
0.009684512984698888,0.01791683050687169,0.0012539243514092366,capacity_s5_h512_20k,20,lpips_alex_spatial,384,8,primary_s5_h128_20k,flame_unsupported
0.013348392642833756,0.021020224651115017,0.005603520781589108,capacity_s5_h512_20k,20,lpips_alex_spatial,384,8,primary_s5_h128_20k,foreground
0.00819001765478226,0.014800998345985054,0.0016169436579143049,capacity_s5_h512_20k,20,lpips_alex_spatial,384,8,primary_s5_h128_20k,full_frame
0.014943031700417863,0.023466921353289805,0.006363489053550787,capacity_s5_h512_20k,20,lpips_alex_spatial,384,8,primary_s5_h128_20k,head_foreground
0.015061566474635319,0.02339927118514422,0.006704048060227118,capacity_s5_h512_20k,20,lpips_alex_spatial,384,8,primary_s5_h128_20k,head_supported
0.0140379943388951,0.024481370971857742,0.0038477256969239237,capacity_s5_h512_20k,20,lpips_alex_spatial,384,8,primary_s5_h128_20k,head_unsupported
0.01383477598224069,0.02062655512156337,0.007139586305410776,capacity_s5_h512_20k,20,lpips_alex_spatial,384,8,primary_s5_h128_20k,oral
0.011965501626332212,0.02234246410722523,0.0014422455732192333,capacity_s5_h512_20k,20,lpips_alex_spatial,384,8,primary_s5_h128_20k,torso_outside_head_roi
0.013038121717062973,0.021094587001041058,0.005133790530816132,convergence_s5_h128_60k,20,lpips_alex_spatial,384,1,primary_s5_h128_20k,background
0.014635870822027169,0.023612111260165238,0.005547941057294089,convergence_s5_h128_60k,20,lpips_alex_spatial,384,1,primary_s5_h128_20k,eyes
0.03719979740501618,0.049187060269896124,0.024966291720508998,convergence_s5_h128_60k,20,lpips_alex_spatial,384,1,primary_s5_h128_20k,flame_supported
0.03867064592900414,0.05004426044019929,0.027940822292463093,convergence_s5_h128_60k,20,lpips_alex_spatial,384,1,primary_s5_h128_20k,flame_unsupported
0.03726047428654181,0.04830845302920096,0.025606920520368323,convergence_s5_h128_60k,20,lpips_alex_spatial,384,1,primary_s5_h128_20k,foreground
0.026420746956552783,0.035713080298074885,0.01682544738247799,convergence_s5_h128_60k,20,lpips_alex_spatial,384,1,primary_s5_h128_20k,full_frame
0.034696490985586616,0.04652868264606835,0.022745296814856673,convergence_s5_h128_60k,20,lpips_alex_spatial,384,1,primary_s5_h128_20k,head_foreground
0.0346202658567775,0.04639683922534889,0.0227008042710861,convergence_s5_h128_60k,20,lpips_alex_spatial,384,1,primary_s5_h128_20k,head_supported
0.03578489976105761,0.05024593643745223,0.02089494846397006,convergence_s5_h128_60k,20,lpips_alex_spatial,384,1,primary_s5_h128_20k,head_unsupported
0.03053980917968918,0.04043011470202395,0.020790767208951993,convergence_s5_h128_60k,20,lpips_alex_spatial,384,1,primary_s5_h128_20k,oral
0.04600107622091293,0.060304251886300286,0.03105822729125463,convergence_s5_h128_60k,20,lpips_alex_spatial,384,1,primary_s5_h128_20k,torso_outside_head_roi
0.016698783997012877,0.026426041663287908,0.007703934653552477,convergence_s5_h128_60k,20,lpips_alex_spatial,384,4,primary_s5_h128_20k,background
0.020102324437663598,0.0300373800658284,0.010519468127824531,convergence_s5_h128_60k,20,lpips_alex_spatial,384,4,primary_s5_h128_20k,eyes
0.045109726592154474,0.059260002975199295,0.03134931647103998,convergence_s5_h128_60k,20,lpips_alex_spatial,384,4,primary_s5_h128_20k,flame_supported
0.04317341402727315,0.05731020630381328,0.02889363181007505,convergence_s5_h128_60k,20,lpips_alex_spatial,384,4,primary_s5_h128_20k,flame_unsupported
0.04445872274132125,0.057343854065516675,0.031477648592938584,convergence_s5_h128_60k,20,lpips_alex_spatial,384,4,primary_s5_h128_20k,foreground
0.032178736176372555,0.04313495662915147,0.02165852850708423,convergence_s5_h128_60k,20,lpips_alex_spatial,384,4,primary_s5_h128_20k,full_frame
0.04346002782988654,0.05741752702814498,0.03005752449757578,convergence_s5_h128_60k,20,lpips_alex_spatial,384,4,primary_s5_h128_20k,head_foreground
0.043221813124728406,0.05674228668871493,0.029779432347352044,convergence_s5_h128_60k,20,lpips_alex_spatial,384,4,primary_s5_h128_20k,head_supported
0.04561438499523442,0.06322351329215209,0.029535771521899384,convergence_s5_h128_60k,20,lpips_alex_spatial,384,4,primary_s5_h128_20k,head_unsupported
0.041243610760406245,0.05313158310252543,0.029183807588484326,convergence_s5_h128_60k,20,lpips_alex_spatial,384,4,primary_s5_h128_20k,oral
0.04722330423271967,0.06595673577641883,0.028649140175918842,convergence_s5_h128_60k,20,lpips_alex_spatial,384,4,primary_s5_h128_20k,torso_outside_head_roi
0.013588460407862338,0.023503446987884657,0.004199343011469363,convergence_s5_h128_60k,20,lpips_alex_spatial,384,8,primary_s5_h128_20k,background
0.01643370063350697,0.024927668351725697,0.008659465080877834,convergence_s5_h128_60k,20,lpips_alex_spatial,384,8,primary_s5_h128_20k,eyes
0.04211997479272053,0.05448819243041166,0.029937802364443912,convergence_s5_h128_60k,20,lpips_alex_spatial,384,8,primary_s5_h128_20k,flame_supported
0.0407770138497282,0.05460296495241639,0.026964818832817986,convergence_s5_h128_60k,20,lpips_alex_spatial,384,8,primary_s5_h128_20k,flame_unsupported
0.04160401252226821,0.05352801149975773,0.029421275487856533,convergence_s5_h128_60k,20,lpips_alex_spatial,384,8,primary_s5_h128_20k,foreground
0.02896387303546394,0.03932908798257512,0.019120198359221095,convergence_s5_h128_60k,20,lpips_alex_spatial,384,8,primary_s5_h128_20k,full_frame
0.040256746407625096,0.052709587411427,0.028233324576160165,convergence_s5_h128_60k,20,lpips_alex_spatial,384,8,primary_s5_h128_20k,head_foreground
0.04022103355458521,0.052350923701375285,0.028466072152407342,convergence_s5_h128_60k,20,lpips_alex_spatial,384,8,primary_s5_h128_20k,head_supported
0.0416190352886943,0.0604329839974537,0.02505573449151261,convergence_s5_h128_60k,20,lpips_alex_spatial,384,8,primary_s5_h128_20k,head_unsupported
0.039637228155181795,0.04984621086891498,0.02926014411108553,convergence_s5_h128_60k,20,lpips_alex_spatial,384,8,primary_s5_h128_20k,oral
0.04513432638145579,0.06426946448788709,0.026351732425447447,convergence_s5_h128_60k,20,lpips_alex_spatial,384,8,primary_s5_h128_20k,torso_outside_head_roi
